-0.8444 0.4978 -0.9412 -0.0502 0.0453 -0.9898 0.5474 0.8912 0.5066 -0.8764 -0.6367 0.9535 0.4699243277032406 0.868344300698055 -0.31206776075615783 -0.5020986565395967 0.5249 -0.6028 0.5739 -0.016 0.3991 0.0566 0.6957 0.868 0.3228 0.2569 -0.3862 -0.4815
-0.9939 -0.6252 -0.8384 0.1221 -0.5981000226831155 -0.9284053511610982 0.014481742782169616 0.3704681199484915 -0.2726137206502398 0.9811559366119534 0.38975884795252264 -0.357412313576048 0.32218483960105515 0.16692782285279073 -0.6648831990802022 0.33738869132294197 0.20414116562559148 0.19725043129201703 0.24876246088317241 -0.07371365356191771 -0.8966227890836971 -0.8400916429361377 -0.8667113574094104 -0.7702216375276747 -0.7308 0.0231 0.3276 0.1422
0.7609 -0.9376 -0.8756194371263591 -0.5765828752846625 0.038483882749799685 0.9468072385233212 -0.895124894157633 0.27916511522805143 -0.4673050269391554 -0.02859442767992746 0.3509995646869219 -0.7903757712012218 0.7352876870160964 0.5956547205262626 0.8567747535167733 -0.45899132837519546 -0.02810183633053711 0.4244496050795764 -0.3064221530451501 -0.16057447676060682 -0.9065767767640454 0.9698482538985953 0.47459089127361087 0.8106227644380425 0.6446713254154194 0.053171265240354156 0.8974 -0.2641
0.8216 0.1951 0.15995742333106266 0.43573678506759966 0.7167638569287388 -0.09642093636278572 -0.007383927686146908 0.11829544495991365 0.6164054653211021 0.07230529395870457 0.9431833241692495 0.5971547357562903 0.26517296898397835 0.7405684724037569 -0.3415714302432917 -0.40209365602762875 0.5538405009347015 -0.9409459116625005 -0.03823406240083844 0.49537304666395604 0.04638799759583215 -0.34203254580329595 0.30497252835617683 0.48395446660481234 0.43213176851344304 0.6091742441628593 0.5482895491429289 0.3702
-0.3159 0.055499999990434895 -0.17962725137291677 -0.13370895645669345 0.08845073451500247 -0.558302947614721 -0.5895552460905529 -0.9391296757690302 0.8019240715048181 0.08933784960027619 0.7791766662787655 -0.5567898529807966 0.3284984916675289 0.22890078063320965 0.2223905296428358 -0.5693085016838384 0.30850774243482365 -0.19408771329877342 -0.8101746287964872 0.4651045765380906 -0.8695479303519144 -0.9499484148689731 0.860389584115061 0.41087506244990996 -0.21087039963605558 0.5057581821744337 -0.1335703758793834 -0.6879251427114061
0.4296 -0.3337 0.4902761276720341 0.7713498248666715 0.5551493830909662 0.4971063170011469 0.9360025315162509 0.14823076496380738 0.6713551590659018 -0.7762682225488421 0.7373603480978895 -0.5038861823753519 0.5473623354044709 0.7841670657944623 0.6408442216646713 0.5575981874872132 -0.35745450148154045 -0.5573280337236912 -0.5018250213206833 0.6428253307059999 0.27426282247861633 -0.40578566393013404 0.7266251943577386 -0.09580419000759734 -0.40698982545894885 -0.37446483545037007 0.05697510579622708 -0.6420584333068069
0.4283 -0.6295063123833222 -0.7302475427437758 0.578643509790975 -0.02878030854081843 0.6049394381704499 0.7623425726636367 0.6285433552961887 0.859812351290612 -0.7086474244661752 0.04176530692276523 -0.8815968764313604 -0.8740115864984388 0.15209429644100364 0.9425859762957663 -0.9207186400016317 -0.25289550976064573 -0.821595016395115 0.9081547129001454 -0.07812183322558838 -0.2638394372852552 0.3196026809996668 0.5511669285236384 -0.1488933934992815 0.6866385749027136 0.5885271654988457 -0.8745577962717711 0.3940337198639805
-0.38619982205370124 -0.9963612807991699 0.5561855640868618 0.21080901536610927 0.41266837030130565 -0.1791253871571508 -0.9709133323266457 -0.8720197024927663 0.5053669725982501 -0.6640837666897439 1.0022668734042512 -0.01445005308652883 0.6064486630658421 -0.6999884018806892 0.2653475696726482 0.07077173074335255 0.8907079129959824 0.735078601573381 0.1907533582654129 0.3615029796406892 -0.6639880596022084 0.5021780081900018 -0.2803857664895622 -0.2299123244257878 -0.5233541796314052 0.15665111283098115 -1.0039633126064844 0.6307244853721085
-0.7913992768216073 -0.9955544991464634 0.2549188758570387 -0.9531328172026479 -0.027294382439018435 -0.17202457196473459 -0.2579852968153683 0.823416806183385 0.1650542244554316 0.8547449871049378 0.2651641840764574 -0.7316589457925602 0.5281120481140025 -0.4644431744413216 0.8436478063048302 0.3190563817313045 -0.6704289805339188 0.26796106837283823 0.48752817090267314 0.8082324506451377 -0.3915843103650373 0.7850938218481596 -0.05965749400557765 0.8337812165535574 -1.064586260185992 0.22375488534135113 -0.9921088036021893 -0.9196968262295689
-0.5564998825921328 -0.006754422680180828 -0.8094146926433624 0.03384540447518468 -0.5686054861225583 0.8535443590847054 -0.24173855140833458 0.011577661763689115 -0.3415173557238458 0.16548250292188604 -0.5691656517312291 0.2833806434351505 -0.8684804098120196 -0.7615681551238602 -0.5902937411930528 -0.39911652446785295 -0.18186742301207967 -0.7098095566079575 0.9555075858345315 0.2647554196489991 1.1488597008644905 0.8486782815963312 -0.4827040900250783 0.2722221113763481 0.07619810235765562 -0.05545392899073287 -0.8175540314398969 0.7578568033889802
0.5624005470653901 -0.8048943531815693 -0.25407773534597883 0.9757221082102459 0.9611164374709196 0.26733236277800143 0.6780329365450832 0.010028266965706963 -0.1422955096114486 0.11477129774069053 0.9531925504351682 -0.11287136457187821 0.47875718209206014 -0.09199498107131895 -0.520205931783394 0.8792649052797183 0.33475716773189923 0.7234611231077452 0.6042709595191064 -0.47730390762190883 -0.13716778736275778 0.5076336726661688 0.4726203654131141 0.27506487681615366 0.6269376447622019 -0.9382045089796935 -0.930006742989424 0.017551883009502004
0.18807043096183035 0.3043802823882186 0.46113424873646486 0.14893497184519783 0.6754226925121488 0.5534155116440771 0.5034977432057909 -0.6943751180163662 -0.5035592010688932 0.42278850250590516 0.04494782963653153 0.11467352536039986 0.2859029832484517 -0.2670463945727961 -0.7547075853651622 0.5182104700833475 0.7877013068282985 -0.447062318392762 -0.19340912717467001 0.36719891392848486 0.12144093024231677 0.010566263313211633 -0.1244303016380613 -0.93938289856204 -0.8337409078074738 0.26453555635858916 0.14937999259224133 0.47233518746720343
-0.6981850160250821 -0.6928623454738155 -0.7633888282057779 0.5813657469250983 0.19771123271511507 0.7778701499463027 -0.12381012603800677 -0.5755479315295813 0.45620350862978026 0.4034172933149566 -0.9948144271353402 0.5852894738366977 -0.5800133529059129 -0.040326467243966296 -0.5501254817703171 -0.1902429647696926 0.9006861726242461 0.8793563294220563 0.7636572942832117 0.7377730680990354 1.0724552845867341 0.45655088460443116 0.28424970553420326 -0.7936689867135607 -0.041096379957958964 -0.2601884754927057 0.3344156947587731 0.4694209621230638
-0.21470173932610578 -0.4939349913619611 -0.4834076181748088 -0.2418793463071512 0.7847743749763736 -0.7838333818509139 0.8370498906977134 -0.6324963307584835 -0.48632186229592894 0.6553753631926355 -1.1289392021241391 -0.9916494171982887 -0.9437102733064201 0.6491866399399215 0.5514350847303823 0.8639219303241819 0.4923551942882809 0.35747664743971996 -0.721014913594458 0.12462599644091533 0.3899293819784153 0.7947514222235124 -0.2309856437770737 -0.28424684156425817 -0.8921170940134039 0.01212148347676955 -0.8399675213395047 0.7543482864804307
-0.5342103385393534 -0.5212021147596219 0.36866406866362383 0.7000591605817708 -0.004881833299464196 -0.3598093401897597 -0.23053956596315278 -0.17213929362707064 0.7070609209641383 -0.026666467052009854 0.7186254445778265 -0.029276489778918 -0.21064667562783754 -0.8825458384729468 0.6034368070772302 0.0064717562246361625 0.8805250016119113 0.28395942753674586 1.0213475639512788 -0.2271776582073338 0.07967845619084994 0.7404373029011555 -0.307076178118488 -0.005445236784356861 -0.7972472351087565 0.5920251092339234 0.15068468435253962 -0.4259800741535627
0.724997236603673 0.606099547634933 -0.0252468213569639 -0.943311944155275 -0.11047305398314852 0.343799262404537 -0.5979262124457801 -1.0570647688918446 -0.05160084817110597 -0.8334942434542979 -0.5773161278523647 0.14630187972356296 0.6339896138383436 0.9903171633858227 0.6649251201239006 0.8287751414422106 0.5839316812046651 0.4382450624494184 0.28315695335043184 -0.06937626292371105 0.7418078534124345 -0.937540296042493 -0.8903205401948094 0.3419581977251621 -0.6547623819813974 0.9928659044067316 0.9033324507715903 0.08607088939692506
-0.961496450525507 0.5818296804872374 0.7704221445484037 -0.3596060577297662 -0.43527525524952815 0.6417941896626648 -0.13040556570372408 -0.32512990845636974 -0.04081827656381347 -0.09604553069713725 -0.06830634361849694 0.1337232102532399 0.6907414277781415 -0.738473457337416 0.676015495120011 1.1034498641301524 -0.26625224008918297 -0.6236343366434459 0.0707670245050943 -0.7118129675650299 -0.5806090157824495 0.06941910964339389 -0.02171577321149965 -0.657013264713605 -0.8567881929095722 0.6367941373957768 -0.18130076348800772 -0.7219375466889087
0.4127 0.3799714342927216 0.5437886993715862 -0.3411065575195081 0.6492536489309189 -0.0778856061595317 0.0016891464992858745 0.5570766682752756 -0.6273197683729683 -0.7717903776222609 -0.42335014462390835 -0.5944443889133211 -0.6847561710354662 0.09003477449459828 -0.5827149586615357 -0.6452600971064085 -0.5106299976794372 0.6320200459974964 -0.8016540832425093 0.2712282350648315 -0.8120765518451418 0.4764812996116142 0.21389499613401905 -0.5724851701401987 -0.08164672454743806 -0.09679618077329134 0.3018850690917778 0.37730510413511137
0.10679628934672102 -0.14379966488850257 -0.9929377909527043 -0.2822539080194684 -0.14136087400818542 -0.04574306488520437 -0.5015766863338355 0.7067618724196315 -1.037283713262068 0.2556200201701697 -0.021565413134126268 -0.6298151317900944 0.1804458388154457 -0.6028170790915778 0.9686197225299715 -0.30748887539096964 -0.9982399389689124 -0.20356588521080435 -0.330047738585012 0.5751856281779463 -0.6094035108150059 -0.19638919405213026 -0.7462778838755529 -0.10965913289621802 -0.01767721841578536 0.08449042931229336 0.6713449364893402 0.27031504303259046
-0.2999 -0.6147106226186104 -0.6124960737542295 -0.5925450707723613 -0.8716771816914909 -0.09686112051113342 0.2682119847445289 -1.0471761649205962 -0.407956417833577 0.9153790708488767 -0.8320799662804204 0.6181676140288976 -0.5429040702867424 0.8190123674569435 -0.5790042528501435 -0.463601990913035 0.7074659189474264 0.4409431733512581 -1.0834747723698734 0.8368896623277944 -0.4521591367523435 -0.27115324667594715 0.30027441454949677 0.6833399578552402 0.9301839903166366 0.6190679165112606 0.9088209977990548 -0.7796823992482022
-0.0041 0.702749835448315 -0.5438031873077817 0.1742445698903859 0.49121682944924877 0.8681896893735573 0.8847190837379038 0.6657006541790836 -0.02805553257873517 -0.9010953766758101 -0.45782695255144046 -0.5800822974984442 -1.0447781435988652 -0.6827714582787691 -0.6410090235794264 0.5053393878494264 -0.5446683677460609 0.7729222330084186 -0.5545709973762457 0.9367446540773656 -0.008870307320246917 -0.9385092672462072 -0.2970396444741394 0.933359607902791 0.013959721064654698 -0.9822355082525268 0.22820884213436476 0.7223985975149855
0.5065892643929958 0.5342514273488131 -0.08524325202281216 0.5604621112600079 -0.8508361561450761 -0.5897645636899567 -0.4888345870948384 0.41944351504313776 0.49194421403042327 0.5749047457477312 -0.3744588975415877 -0.30154595400592293 -0.5038186803417652 -0.5202542376880229 0.6484377172482911 -0.11864077700018158 0.0822183325574879 -0.48191160626791113 -0.2660488202215875 -0.5486717941446984 0.6897040741957041 0.20096209027580347 0.7750049888843056 0.08256321194414891 -0.10880310543380689 -0.6752908450633744 -0.38672416396942544 0.4366977120028785
-0.7068104019905315 0.18489074881897175 0.6360563521811038 0.15587304095143403 -0.5076971529655702 -0.6758076563506654 0.17374418083613932 0.9437636596354652 -0.42881172420805563 -0.9445266050749137 0.16790877967351175 0.5244138493841691 -0.3224703024832788 0.858001770699828 -0.6625137523791959 0.4438045796245396 -0.09131926636999235 -0.8557404068347106 0.3825193398670266 -0.7895554272328844 -0.30400564292809124 -0.44595661910520573 0.4891681005270807 0.37653596876296835 0.5423249580104861 0.7744593284178809 0.21990628850610475 0.4536957741635898
-0.5145 0.8969 0.3668245985709495 -0.13117354768258374 -0.13278872297547928 0.7440342778843188 0.5310093589239638 0.6821611307600459 0.4620370077039366 -0.7221706995969347 0.7549610175162915 -0.34871349544214797 -0.6773349664296815 -0.5619101067968278 0.34773207147388624 0.13947353341801363 0.7078784756350573 0.03915997545932303 0.8771270872710715 0.28432829657552855 0.4795103534131427 0.5677126844290596 -0.7632827184720252 0.5136342311913643 -0.6669884506803496 0.5001577624050034 0.04211078788356531 -0.4099
0.1267 0.6583 -0.14501859600365039 0.2304882426898081 0.6595283497893635 -0.4155564166526622 -0.8553378366621363 0.7232732087812344 -0.13588496254680293 -0.9496092599360764 -0.1483383265901246 -0.4527650968248724 -0.3737306593233754 0.5146423285315942 -0.41773000094456325 0.5741571902568748 0.45210733632106914 -0.9211100784985233 0.5449992732565521 0.7389547309348218 -0.07908318400455096 -0.4734529772806371 -0.9229284027921524 0.5120755041622266 -0.4946696077238862 0.385862318924775 -0.11630274866525779 0.1848
0.0157 -0.2859 0.3240991158761354 -0.26445495158495236 0.5855037459439504 -0.6663332431229849 -0.9502041533894161 0.5558841806955427 0.8413266911024875 0.5382007662862679 0.43304963143672803 0.8478399723007081 0.09875609305734269 -0.21173166351534756 0.3555168526598484 0.4953131690119399 -0.7738861308868559 0.7759735003791616 -0.11784322296660911 -0.5384777400977896 0.478585862764757 -0.6223429198671545 -0.024200256435299296 -0.6526691651644635 -0.4388584968305041 0.7838976788994237 -0.550502771400392 0.9116
0.2885 0.2221 -0.8802 -0.7561014564546512 -0.32449555489561327 0.8212109416520017 -0.39650054613140784 -0.02111500700006402 0.8406387957575118 0.6516028312518551 -0.9231645131765119 -0.3213744992799467 -0.7985635623078606 -0.43772535523668943 0.9027529648735282 0.5436539802638122 -0.7472709396474086 -0.016616181767250583 0.7241159051665872 0.8077290801219917 0.19519678186964415 0.6857269788298673 0.03448738173474288 0.34290712530547895 0.2396980933454216 -0.5599999348302037 0.6622 0.2809
0.2845 0.3814 -0.1608 -0.2798 -0.31256905394461343 0.5750885210005263 0.833674301832511 -0.021445698243729553 -0.19655619475049776 -0.2404676808028778 -0.8280942294255488 0.36029232301355385 0.8748260032341121 -0.09869540039714153 0.3794779030523125 -0.4497431598473661 -0.5599942326940374 0.47560650745035044 0.5261282784324274 -0.07237018092833615 0.2353999756890523 -0.5340364074750062 -0.3402881025305218 -0.7757016788213869 -0.6874 0.0688 -0.9153 -0.1998
-0.1347 -0.4712 -0.1995 0.3591 0.3242 0.5154 0.1166 0.539 0.6044 -0.9341 -0.2747 -0.8098 -0.8122793174886129 -0.24333572504704556 0.8295000166986883 0.37760000069586075 0.5869 0.1945 -0.106 -0.2907 0.1056 0.9744 -0.3408 -0.9952 0.3185 0.5421 -0.3798 0.6547
-0.612 0.3838 -0.9669 0.1092 0.14489989406704262 -0.13210001161833748 -0.024250780552267016 -0.5957725924288424 -0.38333249459110974 -0.8999690956303985 -0.6544714158853853 0.3952057443199617 0.048054754526376545 0.29810765276125223 0.09642050011897042 0.7536094733556814 -0.504208714939179 -0.9068415506330391 0.43287534981907155 -0.13903594558734705 -0.8126654118365263 0.3125726664979124 -0.5591155528286276 -0.5688884265159545 -0.7772 -0.2378 0.2079 0.5999
0.5066 0.2589 0.8684998870957618 0.547087547656498 0.6684767850397076 0.7414228654407639 0.641382709031802 -0.8118663496769755 0.3228215076714401 0.20201348169729638 -0.34529588162402347 -0.1432399600023254 -0.9524892397356707 -0.31081859819701907 -0.026443130452991476 -0.17901239124540488 0.4969629912680411 0.14370038352439102 0.5579106119159992 0.3878624774291281 0.2877989882980889 -0.721734256642859 0.7395741856724082 -0.3537310308903065 0.5446948891650529 -0.8796697657226423 -0.6561 -0.7984
-0.1873 0.7128 -0.13340018012322546 0.3811266454129125 -0.817590473341307 -0.11958182583605449 -0.7936304317765842 0.34348706359658376 0.21146234028410843 -0.6810265637440434 -0.8606568959206816 0.9448534649467203 0.4935695660498078 0.7051569456595742 0.8316791767857434 -0.9847585854211874 0.024309981636633986 -0.6965508358849212 0.8544538822981378 -0.7744468408566338 0.7243738982262401 -0.5056895065450526 -0.7967731541803933 -0.5568129678675272 -0.1189531108419421 -0.22704657264594302 0.13478698164168362 -0.0614
-0.5777 0.32009998341814194 0.9149917989355472 -0.5568649033824156 0.692758961821326 -0.2664001708292043 -0.512182095576455 0.57618872330998 0.8843353742132183 -0.22336919970644742 -0.8862682282143273 -0.21872372787715788 -0.9881512275369454 -0.05283534579816573 0.3120158736743219 -0.6632689765878322 0.6495679026807922 -0.5371435964966578 0.6025999700175448 0.5930949764847275 -0.8760368465790663 0.32788422670078765 0.37524473436669487 0.5790219043619241 0.8044029405993468 0.006265957723994862 -0.052048048977293745 0.30425415859789834
-0.4453 -0.9617 -0.38756287627411384 0.43727097224741657 -0.24708864579830453 -0.3158447157804083 0.5924468837398364 -0.07468003594656582 -0.805282087685961 0.4854827151143561 -0.06213789138171567 0.021659580742523256 -0.7040286014048062 -0.6048461583972704 -0.12687369224371062 0.3690637027830176 0.939941385248859 0.831460254748865 -0.3473476020136746 -0.16944453210167132 0.3859949243443324 0.7503106458016497 0.09365427584282929 1.036578833597198 0.6994530493187862 -0.484763358860615 0.41407619556068453 0.5139178434678318
-0.0519 0.4135940663144798 -0.42000152730748225 0.007880770483748871 -0.6290872723350263 -0.7296266509459038 -0.353182778820114 -0.3793876063535848 0.06749019311241695 -0.11956768536860699 0.46909804468769895 -0.5675420086733375 -0.18037567874329472 -0.7086961457027098 -0.789541928849294 -0.24818176441726716 0.7255297368067052 0.20507629478231082 -0.551537841229209 -0.1464203953114374 -0.4185442670630137 -0.35420687986812954 0.16888547758868752 -0.5644742915480261 0.07102078584488686 0.9135195956803921 0.19446827995502822 0.9737641788754418
0.6973999818645317 -0.5986500842569401 -0.7058045439401537 0.7204272736569836 -0.43437996061436 -0.9667823337585216 -0.11359732331416054 -0.6340864790765166 -0.27724710052430573 0.6336194678537738 -0.7405543020966306 -0.4213338358750834 0.2803640717942606 0.053328333017548794 -0.15326224180800757 0.0645006880625159 0.5118677847852042 0.49091713583871693 0.01630264306423951 -0.7997843613638287 -0.14500340405635465 -0.393391056750958 -0.04245882669981389 0.3116463222998481 -0.4422400201575078 0.5936080767967131 0.965184705419426 0.6813308772098348
-0.5102000737030153 0.534504841872618 -0.6674877777528323 0.03716139236093455 0.132966838488209 -0.18375656228111878 -0.5776796436917541 -0.19292308226303592 1.0497173381100098 -0.4545312694693479 -0.12791809448736546 0.8186658860793642 0.2804583548695803 -0.8439439188458654 0.08134277994421234 -0.3266053704406797 -0.1742527028834519 -0.4614340009890898 0.2358822883744573 -0.6458856758181745 0.5516270150250537 -0.5781804585520914 0.5946484880479466 0.8068869341115805 -0.5664345247168386 1.0967681892396046 -0.950897359091223 -0.1368695425537257
-0.04390001196566979 -0.9361751586849041 -0.5960610652994924 -0.3127408414518269 -0.7905363544773056 0.6888632227045665 0.911615392488069 0.15495946082381706 0.6579431685293158 -0.047597106459526556 -0.22896220573470188 0.17026071688077604 0.8134240790386313 -0.31810487116287556 0.45246232145134574 -1.2606049390648553 -0.23508294259097492 -0.3778137163306025 -1.1786242737722257 -0.1326974500935195 -0.8733413179940405 -0.383268148044105 -0.09862012790884134 0.7136825647677365 0.09842473685003526 0.4590772619463282 -0.871013883604315 -0.7761637881367015
0.1199974939891455 0.27063265848776163 0.02614604680044453 -0.364445351221882 0.9420453299589042 -0.48879772385300996 -0.8662871992622165 -0.4387919341349041 -0.5017721669970312 -0.18814685927930783 1.228837488929237 1.0062911495200066 0.438591394143242 -0.6210272850333148 0.04440017570341353 0.011076605854474092 -0.9657649040587503 0.31239666465106775 -0.666492224141586 -0.9942556708331646 -0.4792950455570048 0.7194813024766823 -0.49766487468261245 0.8105752198060142 -0.061765673384793815 0.7208926839807666 0.8652635509677795 -0.22535958640939308
0.5198773330488832 0.15490182554013615 -0.6218981731808026 -0.5712961927864831 -0.12258549557070514 0.8699127651582483 0.7251616821387008 0.8220507571228565 1.153950303613032 -0.10582127981280778 0.16634183024728322 -0.4775285702217124 -0.4130050196777002 0.30539838926550933 -0.9346238234767201 0.4672797123762801 -1.2161991916992105 -1.1043431227910678 0.551114943770196 0.47811395301639686 -0.9048929749421833 -0.40572363949995777 0.21103353309884088 -0.33096766763782254 0.17791518993614394 -0.1072104976239142 0.23879629758925994 -0.5603623590607583
-0.6069953598147917 0.8390178048956172 0.6535119740275362 -0.6502072306974388 -0.323487395509702 -0.29296522271544817 0.8720196776431537 0.33688781220449354 0.15573807936849576 -0.5295526622331349 -0.17869120200857877 0.8018629783979652 -0.5184581051927185 0.4135524944722826 -0.8507678434367932 0.7679411669713799 -0.33327688453499027 -0.070712608431617 -0.3150240495141909 -0.9771650022313887 -0.42057800549712654 -0.42753909631343473 -0.41382559359862964 0.21537408033276953 0.8371771215280446 0.3067630091090449 -0.19640203927615105 -0.08896608445693344
0.3444982751249317 -0.8806657682216847 0.13739724981597298 -0.22213833392462734 0.5503738780543587 0.855682454420408 0.15915009997602383 -0.6147980973831553 -0.05978151841191079 0.10744674629716212 0.35150008873536204 0.60721295402265 -0.6941964516382673 0.006178850213663298 0.290596632903179 -0.33574572620311294 -0.8718675991473003 0.06648537521723812 0.7711368063592577 0.3310481528495485 -0.43767650962618193 -0.6179980710113976 -0.4913040272544408 -0.38352315524806624 -0.3174596256382831 0.37889198080787295 0.6950076498729171 0.7120212925174558
0.5120469637693374 -0.32125155908364617 0.2570597002723549 0.13599686298459313 0.23374975731944125 -0.3474822542525248 -0.19209778446202821 -0.9627657454493561 0.43757060982422663 0.30964848050040783 -0.12337014292550355 0.779952171323097 0.7543597771327559 0.3929705067164314 0.2694202287365966 -0.5003192074143031 -0.7746813626989327 -0.41748090871183346 -0.11219170255129211 -0.1359442646903898 -1.1600881187741592 0.44702539700077115 0.4500120029785626 -0.7934388190969117 -0.5267801064751756 -0.7993748849685663 -0.3649817907941386 0.7525564472194652
0.545011870609022 0.32917874287228677 0.8042994843798058 -0.8666284018075757 -0.16841219038300068 0.05312575367241972 -0.8200461525447544 0.000723888752089805 -0.528838042248262 0.12522078078385937 -0.5549123674365236 0.2862147095215254 0.353762257987904 0.32166137091913477 0.4840407703645594 0.21210555077855622 0.2058882521378641 -0.2789751777373825 -0.1708732613833246 -0.5864930901063619 -0.18793530630658725 -0.5990595701517467 -0.8433037807158983 -0.5889923641888078 -0.445513258706964 0.5215711680521553 -0.7356843672858525 0.8976589283397889
-0.158109973614484 0.40851780918068886 -0.05019143106741391 0.9708455766104955 0.7673189773578281 -0.30092894414868093 0.7183733317115218 0.5110373068045333 -0.7032784777797263 0.8531613722835408 -0.5809562155028131 0.6004465763190012 0.35939837119864043 1.1761002231779416 -0.7066003923473034 0.5938204960275412 -0.46660641619326637 0.7021385921927622 0.632816784947207 -1.107609022641642 0.2030823355428245 0.3624120971228622 -0.44855075548518764 0.42419648299545976 -0.41846142420952664 0.11041228516848804 -0.14727841714998913 -0.006003385635510032
-0.6897 0.5099909915244 0.12569127389249904 -0.6845593343373378 -0.12422938639963049 0.8131980440575979 0.9261140506439394 0.366952105163557 -0.32401870826403817 0.05518102886208791 -0.05897056144404464 1.154763586109885 1.295355873061539 0.16186863407425353 -0.7493193227568122 0.5380963829980784 0.16121654771027558 -0.11840634895505772 -0.9127964994262731 -0.00800364493113477 -0.17530724805294814 -1.0361626542154603 0.12774241713053244 -0.5853270116032674 -0.01849609340327038 -0.8291773261778224 0.20155513543550238 0.6263931192864589
0.7957122382044459 -0.7576406683469016 0.6273729769388192 -0.8447738221314707 -0.5946767057677995 0.4772014556618263 0.5251158246172902 0.6295590995627086 -0.45946333055481864 0.6432355575551852 -0.184672946623345 -0.2150297963462781 0.9628432032428389 0.07783162463710881 -0.5957086896783572 0.7119854428086249 -0.33561905398005243 -1.0558849608834142 -0.14808443793877485 -0.971795263148198 -0.36431546100183954 -0.8300696830756186 0.40069135236019976 -0.7042843384075022 -0.2501667466278082 -0.08853729294987654 0.5752966407954737 -0.23057691909857542
-0.298 -0.8313653360181116 0.20698251951601082 0.21094158329721885 -0.865012378203193 -0.1170429465872797 0.1282033101334389 0.9130267123780004 -0.5711182111501986 0.302294047636378 0.7720581954904986 -0.02171246671344868 0.4735638967958822 0.16374709997637565 0.2540438400378569 -0.8930146446593005 -1.0509549652584327 0.5126952016605414 0.12951824999115438 0.3584260566577165 0.6317699854897566 0.6817941042446528 0.6387535176238115 0.3307993762808135 0.3726899840948849 0.11116767862177135 -0.9583644859264754 0.02542640135587949
-0.6495 0.6905831914200526 0.9476032303762645 -0.5522827218305222 0.8328780856242135 0.07177888771788457 0.9174993381969014 0.31768902478137584 0.6300650094063058 -0.17033463161912216 -0.2525685556757702 0.5907822073495885 0.4412761643976663 0.9032654485916778 -0.09985962702109709 0.5538245269133965 0.3076360040434821 0.6225921650108134 0.2390008102902659 1.0033530559219834 -0.39978031709987344 0.4616418847932709 -0.7905646555289214 0.7090901617783294 -0.9324571384813546 -0.13464582348491502 -0.6750437943244727 0.818799940163281
0.5467999237924228 -0.8226850581985383 -0.4584330889007416 -0.3452580080847251 0.43066602103538576 -0.5128097156026049 -0.8103501905538948 -0.5941884178046912 -0.4817361538666912 -0.38053763261768686 0.7904958385383334 -0.38525558760501144 -0.19424544400641966 0.0056732265937511125 -0.782308268314513 0.6517130747396007 0.10395739792192318 0.022126621499419984 0.4629990182523645 0.7462437150681657 1.162526558650454 -0.44904834768725393 -0.10910857350271583 -0.5997274379651412 -0.7584159961581816 0.6025626412837652 -0.6440595686455648 -0.07680007546801783
0.1205999261606265 -0.4575005981127402 0.1845803108350195 -0.7621407487328166 -0.875817628916948 -0.6634634713350862 0.08911461128735969 0.3206563981358919 0.39646641847524206 -0.9035680113520171 0.4464106163620906 0.2866381822742956 0.7606028706476399 -0.094181889675444 0.5133233769026437 -0.1255734824906396 -0.2520805390794231 -0.1278422546873941 -0.15295867747091785 0.6235845402260116 1.243588263986912 -0.5332688744570017 -0.7474844880241984 -0.032383019381766104 -0.7361564264596133 -0.05305808342614492 0.10002075065958643 0.5167998606136807
0.5859 0.5164 0.6917620135973412 0.4789482704461483 -0.28797506033137366 -0.26264082237052117 -0.9187354286675457 0.5390985963438627 0.6836953169783773 -0.18149044711473036 0.6850249276896532 -0.2176849382790617 0.6079692273263829 0.24702267720761806 -0.24590176862303284 -0.09415310797568532 -0.26506861617109173 -0.211877700214597 -0.6533169665525198 0.002303712196748391 -0.7129873896054298 -0.7289141590491246 0.8423265538990214 -0.09992424975045733 -0.3262642858757167 -0.44493114277322143 0.212776760027592 0.9273
-0.1932 0.7956 -0.817508500855464 -0.4927951946731824 0.0868372276108985 0.6020421479633022 0.29571151046771926 -1.0880660390533732 -0.7471413356549226 -0.5265121408283385 -0.4961888212176823 0.11724682357057438 -0.24113346372216093 -0.39371357911406685 -0.6969107638422687 0.7951203112195111 0.6427303015814303 0.5679150763092475 -0.1960031798597507 -0.0763934349712538 0.7539840098810022 -0.5015449496342964 0.46202345527833416 0.8485711256900298 -0.7051576733439682 0.8587499942516306 -0.39539957380294344 0.458
-0.6158 -0.4888 0.8598827593989826 -0.7621974623707451 -0.1343988768383863 -0.3911341752997762 -0.18276286818479318 -0.1382555635354162 -0.8280463660770571 0.7469995913503111 -0.5285645602705725 0.09758059778989048 -1.0100090287952923 0.3721909847630651 -0.6148347961292737 0.8608630148560416 -0.8030072038216373 -0.6392096394884657 -0.647007648099096 0.7206898483842605 -0.8483418101502243 -0.5324020473257359 0.6473830063775317 -0.2385121417526836 -0.5814742587248364 0.49425971784618467 0.12751844952376307 -0.456
0.8761 0.158 0.5637 0.5048930557581212 -0.2018871416001134 0.6003574979678724 0.43232203615057135 0.027164651132923955 -0.24884217392772276 0.29999148070360904 -0.6483622987762 0.8948024240350295 -0.8110109107453816 0.9171223045902418 -0.6354813451960097 0.11378722357868316 0.39205186867355574 0.3232282384458639 -0.09187484128307012 0.38940129923611033 0.18539525481199026 -0.6401313089290295 -0.3497669862820546 0.6068255737484384 -0.37280485395000157 0.5139955506114362 0.2225 -0.7542
0.6981 -0.524 -0.5783 -0.404 0.9848462991829404 0.16961404384419723 0.5596057248607577 0.711489819946113 0.5714949582528132 0.8365364139926487 0.7065432052267906 -0.5003442112763986 -0.8123282573779873 0.27989368136678905 -0.5458039580184337 -0.0015570737343296084 -0.4881505211789824 -0.8602130411958424 0.07987166196120074 0.1408029688635681 -0.34427097692350117 -0.8264623755155065 -0.008427406755186578 -0.6976043887230023 0.2023 -0.1548 -0.7395 -0.2597
0.0046 -0.2572 0.4281 -0.4114 -0.0273 -0.5926 0.7374 0.4788 -0.0798 0.6196 0.8433 -0.0394 -0.1639310677626101 -0.2834696399529317 0.10229820790756239 -0.23190007467933307 -0.8842 -0.2677 0.7615 -0.5795 0.4394 -0.645 -0.0172 -0.8359 -0.0856 -0.9083 -0.4966 0.373
-0.8056 0.972 -0.0558 -0.241 -0.05300002027448314 0.8198997367084687 -0.4050111571198013 0.4021095639589669 -0.6007998362801914 -0.038716706136515705 0.7615690357890299 -0.8375744574318708 0.9338350744820919 -0.06804512579338708 0.8098067973565135 0.6532665958734604 0.35670580900329046 0.940319621369516 -0.0033538391646366094 -0.8665353520217263 -0.6964581583198128 -0.006638640050580328 0.17050202586407612 -0.5776750605296879 -0.4216 0.7058 0.9371 0.9264
-0.0514 -0.7535 0.06510009353402685 -0.8811996965888822 -0.6960726705175528 0.32318600991006474 0.0638242468566453 -0.07706763962190083 -0.2130850869103648 0.3904358670855954 -0.3080001561908919 0.5933342070741328 0.8574423963035778 -0.3184355646009872 -0.4319450880147909 0.24049866054025013 0.05623538532557575 -0.47476881586102565 0.7988697632748295 0.49784247250636326 -0.08661685592162216 0.6759639390791516 -0.1669037293650253 0.515575700941075 -0.09903173146822895 0.17227193439910357 -0.6703 0.1238
0.0571 0.7192 0.5712002148077323 0.23420065777981658 0.3146992377169025 -0.7841864851494604 -0.35058059210464215 -0.9261027321291336 -0.9757521939290295 -0.342152756696934 0.15155622623944476 0.5014365209148751 -0.00391214925639156 0.37072852334675255 0.5335670404609152 -0.9429019445524528 0.44845696867036555 0.08648486008707623 0.5516628879605193 -0.2261712147041695 -0.023837261956930724 0.33315581867241734 0.029276145242323224 -0.19904415755673432 0.6674532722072354 -0.054636996113519506 0.4888808961931911 0.3099
0.9551 -0.5298996101679914 0.5132016125509343 -0.5195328158106075 0.03134678791838647 -0.5417594905632983 -0.07575471815970386 0.8212617903715799 0.8895750270467668 0.3875600544839915 -0.6205354094692019 0.7581937917925742 0.2209831839886079 0.5943302581374597 0.2600281309218993 0.7432918868083793 0.11555428835685107 -0.510833427081734 -0.6398488818133617 0.13450994978814537 0.7327537546768734 0.7314554645099679 0.1318025763200461 -0.26581895684862067 -0.12023251765939862 -0.45900810553108723 0.06499893939906022 0.6817144017982331
-0.4665 -0.9277 -0.5221247648908763 -0.7837897486489486 0.6058427403948755 0.8056632403515279 0.731012114938353 -0.5744614924277107 0.26320314191131927 -0.46480044851545754 0.5493495255258855 -0.619756338706464 0.7428738540378999 0.4926772677261546 0.04302523145847067 0.5741956324824623 -0.9647519572913997 0.8516071630247072 -0.5906597797088128 0.6268417190515821 0.08199643007494109 0.4784274675685993 -0.6151136679650312 -0.05070891337996904 -0.8767076102912401 -0.2785638123035855 -0.20260726634255535 -0.16373517526076656
-0.1007 0.8965005461998362 0.5676049432096646 0.3747346507092232 -0.14174044249346726 0.037635580003734036 0.06550220271509238 -0.3771302776001867 0.9929569443856112 -0.8946552839933762 -0.9415479169008629 0.3357616199278048 0.15529139624355295 -0.6508050972224005 -1.0180360539639006 -0.7610571613009299 0.7595927254777455 0.7937489750765354 -0.4577318274967363 0.4810380043321148 0.7529625341015248 -0.500699088894344 -0.9457166476834502 -0.5325123684787734 -0.42861393820175875 0.07607594297480963 -0.44198082293543123 0.16974729670003352
0.609202290195408 0.8087253791490652 -0.18549214787059415 -0.43536862671614385 0.6748403251575071 -0.6441487049521678 0.5563649956786001 0.8230949870287657 -0.8836619768768587 -0.8900803846625926 -0.9622487064509171 -0.4214034001126024 -0.41552806455800734 -0.11314648852076031 -0.6918799094133785 0.0020350613635746547 -0.9909930711730057 0.918504956237931 -0.18700173640638001 0.16408232195004105 0.002746161795704663 -0.25519003381626254 0.18425082483306174 0.49976815030132143 -0.8746678845252127 -0.6967943299810578 0.17801655279836592 0.8093424803156691
0.03180930741378474 -0.5716677341818031 -0.858693817604973 0.5831369114788786 0.014068203319333082 0.7427254176297574 -0.9669068810838712 -0.8136097490512818 -0.1520393782310207 -0.02521083529657324 -0.6652673799500765 -0.3542408977529569 0.5631661544499839 0.000981727914407081 0.637656688185889 0.22304539941634347 -0.20785990463628942 0.689500285445192 0.17418453024679134 -0.4416127951696352 0.8541094504339827 0.8480749240556591 -0.7665910129913079 -0.4543746499717514 -1.0381985592073775 0.49349928629623546 -1.0168665086014894 -0.32910820584247247
-0.474298488943236 -0.4322124949419928 0.9877210527433938 -0.31280523718974695 0.8249694368067726 -0.531156035431255 0.4021287075489385 -0.260971644454776 -0.6243895122262538 0.26683762443875314 -0.8702391323565498 0.7595354071776127 -0.0849205187035197 -0.33312294646650464 0.37299134548838864 -0.44747577275092687 0.284257780632975 -0.6811436080286433 -0.7738064315694513 0.45929588527790155 0.6351889304391468 -0.5107813784604777 -0.40247205663222907 0.8102822875342645 -0.8629633486947743 0.5477941108370266 -0.16330478734875337 0.6163559800480091
0.38430002388028034 -0.1980914622109895 -0.8053300878140005 -0.4576822046840361 0.45660963345878036 0.3292739389054116 0.6389195881837587 0.6552388745184443 -0.7772340916776763 0.9656708840370121 -0.18452520238731585 0.22056676549003826 0.37424489612319367 0.7846586862730071 -0.43492541939706114 -0.018300399214832636 0.2016958721518019 0.6478097707445487 0.8511256847390093 0.5608834564504097 0.024971938018345675 0.35945178451201165 0.5973329119763364 0.052747129319641095 -0.4285079617562328 0.5455818921668008 0.5376288910081893 -0.19282947717051122
-0.2106966491964038 0.5381009094111087 0.46494665979846966 -0.3485925672507701 -0.9696611264474608 0.811311380751064 0.6121621916523436 -0.1929172975637171 -0.3513404619470054 0.5943175714481181 0.627927579278548 0.3560021034771827 0.5805105173500329 -1.0477615211575757 -0.8009780214031036 -0.5706666405411507 -0.5001864441122459 0.548705738689655 0.7787497018227918 0.6926726302884229 0.548073837128802 0.9031830786445912 0.812221909514435 0.2608336275205184 0.01977754998866804 0.46886117907159897 0.00864585837639263 -0.5004883179165321
-0.5592558989885732 0.19361621253901326 -0.39198457781864066 0.9111571846723209 -0.306305484968276 -0.7686629130574867 0.021839073398985148 -0.37261289467065095 -0.5627823321546486 0.7652109143482662 0.09295591665967802 -0.2380190762089976 0.692759954599539 -0.17126271723869152 -0.49298342927938466 -0.1961491115410412 -0.8797467092325107 -0.17306734335365553 -0.7993125822092918 -0.37983858542231363 0.37450075759162377 -0.17030017609492726 -0.249134499738373 0.5961803928716348 -0.3850015985490926 0.734274054523276 -0.6869500369731046 0.3506094631497037
0.9614999385492278 0.1669640572108232 -0.1021204036275708 -0.8209635396204569 -0.757804370881582 -0.47374207111470834 -0.4231315466911188 0.9508679172462183 -0.3695786400402292 -0.7684219763484371 0.31531804670318503 0.6751488455841896 -0.6642530049605183 -0.8010596027636014 0.6021554264453398 -0.2571540732170399 -0.5134540437213726 0.7009265242476127 0.80197188685892 -0.09216160954083548 -0.7854210266535823 -0.42014674197714746 -0.7099766173150658 -0.6577257352784783 1.0538257470280272 -0.9174343018712182 -0.2434358531854739 -0.6764313062125339
-0.9385286164013601 -0.024713830274407593 -0.1860967278842257 -0.528173773178963 -0.5245242718412081 -0.6627316293050703 0.5043328424181128 0.9204327359393005 0.6501885077075621 0.7834727353971622 -0.18878627375670726 -0.7908530058652977 -1.0339093663304935 -0.4942388362165697 -0.8567857844996928 0.6277683089040217 0.4750134910821635 0.5872986196584955 0.8435064706684662 0.44628558692887116 0.9501498702620407 0.042222565813656104 0.46267434015777764 0.7844683751691577 -0.7715547587645973 -0.5092842117757854 -1.003451622834113 -0.14260345080954479
-0.052508953056904756 -0.5775830776784076 -0.40422440884551814 0.964360164950436 0.20899201389693148 -0.18668728503377663 1.0300268428913362 0.7075848848337046 -0.49474663102661587 -0.15566072197769795 0.6244168496313273 0.14982038244378926 0.32384715440000394 0.03637101859793109 -0.7475218354930807 -0.847513034597653 0.7024619430027915 0.16928213324353686 0.1564633505514592 1.0105485782171864 0.6753419148576761 1.2117779717824841 0.8482746576023876 0.05658577303796078 0.8776008809902373 0.27197538499474794 0.0911052968106937 -0.8018147891139599
0.30790238390813923 -0.13508126345100696 0.2837736486184324 -0.3274661704149502 -0.34904934810657084 -0.5129575329257127 1.0810086313173808 -0.2193288470944472 -0.5869845263964248 0.7728541246304653 -0.7281204408600497 -0.7109762604768626 -0.25508633459525143 -0.8252187686920733 -0.38288630519557854 -0.6784573924901811 -0.1480538416459037 -0.08419657010175198 -0.5075629024767415 0.5292126614608739 0.200790867562354 0.8962228152656531 -0.21977097577811774 0.9533224837358797 -0.6926166357345277 -0.7531055125071159 -0.16013694394114253 0.8180466459520237
-0.7081 0.5424810323387853 -0.33236501636459537 -0.6486192939788792 -0.31976170463812476 -0.8359659688866088 -0.35876178405751935 -0.057153629120918904 -0.08032418113559063 0.7914138959305308 0.43268918323716266 0.33914833742577577 -1.0834207598795251 0.9372868705208646 0.7924717478378257 -0.11513673410530062 -0.24806956058275273 -0.121108426053099 -0.651966662477848 0.5119675373188037 0.2670576178709535 -0.3186432823806162 0.8063517542610924 -0.8336901736086695 0.3173633512896792 0.9168539440465732 0.4865038170395294 0.9677265654912502
0.5020945170791166 -0.9831944975750336 -0.3991294445469675 0.13124137973341615 -0.847985318266031 0.4904191901448498 -0.32894612342360047 -0.5593446964072877 -0.2058646689096182 0.5509393664672265 -0.22956944950106903 -0.8001474054279455 -0.03313713811197652 -0.4783977392585614 -0.8817674729221631 0.3304343060431384 -0.6838853745996457 0.9962734263169511 1.037920302076601 -0.419469535226451 -0.8940647699180435 0.23116528133846465 -0.27927212047975586 -0.006963162717169396 0.7339134613148346 -0.5684468021463464 0.9121762444169523 -0.7376020546384457
0.1704 0.5577018766753211 0.6220330805884838 -0.932929508713312 0.45087783764444034 -0.935004473583663 -0.5813791507493377 -0.9215097349512278 0.6997569055886306 -0.7079960289411088 -0.05594162561535224 1.0259505906555237 0.06966671206826187 0.3856673706914883 -0.3522590368235617 -0.8391889972276226 -0.8876648550636972 -0.051953411417515756 -0.26180219269866695 0.7277804692891774 -0.5122390796241519 0.2596920057807248 -0.05305105115507972 -0.9005820334358786 0.3308251950841983 -0.6105942561880652 -0.2551598764023531 0.1910357971719725
-0.5102 0.8839803484559571 -0.25266405446398316 -0.8431173260852578 -0.8590900373070169 0.5366636613094473 -1.0580579346580865 -0.054355944290138264 0.5360564098479587 -0.07864381578098607 -0.6353036636088195 -0.0457326729682525 0.26881466311008023 0.670865331007762 0.8505935325893959 -0.9691703657688036 0.20588332074296775 0.5890949289928497 0.6093024568447191 -0.1319969248880121 0.1721315184476304 -0.42232857194331386 0.1827474943233623 0.6790884923284478 -0.15028582242083344 -0.7329527359829572 -0.3264307915031135 0.6669000517212768
-0.6439000035441933 0.5182267611042412 -0.4889479720348548 0.22982572514563898 -0.5309079854431571 -0.22559625103077713 0.06283281611272319 -0.00124269068218642 0.5690558114725929 -0.2121156018559648 0.820663401888297 -0.3604161362051488 0.30689388533522605 -0.12703863748656033 0.84141853474135 0.7697900560349176 -0.2822391449496019 -0.08271850571477467 -0.9963872204081167 0.6994569750046754 0.010838391746935393 0.3128516169080637 0.08874843166161422 -0.8915872407102506 0.7913371996175371 -0.9958425359403933 -0.2335051134944922 -0.11319991721370891
-0.8088000034340551 -0.3656060246116377 0.09345854120890688 0.43459207645742287 0.7122809793839746 0.22378982613358755 -0.9740376477649481 -0.4626212888296934 -0.23820529668660714 -0.15640018156737387 0.7208293590113645 0.2136184460553561 -0.861521055378421 0.5253687907983139 -0.7370930713967598 -0.8229752566289802 -0.9034321652865407 -0.5125497671670844 -0.09400523279416026 0.7136821078863869 -0.1082236721371639 -0.1445051154562741 -0.7604790068492222 -0.8987345741260099 0.14273800537953849 0.1820802866142498 -0.0633177442217312 0.8520001529028686
0.2942 0.0648 -0.649129202139811 -0.8342881424213862 0.11094253891220845 0.4514926084090176 0.3405666066594928 0.3008784770123549 -1.022851404138593 0.5960932614436524 -0.5483055029835817 -0.5389165269524236 -0.7759578756769787 -0.6563043476441596 0.3765404580621747 -0.7535766053952458 0.02176394505940073 -0.9528915079303378 0.1439138338143611 0.22981741467043446 -0.38282679506117795 0.12006118550227012 -0.17300517022026476 -0.7170854089621372 -0.46084489176029925 0.7828260735964456 -0.9551762249855413 -0.9573
0.6859 0.4242 -0.765419141084455 -0.3245766583487485 -0.7749155082465491 -0.24660884911965236 1.002912134256187 -0.8527134213007861 -0.37463179451293854 -0.28409273187625506 0.351629559042285 0.18174780575800623 -0.09656887123698087 0.3332889979682309 0.05118223927255524 0.4659172706656883 -0.6275327521102817 -0.6868012665849772 0.06826920131243439 -0.7901188064380229 0.3417394989248733 0.9223142702006972 0.3627906323494954 0.3826771881375262 -0.9123351042689499 0.5083932954185315 -0.24299921544301126 -0.9358
0.035 -0.012 -0.8619371080576341 0.6330938871107349 -0.38241099082220575 -0.6355507630400836 -0.6391298897371309 -0.3910497268249099 0.5742814333921973 -0.3803035068326547 -0.24156523508740985 0.8165968841586556 -0.5680158827144071 -0.1364209191022469 0.105593228191071 0.5216437108134796 -0.16922215689087888 0.4256411811755051 0.4314961673936018 -0.9701531636808807 0.5859135394574767 -0.7287878994997071 -0.9319163038492355 -0.47773429175950244 -0.8467367943741886 0.5086010822564132 -0.34509868416217004 0.7775
-0.8768 0.9175 0.4048 -0.9380993107656974 -0.6540071105915868 -0.7449793124147315 0.46949975198872856 -0.5260788988613669 -0.011761197947243406 -0.4878807269848485 0.9821238221185608 -0.6271153290209958 -0.5284037681095607 0.8968287252562704 0.46473331407149715 0.19720020129703839 0.31878789224386095 -0.5209409314718727 0.6527338057373127 -0.5648163913959092 -0.10102637622847109 -0.11740267045604913 -0.06076998461134452 -0.22748401495832865 -0.5469997024729073 -0.21409965107142795 0.6504 -0.9327
-0.5968 -0.7934 -0.7392 -0.7961 0.9375098199399542 0.8553744895360895 0.6552762338338965 -0.2807858798401346 -0.8397027317819923 -0.07959529616675814 -0.15469577757667166 -0.7776994097663216 -0.006663630113412468 -0.3945073362917931 0.34247022117483356 -0.4841511250113561 0.3552304059391682 -0.569913094839604 0.793337384349548 0.023871720787864627 -0.9684380985417482 -0.12044489586130686 -0.702623676709855 -0.3253991911776882 0.7675 -0.7435 -0.9182 0.7655
-0.8688 0.9034 0.1525 0.4242 -0.5782 0.137 0.4682 0.1341 0.8772 0.1068 0.8733 -0.422 0.8837006702093357 -0.9638988597891157 0.3398996357343781 0.07779998482047402 -0.7945 -0.7046 0.6894 -0.1277 0.3755 -0.2533 0.5132 0.0211 -0.7363 0.7089 0.5256 -0.9213
-0.8987 0.225 -0.257 0.2332 -0.056399984854903024 -0.2198999554473202 0.7895003441907132 -0.7763799575315136 0.1722689325410567 -0.7158081312089195 0.513634948722488 -0.1246444353978669 -0.8148719602094351 0.45620136608517387 -0.5839740746802098 0.3805508228890531 0.4357067769532114 -0.6516941980066923 -0.6511277141604377 0.19814133555612734 0.6850026088677056 0.07525158026171787 -0.9175803538845511 0.08500197577603352 -0.2913 0.0095 0.6205 -0.7954
-0.865 0.0419 0.9329000002972272 0.8151999633769352 -0.9878918086761166 0.7138015159976957 -0.02179556654440412 0.4238332829184345 0.6285266663469614 -0.20478410447295767 -0.1994245990228369 -0.021332280424346213 0.6562792508356098 0.19336804874866512 -0.6538857128685543 -0.4876899617833929 0.06871970154359906 -0.06151904785313319 -0.9778092849772938 -0.3539460819721691 -0.19933138136487127 -0.5150054086468944 -0.3159761597122226 -0.6031185941260452 -0.7274669021064517 -0.6855964681332618 0.5535 -0.6956
-0.1432 -0.6061 0.23339999465950428 0.28319990191426286 0.867420577562007 0.7663705896763372 -0.7589010981682723 0.997578089276028 -0.5690145975178541 0.29572150550962345 -0.14663191891467725 -0.810195900250478 -0.6286503132427047 -0.11151939673420448 0.33103776108648525 0.5205345114817764 0.23172533042823723 -0.6855966586205887 0.6070163910076785 -0.5326631481593255 0.2763653503488791 0.7059329489671141 0.9885191384084878 -0.3672806742930146 -0.11353245513523001 0.3380753576866771 -0.5055996042236274 -0.5508
-0.7552 0.814399950470788 -0.007200007833714413 0.0545798122571934 0.29355782542871517 -0.36587887336297775 -0.36847356617258464 0.7707371909007691 -0.4198960418442225 -0.5858883761042054 0.6057153666922538 0.6280968477096862 0.2455331333386476 0.12011141031446088 -0.6382870858114126 0.21107837950376948 0.025945276788693725 0.00911179521122548 0.9092548134790048 -0.5129061464489832 0.24221091616063425 -0.6086350326858299 -0.8771599169396361 -0.8448053352256492 0.7314381274611956 -0.09981265335131227 0.41335851189289785 -0.15139962765177953
0.1079 -0.6669 0.29717472783406124 0.10876952077417112 0.45176217772850313 0.4032591603018898 0.6117761187893832 -0.1609223110614788 -0.4435013527015448 0.7782277485626703 0.606628101503662 0.8775367812804393 -0.9192502465426976 0.4815535158033245 0.447266729506087 0.9876448528381341 -0.9162183325138765 0.8596533576487433 0.09666260892708159 0.18289654697977417 -0.8404966762183852 0.19949464717074714 -0.5816266837417183 0.667284850199159 0.2812114240458377 -0.8408504648574887 -0.030502270962241573 0.49570055037891325
0.6157 0.13260008972657158 -0.8667749943769535 -0.9834520253495742 0.29528124368524256 0.05168049135201961 -0.3383441375377043 0.8355069585876365 0.21553704622768038 -0.7177841131516653 0.6421156275075117 0.8771608977158392 -0.13567082242284123 -0.46125524706148524 0.8790664898036399 0.9632004957022885 0.7998477995988665 0.8199566441203086 -0.02479777053109655 0.15991516009733434 -0.17574989311822534 -0.9006338610895738 0.03480459737460739 0.05536729995322542 -0.24752691107894725 0.28494398855809716 0.3417967807608533 0.5937974391458772
-0.13719999997685162 -0.8741077420433132 0.823173308405436 0.0017583435616092902 0.23663494889065276 -0.2859897071854523 -0.6588368498822101 -0.025477494865740902 0.16056981671240134 -0.4896303110771083 -0.8757089130683103 0.8042173527200633 0.9708745077914637 -0.0821821442516161 -0.5396418493417587 -0.9020441946339994 0.3344803761984373 -0.9107529370108989 -0.10370793059096822 0.606574900708334 -0.4816996354135508 0.7427495563297934 0.14748793405484276 -0.17964942821038543 -0.5715017748841523 -0.8502265269611022 -0.4997334521266253 -0.04653943357581555
0.6714000000940756 0.5613143651911102 -0.20249907669176365 -0.29126162072419787 0.24940808709242743 -0.7683025432648035 0.2987358403459752 0.6851036269191126 0.4467441906009663 -0.017364669559436847 0.8401834487496429 0.6200216632169626 -0.610159784815497 -0.4296090845929905 0.13700205202167598 -0.8709014793447913 0.13963394109434205 0.6043295398801208 -0.5919736764357613 0.7811544580466203 0.9438706687132054 -0.00010460718742747843 0.18723225946171024 -0.17993708043133233 -0.012192557596070441 0.48208308708944897 -0.2235520606446891 -0.26288616426896233
0.8980000000152731 -0.21519147732568242 0.09646032276156348 -0.1716730836892968 -0.820572099988076 -0.8570199632822721 -0.08679771786855404 0.6664639533695288 0.9152920768513504 -0.2037254178991936 0.8453615658817907 0.3455528398699293 -0.5685601091045592 0.03880702816859445 0.6240093959978814 0.4297823137262312 0.1846069101896645 0.7452570766663645 0.8437653848001888 0.6079398836136479 -0.7531470808023983 0.6050229056052159 -0.31575661667544835 -0.7682327299304238 -0.8815982108909262 -0.8015530511289755 0.028816870639020196 0.3632929791764409
-0.7495992153776166 0.7929959765055076 0.7547156614047216 -0.9715563944676627 0.19527139944629884 -0.4263896832867414 0.7035042888594425 0.8759398879781707 0.6364856911370854 -0.3086979491868911 -0.2966396353322492 0.49443552892578585 1.0592974939765538 0.6347425349137829 0.2021177464651792 0.8340691154140845 0.9592676366367758 0.19872320252230244 0.3110706709681988 0.258737040752114 0.41057456193812236 0.841979397027529 0.3153181773126284 -0.8608591097676699 -0.45857362251101397 -0.7487221377040792 -0.22671990931219674 -0.11442221840600093
-0.8358990038956114 0.29917742387907936 0.21545738504970244 -0.7532352477426086 -0.24320199602397938 0.19827011492284463 -0.6143237588046097 0.9716683145261579 -0.10776411990132104 -0.4048438406923346 0.13602473398718995 0.07759763539336084 0.5593250351022951 -0.8402870739238715 -0.8778814470723436 0.9928252083638321 0.9540566822980047 -0.7808743778898158 -0.7415940153934337 0.136729868148443 -0.20837291573626196 -0.7293532069262089 0.5702392242847192 -0.20588317152419658 0.3352211867578491 0.2626399918500542 0.34867652322416504 -0.7981012062070003
-0.7072886380098921 -0.09301044751277913 0.0877020281923343 -0.32458718445582935 -0.3712462243000517 -0.1472276652315925 0.7420738920729557 0.530281915114827 0.48259400265543295 -0.562893656611705 0.7872794678160685 -0.3549848584962162 0.9288842150038934 -0.19668123558843825 0.614851914739177 -0.8494596599685704 -0.11466599646807389 1.0268511753170697 0.9610473892524347 0.6718838752855784 -0.7661969724939134 -0.1486482231740763 1.0470387350379535 -0.954591834348758 -0.43563153877766064 0.6241910400561314 -0.8652128414241576 -0.596299541856794
-0.05890006892052743 0.843255970713313 0.33359255138068383 0.1416519062041665 -0.038728219179261725 -0.8500176876420158 -0.20176184692034138 0.047305675000108426 -0.08598482931771936 -0.4286584622645727 0.8010477665342538 0.8294121396873116 0.3735164219533782 0.7779496168340696 0.9886504171223726 0.6738420357393937 -0.10523925813812812 0.8166558402174903 -0.8219187314021077 -0.5202336433954605 -0.032803918300740156 -0.6187838009655797 -0.8883919689010586 -0.7739742838760085 0.6151570153780849 -0.8851754411851529 0.47840349969315005 0.3128996285832694
-0.9079126725828118 -0.8312708729893827 0.44427334093200477 -0.7391971788205062 0.1881055380278436 -0.18667519366290952 0.16372176636536115 0.45286727312046127 -0.3682257204368492 0.5830961676240666 0.005339482548242315 -0.04276536225522155 0.873994938490858 0.14963838208895586 0.46575296449518333 -0.635299757010726 -0.7479251666990384 0.6033191924290995 -0.48781352695027036 -0.5602548209245032 0.6636216872649966 0.6872485083618795 0.26323810385683616 0.08392088858738603 -0.14194277490929832 0.7775374207909708 0.9323784505110487 -0.8977000168799587
-0.8167041026224175 -0.7187832196864015 -0.2805856877110081 -0.31913562353902475 0.8278089176146302 0.9095289120204153 0.6246502677778428 0.010361593425957412 0.4806960678402355 -0.19208020740259243 -0.7524892947384824 0.36388174260802164 -0.052321399279558464 0.674736143762621 0.5174186515594319 -0.449607919749826 0.3009595355219146 0.65856141264819 -0.8417750350284189 -0.7610837728123906 0.18385345806074557 0.2748469840690613 0.3244877802304914 0.6716481786601896 -0.5341748031700174 -0.700947088991699 -0.7546041983035153 -0.34709432639831456
0.12800026936766565 -0.2745976670342269 0.9431658259657169 0.4225897816070496 -0.5665867980446369 -0.4816242812916502 0.673488428521934 -0.6025411341501611 0.333730939929361 -0.8827867799606252 0.8723864742055611 0.09046047322475477 0.8589736976484833 -0.9531010878849968 -0.9261754739514424 -0.14522040481312296 0.8976780619863265 0.9325353428009696 -0.6146317623378952 -0.20309803191603967 -0.5133692413095837 0.6136249342416926 0.2310766584838024 -0.13595344125727724 0.6503586642179723 -0.6174322274949089 -0.9329793750907542 0.6928032858062187
-0.5868 0.3063354539073902 -0.7546939197987399 -0.744161879842156 0.39243940332960403 -0.7068300257350255 0.3369104552114345 -0.22666424264295298 -0.8444070459020412 -0.15606639515003437 0.4145771749914919 0.6811246459256686 0.44911597770269734 0.5213726614809677 0.9216348248871503 -0.7989929846343878 0.6648786159567851 -0.5724742784066938 0.1398415042899586 0.6894688043323939 -0.3515821207688885 0.033494670581391786 -0.874343026360788 0.9111226546944944 -0.3311524392656124 0.29754983338701413 0.7650359417955146 -0.5293139481063168
0.9892999999973134 -0.029899807376284282 -0.8496864357492301 -0.21916834667741122 0.47841572107779023 -0.9898656434736757 -0.638673287085195 1.007223819807385 0.21456953873921797 0.2787161036101105 0.19559395639854263 0.9460494162415957 -0.879754955592781 -0.15104060732360106 0.7759278555056469 1.0099360144426233 -0.9554975872288086 0.515112569160984 -0.5613643378517278 -0.15709190159344316 -0.643626320642429 0.47968279506218464 0.13972312565860698 -0.764858605161134 0.4782160192458483 0.03933324118223295 -0.708162725990669 0.7095616993307828
0.3252 -0.06380110347352275 -0.18137111552122265 0.5974795424719961 0.5463060869571207 -0.21104343009690593 -0.5312635999111187 0.6958376812863458 -0.8017393957748338 -0.7086571729781548 0.9977220824284101 0.8034453508119525 -0.3276100044363693 0.4818937619498776 -0.0022348700274982805 -0.548167616806287 -0.36835479632474405 0.9138043842228595 0.20341302259771357 0.27196631883916406 -0.21369318817225075 0.5085932122340877 -0.8409992024232722 0.5028880406418698 -0.3691467350332581 -0.5319312022537468 -0.12146360643778092 -0.3630248760083277
-0.5029 -0.21290407596954647 0.11349288578380266 -0.6492623267296602 -0.02042930140905011 0.2149990719579534 0.3712238918829472 -0.2457065007981166 0.1985056754820388 0.8428730042295046 0.445501403642088 0.39105062836849136 -0.7701148462771092 -0.26548452241564147 0.20622357969764094 0.48726527921544693 0.6218203854356659 0.5079716594077291 -0.6650651847976066 -0.445024266166995 0.3210870500618978 -0.5478023146990691 0.7400055917921174 0.9377993890296485 0.8755822270347874 -0.2609873331759382 -0.3050024514558286 0.48989999103614323
0.4751999810975765 -0.32859917070866146 -0.831113161993572 0.3585867534620824 -0.10936434050424712 -0.6267482174850857 -0.3996681315596795 -0.46031297044450475 -0.7165416734870574 -0.865010570483061 0.9472281589526547 -0.5235819274285867 0.6181576304779163 -0.33255139575640835 0.9244788530007486 0.4817093747772346 0.0411031310525078 0.4364227410864086 -0.005091996142820481 0.23980570614158778 -0.7882327532146529 -0.7288773899270357 -0.7444221297659207 0.3608986184847295 0.4559045285288017 0.26118807325738014 -0.6949059536701316 -0.2075000000073037
-0.9094000183150175 0.04610000777133298 -0.5278761942144172 0.6246701400135535 -0.3225182985255153 -0.20005282692350393 -0.9229672640640904 -0.308431242562768 -0.7648892365505533 -0.7900862039609391 0.0007686201419513273 0.18571826903303906 -0.5144419558842965 -0.26362608865668175 0.8303528089744358 0.13223032342366323 0.5128489954410054 -0.8756966411808277 -0.27992024766730284 -0.8732389137475574 -0.9212138972708702 0.7566389715472956 -0.5981378974809268 0.5075887671889008 -0.5637642047442054 -0.4596113731635424 -0.08710102183000913 -0.8649000000134897
-0.5978 -0.7651 0.4933713987570174 -0.7755127835594895 0.9040879087989839 0.8033782090958133 0.322559028541013 -0.9271781243762232 -0.46586790457880656 -0.6280848498118319 0.6681669343099039 0.8700840942981222 0.2779118201103293 -0.24428524499667711 0.20629243690780472 -0.40163500376637096 -0.7502612062148306 0.5847759170134754 0.7782353906070243 -0.22759596582853286 -0.5818276841041792 -0.9979429188955604 0.5523281584308899 -0.8366607447326029 0.5813406374233986 0.6162968233827496 0.4325998339534419 0.9112
0.8513 0.3556 -0.48728005058477747 -0.3342181528100124 -0.3989576715791615 0.8115104596556502 0.16699361582249928 0.3493529036936739 -0.15588113058507183 0.8731328137832405 0.9298861985978246 -0.4481620509697681 0.7087644436304708 -0.5260550454955915 0.19739832738691387 0.7909466513711502 -0.834126150183664 -0.08500039273105653 -0.08332117818077242 0.428731849140402 0.22129712647030592 -0.9627142883390924 -0.20861907481621486 0.6546255968180611 -0.15172306439831412 -0.7123112815041637 -0.6345045747690249 0.7077
0.1909 0.0383 -0.7194920677840722 0.4666013933154571 -0.6373035095343592 -0.5338023907745298 -0.9754301506795419 0.8201808274815148 -0.027098724191877685 -0.29660910799438733 0.8879923832879795 0.7938341158459851 0.3578453270376606 0.6969030436978351 -0.8017633683350408 0.45110975124875097 0.6701759315970203 -0.7686264050297374 0.00593115141200486 -0.32614262376713415 -0.39320430357499103 -0.6963609216554592 -0.9376441545755146 0.5579819675479202 0.27970479547501503 0.9070959736790987 0.11949518793975085 0.4472
-0.7473 -0.9265 0.8658 0.07210078641566395 0.7187645500059748 -0.2876604895388748 -0.24783230397608552 0.8709883322879278 0.33518937367012275 0.9311233075566653 0.6390577880673023 0.649087157756851 -0.6166740079547626 -0.6008398802861257 0.8869110731489305 -0.768829686904125 0.2966729580540948 0.3424153545914402 0.22074087370008824 -0.8495058808942221 -0.19784047267148272 -0.3187098029739025 -0.04752444258575396 0.6850741325213102 0.4501999997167744 0.5652000013205489 -0.8336 -0.5962
0.6301 -0.0901 -0.4006 0.9981 -0.3171989100804866 0.9090193766111322 -0.01577830120187868 -0.5174715925614802 -0.8107636388383368 0.2212023753819616 0.2490067992077353 -0.795063488575426 0.20508092722155682 0.7975538875712537 0.11158792878779535 -0.26624843345772353 -0.4379371918692558 -0.11617064160996488 0.07255165931906761 0.5523890663865639 0.6589947671136803 -0.5013022917009002 -0.03795050494056547 -0.22319334800047938 -0.1788 -0.3193 -0.3229 -0.5554
0.3964 0.8255 -0.5413 -0.1909 -0.1725 0.9341 0.3957 -0.6504 0.9923 -0.941 0.2305 0.5635 0.9297003728433035 0.6369026582854523 0.957602049546722 -0.025599914592138725 0.8158 0.8664 -0.3977 0.3922 -0.3292 -0.4899 -0.0723 0.3108 0.9302 -0.1197 -0.5491 0.528
-0.7045 -0.8576 -0.3356 0.335 0.25500065728106414 0.6587019321075449 0.34412323415586243 -0.6995021547679621 -0.23452832411422367 0.7985327066328614 -0.494677464339004 0.6690473296977173 -0.7391619663439214 -0.8170882115020481 -0.7026778600458919 0.7776273301632971 -0.30197972363533254 -0.3527996925948059 0.734687246327378 -0.06466949121874803 -0.5772880235348711 0.40521577376232737 0.45893470273658693 0.46780643772694847 -0.2231 0.1079 0.8645 0.1845
0.2204 0.8142 -0.6347999971459545 0.7976058192874982 0.08480667548155177 -0.8488744969546691 -0.4494487855771227 0.35293738993397716 0.1973548659455552 0.20682814809243513 0.4164954806273514 0.9930957895560684 -0.15845913590444138 -0.7340767026515261 -0.6034070007581854 -0.7976220962316104 -0.74494128126692 -0.21492327219719035 -0.5088978646185481 0.7096572943347651 -0.5940533436080213 0.8822843539350056 0.20679354342436446 -0.818199953661558 0.14449356609044078 -0.01985763110620208 -0.1697 0.5303
-0.9806 0.8516 -0.16779978603093348 -0.6660239819653866 0.23417681564972392 0.7832644269161674 -0.19089286164492172 0.8046930476253364 0.5305213721688127 -0.4234830619094828 0.22349164873513813 0.3247610451434703 0.5784948245818771 0.8466036406596206 0.3126520512260684 0.017918486681223655 0.02204640812110246 0.6542238039553543 -0.4106566489883489 0.061553487980514215 -0.9179648347807068 -0.23614718274190352 -0.03375415029047602 0.5083677741900794 0.37010200924795067 -0.7854106958644954 0.14853715165037362 0.1499
-0.7384 -0.8354010467504895 -0.43283734071943647 0.1692535729517562 -0.3717823503572861 -0.7627488572804192 0.8113930557622553 -0.4712812634877924 0.0788489502023674 0.14267334606315563 0.764175766849381 0.5378160392005439 -0.520797078279664 0.12027843543455861 -0.2597467628265189 0.46502473546354434 1.045252326678567 0.935383501897788 -0.4330579324300393 -0.7461723570758451 -0.17769014621029305 0.2341303963616376 0.567935937006774 -0.137017622226522 -0.6025532856355218 -0.09345020211121602 0.9622261123298635 -0.681271630283793
0.4054 -0.3271 -0.03733282676473103 -0.7429796777407849 -0.45398791270023187 0.4119236998389229 0.2956901218340467 -0.9115228537855168 0.41102625805943493 0.3949884993482794 0.6044200643014979 0.6654757632723658 -0.5649335661875841 -0.42831831319743957 0.9731177346049035 0.6133952446709781 0.3032908929208489 0.30510364285572983 -0.5977178212197004 -0.6142124806325335 -0.595371996920482 0.6786466600352001 0.1486803661123553 0.6907269805197342 0.7488496900534383 0.2235546913136962 -0.7034179262367891 -0.003012615862410428
0.6986 -0.5637003657858503 0.8273740027168505 0.7139614913175526 -0.5953148598018705 -0.7285049760170799 -0.2729749673104739 0.214860419725778 0.46096681638008774 -0.6786723958151379 0.28539591589674296 -0.7550377754122238 -0.21284667467646748 0.5662512476817188 0.41466408461643023 0.4723808426015619 -1.0403042725289893 -0.892815064064797 0.3980839166484375 0.3627890370763199 -0.29135007417224634 -0.33523317408945685 -0.27985376460462486 -0.33290687379160494 -0.8350927143522926 -0.6639228446889297 -0.7751466392379622 -0.2715996730459278
0.7354999851321536 -0.24674367420116025 0.2653772192160713 -0.9592668665501756 -0.477907127098197 0.10817464525021189 -0.030317857440011028 0.4836373870323548 0.4497671258506575 0.06715414965575281 -0.34270821346281277 1.1077026158769692 -0.9412201383176706 0.21835383016285978 0.74685017128163 -0.5213289893482501 0.02631819404304504 0.033212870661097314 0.5357089448177766 0.07386800538842817 0.5356791592898906 -0.31103750304968975 -0.64962205275714 0.35019287935015947 -0.9415196025372228 0.6340218652636703 0.5556873224161637 0.625016389042847
-0.7317000604233148 0.9896939651599553 0.5045589267293331 -0.37056432918147447 -0.8219338651945938 0.7453227948213159 0.2811543493127205 0.1290426386921503 -0.6347654494562881 0.3122412239017014 1.1360320094294154 0.8877710328988484 0.6099242210809183 -0.5539548867647021 -0.6745843767483045 0.7288896488620834 -0.7646233420303502 -1.0593308056141064 -0.6032725090392581 -0.1970753001359317 -0.4788895023860374 -0.369004267653981 0.5110950340354625 0.035430332760571566 0.5997573576277442 -0.9175561457272259 0.7584421572523847 -0.5566915967503706
0.15279999019028692 -0.7144233881186884 -0.16686106596283728 0.2528199905571639 -0.47762867911321827 -0.8838687981338811 -0.22178447355426711 0.6615108188094965 -0.6684665835475153 0.9159743958194196 -0.23011903966110717 -0.6141297101017279 -1.007736749111424 -0.0004057468895375135 -0.5609389498434851 -0.485370687119345 -0.6375351089779607 0.3759156978814915 0.7445040722594489 0.44549871830796123 -0.07358378056333677 -0.744688164972276 -0.6074161645929248 0.13799465578489586 -0.7765426205602279 -0.9195698999539871 -0.4420482946058972 -0.25867392781919696
0.8112994961691957 0.31343759591342535 -0.8449116093092409 -0.6344084439927966 -0.2915922602733913 -0.318758021964998 0.730292958054589 0.08216952132266386 -0.42446268778310775 0.781222239720221 -0.7150599478886096 0.5281721335739678 -0.37004711818631764 -0.27205719527429423 -0.00034386342211419594 -0.9729590926864239 0.752751645250047 -0.44614387699111296 0.21824784691420052 0.37959912027104253 -0.9348056866036979 0.0624990598107917 -0.38865514274666424 0.49959705888468137 -0.32128030509664246 -1.026227035022962 -0.8856925149439818 -0.39634132713872855
-0.1965648548220019 0.018704570722087067 -0.4701970228346608 0.30766211283413625 0.30026090988652215 -0.8397564447898701 0.5152467090575147 -0.27383561134545464 -0.7549781674605823 -0.9605944434854434 0.2928967599183724 -0.11143288186636367 -0.1789950098929797 0.5553921351789072 -0.6815030016440311 -0.3000378369543339 -0.14095532838869762 -0.46572512661340465 -0.1522064266773836 -0.2699130414157355 -0.6887048141898856 -0.10966455039830672 0.1934132201651215 0.11858165137440493 -0.9139877066701289 0.829766334474227 0.7592171773571952 0.6254615486672955
0.9549714863633293 0.4461192040602471 -0.7444395059869122 0.8921827795317432 -0.13232431223569308 -0.4496851538090638 0.28260979701462297 -0.9369293627866225 -0.46173880931601136 -0.5993293722236778 -0.7660399907853497 0.23822572652709026 -1.1928440214179228 -0.556423882214347 -0.4011872857919515 0.3745584092198898 0.29428056564378374 -0.822136544942338 0.33881525217759 0.108484370347918 -0.44013403912476556 -0.25624531152584223 0.09871353584682198 0.11288466673672125 0.7809980193948429 -0.018981767569723272 0.5147615613188042 0.7760155653245084
0.5338005180596803 0.7306497996603086 -0.2731041757281932 -0.7030468993036111 0.9275192897642053 -0.2909665921617833 -0.05358702811768957 -0.620242985833431 0.508486176193782 -0.5727168524335415 -0.03267112394035659 -0.8047252277491084 -0.5335420477695928 0.6378686740831039 0.14104725846056326 -0.5761317856737854 0.5711365196245173 -0.7510318812495621 0.6581359982958519 0.19786269368627538 -0.287699206659625 -0.2826829446361108 0.5434247699593487 0.11793581352097586 0.06896518960514406 -0.7633755712194529 0.7090816444374198 -0.3309819744292836
-0.6089678208545978 0.07488710812400741 -0.8663715352507151 -0.6668293308409444 -0.7883505521252582 -0.12865578657070115 0.4914927494853833 1.0851525837437994 0.7006995473404999 -0.5804840158690785 -0.8315235806237564 0.10804694901170844 -0.41464767096090993 -0.803778099226454 -0.40476571764374936 -0.8595976586768135 -0.3659519930134468 -0.8144747279199147 0.8752930892653675 0.13437726235601244 -0.3740359338301014 -0.18345559531197886 0.8926215271247253 -0.6675609193071521 0.44936630150925966 -0.16588028383265968 0.4727603799019078 -0.8811396523148151
0.15751051782333 -0.8955948588496692 0.38686484262571535 -0.34431941819179834 0.479305228787528 -0.8043740174096754 -0.5473179984575861 1.127286102340536 0.37023819215663534 -0.4333361417081897 -0.3960423729462931 -0.28502663250030846 -0.0582342810582191 -0.3002556345805572 -0.586993372327108 -0.6265107367784766 -0.47574313516173283 -0.7617276238091966 -0.47591256540278287 0.2500638809513094 -0.5116392329059988 0.028541058894857967 0.7166939865792279 0.1080888146806145 0.5789963652771944 0.9098486893114329 -0.6268507668042501 -0.7224140454155403
0.9265998873783662 0.33041518210299703 0.1410447889121447 0.4879694322446485 0.8012243313110441 0.8711098039600296 -0.1311292962778509 0.5003142330702989 -0.22692496420052077 1.1344877590896016 0.04917472656961932 0.011634223075048225 -0.31877803932695803 0.075432838858148 -0.8497417841575942 -0.3493482831436631 0.1916159464454592 0.41021535454315267 0.7294092888270111 -0.8711425041459244 0.598496900996534 0.31685114625039795 0.539024950101046 0.5929364350958167 -0.4889967786903738 0.19464763510495334 0.18186802654885392 0.29834543032247074
-0.3234 -0.3013798949956249 -0.8222459839603101 -0.8831673867928587 -0.8619050081519914 0.06600548151800315 0.721567316431244 0.3372860991058623 0.1753943000818699 0.40832541007156636 0.6575861658918738 0.3634584525676855 -0.1313567486323839 0.8361351906907367 0.37281015787170874 0.6568212051938989 -0.08799561196663053 -0.7216756873377814 0.027592195223704694 0.5348548954875865 0.3832782911356604 -0.7608197698673699 0.08101086333889995 1.0807509902295487 -0.6341173812893118 0.7582777952955967 0.9626902571748565 -0.853431032394144
0.25190190179201505 0.6537821172056165 0.8271337412145965 -0.9312220874174024 0.6684566790631287 0.9741809816841227 -0.17163453051654065 -0.326263879605531 -0.461105834953577 1.0077886355663692 1.1589750028232382 0.11699181149172289 1.0739629614458541 1.0152384762030104 0.8520203572375187 0.07351383490817098 -0.9006650542872262 0.8395552238599429 0.42477417369996273 0.6944868304716062 0.8445073520361462 -0.3748351647638629 -0.3300013122820866 0.7720160272883837 -0.6193632193950481 -0.23286821923240622 -0.6080505763629325 0.7261112583327954
-0.5395 0.08446347273770571 0.7088317823872473 -0.3316390405369745 0.5547616050454208 -0.5465745366004229 0.025015406904324806 0.17618538816226517 -0.7582256075970882 0.21027438276786023 0.3936227228873672 1.1064799690351843 0.196261793270233 0.142327097259415 -0.30400704118189903 -0.5409555793002679 -0.33574498381006573 0.9114695141888868 0.4996614337497278 0.6677368645848223 0.7276486629926789 0.45499653445197874 -0.34430964382322415 -0.7137573938967725 -0.7072328401929779 0.08201222900598132 0.16106453090899095 0.6609648210594211
0.3701 -0.06749125993587046 -0.6534645732861731 -0.9525860831770112 0.6360170459036948 -0.01980661334430237 0.7801991295066659 0.7591697359245135 1.0987354236784086 -0.5443873269151233 -0.7401862991528517 0.014835032553774838 1.0519082246149745 0.04803950506903718 0.1481363119518673 -0.15978899375143552 0.5512653849953687 0.46215665772254777 0.8072138933264078 -0.7103899381063812 0.32542049344064616 0.2562874409311095 -0.04582900359309836 -0.07788517959764107 0.4830296202088362 -0.7218623647592687 0.5838769864571339 0.5275999999992942
0.5030997855431321 0.6245657490823673 0.459431308167158 -0.3699176575892884 -0.9660885782279386 -0.11720241772328745 0.5103446867546003 -0.36691939756844266 0.8504263655919817 -0.5640115927504037 0.9764264515550831 0.023178629555852252 -0.605259512662012 0.4156667045358971 0.23245004716163148 -0.34670530050390735 0.3833598370157165 0.14050938387458467 0.5364549096446459 0.592262802366979 -0.6699940192857567 0.5055585198320642 -0.23720745076384103 0.9982894516082645 -0.19280196068292468 -0.5417641461203374 0.5871424538441992 -0.7097001691581573
0.6008997922075288 0.8159015603819999 0.09137179384792415 0.5390160241438313 0.8904147154146541 0.10513383003822172 -0.438208548145782 -0.3059604974693709 -0.5179987110242668 -0.31749644566207574 -0.6425600014105932 0.8268451081886407 -0.8430128518075474 -0.031046098547021325 -0.33743830545072523 -0.6573123935637962 -0.2647112620153031 0.3998974315329732 -0.21312837311668142 0.16826124810357718 -0.6964355392112853 0.44523941277083046 -0.026271083177616526 -0.1572375819238904 -0.21627688988244959 0.0690226291443009 -0.57742296185035 0.14189968757185356
-0.4956 -0.5285 0.2814289767793103 0.4083540138312689 0.9190195929110023 -0.9387776356652403 -0.37430075448059574 0.9007933345607612 -0.3971713857823919 -0.9020075367626446 0.1538941278325699 -1.0785502254970225 0.565992909854068 0.09299307026257464 -1.0085396645229803 -0.6317262440594221 0.6455924590698419 -0.6492734331033941 -0.2253195353483858 0.35768055631398693 0.4532734704738873 -0.22894692655590201 0.3609142976484432 0.16426498638342538 -0.3012401753587547 0.3121841756359355 0.5342798731622745 -0.672
-0.0515 -0.3579 -0.2483973531256779 -0.2408139480286297 0.8740239714348211 -0.6847166001775642 -0.19186005342963067 -0.3092210984854345 0.289617289974035 0.17376771557921342 -0.19000881971866737 0.7385917481442287 -0.6632452698417745 0.32118914452673664 -0.7735888291230559 -0.9546644745712184 0.8255179009009391 -0.3917721615949766 0.16719485381727328 -0.4748894022689827 0.5759312037869327 0.2659455320772677 -0.01850703690146071 0.21933248025342794 0.868218759328754 0.6018565230577069 -0.8386358989395005 0.812
-0.5527 -0.1463 -0.18215722560004685 0.5526195694177588 -0.19375223369210243 0.5168765634920253 -0.2848342225297403 -0.38820495826914375 -0.9669277497205178 -0.12231081611853299 -0.538256275228352 -0.8790903824742733 0.5887282727818752 0.5878382435417212 0.15173758668957485 0.6437459102229658 -0.6699139707045415 0.8960445489857978 0.359503426562277 -0.13065446362355182 -0.9465666526381092 -0.9774564458082684 -0.09415769483011899 -0.7376303523153893 -0.767544623718743 -0.560565892986081 0.9229359541358805 -0.8014
0.4741 0.7201 0.8333 -0.4578999561840821 -0.49052125920343964 -0.8219448153492139 -0.29945472352485397 0.6456104488666418 -0.8254608804439305 0.7569079631977704 0.47074682252983907 -0.9351423640540627 -0.6584542026676355 0.4049930022379089 0.43894708602161275 -0.5716341487692781 -0.9076791710341627 -0.9820360410411818 -0.37549315203318046 1.0022122826464839 0.07086434088463957 -0.6121883157295865 -0.8767591535811246 -0.60185778467298 -0.19990786458350232 -0.06540003855425218 -0.079 -0.8784
0.157 -0.2381 -0.5486 0.9526 -0.6744000167702557 0.6696997206802777 0.9296684641803038 0.38109573980641326 0.4999631508487273 0.17335086504371738 0.7536063664361972 0.9736329015365613 0.6010060222266719 0.8720915825873832 -0.8854356148760048 -0.5815254828647504 0.07611017848570732 0.525543899368524 0.5661757651123125 -0.3727224822075073 0.06988512900845271 0.735166325491225 0.719142069030257 0.16590535815559815 -0.0589 0.9787 0.306 -0.7542
0.6761 -0.3585 -0.6507 -0.9696 0.5522 0.2904 0.0519 0.2696 -0.5363 -0.2436 -0.902 0.2184 -0.4584164366848826 0.2205830790988051 -0.7502113372800013 0.5974995275575682 -0.6961 -0.8417 -0.3116 -0.1612 0.3141 -0.0021 0.4738 -0.2733 0.9108 0.3153 0.72 -0.911
-0.6013 0.725 0.3011 0.1162 -0.2214012902386315 -0.45980573841021033 -0.7745594389584061 -0.6043121348384249 0.547252488751847 -0.0946758534171269 0.8555338620310171 0.7423391877993364 0.2558464002193404 -0.21943707366110965 -0.9552275337942778 0.8349643170458716 -0.7123238170572189 0.2607815816119546 -0.8652115556089776 0.45419258586768557 0.22922339226055122 0.8240753316341876 -0.1209213937291217 0.659358043510424 -0.1884 0.4996 -0.1159 -0.1121
-0.9447 0.4609 -0.6686989329486687 -0.9160274135325905 -0.915815156968539 0.6872867293482243 -0.28091187531129896 0.7882612967967394 -0.2807742976233881 0.9554320691206372 0.5608282935530311 0.6519554128102751 0.6094654918249809 -0.2961993796927148 0.35328546029361485 0.8373300608840966 -0.7525902100143249 -0.9880068900755894 0.5788460736183343 0.19192576023352378 0.11393651340480389 0.11232295269736893 -0.5188260623382013 0.28237167503078725 -0.6343020659517766 -0.5969147852183975 -0.8544 -0.5268
-0.0695 -0.2565 -0.23129802916791142 -0.7997813412190129 0.48940030544445184 -0.9377885403893033 -0.5483948722747752 -0.6131407215240123 0.5462626352852618 -0.6835530147229189 -0.9090277927705891 -0.9534799977258808 0.022035884213664023 -0.23971909636547867 0.07242773397539898 -0.061303916451606925 0.6708447039597715 -0.7291184337125867 0.7225788824527639 -0.5927124082455337 -0.38070569250534286 -0.8899843932383114 -0.6379372488412632 -0.9674996845816393 -0.17239568659772486 0.21831301752842963 -0.11927307609399378 -0.8929
-0.7787 -0.23059999903243347 -0.5382015675516651 -0.044853863091033515 -0.8595499509187305 -0.32268771758863635 0.37016611847734415 0.4472212187126106 -0.08946699418837081 -0.07897923512090939 0.6731756962980225 0.21247976242109304 0.21737795241522415 -0.770154579559842 0.5624330372601212 -0.37199013539038933 -0.9745522289532508 0.2320813716765829 -0.38375220262173604 0.5091292241369408 0.44075096969664834 0.7108067157749008 0.2447980875787562 -0.32079412976213817 -0.6804975490708551 0.08571182813843821 0.9796716447664271 -0.045443947369904425
0.2717 0.4223 -0.07605974624463391 0.7426598854645348 0.9459239545826587 0.08400102270812218 0.733020845977181 -0.4982136519553036 -0.5161949379257291 -0.44858960463658304 0.918383893397189 0.7900448068187944 -0.11218149324588318 -0.5656908221962345 -0.3056873456811384 -1.146245145393673 -0.6287609946479719 -1.1251764140603293 -0.05558880810391033 -0.7007155574824879 -0.5854606282761108 0.29437554053006165 0.20971357519825318 0.5754772078350896 -0.8601130627162701 0.22738749188939644 -0.3139265066356502 -0.5076749530462475
0.0309 0.3063002574617636 0.3099793762203052 -0.1190892729816683 -0.6021091803850643 0.0008181517823472959 0.9290857286024052 -0.516345098019625 -0.5403684991758587 0.5947861120797857 0.3903604855678002 -0.7707185334349674 -0.22339404708489066 -0.25838734183379364 -0.8778670571175363 0.1427260928956337 -0.27909177740363456 -0.1550566924356883 0.4779625363960272 -0.43583896881463424 -0.9033940822679248 -0.40551810692535406 -0.1102522149046036 -0.25949059496387683 0.170084287734729 -0.004526165526400468 0.18634152173580953 0.7786592014103357
-0.1273999666148388 0.7049039372656434 0.6781421830770414 0.12061422095145286 0.010476095389088473 -0.8147034127683355 -0.15388528173237387 0.4086784148012087 -0.3577342317048331 -0.8142239743387802 0.5766538025517978 0.8210027027798223 0.7972540455002103 0.026529232499355383 -0.4860352439116721 -1.1081035410176943 -1.1081544419960738 -0.3640521008586513 0.6183938849612762 0.6818949102442711 0.2807899101721772 0.8587963173049953 0.9969873125850434 0.38350257284404193 -0.8484936238303566 -0.1772307880789946 -0.4707841679233052 0.11364810148634824
0.8438001356781646 -0.5939152481015367 0.6952013049640849 -0.6550791628453948 0.15896360711804494 0.7318634797719423 0.09636534749744592 0.6184194815781007 0.15978024843378955 0.828683827280437 0.2263345915830701 -0.05952634827199162 -0.9524529026349697 0.19519083623634173 0.24971977156360955 -1.4737117154360573 -0.23502143347116428 0.2655229542658648 -0.6348916491688751 0.12120088887499576 0.5474854124176016 0.4483928744665886 -0.05702455380162821 -0.4565806026382091 0.7575170868020539 -0.5683979381925371 -0.12896842982679282 -0.5036101952762146
0.3317000220273229 0.5836175324457424 0.4278566945625667 -0.773910782452074 -0.8722561701457417 -0.5501318876439957 -0.7785940934828225 0.1343543685843354 0.3499935245751503 0.25114832076167826 -0.9029117001072073 1.0772284232188747 0.5706105741829596 -0.9463578360866038 -0.21316888402505915 -0.3498606130997402 -0.756954648925599 0.7115692289642314 0.21627854867799395 0.46651625800836527 0.7761946946358791 -0.7544700907218022 -0.43867266301246377 -0.736290350608475 0.15258292751797628 0.5093432293122729 -0.7642560883960933 -0.933159262316199
0.9944996203451558 -0.14122335132551078 0.49495004624934474 -0.25603490770042964 0.26658926610294176 0.9515868356686891 -0.5099249621409837 -0.2729001555810923 -0.45161014199970534 -0.14222879553644294 -0.38304612125370485 -0.7985558725798156 -0.19296483622697885 0.20472399755548878 -0.03045270007754957 -0.9627524683472706 -0.7031642174731656 -0.7557501787218287 0.11511096690662047 0.3123056762581916 0.6899623280370598 -0.20587638551995738 0.4330754731626895 0.028079522358810206 0.18003586129414717 -0.8648833265988992 -0.9342939378950572 -0.3458122726731655
0.10475110513815647 -0.23227647237206184 0.22947281235309913 -0.8295995913592222 0.8406838014195073 -0.1659438667824053 -0.16829414941601792 0.36886154371726193 0.03626423008170291 0.6373102532937888 0.2649178515634061 0.45785128449494467 0.7468862191704061 -1.1919779429094297 0.1825015225357506 -1.0845598247992811 -0.46270149080967643 0.03341610388830779 0.25943036631576605 -0.4618964504211128 -0.2422311172136913 -0.8110845368489507 -0.309797969245176 -0.5303032811438723 0.8173220429159335 0.7878287172649503 -0.6815722462957052 -0.1997377636000888
0.577799927111054 -0.3356935719993508 -0.7427282019762464 -0.4503419702247337 0.37944095550620976 0.4375011264683017 -0.6641016928072618 -0.7726685613696851 0.26421167729415906 0.3852979795930722 0.7895074536202049 -0.47340730581755697 0.5351474424742508 -0.006731926019961581 -0.5191443729850929 0.5450617437185843 0.3232883832085963 0.5382815873755187 0.44984070617875 0.8161522501181104 -0.27984973916470574 0.5709873447468536 1.0238243485923004 0.41618035417735527 0.8855828389724275 0.12216175893397632 0.7618662139003352 0.6936863873343113
-0.45629996417463287 -0.08751886217875116 0.23663964325693204 -0.231348919829363 0.05519247783071341 0.4745882757886019 0.5619956887330028 0.7989290228536744 1.0398307293873918 -0.47467865082637584 -0.2532953617070003 -0.5376600368948286 -0.7438530435862483 -0.4708614006022584 0.8812390724351116 -0.4832111879173013 1.063542064999387 0.21259986783333132 -0.03549790581737256 -0.6292258651954696 0.10191781831238367 0.9984813496254412 0.6855071181188849 -0.7849968811525991 0.5442134366719132 -0.386158646431576 -0.7116120561874957 -0.37129694753313025
0.2183985627353887 -0.3766320436077263 0.77001218777158 0.8199978027369972 0.4971690225781366 -0.38205651277768693 0.23467493904208192 0.19558237929654687 0.33328230771308465 -0.3288614637128748 0.13110697452201056 -0.19220378035766877 -0.959167488464162 -0.35814697379498134 0.27809863342668245 -0.6724258127952362 -0.40153938508903403 0.7113605776482914 -0.4797368128552023 0.45824383104236305 0.0670816819184924 -0.2629387485595709 0.7388041902001704 0.7696211220709044 -0.5817001518061898 -0.17282353696487196 0.4961277727302621 -0.7099232732410133
0.28599952182698596 0.5868062968290175 -0.8414917961725512 -0.29190623294576806 -0.18232155155553992 0.7651171004098428 -0.2730919146457688 0.05500494631194819 0.6211783218402931 0.7719789977813186 -0.4500141678911911 -0.42055955824056784 0.5648068910477927 -0.39113164676155715 -0.23341195375788537 -0.5414215537629972 0.48837775299460784 -0.1622707424763717 -0.04819010868278584 0.3786093810107196 -0.17899949228493173 0.11727751759047272 -0.1882056276519271 -0.6409309201690515 -0.7095587977742425 0.10833700436414005 -0.9507579343744047 -0.3895428551648181
0.48539995710456946 -0.3490323494129161 0.4654733180814778 -0.35392422953631564 -0.8145550595042663 0.4565438826348782 0.8980530454442623 0.5781303186269761 0.4790348332136864 -0.3565883379897294 0.18135467245971296 0.019860964617305358 -0.7620559280563065 0.30979131469261895 0.3953079909149561 0.7485841873361703 -0.021552304182706657 0.17443262149482408 -0.677911683062877 0.018952478476208137 0.8759087802206921 -0.8394804739459468 -0.25673309970509073 0.8280243737848297 0.01743637950689086 -0.22503459357325767 -0.5068142208593921 -0.24994701858622181
-0.3058 0.05791728649136126 0.7930434206719862 0.5282731898691243 -0.2712225226229566 -0.051881299133868686 -0.0653316906172896 -0.47935726770351506 0.12973332536917814 -0.6134787907306364 -0.43658866602872975 0.3492833400160805 -0.4572598510852783 -0.9203583602024664 0.52883700674225 -0.5677801760678024 -0.6289560800050001 0.044081482365171884 -0.5177567852162099 0.7310005908162829 0.1834298556482745 -0.5162178818503897 0.3745061174710198 -0.29753685134715413 0.8178829175892532 0.6989686293700266 0.913547740090901 -0.21510283894541957
-0.24241032670408771 -0.4718881551934989 -0.7910817832026348 -0.00023927949049622074 0.7041361730860185 -0.47379798764874675 -0.01732380191316093 0.21913360906076834 0.6517616085079879 0.3460214210622453 0.5578513601369706 -0.23255437991997244 -0.2923173163955832 0.05362851697056118 -0.8382919538747683 0.5050807929301669 -0.8272582424477363 -0.26624129546576364 -0.5595572994824826 -0.5318374627331557 0.6156603572691942 0.10234162423452661 0.4795462243791249 0.06303054124858125 0.6705124429886714 0.5297587918713317 0.6404072380481494 0.14552446555533202
-0.5186 -0.7408377999207675 0.18753033224372856 0.5258663842849405 0.49172975365803945 -0.2823845391643969 -0.6438526559299357 -0.4251261960772075 -0.46377960513024524 0.09887951407062913 -0.31306655107775816 -0.9190886328640413 0.4498531251958985 -0.4703362275523825 0.43751956142085363 -0.5846012220220644 1.0119255271527605 -0.5517094439234692 0.1793685847464389 -0.729984774571756 0.9696848932350834 -0.10583441395855511 -0.23508302450455726 -0.8968675845065226 -0.8737048608334056 0.73070959750398 0.5783347234264302 0.686516750132237
0.679 -0.7349534218479818 0.7688042673680885 0.6129593779745167 -0.6431852022731329 0.09948239740808179 0.376683370195888 -0.09598532124544053 0.11797523449659984 0.12530075413801178 0.23662855809408434 -1.075191811862155 0.4160479572162905 -0.04688360590953988 0.6575157152263204 0.5070368948371757 -0.16296216128956276 -0.6562658285012304 0.6170715890052086 -0.03932176824681814 -0.0021952392468952576 0.8027807437967135 -0.3433647798288879 0.03683449572778254 0.24708981348903813 0.7344393859257075 -0.18290757702649554 -0.13159976898706957
-0.5644999952570807 0.6225693058001256 0.5839165718986224 0.14955128145704058 0.16772725342834316 -0.740965626708504 -1.091894495680465 -0.7963273859207141 -0.7216868526430598 0.08430077575852257 -0.05437196843500799 -0.06983073880652224 -0.6714833445671633 0.3604163183411996 -0.5009546370934225 -0.11667673289809298 -0.1256362599205538 -0.17647169980480593 0.831850086560262 0.5445268452578689 0.6404304604847724 -0.2877307685020068 -0.4026303427355176 0.5476761675383627 0.24372496720187983 0.358736332011175 0.03369563911569321 -0.6307999837382543
-0.42879999540447034 0.08219070598151368 0.5380786179963377 0.35841832600429085 0.9638630019978303 -0.5047906112280813 0.07335843139542732 0.042818655310150784 -0.4581924301079894 -0.23322228132978237 -0.6379360717321602 0.8797749358591244 -0.6411720472743216 -0.6594657982361106 -0.7391717424527467 -0.5097631261558165 0.5525106106457118 0.8995837317500054 -0.4233490044626178 -0.10546464423118024 -0.27369815361372596 0.8343065112842876 0.5501450583062109 -0.29791208675930925 -0.5768672577223412 0.8307775794582444 0.23749728435357506 -0.5692999699652258
0.3417 -0.2168 0.6654685404233743 -0.007957965021479092 0.9530448228586275 0.6401488123158077 0.10353268487799587 0.2447294135801523 0.5728059581065852 -0.840639495977403 0.6915892079845165 -0.5725229869704117 0.24985563776464986 -0.18711023825639214 -0.2564294123952129 -0.08180055437663802 0.28993579065779007 -0.20137112015506992 -0.3400680722798425 0.5972343084896179 -0.5768096765438526 -0.1534865033533773 -0.453499572644447 -0.4405421605797479 -0.449679712342604 -0.887399724235844 -0.8524592583072492 -0.8958
-0.2421 0.7168 -0.7896424137560943 0.8449706819298454 -0.27233910399727784 0.009680250369104257 -0.758247150642124 0.06281705428925537 -0.7071249994374595 0.7781213273525495 -0.2541713142422784 -0.055082016940952286 0.7475423151830323 0.3264567098483247 -0.6393093084939764 0.3035938059013893 -0.8407787203044215 -0.29436914596582636 -0.13087355421111987 -0.5668929090985665 0.15199813579142024 -0.17351714681981137 0.8430072218711587 0.5060159896457074 -0.11292812831605753 0.905511690069133 -0.3863547609441444 -0.3036
0.0479 0.3123 0.6735792021469624 -0.46363490809835567 -0.10520384091369538 0.7483343571176331 -0.6022010157622131 0.25202200659872326 0.9075267193950254 -0.4618668952673109 -0.11662582574018708 -0.27795489257065453 -0.15410589884453144 0.1654431778127752 0.7201635797283792 0.42240914301654736 0.5970409700109798 0.2750386680812212 -0.9203136073813057 0.5327421075929414 0.7940441775870485 -0.1430299914719289 0.5171798458512814 -0.7660718236820216 -0.6522889452373967 0.73134626588789 -0.29155798654404447 0.4211
-0.1357 0.7464 -0.636 -0.10628590846592763 -0.18435505761018808 0.5192011965386335 -0.23913593711038597 -0.819489139668202 0.5880001846062034 -0.3485272221503121 -0.34239862585362474 -0.38761078788128317 -0.22119082129015807 0.22273544413496654 0.3340017934301922 -0.8914164470430073 -0.8823299035472608 -0.09546414796777557 0.37744604794687203 0.6636186796226815 0.9127184617470622 -0.5051998103976663 -0.15861182567160265 0.2935792004680744 0.8186000560088749 0.5677005458240935 -0.2883 0.1931
0.1787 -0.8618 0.5103 -0.8925 0.6947018843994175 0.4530096457499565 0.25362701411672456 -0.390581071412406 0.7203877240432572 0.9899058813659792 0.5647948263927111 0.8996828416553777 0.8704004705947723 0.7070632155079624 0.11925728367234156 0.9290637081930523 0.2739110343593775 -0.14962380483878526 -0.7462223987335183 -0.1441373461591888 -0.2979034383598601 -0.09060239372730276 -0.022106432843514028 0.17609275121362802 -0.1146 0.086 0.1531 -0.3063
0.1638 0.2432 -0.8029 -0.107 0.0543 0.56 -0.7828 0.7113 0.9709 -0.9511 0.346 0.8794 -0.49783812165960833 0.5932949259500773 0.4942856283535042 -0.7570005988892945 0.824 -0.7939 -0.5846 0.8049 0.9792 0.8541 0.6714 0.1356 0.4924 -0.7748 0.9069 -0.0131
-0.4768 -0.6026 -0.5754 0.2661 0.5596970121786737 -0.8189093763016081 0.19747982522225657 0.6047209158400344 0.6023397170896623 0.104602780950674 -0.21226488404214405 0.4614285758345003 0.26270377753365654 -0.5826609081104112 -0.31111361524309794 -0.44878660686234734 0.6771521457798549 0.283822703982823 0.41017630586105636 -0.9119764433177026 -0.318084660019885 0.2803014140520643 -0.33191964269476515 0.10283977428853233 -0.3647 -0.5993 0.2409 0.9531
-0.695 -0.7013 -0.7647012379115606 0.3413652311178704 0.061668312369354786 -0.852907404575572 -0.21937021455503025 -0.9895508575248102 0.2864901157258093 -0.31256335151616316 0.5583142322352851 -0.007708226260980749 -0.7657623611150243 -0.4883841986160734 -0.3136404687138822 0.9144976408582652 0.9311688454153113 0.27028404878615386 0.692974734231771 -0.6854523079468482 0.7311536550885464 0.6788823385554974 0.6425792020689869 0.061728617754588724 -0.7995355683315832 -0.2889503820210824 0.6985 -0.6305
-0.3174 0.739 0.5511966561674244 0.6410447714740584 0.8167805764365111 0.7679096015350522 0.4722231110776908 -0.11429858460952455 0.1736446054080574 0.11104409045778244 0.18901967397505318 0.07147569297952915 0.8309823823016224 0.5550070351352143 -0.5629876806950131 -0.8139217790338658 -0.6383378160592224 -0.6401481446540412 -0.13416034540412622 -0.593231733537307 -0.9367520329342847 0.2893418294867681 0.9320590987810029 -0.38286383317945605 0.8897911407145315 0.00011844127741811889 -0.0759787536413328 0.9858
0.1194 -0.3472898322945179 -0.9031685913513028 0.994426997183796 0.46951398084664003 0.00413939915509261 -0.9676903708261679 -0.4176244687512178 0.8600346812089283 -0.11603385221410181 0.713022700268285 0.29045292473169804 -0.01834026272583415 -0.7495291065340881 -0.3423945531296753 0.7346739314644294 0.5033181066380855 0.8807960513875767 0.3780231682743215 0.5998104038913742 -0.6007256182525347 0.08303393277449866 0.9016629192186406 0.07812219363444217 0.7783712886218436 -0.1837958424275698 -0.7247905971790509 0.714528222209476
-0.5472 -0.3278 0.8500239811249941 0.985844012828048 -0.24446507056434635 -0.4862861534480832 -0.7288403522990791 0.8184386575659177 0.5889392069857567 -0.3325888789941337 0.7217861363185589 -0.4949912378259367 -0.3689739053959009 0.03543498115178603 0.6289507221963534 0.7333474794001148 -0.9505260454266808 -0.4152144355464064 -0.7462330300181257 -0.939576079022906 -0.9487319785025876 0.4921129977074516 -0.914453780051669 0.4463298307076694 -0.2303319506318774 -0.5865143083207944 -0.8128942917568659 0.7827710836099767
0.6693 0.19310000897886476 -0.41362457284589943 -0.9522782526542352 -0.7721856626184842 -0.5775732369600661 0.6165434904681021 0.6010261103053985 0.7227623071469078 0.19137198428519273 -0.7160324138757369 1.006464470783717 -0.2958405796536551 0.25943220216388524 0.377741724400621 -0.44882271165404625 0.9293292773503382 -0.01636000835503033 -0.32138635922490444 0.2845440254609402 -0.5802762892584782 0.5748673265318132 -0.4517772367130417 0.027692084396840528 0.0764570241898206 0.47734240261388594 -0.1819448467856949 0.9801788160211565
0.5101999997362768 -0.5231389174378818 -0.21832727710653896 -0.8474880311407398 0.30169418835040157 0.4715459248523378 -0.24094140200349454 0.6878253714242956 -0.4493560447500099 0.6260527964906217 -0.37366411117680903 -0.5744218719827447 -0.563034718091649 -0.38670393739522146 -0.46756636113178474 0.4618560802312648 0.5310010969118767 -0.44466783425020495 -0.5218129283631281 0.1998252899547753 -0.6978607462150872 -0.4828474989067901 1.0151709497479295 -0.6694778829730179 -0.01741289589858178 -0.307979201721176 0.21477117251656594 -0.44655690674347964
0.2114999989282219 0.724987847783316 -0.2780137244770283 -0.7576777137999018 0.6451066114319448 -0.1497314835467688 -0.9281978525005041 0.1939086382038713 0.40155260054738834 0.1438967894950199 0.8902559500438445 0.824004850306112 0.1049734685347982 0.2085664188154297 0.11569597082314045 0.7683070508337707 -0.6362585140820853 0.7647800270648132 -0.7978844595594436 -0.1282705786334783 -0.025906559112771708 -0.028656616429839916 -0.25060999570790926 -0.8669444320404135 0.4594106562487412 0.3266767555815408 0.1450225336600277 -0.15860054877108898
0.13599999982599706 0.46090313095890206 -0.7518995783564212 -0.291300915537999 0.025755427037066136 0.19385643890509743 -0.03079884168339218 -0.7949131270819471 0.13241524286598766 0.03496558818373342 0.8409566660272385 0.6526097892581771 -0.04952590918761669 -0.4184246972390593 0.7696293893593875 0.7481627546266955 -0.11440771185625111 0.2799320589840856 -0.4106773545433979 -0.4822551682866312 0.6478623958952374 0.2906496262961624 0.032977983347955465 -0.04567028093209867 -0.1806810033420154 -0.5479179262836646 0.37965166185157817 0.39887096447495385
-0.2675000094652576 0.375221251505829 0.940176118000023 -0.8394862460402563 -0.633265571008022 0.8586776884119757 0.06713181441289538 -0.48309155606987497 -0.14822847676359696 0.6058511567053942 0.4225845565127757 -0.7690327745929582 0.45563422254746366 0.3698468021785948 -0.8483370870976449 0.1850285518901364 0.4098660582014 -0.5876330731991051 0.2961137516432021 0.3332325799328293 -0.4209609247832989 0.26929248931837996 0.08506797945424514 -0.22207770947650238 -0.5114079078826169 -0.8321188493617612 -0.5318014471712518 0.9645387537104237
0.6809987815092534 0.5153354787131817 -0.8923253197087821 0.09758799938492899 0.8044115318161734 0.1612545141261436 1.0583264634239462 0.4047500341643272 -0.18767522798542524 -0.2492965535642644 0.6346885883783671 0.3822674864804147 0.7890724614775371 -0.10277226446926896 -0.24435020531246168 1.1251899151821838 0.6154275605004195 0.6784194219162576 -0.06907395716042376 -0.07806767328599473 -0.9526091323467304 -0.015889090886450918 -0.27127652364356447 -0.17919535456164679 0.8754690811066379 0.9867919242591546 0.06067207686304428 0.9107787220505306
0.7466999596093876 -0.471150718172067 -0.4739791971443805 -0.3856934717553194 0.829368412055026 -0.7589929086069801 1.0443836204775152 -0.6799302528132438 0.9381872106938284 -0.3298794166037954 0.23715320640286297 -0.20271203755684597 0.3666054047483614 -0.14796688462917984 -0.389591258569512 -0.7073673270138803 0.9117728126932498 0.7002884488647331 -0.10562451305492845 0.07908490435092023 0.738617220717612 0.13350499852002148 -0.7123188941296931 0.29191316321340277 0.490537217654269 -0.0567811471074651 0.4581886322161626 0.08792653289737687
-0.6642002674540116 -0.3723220693297383 0.3800557934191112 -0.45875160145184785 0.7759401813398138 0.11306299110863648 0.9892016125879186 -0.21682718143218013 0.22911064463509045 -0.2736972122300392 -0.7986375863529589 0.6892066783849687 0.11616288068182068 -0.7183426737098428 1.104147824160393 0.7977279070620336 0.23919732349352188 0.20349274808958517 0.478218857670412 -0.6611063382673467 -0.5630347669243637 -0.5122758316634367 -0.5553608272903713 0.27375945912741095 -1.0723364355621476 0.9742682356714809 0.29522038747394125 0.9888169360161533
-0.9657000160637575 0.4338946452696125 -0.4870472801229615 -0.9371525669646492 0.7235231182752145 -0.7615920700078973 0.20889266495125594 -0.6642286026188002 -0.15124004332927302 -0.2658998955670506 -0.8904516343956327 0.23032990952423002 0.6358508243837612 -0.37259261698657725 -0.8178714104975616 -0.12051002942657774 0.8479926084958189 0.7008109288750403 0.22142500504241924 0.061295179586511206 0.8561078209325103 0.7539963483200989 -0.6922025218327854 -0.5548120159592133 0.12746176830952669 -0.05095964273272485 0.589003599582127 0.3633058150267989
-0.7530000132736 0.3083391393420685 -0.9648974316005275 0.5174515197557461 0.8526530108784147 0.39462854840686884 0.22001439522545813 -0.8338510561492544 -0.578818578249408 -0.03113826477243581 -0.8874338295297307 -0.15848585821126743 -0.3650082752944007 1.002439914541046 0.7986652293630565 -0.4448877322274412 0.4085508437549669 -0.3364544360205932 0.8882715564781504 0.20904777004566613 -0.6589104224916656 0.4096841247438625 -0.47376743941756694 0.2806122374593266 -1.0795340811702479 -1.0174714033751444 -0.14959750731181315 -0.90565124623894
0.20799995428063972 0.9960135869435051 0.47425339373590514 -0.3289207885996426 0.45549522230371403 -1.065738412450948 -0.1174697856475716 -0.1952822649054382 0.33224951118809565 -1.3989770715783063 -0.9858845290026552 -0.9645830989139003 0.25304673367754377 0.818970260891929 0.017392628895419794 0.12536959889504196 0.27531711582128165 0.7585616219371379 0.2557575303973808 -0.20452143436886952 0.19155731253824118 0.30102328834533426 -0.7611458470536563 -0.7871710943653165 0.4707809459418117 -0.4623812684268768 0.1498377117641591 0.22113826980809073
0.1318 0.6598172806535584 0.9402809525588102 -0.2436198192945152 -0.3264673514420787 0.09627157130266012 -0.40491707289688733 -0.6869176545855991 -0.10912012275540964 -0.15654126562496964 -0.7947574399391102 -0.32664578364887265 -0.3740557392841813 0.4604857667910773 0.4668266416177395 0.5155537642902042 -0.06675652715765958 0.21239599966023348 0.3792718109219528 -0.5295913334380502 0.7744122673006752 -0.8966256276374236 -0.9450097083020621 0.764210388236815 0.08297096384518227 -0.9241831450173169 0.2560295047689288 0.5300305932607059
-0.05569999055009682 0.19181298600616978 -0.04851799298600778 -0.7839942112573062 0.0816336047415736 0.2821210418988109 0.07435405335169916 0.09425735450697999 0.41593773353298835 -1.3221487273844028 -1.3815542350778673 0.5942593527626528 0.6209407533585927 -0.6274303431295273 -0.7584016689565787 0.26565698263483667 0.27162238957887763 -0.9958241765565758 0.8151697465547447 -0.360155680401842 -0.4207533074495953 0.5547600518918847 0.19736723871797948 -0.15541112673824156 0.6813739889925069 0.626252287026975 0.127069443378772 0.9716108001405183
-0.2444 0.7576627445136279 0.04402773170059171 -0.7345663954278775 1.0136643502830467 -0.5016800317039063 -0.33630788408211726 -0.30394059647474564 -0.5108604575357251 -0.5291541728240932 0.3557860516248177 0.2566317584268784 0.5356852641744462 0.07621450869383742 0.8830854360129741 -0.02875697366938545 0.12997153062564673 0.5843977647062185 -0.41637195283714595 -0.0415573970498093 0.7216330425902066 -0.8643065733754949 0.33052686435205775 -0.34422746436380014 -0.23464916900274937 0.4658912959917622 -0.924777218039166 -0.47097083568208475
-0.9321 0.012056229847673123 -0.7955433649106362 -0.7167168046707331 0.9164804766391439 -0.27527010817145825 -0.4221155515831173 0.33128269614381334 -1.0120879153373423 0.27832776213661536 -0.6789652817565973 0.24217994054642333 0.5582781415880962 -0.10761642594857515 -0.9050779499370598 0.13588835888646345 0.13455111599855019 -0.010464740740933048 0.7355549268368843 -0.1272470676825335 -0.19565742470504632 -0.1972988974219009 -0.4450137569401256 -0.6193887906578459 -0.3485684523045392 -0.7711240486195944 -0.29337790248675494 -0.2530982920382702
0.7570002956617161 -0.5019047069770026 -0.7874959181220218 0.25486947453748127 0.09346877848190234 0.4771095824885687 -0.3014710097044269 0.18508428692186757 0.31949499216721555 -0.3317855788870865 -0.05875036351019342 0.7518727468232188 0.13393229661566897 -0.8896100594023232 0.27620755303365724 -0.4131779646283429 0.5615561698740649 1.0043815343654423 -0.5411558353467788 -0.335130492278443 0.991187636179118 -0.8063551063199388 0.22234212478997978 0.4866036406325787 0.08033706719775602 -0.4746998421497461 0.5253505033590102 -0.8700012041633367
-0.12099971352617783 0.7495191966717422 -0.9098770055204327 -0.7028324093640663 -0.42541657859318066 0.3042501278362772 0.11646278848287639 -1.0043666126402406 -0.6743871939741469 0.4964027086060013 0.40819640457912415 0.8343378666068703 -0.8639172520796969 0.3516098001581031 -0.6546542217915172 0.7958344447710483 -0.5286344117532129 0.5056944894914865 -0.3382300734068873 -0.502830568298907 0.7997127718162171 -0.753717269531958 -0.1808092797617859 -0.3412530089532139 -0.36561812429647994 0.37886867804908375 -0.21578352059732 -0.2780022240400673
0.628 0.901 -0.59254853240147 0.1310210062130899 -0.6482482408208511 0.5142270607270402 -0.08439785660216612 0.9983716183898803 -0.8518123846254725 0.6385859620609997 -0.16169703484627984 -0.7900108073145974 0.2578945338465154 -0.6497121999682826 -0.18594108173877322 0.15827802773003477 0.17776354875574552 1.0352765153508516 0.486319392803659 0.32720410961473173 0.5355383044160942 -0.9063756802298041 0.8303317771637403 -0.6005943799654817 -0.23190894935142203 0.11710995663693176 0.09182315007172338 -0.791
-0.1661 0.6937 0.07722913994124626 -0.07221900427321161 -0.3827987884430247 -0.09985860005116473 0.10677644157345059 -0.34475661644717964 0.14619433291689093 0.10240064117940939 0.6497736378276616 -0.06741368628666689 0.643828945537 0.41165678995195876 -0.09618370268073959 -0.42134699992970837 0.0710615450523547 0.0858978449036317 -0.3891890479964214 0.7403009767601598 0.6880864315735943 0.6222232932325019 0.492015469893706 -0.8718820049896779 0.5179967957191371 0.8400417787161231 -0.7715055901507949 0.6752
0.4333 0.8098 0.49788152015916304 0.5592306533454047 -0.9557065627105311 -0.4442879329554517 0.6169015963679563 0.4981584306279153 -0.40748353789121133 0.9820856993587758 0.21112110970729586 1.0960579326323456 0.8058833195133603 -0.07074002033914392 -0.051210992660167855 0.1220441969357703 -0.7639122770125968 0.6233298819369623 0.14935736928489798 -0.2540864076221901 0.48051851014649133 0.5577205107338966 0.816927572276019 -0.5683166636495488 -0.3822013600586206 -0.9594505098287882 -0.36404069164348074 0.6739
-0.0585 0.3058 -0.7491 -0.4347957738502155 -0.8666136232443009 0.293195684031616 0.08503726513333115 0.471431703465699 0.4235788964058904 0.5810250426318978 -0.8662823876239192 -0.3241424827079341 0.37674999470948384 -0.212108123774971 0.6453179535003972 0.4566180383146596 0.35953122959322936 -0.9063195821373681 -0.06408252031595085 -0.5277270111029512 0.6662868477661226 0.5483966844618757 -0.007558926085588826 0.34774449687497916 0.3719991791476032 -0.5893999992134231 0.9116 0.6766
-0.3779 0.4761 0.3627 -0.0229 -0.8083999824589903 0.9466005951359543 0.014721050830396437 0.8344482603476227 0.48525537229082133 0.6157529715191659 -0.7702556019234824 0.1639496330612317 0.11987212547099939 -0.4451215388969223 -0.7052951385953441 0.6537444556421776 0.037392736464104154 0.3971406360395692 -0.07482417769841523 -0.15428769233572642 0.5162937859425631 0.2734243216819479 -0.49474422644072025 -0.3574881731414394 0.0341 -0.2392 -0.0228 -0.5022
-0.8166 0.1819 -0.9467 -0.924 -0.8563 0.0276 0.8474 -0.1452 -0.4619 0.7249 -0.4928 -0.5139 0.13256437583027272 -0.28807738673496747 -0.932099310160674 -0.3108999712533017 -0.9549 -0.32 -0.7157 0.472 0.0103 0.1157 0.3863 -0.7719 -0.7051 0.6195 -0.908 0.4537
-0.6731 -0.2873 -0.7566 -0.7093 -0.8707999899734306 0.8065000294213968 0.72909750976794 -0.9583813225829028 -0.6186204273921223 0.20475951814628912 0.1349162592568335 -0.2425777149589859 -0.6002661186879515 0.8967642168298269 0.34408511857127894 -0.7226450070421229 0.025742004527333575 -0.3916833134783355 0.8657803691347236 0.06505817407551459 0.5317644680690065 -0.07380905471942711 0.9023728242183556 0.16677146515102645 -0.4359 0.7976 -0.157 -0.2604
0.3195 -0.4128 0.4007999985022553 -0.147433631034328 0.5636883013712748 0.6114979292658717 -0.5565792586833297 -0.5523511312536229 -0.5105696805650031 0.8691805499773726 0.16405210082792096 0.172631226550777 -0.9145131593363146 0.9335434217486154 0.5944139117186304 0.08413485105084702 0.21831148363768985 0.37246774850383474 -0.8976357167733993 0.5845999681065717 -0.7605589840197329 0.2613350156476222 -0.47641791535579603 -0.12385118842746616 -0.5891210009112461 0.26132397732191054 -0.9783 0.3567
0.2426 0.422 -0.5939000593904386 0.5444011241132967 0.39710946492223353 -0.9983792610555843 -0.8472646063228688 -0.29688207439028724 -0.5747807397140078 -0.31732912776870154 -0.3216394252853133 0.23374039312442166 0.2424678255637929 0.5411425045414323 -0.0938761379322016 0.06639974881786431 -0.5750160892006111 0.18585502214252272 -0.29510733329874106 0.3413460852908309 -0.5425332596866626 0.7434471193586086 0.7952584111143245 0.3958555778502534 0.636797044841731 -0.48646197693254245 -0.18220434055733464 0.7209
0.089 -0.5011999683807647 0.6209998319354268 0.15908491242677503 -0.48470163272373096 0.8148126192664003 -0.8113020044195846 0.535169582458589 0.3050103963591354 -0.7186454124421211 0.8247016386536956 0.9007542904928328 -0.3893105112507016 -0.7558387971372954 -0.2838135346636964 -0.6020173443247953 0.9187013025722361 -0.2606077068262802 0.6409624453221232 0.651889783421591 0.2865339807356669 0.35160234254086664 0.7393156400094105 -0.0009936255389800554 0.8475246113234031 -0.9148495273156539 0.7361181083556874 -0.34625806611289794
0.504 -0.9871 0.04569855493912996 -0.6434689021514728 0.23572287672701928 0.2383221284224821 0.010961940939065945 0.7820122726724209 -0.32206780721352796 0.659293051422714 0.32167647337271343 -0.0612989560284966 0.37557083577638684 0.7011040356466417 -0.3805428034785914 -0.26471596348606835 0.7433100133417025 -0.875434353635217 -0.4025318269715798 0.6222631330280637 -0.982386358008689 0.8574569152844566 0.03214120707619878 0.8632607200788021 -0.0734024483466307 -0.8630800927651977 0.5371017402694563 0.03637498408476051
0.6356 -0.22160077083265964 0.10500560587620873 0.27067673178871593 -0.24242511410466414 0.213072625577396 0.7979532939965348 0.6155942747091888 0.1211825249658396 -0.2070106069210926 0.26450891070754196 -0.369199995571026 -0.9469523673256692 -0.24873530704450947 -0.9639115577806453 -0.5366692798474182 0.34253166424268855 -1.170310342357922 -0.7734872274282725 0.013663981758245378 -0.40317449985715653 -0.8296710020013272 -0.3901701524359151 -0.24945899258328375 0.6555928983449879 1.0027772779484547 -0.4024546243796615 0.588746400248923
-0.2693989760978134 -0.014506729520991558 -0.6060549519551436 -0.657770272938113 0.21046128599923566 -0.14559137773079056 0.7646608156750693 -0.5379578518553424 0.3613104443008802 -0.19532125827727004 -0.12281025864802786 -0.626523810437268 0.30481241307845114 0.00029675341908008896 -0.23080902455922964 -0.8640900192852438 -0.47084601961787015 0.3990577792694113 0.6764722147240105 -0.13999565774825645 -0.2625651445019261 0.048875816342951614 1.0228406326747308 0.6876641324477882 0.1933657304862937 0.3619847122409747 -0.873672461113643 0.8552150913367873
-0.6245958388348468 0.8077143235408693 0.555173907618131 0.01466930459598395 0.6446031214607231 -0.5262029725159484 -0.8466905106935698 -0.378938975390644 -0.7059780710963444 0.7073993765042971 0.5209505136909043 -0.02296457122554297 1.0413444801108531 0.1750575035278866 0.3770721846457716 0.5140829611964152 0.7503571162861536 0.9836790901672535 0.2591610019797386 0.8617972694641173 0.9109932185182715 -0.60505463348163 0.5183502589847746 0.23751305599808298 0.12405267567657517 -0.18233883848846272 -0.33979170265222447 0.026325294300136207
0.9529006755643292 -0.722633331218182 -0.24078268120233418 0.7109444058555451 0.7534982919832343 -0.8905722054124228 0.1598250408824506 0.7381485781886006 -0.8565389993200032 0.8869858353275353 0.05899467834348121 0.50128114499087 1.126787627143741 0.3196624391451359 0.10976830140746856 0.8947486352984103 -0.3200256941217376 -0.2590649248538809 -0.4314254903505062 0.06619287213132556 -0.28337892013073207 -0.21582060376882917 0.8093131001544044 0.2795834848297301 0.28479323706138865 0.9657977707182075 -0.633398591035239 0.42851207050136275
-0.7552985104403005 0.42244377352587453 0.2742416657220547 0.4735448565230118 0.6775704905647998 0.9431443906352226 -0.5617927934577526 0.6578021958698436 0.2590658319654278 -0.12093778454356972 -0.6391552953577567 -0.4966572845591557 0.39619235544313997 0.6648773480474083 -0.42486445106348 0.9027512974927614 0.07362032174881142 -0.2149022282763882 -0.6059512065962848 1.0918154131138733 0.5939521803202475 0.8991177818211042 0.8586542425975557 -0.6140881694685374 0.8660685724158653 -0.7395674968856812 -0.30975719199388496 0.7651928166265626
0.719091750765901 -0.6286884274927881 -0.5677715025580496 0.8518408524869506 0.3513561691576851 0.8651317678587269 -0.18901132120153338 -0.6729623599108142 -0.8042687130317382 -0.7829402203812756 -0.028366080819187567 -0.8583721404144012 0.13013499702674433 0.3194670798405891 -0.01698576428481207 0.45240051629185285 -0.17318894929491996 -0.5451102014427649 -0.10719988569879381 -0.31339661425415194 -0.24023119187819403 0.34507261950604345 0.192957934683796 -0.457394014291118 0.8832594432368667 0.23876928269757086 -0.15596764881832148 0.19382042211637407
0.16440053303837093 0.3651358256067302 -0.8637237374013437 0.4983295755580696 -0.014709886688020741 0.8416650492111672 -1.07436838212775 -0.4832046740900045 -0.34336488291515044 -0.20339014101474281 -0.5274531524522479 -0.06602939835853731 -0.2230051920795873 -0.06435362124931036 0.14041578337399313 0.7000682002444042 0.5177108129570169 -0.08133320038821538 -0.9528743576021752 0.6609944459947585 0.6142620546675531 -0.12093260100093588 0.10083424066330722 -0.19493269397256355 -0.9678619135393421 -0.7845759720091973 -0.9177148287739907 -0.8110053074630701
-0.23959577943934954 0.42811008635832265 -0.3075205121875279 0.4003861437272826 -0.38428599788916246 0.1815785696877225 0.4231354624812489 -1.0561530769764735 -0.35627251052622055 -0.17989843242784914 -1.2358689056831684 -0.47164331232047957 -1.1048772900874828 -0.6370446277930819 0.573969419080202 -0.11592322182206247 0.5542125413821628 -1.0680603262248278 -0.6913503099600629 -0.448501623961762 -0.4763537534237499 0.10390070165910814 -0.8620934030372646 -1.0167613077340412 0.3498266571888847 -0.8497159234803584 -0.14684605344827975 -0.4955700080061301
0.6250011536449523 -0.315249762563709 0.21139718221917483 0.5707048543015817 0.5974533548301818 0.16129508926464303 0.0539792479683449 0.4731763888322249 -0.04082074021988113 -0.8315873816114574 0.38953617309044436 -1.1397607996619143 -0.8152385813154043 -0.8045466633371657 0.3496648071900567 0.6450909428429608 -0.602342948513413 0.540553392664437 0.5363997584992034 0.611246935747962 0.06196770176371865 -0.9058279297458817 0.15193400242382935 -0.004026085657517105 -1.003721171783619 -0.6672085325991192 0.08042990624246207 0.07960164906939597
-0.37959961675761705 0.08912108293866101 0.21731093204381438 -0.025544222728315868 0.5288642191302743 -1.0483503584184823 0.29461617937572004 -0.31687185737785706 0.558475186344041 -0.21794447655022248 0.3122407664157203 0.4451038317458975 0.5164684465814837 0.5429017457481448 0.413037664086034 0.6277473782219242 0.7673243182008139 -0.9144845925882003 0.34766148612046865 -0.6365657248588577 0.5802189350607414 -0.10123191557871514 0.29594843970008133 -0.7610585379333878 0.5838665747429371 -0.23967982760794856 -0.06560960286862187 0.5387501403107257
0.8538000311709838 -0.7514411589110008 0.1474469521196664 1.0197795377268601 0.1398877811727633 0.038471639174079655 0.6270109209887642 -0.5191966359437253 -0.8967610555498384 -0.2913963776995334 -1.1810772327379861 -0.3355056682778422 0.6018876916915388 -0.9441919213455514 -0.5411977764863467 -0.6136147735769587 0.15188113121508462 0.4379767270170003 -0.19808568303510016 -1.1252495257636894 -0.9726417440799795 0.04529367352592063 -1.0524258161503126 -0.4788199213036776 -0.24148029362280374 -0.32329824636605276 -0.19518588300007875 0.9042926290103552
-0.0233 -0.4403182389344836 0.9989495510338142 0.5113050327987779 -0.8578240676728782 0.796807663812473 -0.1260824496054394 0.33841255940646014 0.3392606493648589 0.04044067530044245 -0.8265352344720212 0.7897732333061851 0.8917661629783921 -0.5992917426848026 -0.14791128255938832 0.7054456675886367 -0.09044049738677926 -0.44390250205551834 0.1447953844201769 -0.12319045951619463 -0.9854508417815044 -0.0696815407833263 -0.12806679559039083 -0.3004062829699289 -0.9509553400604301 -0.6602970496876476 0.013606159260075945 -0.1353120955497596
0.6146124594635665 -0.35309967460151864 0.11338578391255183 -0.47856526565334867 -0.011696095939011542 0.7155123494575766 -0.332151396335181 -0.74295796477414 0.026916182077970863 0.7723479977543005 -0.8449840853873597 0.9162899178627063 0.5114697797578359 -0.5788860452607851 -0.2939654865955954 0.7481440364838984 0.5419448661299348 -0.5421391987437566 -0.17379168952693716 -0.8620593017524307 -0.2133146514089628 -0.5725601823878195 0.7899747830435592 -0.13593313362823103 0.9304714645218517 0.0013315449248580407 -0.42630720704814995 0.8215688525167449
-0.0435 0.38700456475200434 0.5286587368381146 -0.5834230399895176 0.6226117187667973 0.15132515225280696 -0.8428541808293809 0.06093070270679534 0.8307162159997565 0.14429186875014907 0.48065184843850245 -0.7041881785491966 -0.26950025769015307 1.0876058503614363 0.9713423741504612 -0.40573357033938734 0.20243992029122357 -0.5297802594603759 -0.17324212281544651 0.82951677596676 0.4156478812749189 0.35859700268428707 0.5422289882392634 -0.7970767103691404 -0.32970658155375393 0.8552024427638047 -0.63218101666546 -0.8367222958166413
0.7122 0.3141581278717905 0.7410021077060308 -0.844651057968496 0.4354251476212805 0.42930561407433426 0.023104664280429097 0.4736269734138524 0.6771030290535419 0.026853689730993828 0.30381910168462656 -0.9348503284445444 0.953225748904401 0.14777556053031768 -0.6574915021209499 0.4577079226923325 0.20626369839873018 -0.7070457013880913 -0.30413238575720725 -0.26557416994719424 -0.8420067653442213 0.5721889793960511 0.7920637574914017 0.7197597665960126 0.7192353480430176 -0.4179721259497601 0.415794509963592 -0.8563998965297857
-0.3201996563600162 -0.39247971957026884 -0.4396706579781256 0.9693507593377866 0.5033330607734725 -0.015820466015707524 -0.6352018494035362 0.34284891227579317 0.35921331420630365 -0.5677780835336116 -0.30110734719173676 -0.0260496443737599 0.31018155674200115 -0.6122006897247101 0.6612201673589905 -0.7936558718694677 -0.9192324207378315 0.8857006898315931 -0.7915229133336414 -0.43382750289080996 -0.23821866017866772 -0.8324072379663071 -0.9853562366689086 0.2677655002055722 0.6326769809447421 -0.6437507904307398 -0.16427822105575224 -0.21530000000576277
0.7730003329611317 0.7053030053229048 0.10315601394814082 -0.6504040686617876 -0.10480421144732259 0.6270206001727785 -0.7941502696615428 -0.4446780068875606 0.8495931541982309 0.16712394480167506 -0.2877221043010773 0.6694271166698642 -0.5095711200818601 0.22695727866524473 -0.9962021358312125 0.5562188616943518 -0.8684944695539453 0.36303695598107905 -0.3029927162576678 0.585565845956154 0.14019707329913855 0.22100126292287522 -0.3016133853622909 0.8580930283823772 -0.5729138981020024 0.561324237824986 -0.2505883452175638 0.04589999998935639
0.4926 -0.0373 0.9486681101131165 -0.40700545264461224 0.90161184475407 0.24620869901180276 0.5498264528937272 -0.4168120880343085 0.43520007903134716 -0.4757129061057363 -0.7458217800667057 0.582755954145308 -0.35945372493492445 -0.863814306529737 0.43384146211012337 0.5394336855235711 -0.9477412056395027 0.34980760930343274 -0.02732644473006527 0.7455610917116241 -0.07085244469279815 0.22329707656803913 -0.4042994690809222 0.8805180534680551 -0.3851309151883161 0.8130175594757121 0.7547670376199711 -0.4651
0.579 -0.0648 -0.5371087574184253 0.04345010779856331 -0.5925842376670467 -0.1150469243663084 0.5975993446261446 0.1409742967904889 0.35955732299730636 -0.350612118801396 -0.1736854317187002 0.28456872720406234 0.7280811093651592 0.5382361209862417 0.8298001406045912 -0.7490272262318013 -0.3434577647176304 0.8661903898290917 -0.8717449296650986 0.66525682203593 0.7599995355589598 0.13481751892504776 0.8213139443185615 -0.635105184189794 0.2652691936583871 0.2800804518128236 0.9870733860443716 0.6208
-0.855 0.9128 0.7501092441755559 -0.6000956101435454 0.9830301555065141 -0.2378909363587243 0.5153966315938017 0.9128803987284886 -0.22036993702651403 -0.7444618644710426 -0.003072046728008789 -0.019774366054093516 0.5205963794659133 -0.1436815540887035 0.7089517808780098 0.820480777492565 -0.8837342276052853 -0.5814085948247063 -0.46709713791539414 0.9745063463277227 0.8411156384711338 -0.03875370680867067 0.7732489606333132 0.27113976201571527 0.07885626491934895 -0.1821698744317265 -0.258704894465779 -0.003
-0.6546 -0.987 -0.4349 -0.6669549050813326 0.5387891270180184 0.08538782679674406 0.07772378880139308 0.914624133439386 0.12153767512756695 0.8444901464385907 0.014530985134782886 0.04748942259154405 0.43318420345336556 -0.4468775876496562 0.10264589132385568 0.008260631076398692 -0.448003157318665 -0.8951160944942674 -0.25972705497709525 0.15638659360801452 -0.890525243106724 0.6620431724237841 -0.06993479287202231 -0.5747151081427126 -0.9894077488358544 0.8726000090046321 -0.7211 -0.002
0.6516 -0.4563 0.5823 0.3264 0.7163020478734153 -0.8523030333032304 -0.6646774553404551 0.4909283584195171 0.48178649553670383 -0.22163400857147686 -0.9783568926454527 -0.9794563250072035 -0.6866882255204861 0.8554909918478176 -0.5935452145224833 0.7736470573992166 -0.8992173709148387 0.42068233579963393 0.9239129029620025 0.833275186092455 0.8084336642167823 -0.44533005323516484 0.46750562986121974 -0.5228996475262446 -0.7763 0.0633 -0.9023 -0.5553
0.124 -0.2239 -0.8102 0.1881 0.8887 0.8922 -0.6313 0.0312 -0.2475 0.0232 -0.4064 -0.2546 -0.08817898409803492 0.8978460206754241 -0.8623999978833353 -0.6964999999117952 0.1605 0.2211 -0.4352 0.2071 0.6812 -0.6291 0.8215 0.9548 -0.695 0.1717 -0.2035 -0.125
0.0232 0.902 0.448 -0.0947 -0.07969999667373673 -0.7953000003957451 -0.4577058524041048 0.3539676742801647 0.41231876709563736 -0.7786396912475106 -0.6596727790274439 0.4212835182963016 0.3686139028658935 -0.47675864109296195 -0.08874053704039568 -0.05669651135066937 -0.7696822349671161 -0.5046975307472964 0.8712994734931574 0.3110995544897143 0.6709984444840084 -0.10970214340489166 0.21990007311878434 -0.8170997040978251 0.4546 -0.4379 0.2492 0.8714
-0.9688 -0.27 0.05729999566860448 0.6964000000315526 -0.5692005924776637 -0.7869008254473343 -0.7287148042185683 0.012922735809937164 -0.8013700081700416 -0.8857850636827466 0.320773207937574 0.06856064973957265 -0.8471193672276683 0.959023527219966 -0.6663183126024996 0.37874518305975 0.6156093733237183 0.3321922959227898 0.46742900785932645 0.26960439040910006 0.15767727147328925 -0.5893014963359169 0.03175501579254363 0.48669273442723 -0.22730040050482014 0.6006000025949266 -0.1392 0.3838
-0.5976 0.5197 0.5111999904631391 0.08499998486444825 0.9160705227123717 -0.9195155537398423 -0.4208845822052971 -0.8840340228366917 -0.07437133854318251 0.2848677965672718 -0.790022002044043 -0.6459348123012836 -0.509071176125502 0.4454739497457892 -0.8302535775186053 -0.39230302865853256 -0.6046447978403569 0.4806998817769188 -0.6548505778390383 0.9907568984507893 0.750221916480876 -0.13096236193063876 0.5870539323772264 0.3589207126441293 -0.5492006557878281 -0.5370009181528804 -0.6065005308569482 0.1299
0.8499 0.16520006514957664 -0.3991000552303664 -0.045240528764686296 0.9601869401517824 -0.8263044036628121 -0.932166120521765 -0.935813575510648 -0.10522282547362666 -0.6428997122132045 0.2148609918618973 -0.7525009346388961 0.33560679313362346 -0.7119654284236119 0.4435995058311846 -0.09228327750395324 -0.5892397803801994 0.10911890311567765 -0.4398242198872193 0.2592069961671984 -0.9016220781579064 0.3122960455372975 0.2581415013094699 0.3340529275676596 0.800517434301472 0.05388882436671993 -0.7714818564474613 0.9595559593611931
-0.269 0.4754 -0.8367365460738119 -0.5712197732424394 -0.09552636220388092 -0.6488053211181901 -0.07485690264901755 0.45728317258946294 0.8520488888748077 -0.7276038305583798 0.5024523593874639 -0.4280399533882743 0.03826074121490253 -0.23477991303263032 0.8335058280197077 0.623371285451061 1.0103966343276123 0.9831914451409384 -0.26905186838631495 0.15042929844370642 -0.5066361337330948 -0.22246975888836382 -0.1576817174450433 1.0110094052030456 -0.8275471934969809 -0.14865707025394903 -0.40424574465660357 0.7203024235351528
0.4369 0.16789999802918762 0.11164725029412632 -0.9486893647541251 -0.8935838398636914 -0.36982511339141905 0.26540161916332944 -0.36488843564634343 0.25576282428342445 0.6366165994779681 -0.8464212269882395 -0.6173649276711805 0.30557327922641225 -0.6417882763726587 0.6827677668124674 0.13519881307191717 0.3313757178671496 0.23359639418888495 -0.1409634243227365 0.6940273818326381 -0.7619619206207885 0.5069708368325594 -0.3296779462647951 -0.32642166220441704 0.14166260019092058 -0.5259502205639222 0.21839119711497032 0.36781072932920655
-0.7050000055242985 0.292452159138359 -0.6397375794929012 0.1386263065953835 0.3959894612148188 0.38535595133241796 0.8752572111549665 -0.5156222562059185 0.3949864875724418 0.8323051898791551 0.49563264274809915 -0.1492059373562815 0.6567960122545636 0.5695342667625416 0.3261298381796029 -0.7712053214738632 -0.35533050048968645 0.8103064962142267 -0.0406572292048629 0.11501722587732646 0.9674962467243522 0.8445149658647627 0.4432234097225522 -0.5989100394956914 -0.65469353801088 0.8297741129481465 0.9989995353653713 -0.1636673418970534
-0.5133000224508936 -0.4781098273926455 0.7145524472625391 -0.3164188030309844 -0.1790757386036631 -0.9643537718605849 0.20307629288747994 -0.899061287544321 -0.023306571426215998 -0.7459716971535325 0.12743693141060358 -0.6085960654660352 -0.25405374687159477 1.0918030762671302 0.28356671596561306 0.15910083756181584 0.8410901943476996 1.0495635349914423 0.5897108972739405 0.0038799038556784652 -0.099265763195533 -0.5218127114445819 -0.44849947000804746 -0.5771045684937886 -0.6686797721022897 0.9064009521639362 -0.7065693220518963 -0.3906553679075799
-0.608200003644898 0.7281952693827364 0.7287510801999489 -0.17688930483223433 -0.9988379071334224 0.8700688886412531 -0.0046429157256640576 -0.4532288364631172 0.40971436086319846 -0.737028746872621 -0.4783673462243465 0.2486208624144515 -0.3122459979331547 0.5330948220100687 0.6783550117626735 -0.39239154314545815 -0.0013316616188352565 0.982479965452271 -0.22380318060361987 -0.6368190683616509 0.5275991065264718 0.5245539331337369 0.05018962069808044 -0.7114788989691597 -0.4110007063318436 0.1784094055721648 -0.15569418177454844 -0.41316393718240846
0.14899999836055852 0.9062725098150287 -0.1518714695106299 0.8512501117773039 0.9876853462513934 -0.23586990945062453 0.974934371035614 0.4562811302836531 0.1972671255732101 -0.2638746509746906 0.07128798054205882 -0.4654111999160285 -0.10496901527906496 1.0095269335164514 1.1008841669608165 -0.6947057653339981 -0.8080773792408044 -0.11038829164976939 0.8891829230156778 0.4651592734796989 0.5969124320201522 0.17077150663740753 -0.3477166980383171 -0.004596317400364946 -0.2569513499882614 -0.9435336841506298 -0.4368068204092743 -0.9738473178546356
0.510299787307897 0.5926024089467694 -0.9906079276583989 -0.5888434696776277 -0.09464695866541231 0.012026619290767622 0.4896584250184567 0.6858879611819071 0.2801720322696526 0.48159558760528387 1.107938744450037 -0.5309667998273558 0.08593614901184554 0.9706731706298449 -0.036835836835742715 -0.7918597141931741 0.04969994627279802 -0.17699447860491627 -0.6110450124018749 0.1815271483465031 -0.2136846560938567 0.774967186288346 0.39611660927897496 -0.7758407689687433 -0.15863971056249077 -0.49900378805222856 0.49233269938327995 0.4183138619678315
0.4895999824017848 -0.8995353065633263 -0.5056782893195115 -0.6614041491796054 0.6624858397058713 0.17036656946489712 -0.12258627808115385 0.07330513431603114 -0.8036209253991567 -0.018477516614402605 -0.8243373298925369 1.0365873631430211 -0.019680158288275948 0.05284727111489982 0.5074101691955992 0.3608324666599467 0.24731934108865541 0.16803711614451292 -0.5321016635208486 0.738839679172422 0.344469416712254 -0.3723112991702935 0.1781630101557827 -0.44583261605767627 0.3180580742879903 0.47865398426493394 0.180311410868793 0.6644696844542783
-0.36399999139345046 -0.8387516659648712 0.3611027058825925 -0.03242200549940888 -0.022501379917122737 -0.8553257567512907 -0.680339225803444 -0.01957039131779013 0.10540073191223526 -0.6147815197565889 0.007883677406517691 -0.7795747526181191 -0.7090722757318125 0.6780608655761184 -0.5171479728612589 0.8899264342714496 -0.6813106624877507 -0.22895789112955012 -0.6597298552847242 0.09796668525579419 0.25727569585296434 0.42484740812685234 0.7676312238418689 -0.9065198482149152 -0.35239742335324614 -0.3667694421312603 -0.3905691775313028 0.7584896900596552
-0.9896928127225936 0.5921885545286814 0.36245496824718115 0.6532919565516347 -0.6996020247929889 0.7249872310753787 0.8995309482122767 0.6882135876496459 0.1090426989320938 0.0020510288138990045 -0.7744365965848352 -0.2879093499936998 0.4029962633820702 -0.6132649287485569 -0.11884072936808134 -0.8070690127739721 0.8194041897943485 0.5792171484957274 0.5901730760016074 -0.24118592307723638 -0.5971761868150928 -0.014705555682564729 -0.7539684609462404 0.672535303340107 0.25552001171706434 0.4876884584141652 0.12772767661234713 -0.15870933490688238
-0.9626976637907508 0.7267995175840086 0.4172720643373873 -0.954163077759168 -0.9897602871854424 -0.7971910281269641 -0.8368387415623814 -0.3951643625431812 0.5442776341357537 -0.2882116324668741 -0.7759107604107444 -0.46096576695146146 1.0292174682224435 -0.8400921385122587 0.5610803520993846 0.5779160858461277 -0.37025677895780174 -0.30647832379780415 0.9021434784072754 -0.282691109521467 0.9479381924593457 0.715506467192232 -0.5474543686280051 0.050634125824447845 -0.5296825963841304 -0.8165831745736333 0.7683631192754811 0.1159431265784274
0.2176999008578024 -0.7955000252354095 0.16690142164241767 -0.07980138555679413 0.015603521179356546 0.5943970216152858 0.35153579919244504 -0.46188298558667323 0.5493973890822441 0.26672697732978223 0.8587565414390399 -0.5402468961640928 0.9645680701548633 0.7097931334361127 0.8878036500982055 -0.1619305652176522 -0.5837426709068446 0.8769021840646121 0.36253199005844133 -0.7780750139915552 0.5613834627315953 0.19823867943388523 0.2635791432017819 -0.5887629170331173 0.5690423486099967 -0.8064198294167109 -0.2905382559284726 0.23329507300783248
-0.4693 -0.692507384057692 0.9329323187915091 -0.9399417881626814 -0.38066853986954635 0.7703345592885124 -0.7941649662206081 0.5030254218140625 -0.5163358392402336 0.7404065547007299 -0.7095271705734146 -0.8037099107745954 -0.003504449405209274 0.7245066602537683 0.2254508986434719 0.014935057706164613 0.9346760396731436 -0.513172441920051 -0.540857269364836 0.1509167590608744 -0.5015717900969401 0.30407047506529505 0.9591783292147911 0.7068499784932595 -0.9553105472267727 0.5892941270818668 -0.8602055603040923 -0.6821055952561644
-0.29429978393681755 -0.09031156717110791 -0.558555298504556 0.16558162692519124 0.06012234168982077 1.0016731751406782 -0.7906088821310299 0.950154353266874 0.8099438648286493 0.022081434043860506 0.2469949129909847 0.3202683169997309 -0.6800563933876952 -0.12804352783348188 0.15420509403264046 0.0796727453169928 0.7214901647200291 0.572097690449908 0.9693330928565927 -0.877110402020941 0.07305795150658151 -0.7452448722074599 0.5349761728702574 0.901087693615925 -0.654204741007041 -0.5130033656541668 0.9952420976918027 -0.05670592555399351
-0.0594 -0.7382117323498317 -0.9334787486453668 -0.8439080686460413 0.019710141391100045 -0.7220492476515253 0.5152061976398744 0.3020850984406803 0.4840443829748728 0.3442467342594059 0.6533248768014079 -0.34079727942740273 0.6643226777420891 0.730021517827622 0.5794417992343166 0.003520778239398687 0.3387849943119544 0.6032179196521499 0.9432952065166772 -0.302330072469894 0.9563654520062274 -0.3469862507766738 -0.331085254510904 0.37790886957447506 0.5327066913724653 -0.06256554584564852 -0.6439249954330377 -0.6645973800734751
0.3528 -0.6831038777711057 -0.4831732036601218 -0.7120264160415126 0.43802001412824954 -0.058659708115603 0.12164419702298675 0.4166637693384223 1.1391832565107118 0.06347970120732149 -0.37085663314323786 -0.020785058269619062 -0.46317791397706526 0.3186502286055212 -0.3426289737573128 -0.13024985587701257 -0.06088554161294451 0.3847381351552559 0.7076104585533398 0.7546535474724705 0.7687545917706868 0.12535438156885026 0.23655325270858277 0.9038877649295222 0.6979659819609617 -0.16053045692682305 -0.6102709182957189 0.7237000308932868
0.7488000206159313 -0.28510032171739813 -0.43162702179235335 0.36387414746990876 0.07047375338283024 -0.6907783268520777 -0.37131100698755654 -0.7140546754841329 0.7040617320344882 -0.4954052632776185 0.5280301505152918 0.6473789872669414 0.06911661789680522 -0.3454815032066835 0.5629733913210272 -0.7251227781660958 0.7164820943063237 1.0307171548057228 0.16708318033113467 0.6451498177146232 0.5676481539876943 0.03773574051602724 0.14619948085940973 0.6832390320817845 -0.30089876509492425 0.592043241533846 -0.49234973064619836 -0.1945000000099645
0.549700019975277 0.9763999876610078 -0.9409159820397826 -0.18653361022262868 0.11283011118860263 -0.5324726294677059 -0.7145512656163994 -0.31121819368394904 0.6054841616381506 0.2219580159277142 -0.2887746958948912 0.16077140713134747 -0.4478507102291194 -0.1075495029608733 -0.17109987323184753 -0.5556851491475999 -0.3507850433242568 0.6095912447922461 -0.09101248960423441 -0.1991619584323668 -0.2923435663524242 -0.06455264872479001 -0.3963797767469368 -0.5415318001439383 -0.07983793112189921 -0.6405480089469416 0.5760001233897157 0.9234999999815959
0.3817 0.9811 -0.5528537778779314 0.172514018799516 0.3842103718833883 -0.3277654103847474 0.6856777267765969 0.5825558324637771 0.1719662835977022 0.8084511794801835 -0.287507671926467 -0.6143279302238226 0.4649218005954093 0.2945310254031273 0.7147549385982847 0.31996857375736915 -0.6503646550352042 -0.13305296883680345 -0.018846214883012267 -0.44490516692134907 -0.8379869302823155 0.1968772812103688 0.9110774416304998 -0.6413926212078356 0.6192717598129792 0.12466858891011783 -0.9819002904418589 0.0573
-0.2056 -0.0195 -0.35102087792346365 -0.0020358658202437917 0.7158535775046714 -0.9137617711945452 -0.9104767935126651 0.36375174431922946 -0.9386038317501942 0.43930321196841077 -0.25685138151210274 0.6533899501532996 -0.34537698955461765 0.7225434887746862 -0.7059566518498778 0.45383324168179956 0.8347736245596739 -0.5506100179243284 -0.8773606184659527 -0.02486208037615949 0.18372625916373414 -0.48316840963250823 -0.46869005932705976 0.23228773599326755 0.11469358108694654 -0.44691918703286243 -0.2852999960531074 0.8846
-0.9903 -0.5981 0.27628945802962557 -0.7578756969280108 -0.5608496623328594 -0.21150253595264495 -0.10247008879398864 0.308881737548773 0.9382402513067762 -0.8489815333272883 -0.47799306331647423 0.8429434728960059 0.32586177248221315 -0.4987406748058042 -0.06478616738528667 0.2974216019880717 0.2347618704515567 0.4747193782665632 -0.8093019390033007 0.8644289755522098 -0.8713279172293761 0.43042873604115905 -0.5424569253950708 0.3020650149366172 0.7763775710191164 -0.8396999473622461 0.5001999986461955 -0.6837
0.9974 -0.2689 0.1832 -0.12059969648702669 -0.801588270377372 -0.27068124083121137 -0.4406808976501663 0.8796041557263642 0.2765056971329809 -0.18851900976366792 0.08430388938766374 -0.19986646961469645 0.9615748875274348 -0.137275897464928 -0.5396773671970696 -0.668964421401138 0.835851895521739 0.6789461822576395 -0.6056188725740544 0.9279932116244393 -0.9314604985633803 0.25901389224425847 0.400601405579202 -0.12260260804293469 -0.16900010602390497 -0.4926000000037603 0.0843 0.1235
-0.4335 -0.9052 0.5143 -0.4401 -0.9338000034015532 -0.17940003223541526 0.9484995184658223 0.9130954902985862 -0.21742058030171887 0.41856630061631356 0.3725089024822602 -0.5658964120805522 -0.5905682802529973 0.529512413714714 -0.4045891812874681 0.9985589136571981 0.1928357726467264 -0.7045278820320163 -0.3536589463495526 -0.2841286244359403 -0.5026194848190131 -0.535207946250041 -0.8920136658452891 -0.030904968006732494 0.2554 0.3039 0.0598 -0.7288
-0.6936 0.3026 0.9714 0.9535 0.5424 0.4071 -0.0104 0.0269 0.0628 0.1208 -0.804 -0.8964 -0.9246697400864374 -0.39586298734810915 0.42150001261101544 -0.791299999474479 -0.2564 0.234 -0.4272 -0.2093 -0.9435 -0.1388 -0.6513 0.6685 -0.2328 -0.63 -0.0305 -0.4869
0.0635 0.9816 0.3084 0.1082 -0.5914988935409748 0.46320333110521494 0.10254005995233216 0.25401521573535785 -0.03059539848290486 0.43346755381405366 -0.4810258563964777 0.1341348368217541 -0.4457682933650357 -0.6322862347224254 -0.6443190024743756 -0.24477780077170364 -0.3286699922810366 0.3884546218926644 0.8599525902345375 0.06682079786637475 -0.46403887059838517 0.4006404794652535 -0.9769836604925195 -0.5900949664178685 -0.7264 0.618 0.4897 -0.3121
0.6882 0.8523 0.9822000339050243 0.8514000047065995 -0.1646568950299932 0.42193748840463347 -0.19920776681360325 -0.2055998567217475 0.07681873789340064 0.9953620242228503 -0.7993611710895789 -0.5353440148776037 -0.6560538352117935 -0.0690582992593358 0.21850829211399161 -0.5880935035905365 -0.323483027616687 -0.4301861733722846 0.440173160172044 -0.4181441125121812 0.5635683057720005 0.9464649299797031 0.1794640244850627 0.5787290876120168 -0.06946925800857717 -0.2780941487393246 0.3634 0.0752
0.8584 -0.535 0.30179995216973715 -0.21906131640746138 0.4028885262304718 0.7313894823705805 -0.9827514971150184 -0.6551447691723302 0.9086660810011814 -0.5793249589002378 -0.6019814179110367 0.32829102702629903 0.23213205077568905 0.10103615030172775 -0.9373547427699871 0.9765758536108078 -0.8574990452038628 0.3677368046701466 -0.09253357300225451 0.9716919885316859 -0.7205878473148042 -0.8662355339486251 -0.15597523055312382 -0.29023720307355 -0.6171113153497624 -0.1543733520596312 0.47592159806550066 0.4158
0.8724 -0.585924551351584 0.5319088461985065 -0.2696490846825598 -0.22712565364568102 -0.9771691184596695 0.723495507563992 0.016539632624112344 0.1937503927200388 -0.09192402701593352 -0.6234335819117417 -0.36984155432852645 -0.13824984060322093 -0.9915676446691979 0.756755945938442 0.7707796267873682 -0.18181473512446225 -0.20389827363166957 0.2205845738372412 0.15093428084559798 -0.5853403643344705 0.9264471144304686 -0.8497101173815739 0.35262101087809017 -0.3663237292148186 0.1202828609445192 0.10802102894850975 -0.6049928422560138
-0.3222 0.2632 -0.2503321420114844 0.8929415670267485 0.040767284916733426 0.9096770602898883 -0.836816778329403 -0.7829957968409083 0.12476846312933178 0.6941648565891024 -0.6603928493416548 0.7823989546135401 -0.6616685408491879 -0.1867160753094677 -0.1980011373342854 -0.6952220005155767 0.34728476103629086 0.2850661520320184 -0.37897884662798503 1.039614606402462 0.5860405727593502 1.1133669590651771 -0.7414264263179934 -0.1404963592646153 -0.7148432300396224 -0.49805724320960104 0.6071486810753433 0.8955175749971008
0.6374 -0.7318000619225133 0.061592485576810435 0.8374661906687577 0.6357261295083959 -0.7597592958626179 -0.17312377969980525 -0.002087269925683868 0.5481690273001526 -0.23665646196749174 0.4837941824539039 -0.20678228153192665 0.66743304246136 -0.05012099884863538 -0.15022841798955286 -0.9389123285859742 -0.09517889825184254 -0.5762749511369956 -0.11362948730776525 -0.584799435652706 -0.10830542561316786 0.43983084126551975 -0.0833206310591896 0.4018224828717596 0.4310837692409505 0.1148132333270375 0.8115194900828321 -0.6988515056831159
-0.7433990053661242 -0.9989962291982936 -0.01920502310148562 0.9631409718887842 -0.44386138441018186 0.4177821498114049 -0.20373020054610885 -0.8351253014296537 0.2668648684795125 0.4216577588654378 -0.547385834736612 -0.18316800493472754 -0.6308965919804761 -0.8924895930875512 0.49519558069132297 0.2180426752808067 -0.6356373869564151 0.3872169324391386 -0.655539386393045 -0.5851717843792271 -0.8982521756129754 -0.6765980726557124 0.39628991358713966 -0.40400759476970405 0.01224999778719709 -0.8363875969558212 -0.8329695689470041 0.8859100657376047
-0.7003959577820243 -0.24196805057076995 0.37035978736272024 0.5734325055095624 0.3823876099551445 0.7780553094330463 -0.5478449122864524 -0.013518121580581322 0.36523209808181223 0.6270838193828251 0.24506050548069222 -0.6933611033352404 -0.7088427451734747 0.13528193522270957 -0.41125393779054653 -0.8166147930137404 0.7585990035122082 0.5104871626495635 0.23317001506516571 -0.6041466686587975 -8.202492464730658e-05 -0.31525516383796426 -0.24475068051946813 -0.023612221379111252 0.9494457897067197 0.9932683687998761 0.43166962493324307 -0.8360418719533212
-0.9751993437467211 0.5548585551113393 0.3154569681414468 0.5982343035581862 -0.6542732671782024 0.7012962563305651 -0.0682232196588778 0.5862451556858014 -0.25513058952653717 0.4756541053466677 0.15543383103664832 1.0241795692859332 -0.3544220095622173 -0.8656388089243255 -0.28908553455055547 -0.6586289954731025 -0.28659672965401284 0.3519916673504485 -0.20531344154799364 -0.7184489174742087 -0.09458455668023687 -0.6358429535107156 -0.7214090732321521 0.8040308066957519 -0.690732205696917 0.00409649904488233 0.41337162084747253 -0.10126375882457724
-0.6495001771192035 0.5052274520179972 0.8819390727227512 -0.22594145399971022 -0.7051228367811367 -0.6350959799137285 0.5016028238726515 -0.5919789075923141 -0.22742465003207105 1.0702279977529037 0.12704944403929339 1.010146465631828 0.746758304189913 -0.14002618688956472 -0.2945349045014214 -0.9007142210167389 -1.1224337868082743 -0.19675650174087495 -1.0510036134440992 -0.4537286540304058 0.7989451191928488 0.7887959513032963 0.6692696889892589 0.26856872077878724 0.8607803248483606 -0.17621486780472093 -0.31671735123933686 0.13904796611781056
-0.721022518684907 0.16881320915573197 0.694245188318077 -0.16650508055838376 -0.8183600142937892 -0.9326577101008077 -0.5963136831465098 -0.7390256211981363 -0.6872041833214118 0.2073806572179898 0.4071519590135645 -0.9016324253117483 0.1710038835679009 0.1047368119102169 0.4640565909683903 -1.306952677465785 0.03209063987510862 0.6977700458243423 -0.763501522819355 0.27984889586481754 -0.4869242072027143 -0.6286796295193019 -0.5500708455200843 -0.16924681102126848 -0.5359309642871718 0.44584299705243025 -0.10604490194268579 0.33501515013355443
0.7690728469202383 0.8918172142579723 -0.5233170594353991 0.6710782110556761 -0.03261049703672688 0.749024847918107 0.6029712433520567 0.8568104196139881 -0.228336174994009 0.04485439682093964 -0.4583174748335659 0.6536723291798177 -0.2862601450471491 0.016223703043088848 0.3647088863722322 0.4945407901532331 -0.41012939692793743 -0.7240596676758614 -0.6291461449085375 -0.046409828764132896 -0.24615884385987732 -0.6828692889443959 -0.7392860089284607 0.5591925654846283 -0.20058814732930216 0.4801367493489993 0.748450811053174 -0.3963374095610924
0.569600001838577 -0.413855761986586 0.22866678085031136 0.07818985347332484 0.5173019429201778 0.6976826431594397 1.0795012230637238 0.4532525292225282 -0.6107523904283756 0.42014497918391686 0.8265678385260858 0.20329637694307648 -0.6646377397767889 -0.5330593341170786 -0.38286766752260953 -0.6943700012356924 -0.6986474585985861 -0.812515074952678 -0.16610604757695832 -0.15626629770545397 -0.41389607994641486 0.32696784409965673 0.835773139902635 0.6770520537921558 0.35151991092852075 0.024109985189275852 -0.8565295719657956 -0.011889126345903894
-0.39815261569031857 0.12158943571259725 0.053296043724471144 -0.5449813934397784 -0.1615986289747361 -0.34547281334235463 0.7189832848380787 -0.38789797508123414 0.799621042196134 -0.052062985804304025 0.20059628795697843 0.07768314626996606 0.6119007743476099 -0.3655655489974252 -0.6331826329390432 -0.10476849080028275 -0.8241711671594241 -0.6127768924831812 0.34531678420092576 -0.5436811446740801 -0.41382826176406573 0.9382174251210229 -0.4105513430646576 0.29216626141514457 -0.4449866731604871 -0.5862484502731488 0.6820259160642786 0.937601108237944
0.5649786588251723 -0.40695828715425764 -0.5309051039788802 0.46407753371060145 -0.12546886877120825 -0.2689943203842648 0.4319647351439326 1.030540646631209 -0.5108601533586002 0.736108899612105 -0.012883397063684746 0.10679335506454474 0.5698602837696939 -0.6571573476002621 -0.7255052751021629 -0.6466923142851213 0.03967451385647008 0.6598389530686395 0.0436725004416501 0.7856779326256688 -0.7592014586986766 0.5388873151345491 -0.006664900869390688 -0.6607498253120974 -0.8455546828637293 -0.12779882170359844 -0.26450359383181354 -0.4647018229930045
0.31089662980434085 0.1092163614406974 0.09233528893482967 -0.1169378421116731 -0.7562389567605947 -0.7597505612580148 -0.6806649378143812 0.06310376882197874 0.8544009186781792 0.5831887556753365 0.5737822904176991 -0.5614941267512893 -0.4748738488171826 0.7055460395210031 -0.2779293683431954 0.6402854366807695 -0.9523346376549272 0.4127531451559339 0.4647421181521951 0.9064034087024555 -0.053829440418051745 -0.3797737982824548 0.4918953332628187 -0.0035047419275714585 0.03875416921710987 -0.782179907594273 0.49041121640610774 -0.5271346683422118
-0.4976 0.2814663678288833 0.7825100871616677 0.0025986606548125016 -0.1762959108624084 0.19749871741648053 1.168727985710697 -0.6391193419634453 0.20134964447586412 -0.4901051499898589 0.8829299609026692 -0.21877785423618004 0.42677364633101744 -0.1906914564080277 0.3199061341621378 -0.724828914216257 0.9202686816958677 0.7324102868228118 -0.09578047729965992 -0.21958789658110275 0.7239594003603176 -0.3761196558066152 -0.1972393695937237 0.16391007919013686 0.38064404036607247 -0.9250582790413481 -0.1279391573346363 -0.2941238385029781
0.8414975717339761 -0.5364255014899005 -0.8455065783008998 -0.5191744837479763 -0.20150309208380174 -0.4662688872633099 0.996373849503422 0.09621247263618164 0.12308941033472484 0.8614838633778436 0.011744323308806077 0.926275293764311 -0.28951047778025923 -0.15469458002167574 -0.5436376762190686 1.133631787793966 -0.2230956055416918 0.3609559467820768 0.5951923399931948 0.37025596508454883 -0.35000328306678474 0.5884610482179604 1.1022162893875809 0.4472347891088334 0.1981308439403961 0.570327215182913 0.42504675418487253 -0.2777955696556541
0.6529 0.1537590008782137 0.6340102035600274 0.49613101235959944 -0.8527298118856984 0.9122877975030438 0.24910018775269901 0.6493845263740196 1.1399295774282154 0.5989032628021307 0.24023004631503847 1.1167112670099308 0.431140203954921 0.49285083907720556 1.233315222035339 0.46248905578870264 0.4957800294459299 -0.12096479437126766 -0.25049528404422006 -0.4268121199141312 0.052531814307071406 0.9218055766882235 -0.5106422748651882 0.6724978157469187 -0.20210174980487364 -0.45302153347566737 0.2645575482193391 0.7829065180181086
-0.8734 0.5207489081027796 0.9722921653975152 -0.022172964476748467 0.7502901813689848 0.6600792119713774 0.1196119379414286 -0.4619491154704775 0.23046582870987886 1.0338564921250686 -0.24774941375182277 1.243425412653567 0.014990726387204594 0.127706295579202 -0.5153433143168027 0.016203911637703686 0.3959908378449026 0.827296087737493 0.154512879745486 0.5699238614747529 -0.009122457184457453 -0.3755488035434854 -0.002810929792357186 0.6490583779976634 -0.25629131882401107 -0.8132312256378604 0.9616577687728649 0.6130014567057012
0.3516994190350537 0.8284516423636392 -0.84034024770776 0.4848572345090857 -0.598812923649553 0.6953954986204296 -1.1180693743841883 0.16062928587067637 0.2172523583911411 -0.30511242280334394 -0.5857944151269733 -0.5197560085966539 -0.5226335100448327 0.9320140738733879 0.05513103003514161 0.9834361607245518 -0.006503808132504188 -0.11149438744360048 -0.08306631626341879 -0.9317405661987185 -0.4930916786668159 -0.03668464430941677 -0.829154751038592 -0.4105015929834827 -0.06077590301889233 0.4309394227546465 0.18601249988530666 -0.6249991104445891
0.12499943708894438 0.4671704622805701 0.6425030310113676 -0.8171684762469008 -0.2017351299118215 0.7385695698833031 0.5807487913217255 0.7109252220430927 -0.19088807614490724 0.4085286628198837 -0.2580313947939908 0.7547226967239707 0.4042567442970964 -0.3080181097720533 -0.1596495058760722 0.001584173868643628 -0.7944672064989653 0.6487913179918956 0.010765527438065445 -0.4696782698053688 -0.19231752798517684 0.6271051882957431 0.6052325864578949 1.0328572561865197 0.8502485821897693 -0.8619109947280482 -0.10983399746896577 0.47430164297219124
0.4275 -0.8266 -0.9530020882433055 0.41132997334518295 -1.0009398851101132 0.2653125579140059 0.07074212933034567 0.4483578337579905 -0.9985883672561697 0.8719031191151618 -0.5662057931938679 0.8180499618435159 0.2330561302667547 -0.06343350642629204 -0.7912847936895133 0.7470511814009723 0.7231330777985117 -0.8880577893313354 0.8941533329367959 0.29284363135218144 -0.09010601834983746 0.7411488781740624 -0.16901000268900093 0.9113766363870341 0.15077499135800004 -0.8655016321129673 -0.3696966330324835 0.7158
-0.549 -0.1707 -0.5875465148008925 0.9913797529455124 -0.004643098678576408 -0.19308241972619478 -0.13593529400732668 0.49526411396034553 0.6762603923502902 0.70897196629117 -0.06487740276911114 -0.4794949488038281 0.7921196243566049 0.12361028138768841 0.08441907685876707 0.33061125621885334 -0.7082125099979854 -0.6339060287755015 -0.061286173718479754 -0.3672002803654308 -0.2793699587712688 0.24564432394729646 0.5873987202634446 0.06146325589528288 -0.6204962915875498 0.275476489297309 -0.25994516460969636 -0.0274
-0.0862 0.4634 0.2725473905219726 0.7291634455648501 -0.3238986318299615 -0.33588696660663603 0.826180666741385 0.524423885994538 -0.5833675225282996 0.11257604000428836 0.47911993463308644 -0.6181674961906681 0.7430910677316971 -0.8908645422786398 -0.15147620964376063 -1.029501494607508 -0.4101194705815998 0.457885379798472 0.24291685093815857 -0.6614256256415141 0.5774665165039968 -0.1706460683587359 0.07214540278645754 -0.12588841510388987 -0.5720272654106127 0.8399371449916089 0.8206652914756682 -0.2234
-0.5402 0.2398 0.5168 -0.6316037856142568 -0.8685552682015014 0.8534217003370322 -0.6131642547534111 -0.9623085855969981 0.17366836788752987 0.9043032724887151 0.1354513935203951 0.03081998738743168 0.877304712163198 -0.6901213534981187 -0.3904731408710508 0.796781952336003 0.029143745466644947 -0.40708658339192855 0.9025817077820284 0.6321144840033736 -0.06525607493233793 0.12917311091126404 -0.7607819141672758 -0.39364495832564717 -0.01960462057040491 0.02589981819266627 -0.9043 -0.4856
0.582 -0.2254 0.0018 -0.8361 -0.40362099797078776 0.6950083442971254 -0.7909803899508427 0.30178039613602287 -0.006586203845709155 0.6274496564696793 -0.47615086173887466 0.8432800058019124 -0.8653255065758046 0.20016118539267094 -0.49712325448336236 -0.8286177849659063 0.431699078077808 -0.5556937752756513 -0.5347050522732351 -0.29883570705237694 -0.32281662853401677 0.5249838558069125 -0.9274045462265156 0.5483493295936116 0.5893 0.9229 0.2644 0.2869
-0.0495 0.5472 0.4891 0.0183 0.7782 0.5275 -0.0086 0.5397 0.062 -0.1429 -0.0049 -0.6026 -0.31912604406134343 0.8991501707164528 -0.7524919884814301 0.6052003338526803 0.8017 -0.3153 -0.4199 0.846 0.0835 0.4539 0.1502 0.3138 -0.9159 -0.8943 -0.5242 -0.6013
-0.7108 -0.0099 0.4772 -0.9608 0.10090000012978412 0.10190002090792874 -0.98692843480567 0.007861439767190538 0.3849651153558064 -0.03569366342309391 0.6685085469471684 0.2311572415346192 -0.18808199484455299 0.6450540715474559 0.17667114764813768 0.4629571453257885 0.7049309503951607 0.10335927283287293 -0.5620771858794394 -0.20494281012754254 0.24704636293233875 -0.1799687096345157 0.3833893397868908 0.5521856930301583 0.8653 -0.9372 -0.6824 0.792
-0.9231 0.7985 0.7703999801845068 0.3310999534739122 -0.8587036153352796 -0.3414028838253442 -0.3962881054363414 0.4540561107435414 0.037378768213140574 0.9778865279098176 0.23177519028122778 0.9488727495251561 0.241442065782126 -0.9864495359680341 0.9157095283581093 0.40702023207197535 0.9453094253530581 -0.35125406862613234 0.8063609921627323 -0.5217059756764149 -0.019143422341104107 -0.5473817342807388 0.83342115413961 -0.14366991881490798 -0.995390978317592 0.19448444010889887 0.0573 0.3162
-0.5487 -0.6225 -0.06020004354771395 -0.28910037547191414 -0.7865118405691042 -0.8564890802859046 0.29254719012711283 -0.1923592617523042 -0.9702575058289215 -0.1920331011328192 -0.5004810493461762 -0.9544815772473861 0.9058301598263548 -0.8082050726787834 -0.2337828231622569 -0.8917969039654824 -0.8815449937293256 0.5678621938527895 0.7308102888265213 -0.2320370134679356 0.7958238970586072 -0.7464255081609168 -0.01811917261321257 0.27753537415861995 0.512951240849235 -0.7462567754107 0.22910190676166545 0.4955
-0.0517 -0.6065995661108196 0.2331431977238132 -0.6478451574364086 0.0408965576579634 -0.1123024822706755 -0.729460370798286 0.324478057634025 0.6084935556662155 -0.8536059181699874 -0.51151732299415 -0.23227104383439617 0.09670381119390006 -0.6938374819663857 -0.781606754094442 0.008172750123282843 0.08159278332655956 -0.7149837995798525 -0.7808129688025949 -0.15859883016565296 1.0490650756329538 -0.15080465656310743 -0.7745408013455676 0.5772349084730699 0.4573769770512066 -0.41225044143522765 -0.8837038125651132 -0.04480235467703924
-0.3687 0.96 -0.045669045606987 0.6305576234121062 0.8813055768659968 -0.907615878012155 0.1332323909248428 0.7772738543957781 -0.3343669741348206 0.09490873696082897 -0.4196502676572399 -0.10666168427364217 0.09228866793356101 -0.6112128604036509 -0.6253727087241228 0.36825453344984743 0.14010458561986044 -0.4970828439942653 -0.3242869491312699 0.9630226607424293 0.8502985270658456 -0.01124702224939681 -0.3840240556538197 -0.24505585034221236 -0.5542070331206863 -0.058369188311132775 0.4306581195854468 0.6524875308267166
0.5009 0.85629776289757 0.8403638745235835 0.5737600227263338 0.8045919378004468 -0.11519566070258949 -0.32410799194710455 0.16205935097773677 0.7392637275723228 0.5703679082692871 0.5155964884845179 -0.6598717948952937 0.7142290686221284 0.08377139212278803 -0.7390978534366199 0.5673341508217427 0.6451202429851383 0.5812835009681061 -0.1429850180966342 0.5904262101457819 -0.7191855603697218 0.6564074944268533 -0.42044282571713865 0.3382916039630526 -0.446145224128845 -0.8658709149136008 -0.6434168473473778 -0.7412782067411428
-0.8305985687285901 -0.02457467571043517 -0.8815074003599075 0.30892334856487685 0.5405561896611148 0.7142976269920579 -0.22886889881043734 0.8931076811043256 0.06583129261853814 0.7295347273630685 0.024284479517159653 0.5507333028048388 0.008112668653804745 0.07087023025773005 -0.33104150005597344 0.09349307408486929 -0.5905687835448278 -0.016588242291795313 0.985590521289833 -0.5392474962453989 0.9747058727161827 0.8314552291636239 0.18753566535118438 0.8393424346820147 0.63637904031979 -0.10132820863572678 -0.48022890424857695 -0.7516408605225852
-0.6766941832757132 -0.5654983087732166 -0.11091608754170171 0.9547865022425905 0.9688562106493366 -0.04029855550755198 0.6922007189691862 0.35883436202478514 0.5750099575590617 0.5178883893583324 0.9045440905419392 0.5562090910459291 0.43971249995753797 1.0994112471823383 -0.5714403746499793 0.1758160357551896 -0.3922888901724305 -0.698894531304182 -0.6588724057520695 0.616764596458902 0.420043601194836 0.053358953073538454 0.25665480077796676 0.3158283864692302 0.0013828086568352634 0.04274857955100205 0.5254417102309343 -0.8005338661156595
-0.35819905565597693 -0.6817592756774962 -0.5678340505921963 -0.795132084608492 -0.2988049375813869 -0.8626151568509282 0.6694827171649503 0.5011633711122064 0.9549113931295955 0.3990038038868785 0.06479597574053324 -0.1348316944221128 0.9430218186337053 -0.06476116118627805 0.3197486682739197 0.9507977066860525 0.32975264511319413 -0.9950781697565436 -0.26084945419155575 0.03437365740841789 -0.59749284262238 -1.1820184758570254 -1.0645827572618736 -0.3598472971410374 -1.0168506703995552 0.9083782009754652 0.2203420936344041 0.28808755433704564
0.6445009011586642 -0.32509191586698705 0.38476584907725825 0.7454640010283767 0.04030244627306944 -0.8923758382531218 -0.4872649065199206 -0.8374769937226433 0.8374061702557238 -0.6451308561583687 -0.1021568572198496 -0.5178904894667264 0.16081435251351184 0.23532997722101373 0.03225312943474632 -0.8058666202964762 0.060989800875463095 0.011683256688199244 -0.8529478208816428 -0.7200278297258603 -0.7285345657038882 -1.3774584240908103 0.04939878185131207 -0.03466675803430837 0.7789023222549871 -0.02256614708841779 -0.6238745079008893 -0.07247102483721868
0.2912168224488833 -0.549631035419425 0.5601425676314414 0.2747441628412647 0.24142919689000675 -0.5649337191250609 -0.20993148750367333 -0.7519443035238426 0.3354793590844842 -0.25221949449593944 0.6718589153945469 0.7914544619380612 0.2621565706497163 -0.08546891483436692 -0.8776573117264657 -0.8171335955628666 -0.6010639542730427 -1.152817505980547 0.29222261482391504 -0.4052428448188257 -0.7945907244495453 -1.236941058182633 0.10660425311732136 -0.5039909055739785 -1.095732641499355 0.7480748245079807 -0.01196880569241071 0.4254260792320496
-0.6837973014687139 -0.13968857983391678 -0.1667611897287516 -0.7863492819805705 -0.986385687291941 -0.7208369107903081 -0.3199431834951807 -0.6880520084816084 0.31541170064550045 -0.19378710644030503 -0.8708553888878097 0.4009910132917355 0.556634786490013 0.009457760370698723 -0.5761897541494541 -0.02912255563519778 -0.20064437194610918 0.4986214599782415 0.34593293580091833 -0.28941456736456184 -0.24201947965258178 -1.0407960354904537 -0.8064838879513627 0.5251498275476655 -1.0715382793856811 0.21106965931315827 -0.0653446179974078 -0.5011005207584569
0.9833000176632113 -0.5944282116633756 0.4823209960699983 -0.011396149551406854 0.2701340943322865 0.7025898473399118 -0.43985496587822814 0.6789934286980072 0.058781803833016476 -0.12035223985543868 0.25316189834743424 -1.0262859225609047 -0.04664823456470593 -0.2768487552886066 -0.5928181137499001 -0.062218870196089605 0.658035041570274 -0.6162487696333114 0.2820719834870787 0.23712523656888523 -0.4603933179859483 -0.7245686852161163 -0.4535251196976839 -0.6563085573847225 0.2740883040745094 0.9702405471853246 0.8290740388093474 0.6381711847543643
-0.5620288868669336 0.41080964888807836 -0.15789619047693543 -0.41028147128553255 -0.1398363372918777 0.8317447821445716 -1.028749160806248 0.5223531242860838 -0.7178299742733479 0.7147612486437988 -0.14393296979370085 -0.7858439520328552 -0.36513086702260134 0.10400645728032555 0.5144964962771646 -0.5768056774445997 -0.41531002739283557 0.2108293983179027 0.019075864109574674 -0.2878259593427919 -0.07093465266730706 -0.6087914858901724 -0.7424872999115258 0.7105133484012102 0.6322554158325596 0.21331883252388428 -0.34996149704280227 -0.32084765610340105
0.13718950466133178 0.24608439766963056 0.9102065850321172 0.1193024069885605 -0.799659128687365 0.10224352019452862 0.33937969470261875 -0.2177408955674714 -0.7814393651951593 0.5107562021122928 -0.4553715051910615 0.4604756112341556 0.48386821434003585 -0.7467570046768801 -0.9950265432220293 -0.8462917602096085 -0.46428355766087703 0.6699947272456376 0.1955748119631981 0.9607611470078765 0.7750911970414865 -0.22202603346316555 0.8532377454678369 0.31646005711450786 0.624991650513319 -0.23929278635729606 0.40144300709940495 -0.34998539460128963
0.07730413326546771 0.3575316555754492 0.9779531384625554 0.5041555389104362 -0.5450561949202349 -0.39267239586216723 0.6441273694819583 -0.18115582513502176 -0.4939030684110043 -0.9750293132608412 -0.8284849364789252 -0.6571294500511231 -0.4964309607857481 0.14324448280293764 0.9433480630947798 -0.44361367635055426 0.4937683281506561 -0.6257592625500461 0.4008814104351062 0.11646742427476378 -0.44636069625179253 0.00856999453320587 -0.6404933552889657 0.13517238407837462 -0.5451431713844724 0.19083394394849504 -0.26805659094454254 0.7774716000964471
-0.5075 0.378412602819081 -0.4278006672116436 -0.0706990086593847 -0.5706666456496909 0.7011465418272479 0.6943836046309881 -0.8755078400423377 -0.1938205726621412 0.16449583072700005 -0.30757624479009427 -1.1904019631368197 -0.9763616011997079 -0.9005178365554628 -0.6099118074014424 -0.09537443523166457 -0.006889285593099114 -0.20272646903047642 0.46287961955387874 0.15127559608852045 0.08054130271775825 1.0288304123410337 -0.34113380221907774 -0.00279952942935609 -0.011127847193152046 -0.42881098857753824 -0.4529179519917505 -0.3162989005181317
-0.5210995394652929 -0.45400539248974325 0.955015893507792 0.10913482635340127 -0.1053772625076638 -0.8240122790169472 -0.018712717114492093 -0.78072585746191 -0.4930448065620029 -0.3064819825636625 0.2577770295414357 -0.05439025501280143 -0.9742947517636309 -0.1604479285401023 0.4286216427100036 0.6089423478940912 0.2889979698457206 0.7787532364221444 0.5836671861008257 0.5051817128399095 -0.2247264033171051 0.6721291396693213 -0.7751449358164688 0.324217728240375 0.4801080225396482 -0.18326193479865432 -0.4349295813843239 -0.3107742992815989
-0.2372 -0.9615115467776291 0.08742017181977402 -0.18612442565387433 0.5373273687909927 0.49674031633633386 -0.38851949196190105 0.3244892922590986 0.3220407294987328 -0.34157282996932997 0.1730360503889967 -0.009131530868174448 0.5746262735697797 -0.19478692154199492 -0.5040789508339066 -0.948749241152498 -0.4833517074491174 -0.07679463992771456 -0.9591648338974783 0.47271520333122397 -0.651931866093593 0.41988652396157405 0.7048143589800759 -0.9548094128144102 0.23649409186646472 -0.9414554953241161 -0.7238739568680062 -0.2940006926006801
0.0792 -0.40842877725505583 0.17544344513339852 0.4443152445696117 -0.8594385856360099 0.25824217010392797 0.20243786612974451 -0.6599066228537926 -0.16644876903642028 0.19071387278664564 -0.6678098326348135 -0.2871598193919315 -0.9245278974527736 1.1480616374569645 -0.28462713556837455 1.052529725182692 -0.5692764037993244 -0.4784585712348332 -0.259624326095523 -0.41981578108281087 0.6132520296638194 -0.3804723761012444 0.4679569057500275 -0.8339813525249984 -0.9535256246723873 0.8044240638016678 -0.6496065457673676 0.30910014025655586
-0.26370000007688804 -0.08843464240762454 -0.41112204776505845 0.5221039262099603 -0.5407990055432681 -0.35855690796629636 0.19938694335786672 -0.1135096295625388 1.1047889943130629 0.31160592518263247 0.005843826400812673 0.6545029969231543 0.026965403297164348 0.4331451421983371 0.40682727262819385 -0.44032679126457663 0.135665930014438 -0.5038161862874903 -0.5300054510124611 0.805060555979106 -0.7799528373987987 0.7094984646263979 0.4472940617093813 -0.3945442263907779 -0.23825466039378207 -0.7940957416113956 0.9761806327790892 0.8664999988753435
0.20799999992550128 0.07717855105801015 -0.8126626310265345 -0.9077919880483152 0.23440980865265335 0.8805419524847484 -0.059681161266651565 0.7066544233303151 -0.39545359665563956 0.0675591309771809 0.7239461387465299 -0.8510065367396642 -0.7558791680414556 -0.4018244635776397 0.5858897951125517 0.7623587936195854 -0.02159092036161952 0.8265290443516462 -0.921093663885952 0.591936391071071 -0.32415172002356324 -0.16825726869172838 -0.26035784009213103 0.06979662062231776 -0.5007471703239913 -0.276052271843271 -0.03213130329709028 -0.23780000207719412
0.7459 0.5069 0.9314177026035169 0.5740154641967337 -0.048247431953009644 -0.14199903595154967 -0.006802186379220227 -0.0634317363445298 -0.4380669020415825 0.3767783992058234 -0.6746583313161348 0.4381583821303392 0.15842891244331866 0.6977338984066946 -0.1082631649079869 0.6194680450939958 0.5060228538738064 -0.7339126876138841 -0.4951487101452069 0.05806356906019485 -0.04943632700630909 -0.3728169460686698 -0.00031444392881859324 -0.792581174415825 -0.1417787261388392 -0.1235882919727786 -0.3607952776161913 0.1322
-0.6723 -0.5191 0.5204539792580483 0.0636844869998772 0.6417899562662972 0.555062444195065 -0.20430327269248416 -0.7640753556692463 0.8705375956521937 -0.01210819488518513 0.18885581748451674 -0.4107114069904484 0.048539954645766395 0.09001649291703824 -0.3821662022145894 -0.5746087610818446 -0.3955778118316275 -0.5536434634182416 0.5168913376470261 0.5568970274692889 -0.8720283674697775 0.52439970398533 0.14608927310562952 0.9710178926479501 -0.9733303030425302 -0.7089538019116511 -0.30371462294511964 -0.811
0.1277 0.5136 0.9574264746981376 -0.7973095134466561 0.8921937488620866 -0.2373150456831151 -0.8651771754859623 -0.9524933852329354 0.8578843838351902 0.3317496502908341 1.0508672746477377 -0.6595601428218886 0.5416408510664512 0.07479059765939172 -0.02367031729322076 0.7993958304268133 0.40039012350421005 1.0070578480804102 -0.6917087013455829 0.5216043166849244 0.47584957709788606 -0.2449480649789462 0.2734445138576044 0.6113027965155169 0.4288353339997126 0.1129887048125524 -0.9405999893004332 -0.6928
0.8 -0.2766 0.5241 0.5536997931217865 -0.9971888669861864 0.7794033971665104 0.42149477332476976 0.3162297192952702 0.4686197501244302 0.432097835509514 -0.5270184647062588 -0.7015067370973189 0.34511574024897435 -0.12425129620097167 0.936932619875913 0.18730379158992055 0.8420300494316657 -0.49680020178947154 0.4930192947363814 0.426136502033582 0.10905085526089547 -0.7818900084109298 -0.21725461368139626 -0.6713714174656843 0.13689989263212304 0.8909003540783866 -0.4534 0.631
-0.7266 0.9422 -0.1466 -0.8914 0.7017000467832256 -0.20289866627571776 -0.7311530781938627 -0.9674480794784498 0.2713838445428163 0.37029576924501667 -0.11495711907247182 0.4542090381633164 0.32357858389206956 -0.06555376078335846 0.8097367135473348 0.013398057659772497 0.772332122657771 -0.31139500988763125 0.9778751418891141 -0.9696364923179455 -0.4293865864623539 -0.5780218649181342 -0.9638371646413323 0.41060005197964144 0.9875 -0.2894 -0.235 0.372
0.088 -0.3408 0.6476 0.9065 -0.3195 0.3003 0.3194 -0.1356 -0.9296 0.8969 0.2098 0.7438 -0.05804566976260436 -0.6083708387154061 -0.8879137055120271 -0.705600571130415 0.7153 -0.886 -0.0289 -0.5597 0.5248 -0.1676 -0.0294 0.362 -0.1088 0.5557 -0.4187 0.2532
-0.8597 -0.9632 -0.8599 -0.2181 -0.015399913077031232 0.6221052447628677 -0.3899797847284224 0.9386796110198579 -0.2756845023281222 0.8952070134372873 0.7665104171030837 -0.23004647711051693 0.4862527392823638 -0.6737060039286924 0.7502552138554925 -0.2731601923270861 -0.8977153740031248 0.6378926791000403 -0.9664841188210048 -0.3439058597993689 0.6061432217991246 0.9878473713539551 0.1576796884331128 -0.7918594265653464 -0.6341 -0.5259 -0.4726 0.6811
-0.1859 -0.7944 0.4428251759344893 0.43769108641654497 0.2844314771236395 -0.8005399895174117 0.5002827526315627 0.9276247600448778 -0.6508401310988499 -0.4997343215731992 -0.429326086988922 0.9315507232896736 0.456810779374269 -0.8240814407878662 0.28674108581729646 0.531255764297867 0.7868272961207711 0.4297287588399464 -0.5934177476855541 1.0299108990962855 0.9888716286357737 0.1402207627122633 -0.9111273910586357 0.39510957612144626 0.6174055518951129 0.30773254977382214 0.2679 -0.2785
-0.1295 -0.3356 -0.6741493013217653 0.4668771591443071 -0.5271787478850384 0.42921921002947844 -0.2359016234271398 -0.7060780319873732 -0.6856423631810489 0.5328237397140111 -0.43147813086736375 -0.3742133838571615 0.6508641988174252 0.5166502008475997 0.12340197859189464 1.0133034016049636 -0.6630968868134199 0.6015407746010005 -0.39434240325408837 1.0809333834699557 0.6601237678042761 1.1077266632272993 -0.5181407781019177 -0.5450999310736768 -0.5258437770488316 0.8970782862269527 -0.18935520727574 -0.7456
-0.6211 0.9889999993004741 -0.3713494639802584 0.6206915247219773 0.261013464142364 -0.5482446859611303 -0.2545272584474117 0.17163039379752193 -0.10891394278214626 -0.9763984719486531 0.49721697811589655 -1.0100019774785958 -0.9597321121270201 0.07509887674425028 0.07716728563313885 -0.6411704049111643 0.9069487002580391 -0.12517091431745017 0.693923855190384 0.1680853222001403 0.25671430317794264 -0.0471729525454349 0.6524918539122347 -0.8101916488747845 -0.18026553169930465 -0.24791783802750497 -0.35328667089480253 -0.9354009061633107
-0.7004 0.4389 0.7634815452808872 -0.5384477388507418 -0.22173488481013245 -0.36082296549711146 -0.9317017569640572 -0.4428237939160299 0.7182801526886557 -1.008802612759858 0.31403029090306156 -0.21069721498617497 -0.4705645807028513 -0.9629799305269104 -0.552041504758337 -0.004042816303338697 -0.3133136091193745 0.40882722006297045 0.04890035993367493 0.3277469237309167 0.16989204599638372 -0.8000405666645273 0.3398172990522749 0.20864304478166915 -0.7480324345654009 0.40598754782240404 0.19711290920802274 0.31230665649238
0.819 0.156200217188983 -0.948112307171799 -0.8517908774031292 -0.1356993553738205 -0.879374044300129 0.21093017563323113 0.012709125296002315 -0.38476096428922596 -0.6791779863030781 -0.6474604887227097 -0.9653524024502579 0.2433101284072292 -0.5057763291962749 0.7895310693126758 -0.5251208485357524 -0.04022805255794886 0.8801549173904358 0.013757756656910014 0.9433436336199091 0.9244644531861633 0.07454829143004735 -0.8227769556786192 -0.19854668083820667 1.0153522145511962 -0.8985223671222258 -0.3994929796301365 0.45643033746188494
-0.12920000135474022 0.48242730051420357 -0.007873245042017522 -0.9644393039405067 -0.4250980562140891 0.9891161814459546 -0.5309251063558441 -0.2870670629950771 -1.03957411361481 -0.10156807971710237 -0.09879960958012952 -0.3088829429467053 0.04021840177580964 0.06811911869961575 0.3763991042365315 -0.45666836973101016 0.5162107804474152 -0.31193677097208206 -0.15083524206678786 0.3623662436401608 0.20365823385188722 -0.6975931995039597 -0.44399401154618334 0.978609172985708 -0.33763617861665907 -0.7171915519816112 -0.6980101608207337 0.551856535110174
0.38949999449430056 0.6253847115554713 -0.2657897071602088 -0.498704379776591 0.365641159884179 0.42682278234444077 -1.0146805405780734 -0.9866672698761895 0.26139589527204105 -0.5280801589046722 -0.012003688098328484 -0.9504608373183807 -0.2000566566383279 0.7828572253743568 -0.030710349736658364 -0.5347674558062954 -0.16097341343217028 0.4950608847331865 -1.019835657098822 -0.15863130368843908 -1.2411534927190264 0.6784232389022035 0.322103207668115 0.24101164527938637 -0.9905808918343953 -0.9541948215632376 0.003406507384637609 0.6025171729435772
-0.8302000008938492 0.6183434027006375 -0.4103300747654149 -0.21497106215770861 -0.7988863408755034 0.3587131537322957 0.8530701732658338 0.4920290640418037 -0.7438576783037749 -0.10953188652085347 -1.0463899871109326 -0.9812542112594108 0.7920435038278657 0.8076973704528201 0.04316741995407417 0.2702931627566669 0.874139389731759 -0.9898109463543797 0.16362278818375842 -1.16173913502059 0.5168687967930917 -0.8386835682694384 -1.1145769933401355 -1.1128402381887246 0.8656676561904536 -0.7745069388334377 0.10744760141560214 -0.17428871996805811
-0.06030253479283968 0.9517778481331091 0.0047846301479564255 0.7570190703892581 -0.025491728421075614 -0.20197866319951538 -0.18973475054207073 -0.023680800101340677 -0.1971225286693236 0.7287635012952425 0.3488524205327168 -0.3681419534151648 0.2858143832218628 0.7252067337384329 0.6104513756246689 -1.0467039786776904 -0.8000409248276033 -1.1066810154311764 0.5306700154235559 -0.8820260240281458 -0.27452320884620757 -1.2875285571518122 0.10754352304331188 0.30775876991887796 -0.31671386546891495 0.4437311548863876 -0.7834483252597829 -0.4226254710391818
0.2766736764693816 -0.45782342245217145 0.859742669983734 -0.06302872079201999 0.3849168265039132 -0.39475247923571266 -0.1629311817318293 -1.0501141812201191 0.12280530826788588 0.7955577900696351 -0.31587009879435757 -0.46690383560556403 0.2568588636724571 -0.3298783794759829 0.17630089883941213 -1.135848900417612 -0.5386551927750977 -1.0303454079518037 -0.20076689992512348 -1.099740932134691 -0.864931406221742 0.2692010355114595 0.71557081594768 -0.6513919076917964 0.7708796047742189 0.21208361737456663 -0.15913198376417562 -0.919527107021838
0.49656729502783575 0.04046735968699403 -0.3652404357229433 0.006710858731692521 0.6359009335177391 -0.49520063192934904 0.2642506628585779 0.30779621934179585 -0.10706245517884941 -0.3654229789534964 -0.03195487964207029 -0.6868367393753215 -0.02176102409310942 -0.4819274054033402 -0.3438032473325445 0.6098260096717751 0.9001536703130599 -0.6752600311110287 -0.8845333415756476 0.12360640051115986 -1.0281335554119142 0.7345997186730243 -0.27642098636652435 0.1039359590632588 -0.2703305043736118 0.26255459071631704 0.11223481647080222 0.8302800332001217
-0.6382001313301878 -0.3070344372587452 0.5543573511059362 0.6061083780839944 -0.9522565026462142 0.8582411144542917 0.5668474912207782 0.6514543856697917 -0.7049397648340058 0.7160409475823568 0.6619094588835608 -0.6095585754086333 0.8368749827551913 -0.2786890694870173 -0.9503248859501724 0.5289173753030196 -0.6008562397374272 0.34476571522647215 -0.31083320073999854 0.7532468897724135 0.6647191078221807 -0.7225374597772667 -0.8844927462938224 -0.8329153946278676 -0.21827068415889836 0.28171416631860563 -0.9343914504330258 -0.12045870084150705
-0.1959350102885548 0.8971712631302986 0.7469851302906902 0.07367493293954018 -0.043052981114942074 0.012560386848491 -0.6342769833737276 -0.007447202672589467 0.13856071343004953 -0.5997518973226182 -0.041040716993446545 -0.4564068040432971 0.10295148427886008 -0.8510553149373653 0.43642962456822415 -0.5571074326079496 -0.4456021711362986 -0.15800044311408265 -0.04058818633256866 -0.12173030868269646 1.0033006471095944 0.4368598265136261 -0.11763048755917363 0.20447567899880525 -0.543584411713496 -0.9168608194101401 -0.8864853242146634 -0.9477707525284467
-0.7610446048484812 -0.7228558155296262 0.16723658127763355 0.5093055420132457 0.2668106163184929 -0.9624966909208379 -0.07845903699136716 -0.36899631729261195 -0.31297332776785947 0.8921331142944916 -0.008075519451578894 -0.23376499849454804 0.1754482049019612 -0.6976767542539198 0.40107231195123255 -0.07868370125607185 0.5975408429719028 0.7776273263465714 0.4316640207711378 -0.9223486759196866 -0.8277975705719242 -0.18126272676727506 0.7944509720412577 0.6548152169327478 0.262533596621318 -0.8814286122510278 0.690162689673593 -0.5921003550161421
-0.8425022458128316 -0.3771954670262434 0.7971092458047887 0.7252613227200545 0.2630506436062067 -0.6328587218679315 -0.20997075607340648 -0.3187149004712349 -0.05115714563750527 -0.10157633653893844 0.33405454929450173 0.6710195098454449 0.8998972006822437 -0.757563498127284 0.5980121431619208 -0.35211779794073067 -0.06255031394597069 0.6942363021040315 -0.6476183306785638 0.3696112391808512 0.2547716606080618 0.28535240770218584 0.8835366307114042 0.15239595311285414 -0.8756884421736628 -0.47402196411466085 -0.4929887212857047 -0.8612033203475057
0.3097 -0.2501951953307897 -0.3727396901968647 0.052043477077919016 0.6732568703179213 -0.5280918030684312 0.3628030211176333 -0.9334597375527619 0.3363304021718542 1.030406273835654 0.6049204227412746 -0.5310439591946351 -0.7536461015026281 0.44756405456077053 -0.8789328841923267 -0.6763872531960423 -0.27025887876065263 -0.45345964314446496 0.6994518192990948 1.0254650012154682 -0.595892317409203 -0.9540775470451663 -0.7457501421206315 0.7171056254430084 -0.041803475058462124 0.6721942453326497 -0.9824084603091446 0.5441815341272457
0.6563999924415987 -0.054999594871948186 0.8289615113841988 -0.6998553849088522 0.4971819580360603 0.5701776599759466 0.5459432203347038 0.5589201160926875 -0.836097661005313 0.5194704646250731 -0.414934831344681 0.512439335769378 0.15171623075908866 0.7845289211824026 0.1694028010529408 -0.22383634654927634 -0.49784612700493425 0.4780850246474265 -0.7718396877128458 0.43326299283499664 0.2123833407107079 -0.35623969390433324 -0.09915709290171834 -0.10061298035911322 0.6159185853991334 0.725922293412867 -0.9399616285376408 -0.4868190701147126
0.4734 0.6210680966601592 -0.5287178755427921 0.057105621879554376 -0.32205250282943104 0.43917863090949355 -0.6189701134871417 -0.6625876136946683 -0.7870646358462644 -0.6279464789686549 -0.1477999946106721 0.6413080549280229 0.29725672276078857 0.8788229706495505 -0.4217627802097763 -0.5520142336242104 0.9061045868151049 -0.3526510580873495 0.6679673784505501 0.570951583032877 0.24217291221717163 -0.5258720582187358 0.5862832825749784 0.9178363345808872 -0.78973855255589 0.5232532300551347 0.6776663736932845 0.41403629707940276
-0.9955 0.9209523720334585 0.13363409972348236 -0.6289770945503745 -0.9489507646443476 -0.9319651036232999 0.6294436390970837 0.5177905405435994 0.43871176125547307 -0.7955342872431327 0.19157184230771582 -0.5137772580184383 -0.3145603220926368 0.734879054196356 0.01619673153981242 -0.48768339658218146 0.8120682135172052 0.773955779065158 -0.06888270066320283 0.9168866855587052 -0.09584069313372519 0.7612482698595467 0.6762738785886206 0.33566900964479973 -0.8198838203453728 -0.6766983348255442 0.20989052728970126 -0.34569999799716417
-0.22740037676428165 0.8075744961035229 0.28816766391718335 0.27777965002626526 -0.016971084727940386 -0.4103369269675143 0.6674328578965467 0.3974503563602113 -0.9820121616713199 -0.7964795432911106 0.2793479193455833 -0.7410019262145773 0.6862277827941495 -0.41730610199457596 0.8570549240422708 0.12714897653105978 -0.47467672260035576 0.04780517884996482 0.7263270071445883 0.13235554164430618 -0.5731447190086187 -0.11611673151107436 -0.06746952966034972 -0.11122134585359382 0.49016050560268465 -0.2169551635414065 0.5048694684026832 -0.7595000003318233
-0.26700036505606894 0.6163020610762349 0.5309549277578769 -0.2386171296470027 0.5275452547542985 0.7115700078922864 -0.3121576286460075 0.5740344561788225 0.46132200648409644 -0.9555784007954841 0.8032126825223579 0.832454245788969 -0.6630732289853342 0.18046318337160477 0.47839871462401296 -0.044231981928227616 -0.6964924185382748 -0.9376091069157758 0.21292932563482792 0.03260046503673663 0.8378044837814228 0.18954156072254372 -0.9249472087698001 -0.9899912138837932 0.5130878726668461 0.19103865547361704 -0.22997681647246912 0.5604999993871359
-0.8103 0.1905 0.5247054302296726 0.35805233210156756 -0.5995637333152554 0.7286611035968477 -0.6755698130709207 -0.13538341733408385 0.6400605084379912 -0.05664994231045192 -0.3319190823034229 0.5769194574157349 -0.7515502976031673 -0.7432958490788684 0.9252131104217297 -0.9017878811540337 0.16078080957915952 -1.005488676588444 0.7538016968172111 0.40557337562291024 0.6713681345129983 -0.7091765301155062 -0.3276180654082286 -0.12989772244867473 -0.6316309660693045 -0.40212420941486104 -0.6494547113808646 0.2492
0.5189 -0.3189 0.7544704527031402 0.0011805035065633306 0.17586361511510357 -0.08447575845028535 0.03519783618179673 0.02420799645565408 -1.0373648441427763 -0.1007177146420987 -0.38548587257087735 -0.0713822774420921 -0.5618983562498001 -0.5599055564002277 0.003937117826404797 -0.015363362261506402 0.6988490243544709 0.24080620188695603 -0.011813598478043802 0.7455378843239449 -0.8752864371386949 0.1743831556575288 0.5068627713462966 0.17462956761111972 -0.5612674166783721 -0.05639524468702857 -0.6850981328619274 -0.1481
0.8214 0.1916 -0.5934089713750553 -0.16099496396401153 0.8968444185130229 0.42423330572541057 0.7495644873025241 0.45688205950245747 0.6322737437694684 0.1531812980629121 0.09773109105131736 0.41332387272643367 0.22805752225094586 -0.24336311026719656 -0.5675293446321192 0.15625259343019787 -0.1319801051549782 -0.14841309485695145 -0.8525493656462574 0.28871829255757386 0.49789840917553035 0.7133376140771885 -0.06362628555753547 0.8914289707383718 -0.858363915770892 -0.5450960963094736 -0.7953953406460188 -0.0591
0.4859 -0.0061 -0.8726 -0.24929694229234312 -0.6966467040645149 -0.6561689576219104 -0.10542734073577871 0.3583948291494943 0.06341629460618643 -0.15002166628057595 0.6339521570633938 -0.39498402029609087 -0.36754348817732274 0.7376021757873522 -0.5552014455308579 0.6115104220957256 -0.03450649058110232 0.20057877237371527 0.04062346007837218 -0.3896136093528285 0.7565076470421755 0.2390784539194511 0.005529118639684061 0.8897538835831382 -0.6439999871605804 -0.2988998976608376 -0.0124 -0.1327
-0.9491 -0.7196 -0.8667 0.1491 -0.20701016947360018 -0.28679410755470947 0.2892070910344206 0.01744344681617289 -0.10602771974347819 -0.6745818020689799 0.36373521173675477 -0.6448720367523522 -0.9225060499831517 -0.35313455543826455 0.9527933348696709 -0.018796340829022484 -0.3527782579077738 0.36510903042514287 0.6096619559605349 -0.986449086159563 0.29880368117634715 -0.6499635320267115 -0.6712807835117337 -0.9419010680707942 -0.2406 -0.7875 0.2074 0.7822
-0.713 -0.7897 -0.0076 0.4722 -0.0754 0.2734 -0.1063 0.3664 0.9573 0.1599 0.0093 -0.6042 0.9528999435787212 -0.3092010079091195 -0.1259009840796356 0.9894999589918414 -0.8381 0.7541 -0.6994 -0.1732 0.3331 -0.6554 0.5615 0.2305 -0.138 0.9332 -0.3101 0.2422
0.1229 0.5405 0.9212 0.1877 -0.43150000011702133 0.07319999989044151 0.17610062388893893 0.5645464434030727 0.500221167105682 -0.36719099587494447 0.6676907037078913 0.531906737671618 0.594328661012871 -0.7745681826902661 -0.5689564771205494 0.4444696320043293 0.3767813477161424 -0.9289696544855349 0.8550616970947137 0.2333312751986025 -0.7434774131568148 -0.3741140138171738 -0.5550989443547136 0.609000001332641 -0.5431 -0.676 -0.174 0.5387
0.3622 0.9062 -0.6653999987394237 0.8564213693884525 0.09223619063574306 -0.5239939983837634 0.9439862551109819 0.3214852256540576 0.46113380596643866 0.021493940130551115 0.009953744192818473 0.15034741179761654 -0.2545936635840692 -0.7636126652843854 -0.4593241017883525 -0.7672412218116619 -0.053181197337630486 0.07521168661343729 -0.31759330476861064 -0.1748613339782861 -0.5996795923194135 0.4742992497697817 -0.7878840560292086 0.5014792142079376 -0.70049961546633 -0.8731765913909846 -0.3531 0.3583
-0.4595 0.7704 0.16349999906897408 -0.4576128169919646 -0.2119260502441173 0.012381702541884514 1.001510328499197 0.3458079653380231 0.2874055404280048 0.41526623758818115 -0.5782345932130947 -0.1655574205820708 0.7020090633050253 -0.8452465330800033 0.4019553100871125 0.03760927430587298 -0.8115171316037257 0.7743104887863721 -0.6411459217731191 0.4543950397868136 -0.623499500664388 0.9856805682548642 0.8244048080541362 0.21499355906451548 -0.5655598771153785 -0.6970362957677275 -0.0972467890259396 -0.9091
0.2341 0.7504994953712352 0.12689252940074083 -0.2547571915096992 -0.23817707707677802 0.9350343687575353 -0.7338607905629897 0.6680206764680795 0.7277627982474585 -0.6240060487565832 0.620802936076794 0.42022270346708734 0.29652430135717045 -0.6082467845424285 0.7964846782400085 0.5592961424631697 0.7224496197921219 0.2519994090382341 -0.2722958513700263 1.0540799777265892 0.9943542070925353 -0.6068227626661981 0.0019927987710458717 -0.8888557654435382 -0.6681720506821116 -0.6681697668329633 -0.9205021683851873 0.5205073077924247
0.2555 -0.7814 -0.7597830673546153 -0.1326955393346987 -0.783132389607415 0.8437760690708679 -0.2676131810026935 0.33037977851097533 -0.6663046526766775 -0.2787716543179724 0.04652979999299504 0.06966512596984985 0.9319866602623882 -0.4490317329960569 -0.4396191778858259 -0.7290577819456352 0.12073058124699569 -0.18458127874351465 -0.6116945577469143 0.4971894915425143 -0.5278978826914441 -0.5335780009523566 0.17234797139643612 -0.10538004335710485 0.7010028897479589 -0.04225828455060307 0.3202755229205863 -0.9215617081667674
-0.618 0.08729919863290589 0.6248714167786826 -0.1650866096089315 -0.7418652540339388 0.5224756118957486 0.191363660109682 0.17968324871617836 -0.7112262008845956 0.47049385541642924 0.45420572738034043 0.29334940365087037 -0.3357300190613595 0.18448857322328463 -1.0590344014627553 0.015136088258812679 0.06761136005433756 0.4678458369111467 0.5499038829105263 -0.4051022858226351 0.4022377595790587 0.48612037286126947 1.0079609951948316 0.07454013250486856 0.770289981401566 0.12875249075807463 -0.2194887056535033 -0.9762247930382372
-0.844800000078597 -0.6191828362522286 -0.2107242805076733 0.2878909175224451 -1.0121584026907224 0.05426883808869691 -0.6235738405291945 0.8344029238819607 -0.38477361297814877 -0.812584005826619 0.7577539583071095 -1.2318611318151733 -0.14509370017138887 -0.59402040026207 -0.2443426318278282 -0.3171434369465477 -0.705492100988982 -0.7434475825556194 -0.7088073686133032 0.05822957163913754 -0.8097523661699858 -0.42007551875645105 -0.22558882283931017 -0.59255556617745 -0.29467460194748035 0.7815706970855597 -0.42769235193825395 -0.5136020914698349
0.47099999968057954 -0.9507809899909877 -0.6499746700640701 0.3748932018393651 -0.29180483108990074 0.7836833494457659 -0.2700670137467031 0.14307369236801135 0.6507892753572248 -0.2686259196714484 0.40216582662467265 -0.22715899890267013 -0.19351784134573286 -0.660543231533768 0.5336002204698421 -0.6078149628082392 -1.2394551098718063 -0.11539962601583922 0.16006256194490984 -1.2041660810009276 0.4254674341079789 -0.27467309679791335 -0.7878909500888173 -0.5147087989044419 -0.5870513908351384 -0.5547878096252713 0.8407928790337393 -0.09127383744394024
0.9979999999481421 0.18421980615663222 0.9290809428031528 0.04141374573218877 -0.9367570810683628 0.17292786775423896 -0.20552699488560672 0.2004461446676059 0.4969397394759832 -0.6900775351508465 -0.7156938208469218 0.7667593018085231 0.31430128730309537 -0.7650228312242575 0.25331083479767225 0.6529959838908048 -1.214352285725479 -0.6669044705977512 -1.004181410515391 -0.6147700294839641 -0.5655548613187094 0.5254399995077205 -0.2409742632047016 0.24774368156058257 0.562975810380005 -0.6637364568280736 -0.6912598289842029 0.4618996710840145
0.057300002780886455 0.21291686694410203 -0.008427054886798015 -0.9879361097492614 -0.856455470244142 -0.5297650916805552 0.10236453900593877 0.2646967253248722 -0.3113729536481236 -0.13207580363406887 0.7580593813463089 -0.5369022144736727 -0.8036656196499882 0.5813838699856223 -0.8197831348911411 -0.9329769402635816 -0.2546160142037461 -0.3831093754096754 -0.7588277980837562 -0.4157336641299819 -0.6410511796915189 -1.0607443721449203 0.5152023941104025 -0.8936956995714193 -0.2199694613419068 0.10967950496232316 0.5867863696934209 -0.665421873319195
-0.6882996422616295 -0.35551236123776253 0.6329829565516653 0.3777212912242911 0.5581449783808488 -0.16021096822807004 -0.7199022929755005 0.7300456184656361 0.13458497086278823 0.03867477819203246 0.99693992153287 0.9354466354817778 -0.24648033413790593 -0.6744781925535509 -0.05261878025501572 0.4540988899115109 0.4331532168209471 -0.5304780602041492 -0.5729588995540736 -0.7439192060731099 -0.7662459957443036 -0.08037588250128204 -0.3827767646908602 -0.6457358669446019 -0.3251518136992718 0.8993845213407918 0.5012492522257983 -0.8315651440369316
0.6154999483149686 -0.5487304690161563 -0.08208744060037296 -0.19446332420226245 0.2036913659389726 0.11170483285987505 -0.8564083253687275 0.6460778120901868 1.0364036889759254 0.14993609987739515 -0.45291746893464835 -0.5008294628434061 0.8808142087499548 -0.6686980239310171 0.9350215120290457 -0.5767792134786675 0.27492570922086246 0.9652745857917981 -0.14006626485274987 0.4260463476114867 -0.6605581589784777 0.9093577915360882 -0.7694936828820238 0.9737150406756605 0.7971133830186191 0.6889475052967868 0.1798995151435788 0.5376268433303134
-0.4903990037078305 -0.8991240713785434 0.8645266159469621 -0.9093385039103058 -0.5427985964491462 -0.7999168159480576 0.829071536155146 -0.23968873114289527 -0.23338050117764628 0.8204979625669735 0.7799589061476973 -0.8790393456681648 0.7295934211729781 -0.6799762281993023 0.6017501579901949 0.5487264236985362 0.10469192964851881 0.5186576374618999 0.2643891247608402 1.098816567331488 -0.41829824433657287 -0.4902064669582077 -0.5964569946985564 -0.7028248193673478 -0.0963338889237989 0.2869661664473362 0.4865910038330229 -0.9793777355014268
0.8920302333262132 0.8237365454185229 0.10232893560696663 0.5308056370448142 -0.11474800621874082 0.505593742622815 -0.725141239634357 -0.07555239059994288 0.11172366719324191 -0.36368554372623607 0.6613995065934672 0.27071630547327824 0.26149779989130756 0.6987877888104496 0.27847263454494287 1.1098577484104786 -0.5000652924910071 0.17341316124546857 -0.3300276729840113 0.6604204802461184 0.16611530922387174 0.31352040709472145 -0.619931869498165 0.25951219838574574 0.1902960394787002 0.5162869698001208 -0.30648813743043263 0.12506256240100308
-0.4749901068114289 -0.6933504626421463 -0.4996295149579953 0.47112009117966813 -0.7653651325535784 -0.39328178594996827 0.9134262577098238 0.11609527771901391 -0.2816743474033701 -0.589030938295169 -0.31578973670227206 -0.05421132987893752 -0.3270638764767404 0.2875607077914733 1.191176595270143 0.44067978721173573 -0.3080800490514502 0.47758895386455524 0.10628031115769677 0.08301070201423688 0.14081812645509972 0.1349786696266588 0.4481026417573557 -0.45608626343520164 -0.5080933803771625 -0.977747209620519 -0.051830675850210416 0.01574406787393983
-0.6179000409950327 -0.6828740833179294 -0.4842529210769219 -0.12252947367956415 -0.34010040869703967 -0.018088019562819305 0.6071667678571995 -0.618799900582858 0.8715270718620435 0.9700954004062953 1.1402706131197686 1.1080172157067858 -0.265573387998615 1.251485274085525 0.9938908659154025 1.0552836837001838 0.4362094857421023 0.030654867520135794 -0.4536600580590489 -0.637248968271862 -0.2076737231300943 0.18432037688354808 -0.08747977501388109 0.24971998242503898 0.7339098076590062 0.7175967329379077 -0.7880596699935408 0.27620420885787034
0.9872 0.947014321829618 0.10787213301206179 -0.3654008256228037 -0.6031837770194894 -0.12975617315662158 -0.5159999371651202 1.1979105915074653 -0.3931990517171162 0.6687418800443352 0.010571378834360243 0.7800978392604423 -0.06861973271982709 0.6750329911480744 0.1689118984198168 0.5441176889115171 0.08746025167630592 -0.30462170717926745 -0.18263562943945597 0.3213004640787015 -0.6219627362130257 0.35538595234427683 -0.30997471651123326 0.3163194847982384 0.8463044921575233 0.6335691142726446 -0.7972049099738874 0.3138105189211091
0.1011906589078686 0.8442531811469186 0.14360893735435473 -0.15887204008224687 -0.05923315310419551 -0.1677328076148312 0.4266683170883743 -0.488545648610521 0.776851061380359 -0.1822305123698456 1.0274008115188027 0.1845960675951382 1.15147536235819 0.22342862152458637 0.2827946976647495 -0.6097379577536555 0.761150559147121 0.11466698266275394 -0.6545890002386483 -0.893796137873699 0.4185938112901756 -0.2728478448844558 -0.04004863430584022 0.6461105314793993 0.39679258675967494 -0.20304818965966537 -0.6428902512220378 0.3594633708381095
0.0847 -0.8326793410400095 0.8475695500990624 -0.820377498415184 -0.7499460505737313 0.5771735015153017 -0.3788498421632328 0.7983808856199216 -0.7870141830693519 0.7419829273782113 -0.3095857056150991 0.765896666573069 -0.19474412631742263 0.6274916723386493 -0.5741325029850503 0.7704393624346192 -0.4447452052271128 -0.49907099121726267 -0.719891016285985 0.8190786946340473 -0.40910185847224895 0.5946623627536545 0.9372255548919484 -0.699541983994022 -0.40465589627413756 -0.121179919393452 -0.20766387398612457 0.04843729935196962
-0.1344 -0.8890942402866376 0.21290489807644566 0.9116574733539478 0.9038007776283254 -0.7044151227719277 0.660281553600915 -0.3347988950376448 0.4530167403792907 -0.23621697622492852 0.5098923773547699 0.32060156384780647 0.2075737357691019 0.16275629675196987 0.28398425667365795 0.5481192237723317 -0.4900748603215662 0.5125375676911101 -0.3860565703391409 -0.291435106333012 0.41981880717127906 0.0799961751945695 -0.39251642716525237 0.23364380546281693 0.10892367607981855 -0.39926918577438536 0.0881488993514084 0.8719985289142326
-0.45149494808250884 -0.6754266851853071 0.93812442209526 0.39890635586938494 0.024424325726848266 0.3800323543920979 -0.06957992781179312 -0.6315933470442838 0.7475133314277475 -0.5051742944008334 -0.07091679764505249 -0.5645261906431686 0.058510879993319546 -0.6086191259307909 0.4083570213957233 -0.18366710422475574 0.2943108039736979 0.42457891822383576 -0.7803650336948258 0.15846842213026258 0.9320841346236346 0.45356846961422825 -0.46835574209649566 0.06528282553961136 0.4140984982290999 0.6108373266943398 0.8778232627692897 -0.8118000131323593
0.2645048949256329 0.2081013172638301 -0.06928047249048497 0.7387339455399854 -1.0253275392712295 -1.002721973816098 0.28669139391162207 0.4298340241209375 -0.7991799753300245 -0.45642776208740143 0.28668180096617757 -0.06002728591577096 -0.4239211609443224 0.17997844984119574 0.3403681787055054 -0.3404163162157963 0.4643134785186279 0.017949947096509933 -0.27472983387816996 -0.6072896909399754 -0.40066031256689194 0.6814903025043045 0.6595407093027204 -0.36004203978512994 0.9167986836414537 -0.36203360567870313 -0.6529070838288024 -0.06100002425492629
-0.0151 -0.6522 -0.24308258119935158 0.6359108174605078 -0.39553450817185526 0.853657558235964 0.47629448363523125 0.4549597910821956 -0.10519201897787958 -0.7499021451344877 -0.01460284325934416 -0.7249393806025188 0.14853832515859733 -0.9887096451988616 0.5370505936644054 -0.8543466503700605 -0.48828857535530334 0.6584032306243399 -0.16204851843515172 -0.992947011799199 0.9408137508012036 0.35167709223448795 -0.24783882697973134 -0.2810621716486941 -0.4742830970541358 0.3584771581783305 -0.887682410638707 -0.4763
-0.2517 -0.4794 0.9950329527260752 -0.34818838300404964 0.5628417197519201 0.04088518988078701 0.6423404185272849 0.5368138979773168 -0.20648410564584221 0.4725066467661127 -0.12741926657348052 0.06036584078723286 -0.3642345327306838 0.24994121688325932 0.12934073771576432 -0.6470680725699347 -0.017409274249456323 -0.8059407916928116 -0.6444711489663129 0.1124349390408152 0.20096989249460648 -0.21926143046237082 -0.8730179013504447 -0.4051888229713856 -0.7516165545369018 -0.8045255715163134 -0.21668771145171034 0.2089
0.8279 -0.3417 -0.31297540053339135 -0.2718292171235772 -0.9103843771110764 0.7732163582035935 0.5504077186937313 0.07622591313279971 -0.6460094376582252 -0.2390163921684408 0.13581357056235815 0.5418571592120862 -0.1941293867072589 0.49915224625846016 0.6211009474251781 -1.0336282171240867 0.5916823668190975 -0.6399030714636319 -0.6965083769693509 0.2600183803554233 0.9278826857875092 -0.14687911782985555 0.5755145111838489 0.5429578716873444 -0.07785924596569717 -0.4151727773532258 -0.5885988408744759 0.4309
0.7437 -0.3194 0.772 0.9188829064879065 -0.46606334668549115 -0.8633409923418535 -0.9334662949618487 -0.5121035953609256 0.9333353624817634 -0.8700669336566851 -0.7612002648666711 -0.5533395217373965 -0.695153698382897 0.7139893863408627 -0.5518704890761044 -0.170490387284362 -0.19601241832272148 0.41292019971482763 0.16784322433327642 0.6284071374930869 0.3222547829816748 -0.6295958860046523 0.4226686300002537 0.2246810653966133 0.9944220000907866 0.6727000310544441 -0.8564 -0.4258
-0.7424 -0.2047 0.1946 0.5746 0.13490232084004897 0.05731334171954486 0.037522965364853146 0.19521820760713804 0.12673243430603714 0.5230902299325538 0.8336782714378056 -0.27040029761301226 0.01051626376885295 -0.6254842815917898 0.3781014605156203 0.567485170463673 0.019204725770540585 0.6507464253775086 0.8182562467839509 0.3237018252967894 -0.25719427133535366 -0.6665684302894003 -0.5443518291610749 -0.6597898941663761 -0.0637 0.37 -0.8893 -0.976
0.4736 -0.5434 -0.1637 0.8624 -0.3821 -0.512 -0.9719 -0.0854 0.6179 -0.4942 -0.1671 0.7121 0.45459904247294985 0.8046979033163464 0.9687000000276433 -0.907599999998848 -0.675 0.7303 0.4112 0.4009 0.5693 -0.2297 0.6805 -0.2524 -0.1665 0.6417 0.3837 0.7011
-0.6822 0.4081 0.5394 0.488 0.38249997462617064 0.8365999256701443 -0.14866902479853325 -0.03244183932851198 0.3764715615572971 0.1037971390377633 0.7679470909733876 -0.8526379488552661 0.9364299724271857 0.2687538381497336 0.16915198667782794 0.22007970848912908 0.4048697458172854 0.2911707112019665 -0.14310590539591053 0.7376921649934578 0.47689265165278616 0.5345990648571013 0.8662000138975944 0.6330000092838131 -0.0663 0.9199 0.9432 -0.8096
0.2427 0.868 0.22660011303139896 0.7360999982150512 0.820099732497343 0.1755015270115996 -0.9828725193380822 -0.2540815528447494 -0.5842680465866279 -0.3118296917777903 0.7558014926110839 -0.2517979136763229 -0.3525663184773099 -0.6629685473723443 0.507767472738067 -0.7186639174404468 0.40790435229951383 0.6578220564054842 -0.6247432805502027 -0.07736814255107738 0.14253613190753714 -0.28306117356212895 0.34681588508924033 -0.6061597328274817 -0.24301161603304788 0.6718004945337829 -0.1296 -0.3848
-0.369 -0.82 -0.0678997510081972 -0.5254999448808115 -0.4519969016214731 -0.6716235229964409 -0.14981557872774934 -0.22271130664072641 0.31527088611248927 -0.12703428370413436 -0.3380008934689847 -0.131150786989609 -0.5025367437652926 0.4119543512516885 -0.34121097295151154 0.0986258687550597 0.4610283454728291 0.555959279415968 0.7064707530130444 0.4039086617403147 0.12850175504043707 -0.32392602041873086 0.5545483142003054 -0.9478507623968354 -0.012735347909378716 -0.2924573800911454 0.36627863683701967 0.1888
0.7805 -0.5298021951160783 0.8757849749731841 -0.7817397052328362 0.44850707287427855 -0.048892686911127844 -0.569130708371123 0.5675906712660335 0.029311129144301198 -0.38183373167001106 -0.5939927778241434 1.0678481753900124 0.8278734353236852 0.20775352070759948 0.7809637557206065 -0.32646464490592536 -0.08744496511556615 0.39196600904274426 -0.22877731913320037 -0.25309717245490576 0.6748196242943812 -0.12873801057096237 -0.33250952836124165 0.12739465215668197 0.6302624600450553 0.1094402262890502 -0.4384014613270477 -0.06870507724979333
-0.9397 -0.7747 0.7345970566953315 0.6295926661162686 0.6774561262369246 -0.7226578361143666 -0.5522427449769877 1.079016663669258 0.05807386778340048 1.0655705598583407 -0.7572805878539537 -0.742432487503729 -0.3754327723572099 0.4737538840649151 0.04927351736085967 0.44206913794523467 -0.6436324525923612 -0.6227720500223954 -0.5940374289034607 0.7783125162949743 -0.5851562331231833 -0.6241549201804573 -0.3948357164250462 -0.6999552070820242 -0.9569381200095498 0.5804402449088837 0.6634913384917298 -0.05037807630066396
-0.969 -0.9182001899131919 0.705875561517836 0.73150975312551 -0.35700057427259946 0.19381147130775186 0.01924304957305892 -0.8159123198431881 0.4743502792735968 1.0206403848049788 -0.688774429897612 -0.9849988723652121 0.5500430466966717 -0.15076266524832507 -0.5433547182262842 -0.5156705656240171 0.6479199352869799 0.9431026857244508 -0.4393094301848338 -0.29806491195046797 -0.537296114636504 -0.7410649449264972 0.3663195993559094 0.47963103528328777 -0.06307379829636348 0.4532853182501338 -0.25266526187626265 -0.5203116661191488
0.09330000034790713 -0.2103574019914627 -0.282936552652908 0.8373606666217274 -0.40622951129345286 0.7440283231715056 0.9457631389395974 0.2385926164553908 -0.27599026854065034 -0.3434218049114323 0.3426610750073847 0.6057362805909936 -0.6130687354968307 -0.02222458572115862 -0.5205731838617179 -0.8078105300192044 -0.48718120457698255 -0.7585014746190437 -0.7292812818408961 -0.7135456026968665 -0.4512698804040885 0.03258717003816288 -0.27121833327990635 -0.740420893253934 -1.0824736733230713 0.7117251905434724 0.9448696356374795 -0.7029963835936305
0.8177000014139036 -0.06862747839754033 0.09847706865802597 0.6170697964461561 0.7231338922965612 0.11328408893510199 -0.4002430104889617 0.5135397434306189 -0.41177849662768873 -0.48436865757993236 -0.5454369395128349 0.09206816795800832 0.6025513545382004 0.566236164294801 -0.7152353626148124 0.16441763415333882 0.5234338724207946 -0.1828524291534649 -0.02479145636177118 0.23459040599023712 0.6189584392104566 0.268025626775501 -0.3023388444733213 0.8485297937678786 -1.0761207209442953 0.5418501829381549 0.6381120097584729 -0.7238857908430533
0.652600000229547 0.24725873135563983 0.08146418173878064 0.5807287156875836 0.46881009750610686 0.3576290176281682 0.46886186492027665 0.8615467003806278 -0.07208182112335762 0.7619650073397259 -0.8171313413195672 0.29973740787766084 -0.8482781868352347 -0.9728984901998423 1.1078271351173006 0.09738645951750054 -0.42945715806327744 0.8885834566091362 1.2175312995333436 -0.5358100280256407 0.9093900238164696 0.38401060336312076 -0.537747311821324 -0.35862061514175175 -0.6978546357169485 -0.8605350676686138 -0.01631908711357343 -0.597064058993795
-0.8394008630944657 -0.15283365826506254 0.29716653305202284 0.7512590485902849 0.10654368495507346 -0.4213722449983998 -0.40861804033862426 -0.08056905982325988 -0.10794102307536872 -0.051953967657012386 0.2245849651516102 -1.2800234725209054 0.07663259914937776 -0.3844127525238707 0.3600208828477802 1.331700514524599 -0.07515343865046772 0.27651147703434364 0.6652350723411213 0.5343123457147619 0.7019754040328848 -0.4592364764272262 1.1659533735323213 0.20493551280286526 -0.3156995027274857 -0.4681020746084983 -0.2834348100155968 0.8158436527532061
-0.36051133371291594 -0.666005640304032 -0.9823351252545978 -0.8661805264195034 -0.7262767522258141 -0.06332327968214926 0.42994531156009475 -0.5535877456955106 -0.1792970234242726 -0.7494891109606715 -0.15635139888987945 0.007107588444688768 0.6549728729410148 0.3391941180783058 1.1309478486931874 0.12032421523432542 0.006199259374044934 -0.18379413869267475 -0.38403926431127905 0.5976062135357313 0.9893964162728938 0.23155894865421578 0.5886920135122243 -0.6557889447513021 0.9723626197088014 0.4874158560510429 0.7861876686388978 0.05057461661487
0.11220153543964806 0.8953659873423768 -0.6974866711610999 -0.9194127353624666 -0.9349296489803398 -0.8119385283516933 0.10895273046260412 -0.613696284363791 -0.2675706897657813 0.45279678521955774 -0.14727059257038194 -1.0155299212538322 -0.3280049386641606 0.39156338746874236 -0.7181746147369581 0.4631934029714286 0.370494798333972 0.7422951571264914 0.6220325492078683 -0.1834490023743358 -0.7221662442641078 1.1046255364365665 0.7765849416388789 -0.6705104669874511 -0.7316525507255297 -0.6858497675152353 -0.4617003026684978 -0.5161641924683273
-0.49159980494067923 -0.5275178608475968 -0.5643414280219196 -0.930833746826574 -0.7916104434704873 -0.5341485485753664 0.38275289581824645 -0.010747755332901001 -0.6737348927703876 -0.24590126015328256 0.8214525139947532 0.38680358015646865 -0.035349290794879036 0.8170266003866495 0.24440547230593598 0.6092325364438037 0.4225974354012026 0.7844735522220012 0.6969363858344126 0.43812316625811804 0.19211303945669525 0.08566240018198806 0.11038942079911584 -0.8163779840935078 0.6447188857983446 -0.8343226753444624 0.40008899359048666 -0.5249778731962528
-0.47273685719562863 -0.44376412670245974 0.9778223182886464 0.20157407248673254 0.611002125128162 -0.7845946674906324 -0.5898178876786343 0.3757207725195628 -0.012655853044509065 -0.612883708867411 0.38516085403573513 -0.6094700829117085 0.3301381781767011 0.417893607579614 -0.47071812607259633 0.3029280700184305 0.0787109115111799 0.7194353922868011 -0.69241195442708 -0.44532561842871454 -0.16811482704288674 -0.2696191057135177 0.9376353179832252 -0.9567931719369303 0.21967194093226516 0.6076305431493346 -0.8191943408400494 0.7886009917084308
0.8352238524985472 0.3870377846313323 -0.14845236141411364 1.001497283112313 -0.9033002808638624 0.07331192326574107 -0.28695934371226084 -0.6497530078155622 -0.4468048793337746 0.9348278270941088 -0.021150351302628944 0.5907486844665911 -0.6995263316676233 0.011508552224844114 1.0374018997060381 0.3884635220060291 -0.3200391045795441 0.31437612710572793 -0.03570353525436888 0.46369913009518465 -0.9269685540357115 -0.43876809639764913 0.013774578476939862 0.3676408591902781 -0.16741596532452732 0.2860004334764511 0.28634138448530505 0.4766436863716575
-0.6944919263351169 -0.9474451110340655 -0.8095714639081094 -0.018548375843524593 0.8782484971041538 0.8232410846395607 1.1038009261247061 -0.8347016548540386 -0.40690836089627563 0.8234261732919148 0.6058129872695083 -0.4305581353893281 0.7904863260213335 -0.006892349682876496 -0.13152621760284305 1.062560146810335 0.8990762840055571 0.7819012163002895 0.5166241468714542 0.7114154441822437 0.5372179522569763 -0.976751485708118 -0.48296738382438625 0.33226347619231833 0.18082687798929412 -0.7502135884822587 0.03884862587215986 -0.9157801144979331
-0.4061 0.6332852572993883 -0.8870016561300746 0.11325778830479599 0.4421462331555481 -0.6643935464072871 0.8747642394453734 -0.074179926501339 0.2671011338408997 0.30569662309887163 0.7954031348371857 -0.44663550768820054 0.4691739484161965 -0.5921157340804456 0.9021439614861237 0.09724084096344551 0.11931746887092887 -0.4877509123958047 -0.397159448071118 0.6822647462516199 0.5528770321278951 -0.47451162616376974 -0.13384273802820518 0.7472659949126613 0.02208571466010038 -0.30757401000673373 -0.4173335409842735 0.02715471658659459
0.05970035587480694 -0.6788901795756593 -0.6327012881554813 0.013460919460025573 -0.5235629408474242 -0.8399183438085499 0.6131017751333414 0.03670301912835757 -0.35100161426615145 -0.6757111831363753 1.1451446124093008 1.2115518338622304 1.2785822243730685 -0.001701234505159733 -0.09952460511585134 0.26132800907101456 0.5385771555871557 -0.6697792413853082 -0.5648825856484594 -0.174653447068414 -0.06698698361422221 0.347970868648333 -0.27747008390491634 -0.8966752231794728 -0.11934465092434907 0.5410853367685158 -0.13071035634378045 -0.25556879364539625
0.262 -0.3366814000246367 -0.2643610687701494 -0.47483206527625993 0.7946566387729486 -0.3804804619145513 0.4138600140849227 0.8396130495571096 0.0536116311270143 0.3443022904722921 -0.15844706329932498 0.9343394198973307 1.070213603606306 0.8188636946355708 -0.008855645725991354 -0.5957488120882262 0.013554699865562327 -0.5985298908676866 -0.11500108902589685 -0.17630253141341318 -0.7765986799352834 0.5936305514478859 0.3353602615352314 -0.016957032318696524 -0.47851916084914103 0.7837568368951197 0.8081761697198042 0.059902349520371156
-0.1058 0.6046986405271079 0.12371229959682664 -0.15527436521224833 -0.3303519561925397 0.09257624276331593 0.3718586605345394 0.6324180426116428 0.34239613421113535 0.9693221628484154 -0.361091004348128 -0.12487540217428415 -0.32491907703781975 0.6504822454541319 0.5022070155359344 0.5738947023602405 0.6025510089169928 0.05345387407670491 0.5840399132938358 -0.41353991847158 0.643010082953012 -0.5754154916180605 0.05622640150958183 -0.8426509203617563 0.12658150399373796 0.5602634429202419 0.5635664596913622 0.6780999266162471
-0.46009991072516787 0.6641862801065661 -0.35394560827148774 -0.13213455922883915 0.5921651696157898 -0.04322700728653212 -0.49469864712065725 -0.39569112159980896 -0.40285023129228026 -0.37648742673650276 -0.09708622825155434 -0.22190918288835557 -0.5993083854847266 -0.0750013289492298 0.20988005077295965 -0.3967272222809825 -0.08685846037844355 0.029624021484079863 0.10404277665556082 -0.025738016603807555 -0.3732885170876632 0.1846214196016332 -0.6921203545254629 -0.05117845463532284 -0.3797869638038298 -0.37057044857011384 -0.0687865100743993 -0.28969997456609287
0.9662000865005542 -0.4752967937232526 0.8361138579806316 -0.48847779009477515 -0.8685811807913669 1.0638822278049067 0.4398905780143022 0.42468297975119346 -0.45831528065422983 -0.07877016887683214 -0.7891641292321476 -0.5707466964582092 -0.35513116931816163 -0.23299533586363205 -0.34655611742192577 -0.3766314335309645 -0.2895304850034412 -0.5364889090572229 -0.292132600282606 -0.4473366420154454 0.2695424501910981 -0.012176945427312656 0.32494983060242594 0.27687685793287875 0.6366693252978369 -0.3838718968352547 -0.8134035492267347 -0.9843999530246215
0.5544 -0.1898 0.38033953810172794 0.28117789554848904 0.8174365704758205 0.8551886966040975 -0.2316628287370163 -0.5811107288441169 0.5645940138518264 0.30454229053324194 -0.5744070039516713 0.822658691903078 -0.817659847949054 0.6294178612698684 0.3470548610555021 -0.10117116487948348 -0.1564660535923647 -0.32007387590179087 0.9599805530177087 -0.12788634450201333 -0.9072492309330964 -0.84859742114645 -0.8709887498943231 -0.40338047856214404 -0.9273865070728773 0.3663163090468861 -0.364299133640223 0.495
-0.4307 0.8797 -0.28265287624029833 -0.8022394190499019 -0.44167915281301023 0.8901939215196353 -0.8903370809592862 -0.37830079913890674 -0.02674542818118958 0.8154276449999667 -1.0705135839054978 0.397492278306163 0.15373046440973312 -0.46630030700635533 -0.7432812265989608 0.2787442944499714 0.6416715166761013 0.6650464270889987 0.11154149910748969 -0.542013102231661 0.8902629338052501 0.33533600960464566 -0.11208356654694789 0.7201035988751912 0.745458614245316 0.7716306964178111 -0.0901808906422012 -0.6975
0.244 0.4693 0.8908399243986242 -0.19563711760270464 0.016320923666748016 -0.3619321562933344 -0.9719126074171303 -0.9530779119157244 -0.4738580468363382 0.5698465140499938 0.3160402816175291 0.30985357848976636 0.5628427638791929 0.47026787069032144 0.33902021743727817 0.4389648883692763 -0.9422175619167571 -0.14688793569625308 -0.4180035853240128 0.4424764762533587 0.7638184031203515 0.384011263728246 0.21473428762126553 -0.08428371054554168 0.2520276722680111 0.9937159332743862 0.23101935169968127 -0.2085
0.5583 -0.0965 -0.9416 0.5347875702761404 0.8457945891010215 0.21746665285339015 0.3899257230122965 -0.9633557487791704 0.9453645788866007 0.9488812168648711 0.9467359927911694 -0.04670967314296749 -0.003722129029300326 0.6263690435863896 0.9830893663781392 -0.10975493197132835 -0.06698956821312729 -0.39201659915022763 0.9037860933762004 0.19912599423503763 0.8544256843668528 -0.5451877746041819 0.9735867801374771 -0.8027110880840714 -0.8557999999904684 0.16790027708535843 0.1691 0.9014
-0.2204 -0.841 -0.5774 0.0313 0.338805412016073 -0.6112267905255174 -0.5811253253165491 0.6211211295289181 -0.7812253083421007 -0.7847572741495957 0.28222329546077146 -0.8034243983378216 -0.9081643989876884 -0.004347233569758794 0.14610323508690828 0.6980802952946371 -0.8540774595044188 0.4377830581615302 0.04988789471289549 0.8734512695902239 0.36343310827824526 0.3620404079028761 0.48432530362332626 -0.7986877818952213 -0.1888 -0.0894 0.4006 0.0083
-0.8091 -0.536 -0.1666 -0.2465 0.8692 -0.8562 0.2488 -0.3363 -0.226 0.3823 0.7277 -0.6047 0.6957548094094775 0.04719771083530243 0.46231739951109485 -0.22279927493478732 0.8486 -0.37 0.2177 0.8042 0.9418 -0.6076 -0.8894 0.9804 -0.566 0.6551 -0.2365 0.0738
0.2228 0.1722 0.1837 -0.968 -0.408300184248957 0.8679951956821841 0.2958486542305638 0.7923063221163651 -0.5786352966961776 -0.9249887723149552 0.587227066971595 -0.896142719818615 0.032672970071650244 0.6954212916536918 -0.8022294500287878 -0.10902950304057427 0.4062970226439378 0.5171073701572757 0.48664141985420156 -0.11835595844970001 -0.5702347153929207 0.7296738682556266 0.13057341272200967 -0.4580732601733773 0.119 0.275 -0.3771 -0.9127
0.103 0.2728 0.3738955395592641 -0.5920448910489587 -0.5356370155032041 0.9575138558697579 -0.4763439797365456 0.7959460436001093 0.9532550572019641 -0.8380204015635108 -0.2095974806060903 0.19639139959634422 0.830927905570268 -0.33855124819901133 -0.9340416945673585 -0.693532898530834 0.42972651102370607 0.724076624822404 -0.5965061517888434 -0.5962590344638145 -0.312667561449849 -0.7358364154645878 0.16607817830662597 0.22122650403068314 0.3099950661497247 0.9465829213731118 0.9228 0.2392
0.7204 0.0257 0.9982897278583427 -0.16299966260914775 0.5327640541591833 -0.446236144210058 -0.2604613131509802 -1.0069218580275774 -0.05813907204975154 0.1250137709222578 0.6501756933929763 0.2904345867984917 -0.8438303483351934 0.7887525574724626 -0.07336229178915196 -0.4521657313774375 -0.5645083253802221 -0.01122729321512784 -0.2783155383948584 0.8085766178450019 -0.8154349037948858 -0.9543641036336025 0.7778418757330513 0.037601156199471276 0.9087206962827742 0.26317722137669863 0.677856765005502 -0.4956
-0.1175 0.6001179596125865 -0.4998555901957883 0.34527194653797144 0.11043269987097605 0.6432395674230625 0.0212856705623318 -0.762544456582959 0.37731898869574554 0.4995384467637578 -0.5766408880201327 -0.24481572053265432 -0.4762549226314625 0.8604625961480248 -0.5151894840875676 0.5863121909337212 -0.6250448172392487 -0.5497920738271261 -0.9640796355131753 -0.43746591076031255 -0.32820962005453164 0.6631325126644461 0.7528090642015927 -0.6510874220267172 0.9749703906725036 0.5977050543705319 -0.36289166676006146 0.8211993469821305
-0.2388 -0.8443 0.6451498317462354 0.8229840585961734 0.3522878429591715 -0.08578674531085459 -0.9038350742913499 -0.46667772616637626 0.7906359442977229 -0.5469018938404105 0.024374235908413647 -0.8737051660624381 -0.7020141936332011 0.42263797396762576 -0.8242162459398815 0.6512998241206583 0.6685370943661362 0.6218769584011437 -0.14005853769284157 -0.958403552919823 0.8171795216705461 -0.6303111894160164 0.15377021189672244 -0.3703481332976282 -0.7928575614754142 0.38663089306855586 0.4011692839992568 -0.0748077225938847
0.7537 0.24940021134243062 0.028504894116669954 0.5032760266314554 0.790100813278863 -0.15381107253481008 0.41143294228181077 -0.06266351406308385 -0.5747956309144044 0.8948738635586729 0.37431284991736746 0.2398577842801289 0.6081409690371741 0.21838555842974092 -0.6804939479326044 0.28163758583546517 0.8224953556053389 0.27452664808884614 0.1358358785045771 0.6632732542497106 0.835701288751892 0.09862472331642326 0.26756046386477167 -0.46628267479138313 -0.7937556399688214 -0.046648379560912154 0.8903676706771958 -0.4580000944655451
-0.9881998522457479 -0.7356874050488164 -0.722769424565189 0.6456970828096008 0.06430398660649311 0.965647149515709 -0.1395854626131962 0.2167275421306747 0.11797153783523813 0.5846494863324545 0.7384687835186842 0.7677617368045737 0.6364303727649604 0.9261195839031643 1.0398516944860252 0.6234282101879107 1.3237929908141506 0.7100340445864429 -0.214152154607338 0.1856303605215676 -0.16827326237334223 -0.015574049574925483 -0.43303310687505336 -0.318930679641142 -0.9677694939369024 -0.1257626383346292 0.20615872639800836 0.9612259815775547
0.43790060047712837 0.98219829070276 0.7483917134342198 -0.9387443260497285 0.7134622581483315 0.06608697209992351 0.33230937266868016 0.44423664793282336 0.38174992696489735 0.36780698085400376 0.4441202968095456 -0.5800526229036939 -0.6224619440956458 -0.02979316500409613 -0.5760843055059014 -0.1367622935449273 0.5808059509119367 -0.41884361984945184 -0.0680174878855446 -0.42183753426440795 -0.14941878370786307 -0.31262265762045355 0.5859277311354707 0.1178388891186515 0.4781287054915034 0.6943146206816487 -0.5784162296782176 -0.618485268813875
-0.026299902512658478 -0.3781261282558276 -0.031227656929933425 0.4963936794729296 0.31119778527053155 0.40095748201903275 -0.052705352916754634 0.28032669849217556 -0.9147432385960519 -0.8137701617940942 0.5598604130240785 -0.1038477461128888 0.21314226811934214 0.6488634516238855 0.9155790362664331 0.7016924482797481 -0.5979199884960275 0.26884393070272095 -0.37882059304607874 -0.022434960806738027 -0.31623764852878 -0.0973468237879634 0.6569512719413549 0.2103766140843005 0.8148298710637536 0.5808779001717012 -0.6504204507684613 0.1364719419264451
-0.37329963075886463 0.7305380308602751 -0.5030723803221264 0.2947833675967229 -0.4216831470737879 0.11599237466323231 0.9561602241523789 -0.7153717111322995 -0.7741311585305397 0.9415274680941914 -0.08946661478036584 -0.24989192837356927 0.8008622093079157 0.40900170033597205 -0.7884964749583119 0.2075122731480781 -0.005900499398974742 0.6984473909835159 -0.7142744448384268 -0.5093223093341495 0.6204800517333933 -0.247284364246893 -0.656855136046347 -0.5509963137815496 -0.2794041704932621 -0.19311909052677861 0.3526412475295333 -0.7512354385449744
-0.852452543305912 0.7850743949453055 0.09968472560605506 0.8093303346676969 0.10858515765014182 0.5370080989203321 0.4756481906063149 0.31074765628162276 0.7884520177501975 -0.124641425128828 -0.1063538933273081 0.605160977503699 -0.3416423049039143 -0.480452583373264 0.11610125500391265 -0.3611595783255155 0.9499991479325186 0.6291464403029332 -0.5718082093121808 -0.5591690752044561 0.723708570587381 -0.7806205246323796 -0.7378047201047813 0.23852683429950927 -0.3082785582318005 -0.25857590700847555 -0.36043300786636984 -0.10056679910903743
0.9685999602753731 -0.3648582534694807 0.0978234592337347 0.5959869047150737 -0.14730611991795245 -0.4700470507010739 0.2006268421916242 0.8929586096478115 0.5430124154515703 -0.5144144057414631 -0.7014467883027217 0.7989152161036468 0.3135848999658986 -1.0406363247398875 -0.29599566676204825 0.24675652740331933 0.776248684857857 0.5950175770004598 0.45249255527977816 0.6752743011774374 -0.405775947925374 0.07027284418829616 0.326216558782879 -0.3728227136428372 0.1461237581009551 -0.21898779947891728 0.743936629182057 0.23827098389527346
0.6691976467859726 -0.9542562618285044 0.8350965005828384 0.03274459039453512 0.06931310457671531 0.2878820115864763 -0.2598656531538527 -0.795558946627596 -0.03168998284145244 0.17243484012257349 0.5707529133045666 0.09943767452285206 -0.606308005829408 -0.5480792836075564 0.407761946052765 -0.5925568357802623 -0.42769258711604957 -0.5365126196873853 0.43442920052768214 -0.6942602260717384 0.21528308244821664 -0.18430932039560838 0.6123415015771488 0.00683925244273139 -0.3725056069435929 -0.694778175451409 0.16432984340409726 0.5695533322344357
-0.3966276551827054 -0.21497022261043247 -0.44433496919433707 0.5234892597308022 0.11668275713678655 -0.1894362086776153 -0.43943743829461185 1.074068511155564 0.3029473315138455 0.2847463580681774 -0.6744785109500863 -0.30187525955892075 -0.21215205883149338 0.2756271809647698 0.25697069811047585 -1.013775267267906 -0.8238180347421722 0.3476025385770132 0.7891281738426859 0.6473702217597422 0.4460290696847992 0.8571542015576397 -0.35197893782959977 -0.8777348925904003 0.7021696457956131 0.24266443798433407 -0.05957940322149463 -0.7074732459501404
-0.13830899156389956 -0.7881956171481466 -0.8811316617754219 0.8820866649143104 -0.6012791840807001 -0.5740580888259658 -0.22341253466524505 -0.3592973748549397 1.0268992256971954 -0.6886520871038249 0.4541947179797099 -0.9048692103842474 0.12381622645994245 -0.6705378338479331 -1.1616853973057566 -0.4574924197573046 0.3693674817149952 -0.3336360135716214 1.1501152796915561 0.11983127963493469 0.6012492083223278 1.0044319646798636 -0.39927730410476764 0.2563444158400278 0.947546375831381 -0.04531387476889718 0.8140463051249524 -0.9636049414743969
0.17170036832496824 0.4448377203325427 0.38560550191456366 -0.7022686771219526 0.433781159506072 -0.17285623279470938 -0.18686674969819478 -0.3894817485847806 0.3612285907569226 -0.8611294170768689 0.34338285051331 0.42035057458941677 -0.35217980876613575 -0.7461941051781197 0.5924757134032345 -0.5297064268798141 0.41939891204655005 0.8591488562572318 -0.4167190309454194 -0.33056874282160614 0.11595646539077245 -0.301493270666536 -0.4539242854336265 -0.8177175105371497 -0.6928383633975238 -0.23619347053902986 0.014743989085975018 0.6511261330518058
-0.0902 -0.3023586596944086 -0.39136319220425486 -0.44477757489400366 0.6777655490366855 0.8067560806756563 0.4200248045513896 -0.2647314289056771 0.2197036895785121 -0.7205432067053787 -0.3869575489634256 -0.9194418107694611 -0.6036782720002662 -0.8620088171314453 0.3505659755919582 -0.35525768582693545 -0.41259360946483536 0.5908156796705104 0.23309697965666246 -0.7689879928352815 1.036374749355283 0.24762871205683654 -0.3633442941294115 0.5072204687891166 -0.7963289934030655 0.9234194666115805 0.7354056031619133 -0.35894178702784435
0.11060294674516329 0.30462190994605365 -0.12565137372791046 0.5231786481124707 -0.6789679881590679 0.8676448877245942 0.4110575135953154 0.7054696406657474 -1.0173018699294651 0.09052623228877758 -0.8970296364739531 -1.1637112101338138 -0.6493545700126961 0.2837015371911243 -0.048551540587013005 -0.11569875925534266 0.4896002936531067 -0.6679041793703958 -0.7656600495812305 0.10809364444607561 0.017594778645816444 -0.5561637273726895 0.8223482140724165 -0.253212079591604 -0.08324409245835476 0.8894624764031548 0.19570349807308168 -0.42304709181030564
-0.2179 0.3422372749302134 0.014185683803587642 0.48948668145906693 0.8531769465359225 0.6620169974226238 0.20537938434422484 -0.8198256843203514 -0.4960219689022897 -0.7589335922336793 -1.010649865981894 0.5474272764835061 -0.5635812325827577 0.3260996048560076 0.5370641653902154 0.11642206452416842 0.4593348049053333 0.03805847507448395 0.07182278682559298 0.7730914520936097 0.11007648424278635 0.18887529611510667 0.4143116788208279 0.4957732173538547 -0.42295687800174986 -0.6091231827241514 0.07320544669152776 -0.07541292821269938
-0.0068 -0.6220150154111621 0.5825583172183735 -0.41473845893145633 -0.2808059559785482 0.8977357339306038 -0.19317204633110216 0.6718194425634048 -0.35171882510504526 -1.0625219071944614 -0.1733041359237663 -0.183601239146181 -0.046945340962364496 0.3273789598033217 -0.49836603425805026 -0.024476523239892817 0.041818960882767944 -0.07515290574701335 0.7504357637138812 -0.898428295409243 0.23170476453790056 0.7840868831706679 -0.5203043076722714 -0.33462604085041886 -0.8037533483536541 -0.731451599169964 -0.34209450192067326 -0.8761993753738734
0.18859339429435834 -0.6199793715795608 0.13241332863756844 0.49651270954089444 -0.7421322964315449 -0.9177990176165008 0.8616782310104387 0.5212231656790625 -0.9610285753451201 0.38115620324967925 -0.8689500257780257 -0.5396658730724527 0.7876425205393919 -0.4132566322718738 -0.3108601482886235 0.08733542128383096 0.8199484161468863 0.6874968596764588 -0.32560020525763744 -0.616700664080336 0.3752050853338648 -0.5299732298590175 0.3987757734218185 -0.9195268987678017 0.18322006079269623 -0.1709011907222879 -0.6076631493270195 -0.7169981302617021
-0.28520640042873324 0.07930086099009159 -0.6603600066090666 0.4110609302137497 0.3678398008345931 -0.9620771373338293 0.450019226427222 -0.6245471532288912 -0.5121907078198066 -0.9248488731548978 0.6031189247249777 0.46913322851793715 -0.5149905538427694 0.4317140521930368 -0.24794539266090349 -0.5545226260683807 0.15865795157534915 -1.0184701021396427 0.6613759796506905 0.04769636168001058 -0.6449416860228394 -0.27349961995383193 -0.09702925703219753 -0.08815396339528195 -0.9322958713842625 -0.3748475583231827 -0.14359035227183742 0.34800345332959653
-0.4242 -0.0445 0.8756612426998593 -0.05771017656225303 -0.8023672523112582 0.5794121184160438 -0.7663179967706444 0.022850150099072146 0.05998215026139759 0.5975696599003129 0.37639603747591743 0.14021050758025316 0.029378561524515477 0.2946685749959583 0.3507396158244244 -0.142976124619366 -0.45549410018704944 0.19348243841197907 -0.9938572040293332 -1.001237490436089 -0.7921577569669289 -0.3441644812055063 -0.9893969373654242 0.013181273039265121 0.13821508290665444 -0.7091446286139907 0.4515649150677761 -0.8182
-0.6143 -0.9454 0.4165286454932066 0.2918892735540835 -0.6727655548271222 -0.2108901570305582 0.5259737442420778 -0.0855053271876655 0.25977049231942073 0.6285894803731906 0.2147977088740975 -0.680772466978885 -0.47849011031889843 -0.47176275949210755 0.3607752499652177 -0.00130822709605644 -0.9017349791239018 -0.7508000260066641 -0.9271249039384345 0.42929578933463464 -0.09950873567728581 -0.10942567059258458 0.820814241548821 0.9808756402351186 -0.7502661444993254 -0.5670088529691634 0.021631428528772968 -0.6086
-0.0931 0.5177 -0.5202574617045651 0.972542471319944 -0.8285274331420315 0.18899290597560883 0.6907624410390922 0.3743157616818036 -0.4838337801318017 -0.08306727423366776 -0.18326392445099976 -0.12605606765944558 -0.6106460295747254 0.0676186459887257 0.18729992179374025 0.08935223699411701 0.10439895110787908 1.0181763584833026 0.0391948995622645 -0.11601128072587402 0.7230830869404431 -0.4846680911836551 -0.12176381455565707 -0.13423574719698003 -0.9636961080937679 -0.11273919795804302 0.9404437659902325 0.0515
-0.2251 0.9494 0.8972 -0.7753424202416555 -0.9110851822952428 0.5978667278840831 0.45708659577034455 -0.12897804595520956 0.7072587451929306 0.6711350986801377 0.29069140959548306 0.10387628253107505 -0.8990673207412149 0.19562273856180584 0.15921291003061233 -0.7987337631840775 0.2592419844211891 -0.2104429296310576 0.8599492975239641 0.4323167996978542 0.7806987712385951 -0.35664102671045406 -0.14475224337080317 -0.336996497940079 0.29240038939383917 0.9790038331242363 -0.5462 0.1101
0.2474 0.6876 0.2516 0.4067 -0.7299998455437524 -0.09229757463273598 0.5862456808980507 -0.13511340771592648 -0.0026240170370766874 -0.26121473735310546 -0.44390818414272387 -0.8492743668922695 0.9719804434097707 -0.09463231398953918 0.6034784394367334 -0.001509526304765409 -0.27073056679608326 -0.11115517903660711 -0.441840052424472 0.09946571648960244 -0.7200246856243642 0.5828855225774754 0.33135566469797606 -0.9096317804039931 0.4004 0.7734 -0.8867 -0.9185
-0.2087 -0.7276 -0.6621 -0.3224 -0.3502 0.0404 0.2628 0.7953 -0.6051 0.1517 0.9473 -0.854 0.7842480480476937 0.1281238915857193 -0.5152792135048438 0.3005008662062083 -0.7626 -0.5704 -0.8114 -0.7533 0.5592 -0.0134 -0.7321 -0.0963 -0.0748 0.1585 0.3156 0.3319
-0.1417 0.576 -0.8179 -0.7201 0.703599999915894 -0.00030001582926592697 0.16821748576026016 -0.9854676060596645 0.9148379361020715 -0.7989311411183808 0.8614148385211723 0.08614683778989451 0.9901344164604493 -0.11479859445566039 0.8117198793481376 -0.6021770745510314 -0.6704322421629618 0.011444381314018164 -0.719375988149244 -0.999851385850662 -0.22077223125295897 0.45716330541905165 -0.8378273301044984 0.801514827597629 -0.239 0.4066 0.3703 0.4493
-0.1359 -0.5769 -0.04889523043149153 -0.14381026772391473 -0.9683425798723942 0.7642208364924035 0.940337969155531 0.361590407589125 -0.2567919650645439 -0.9285394611402813 -0.379853805901265 -0.555598911715456 -0.7431873374587827 -0.9089270577417574 0.47907479565023714 0.5320020074011487 0.5118318831593818 -0.29519241686590636 0.7426311586100511 0.7797633169020938 -0.18304125205984748 -0.4402074471055503 0.4291687704940383 -0.1280453497542127 0.5648219707817318 -0.3771045025653374 -0.8404 0.3942
0.6267 -0.9585 -0.08588948737067378 -0.31312840764373345 -0.5033315762335591 0.6782090766538896 -0.4860539101059356 -0.6904915707716771 -0.6911126430901098 0.39676875032271225 0.9486864607779731 0.5422888600593926 -0.18732674388899587 0.5034186454748226 0.7186062566009854 0.1179034264245916 -0.14791377772503264 0.03179213546261984 0.5031008304722986 0.2348659685258533 -0.7416380413794593 0.2211490742532636 0.3223059036888432 -0.5572326742208799 0.5979617317631534 0.10288991879008828 -0.5698287665949983 -0.4555
0.3987 0.38369310812840496 0.8757566495956444 -0.799900580518909 0.8601201263072015 0.015508752892729983 -0.5382875664876334 -0.5456075328041139 -0.016081060318069194 -0.2811794565741154 -0.454501072115537 0.6189440106878038 0.48918405346640403 0.8568625662412761 0.09114855775994891 -0.04121140531105537 -0.8522871513128057 0.042759918094510144 -0.34388735686247107 -0.3184612569479069 0.5167446400819291 0.00469395639894225 0.1489340006134079 -0.187075726327332 -0.9508683654850052 0.3016754236339553 0.002488928071584649 -0.8793354492117745
0.7816 0.2987 -0.5545155939509512 0.7458747539656442 -0.662527506347991 0.1922524767314824 -0.8111227078075685 -0.3047564273793099 -0.7856414619432628 0.5862311337841837 -0.8849698507036897 0.6257304393888172 -0.2885378170201387 -0.6998054803224741 0.4558725540382589 -0.5037798446115227 -0.1877970749598185 0.6589500236063646 0.766899638797524 -0.4645943871335031 -0.7564087729201912 0.8312604356730776 0.8376398126012162 0.09345152603125062 0.13296301545959294 -0.7768480264348805 -0.7291052871890534 0.6032200651591314
0.7485 0.7840005170065169 -0.632878418599604 0.5666152537646519 0.5675938813491348 -0.10571456488222532 0.2565796266850036 0.8682871285498817 0.693185359336401 -0.5747775973279429 0.9744922791720421 0.9205687046604129 0.10705187532899348 0.06262330093632527 0.5392750357738343 0.0019046655109913723 0.5193414390689741 -0.12409108026671267 0.010435373071620891 -0.15675022042911663 0.5031918783680732 -0.762452401244097 0.6165759318587595 -0.3859609732208318 0.6800920487642537 -0.3916393454175186 -0.4115386815897053 0.9660478360326602
-0.2612999999870219 0.634242986848893 0.3114700632720874 -0.06680223186400396 -0.6820527487864153 0.24559390164916375 0.9976466484702571 0.46951992929153996 0.7808697757463255 -0.8219633665395354 -0.5707812628092194 -0.3406488605916975 0.17332658942759077 0.3392595322981285 0.6511532899911545 -1.1455916977484322 -0.5803054567422744 -0.391848475125433 -0.7303350914403242 -1.1023132314847002 0.02366893713288555 -0.686749235534271 0.7368922003993039 0.28032395805049903 0.01750151866470201 -0.008792744168208029 -0.5769409394928348 0.553444468800246
-0.7940999999472569 0.3972950522835277 0.7354967525420343 0.2171114471270911 0.5915530363357596 0.8315608419704494 0.42585629012688 0.07236020240298285 -0.8284667620955313 0.942219026095961 -0.6491995199150873 0.6565570301777996 0.946221553519617 0.6684102400435924 -0.5653228970688223 -0.3539933660445305 -0.49597856563772824 -0.5775123502409171 -0.4705419669800248 -0.03280676303871237 -0.2042851635276556 0.819558030579384 -0.08533620528381881 -0.6665384328525918 0.9944192406831186 -0.21012688472225832 0.3962150804007715 -0.15116545631698722
0.9060000000085628 0.34294228334518817 0.011977242571432168 0.22544331140254043 0.8106484904054252 0.20329118222788234 0.9334434708550209 -0.505416801518647 0.8232859210301573 0.016725115998759435 1.0727846853976053 0.0865970100489197 -0.23947438885126157 -0.08154062423776541 0.15675477226715476 0.04052447337871954 -0.12130307213581874 0.5891202759278815 -0.032395784093423204 0.5893432311897344 0.672706275377274 -0.30782600200496923 0.6641118917498342 0.6257085669991396 0.7343309530296213 0.7953256002663823 -0.8884073090063117 -0.8152967550463945
0.3682031976892973 0.11755565475005485 0.5911083479796845 -0.017810231549453864 0.10527601713955616 -0.8899099858866681 -0.4904144071477511 0.29658007041273504 0.07292482510308809 -0.8625602186098155 0.2834044556830546 -0.4814587444613085 -0.2160170862017335 0.7803883260745156 -0.10886491222112657 -0.18974233658202966 0.6799382947268815 -0.10743317599675542 -1.135308830731234 0.6519896516605737 -0.8131638255164766 -0.8801907636908423 0.21277960791446443 -0.13166456834551282 0.873559049921406 -0.8694382540454401 -0.4304877210897671 0.17491566929656888
-0.6445883536576251 0.13350438234622558 0.4355852341231445 -0.5808833488391426 0.8972495177155436 -0.9380372491876644 -0.29509556734906395 -0.787841359310911 0.9860870843466067 -0.6892473138124623 0.5722321540702882 -0.25713952481408375 0.16848245835922598 0.22099529490394226 -0.3936332529374225 -0.6527129057258321 -0.9717181581582506 -0.05985470853867824 -0.4892322887563427 -0.2764707027421212 0.5334814192701318 -0.8243865970653067 -0.34677429927297526 -0.2686426204535114 -0.19125626178980473 -0.27673146667597043 0.10403332947183272 -0.9934091260929369
0.7467375909393926 0.9805130338435023 0.6018976424036423 0.9776391112327562 -0.8969031381128316 -0.20565643018394028 -0.7689052623219164 -0.5302199092293788 -0.2415931207443501 0.2127017475683002 0.7790718184069729 0.2722136601118575 0.7922456458154548 -0.5632813444109538 -0.24927489218729812 -0.9483831836527832 -0.27634985855373506 -0.0780196000586276 -1.0105202453415831 -0.10252690200415018 -0.8631681904914452 -1.0569909954274448 -0.19617500004214103 -0.16055540309075372 -0.663493773827851 1.0263618737459608 0.1708190050560109 0.6534896362890438
0.4481992722791847 -0.10445796105882275 -0.5724845218511688 -0.47297358492602215 0.5323327763927057 0.3797641793060628 0.6655333220592533 -0.5415355436352591 0.7399948613251552 -0.3828899739814293 -0.39993821843498517 -0.568010828925335 0.7442531613302743 0.4416449584788002 -0.9161932115952918 -0.7750666451680679 0.467530636882006 -0.34297867783732966 0.0646616187404161 -0.18769929744674324 0.09188348467725942 0.5287896594398236 -0.8968651483560928 -0.7521647994620898 -0.3765801599303834 -0.11633884850566097 0.7476316480560383 -0.32112064548354313
0.7862665209860317 0.48028480999703355 -0.08189613764163071 0.8704656336242599 -0.6650132747499957 0.39211037675635824 -1.0462873112187896 -0.7736109371680496 0.10564692750064902 0.6929725620492005 0.9644754966491211 0.06948643158753853 -0.0714472269860124 0.739558078207316 -0.7399737911945894 0.7512885450140718 0.8128003770882496 -0.4015341663213385 0.5069335960230771 -0.3786023399070438 -0.12529035224247423 0.22597772514601333 0.49004005615221174 0.7878449507280438 -0.7484454970348439 -0.7138878879276556 -0.8038395285438937 -0.03186221460296076
0.2064550500512026 0.4539933208035525 0.3182069899774802 0.9417863580221325 -0.10350427005296564 -0.8487576454746161 -0.6348553712582545 0.5571970932492791 -0.7000749001281779 0.22909299371875466 0.5779402828068114 0.6997265923965929 -0.6619247299699861 0.6489846236852798 0.31553544013586793 0.22967406921829417 0.7077904759169756 0.4100243614923426 -0.19097131167065198 -0.5099398650600985 0.8919812374121836 0.8888895086600275 -0.8120311431697361 -0.16762934559491505 0.39126599313506016 -0.026982907203197844 0.45456469794550447 0.9448686790156546
-0.912297032254386 -0.4393252714462102 0.9440028150521081 -0.7349621291373951 0.42214903128817916 0.5930637723365467 -0.507392547938511 0.3928190300271108 -0.7881578908874617 -0.1923007642543001 -0.5434295505638326 1.0229294275705136 -0.3425257717087455 0.45926010445853654 0.3728305879683827 -0.038275726122363005 -0.02749187778923624 0.5094359160536575 -0.5558093302462638 -0.5030404732859453 -0.6363942845909187 0.46875027280773085 0.7269567612224471 -0.6054178568926627 0.7040467729367181 0.9384683114336889 -0.003743010692486612 -0.05150880206022711
-0.458 0.7833453467060737 0.8442677889729638 -0.9463057069871315 0.9468410797127117 0.06064360487737711 0.912071256798494 0.07508473036385542 -0.2452615964014045 -0.24069167973247438 0.6471108746061391 -0.5159082243941748 0.9140786418609458 -0.3461641902233109 -0.3724769674991556 -0.24269265944206056 0.9075234211040831 -0.7704603658230427 0.6152853164733866 0.15949381068580262 0.6886660186997043 0.3205853010717143 0.7179020458013018 0.2518976079461647 0.13611224893536542 -0.8196891930850144 0.16102362501614273 0.43382984488532994
0.6198789646143124 0.17704826965078485 0.8089285840612609 -0.3891444719829572 -0.2323290341604628 -0.7394525322168185 0.9405244458631098 0.6231225069869416 -0.46788984871614875 -0.4387406575836024 0.7021116802595734 0.556340250763048 0.00916521176175666 0.9079775687577805 0.6930247205834534 0.8355228196003028 -0.08947293868415639 0.44557775676414263 -0.6518612078992102 -0.3543538993618896 -0.13539379307180707 -0.10825490160077401 0.6415751472632587 -0.08179329596414411 -0.21541010298128055 -0.760247368029724 0.5963312869639789 0.04826775758781142
-0.2375 0.5657760418726996 -0.6859726945578692 0.5557876128708222 0.07196496011688998 -0.2837961183707078 -0.6351935299991847 0.0678518835487627 -0.9682424346153186 0.44607047792277654 0.8780102131747757 0.7351046177249835 -0.40438023929747924 -0.05002066173350223 0.32950311717471875 -0.18617564011463905 0.8094091227381343 0.9993433651594226 0.2752545216718293 -0.23960290381416796 1.0856788524909768 -0.358660119287418 0.22347385396793326 -0.4872836129200195 0.39009393095181694 0.28591688948414545 -0.3552472198231915 -0.8849032524607295
-0.3038 0.48056467777338935 0.17390444446909376 -1.0208925610526003 0.7234342109073251 0.16210486426477475 -0.28803224853674564 -0.4414109043738182 0.539018513696139 0.07781434251567677 0.5085682107601627 -0.5400199682588073 0.02144455655512969 -0.3914632479395298 -0.7188548423249922 0.9513685531379769 -0.46656519243752353 0.01768645706178159 -0.2443829231831079 -0.7983514213775684 -0.7802844506873672 0.5174181683171795 -0.01219431562465077 -0.48063078300800616 0.7554586264940142 0.7575596318390322 -0.37400205607427867 0.14810036680412303
0.6834979816839287 0.6532471815829866 -0.21544399910197076 0.31838876444337666 -0.158080556124728 0.03922854392288464 -0.6422080605746933 -0.24583739701564594 0.22843419726174272 0.36398190873011527 -0.23355004875972876 0.3393526990763574 0.7116941122004141 -0.3328517038387133 0.5058674310884118 1.0301777225520168 -0.7107803701000112 1.046366555484867 0.4218157357033721 0.9769966425920089 -0.21456132214813406 1.09825808221166 -0.68003056378061 0.9456130908729047 -0.7504026498361733 0.3754172599108327 -0.4964116140386561 -0.6011006945632286
0.24419804440450774 0.05659796484735522 0.8775642190599933 -0.987300470129501 -0.6293591714869499 0.5007741459002855 -0.11947678926263222 -0.6358841223839931 -0.0712395850647567 -0.8244555219756227 0.23123663538387057 -0.8158939413669513 0.045639372241017176 0.05358937521342089 0.16571219908105128 -0.36171606707446663 0.0404377178805301 1.079998460422502 0.7978101146406003 -0.8644473601515064 1.0163460730153149 -0.7026890710705945 0.14235066108074768 0.02802524537958921 0.4073678932653463 -0.0813359190053742 -0.6861027827674022 0.4041987171703352
0.0697 0.0001 -0.21173407093376512 0.852942526121558 -0.27989886059322555 0.49837786149791813 -1.0981107844272002 -0.15365961564429526 -0.2654708448418051 -0.2846468525678418 -0.46772459431730995 -0.11640594943417476 -0.8696528047882526 -0.14722915415238136 0.08613628674460538 0.9955250779061954 0.12316135037486779 -0.8396190655909306 0.6068127302057834 0.36650999071549006 0.11647129884415817 -0.9188566271117312 -0.36422930150848576 -0.32258165850032633 -0.005081870161622248 0.26008141473442015 0.03587472811169767 0.2862
-0.4738 0.7455 -0.7308227456089533 -0.855914969910105 -0.13153202936064137 -0.5586622765599727 -0.4985461771332865 0.43297771633279913 -0.9306427518856453 -0.10982094705862018 -0.9051450431904814 -0.4706628888453174 -0.2084006046755675 0.9435607851514665 -0.26670006136829066 -0.820566877047644 1.0068321889632337 0.8823301329790723 -0.029788526212034632 0.19135849261242202 -0.7237955305634244 -0.950117639699941 -0.3878172658839813 -0.31651635833992287 -0.574787867560869 -0.7058085726961878 -0.6783418759623944 -0.494
-0.8849 -0.3537 -0.4821700748805617 0.4258726971650409 0.5523163579606366 -0.538853842675022 -0.46880721045015256 0.5170419180676356 0.4456231110256406 -0.1739161674451477 0.6527035173785569 0.7537332389971401 0.04896586371152615 -0.7602959361032026 0.7123112804503287 0.8739112326119676 0.9648411696195927 -0.5807417187000166 -0.13683490550493854 0.657436835581128 -0.5227832540131373 0.7214130193035552 -0.5806777385378085 0.44810560632856533 -0.3838025562014622 0.8300514499781816 -0.6965375460057501 0.2783
0.1078 -0.7583 -0.1974 -0.25213561334871465 -0.5145712613685033 0.2759778755428974 0.17955083842094216 -0.16868168502896957 0.8042417966804296 -0.45906522915041564 0.38130904080795425 0.20489403656360003 -0.722272949405443 0.7609103835498536 0.3439876043530849 0.09686414534118752 -0.6743103563351305 -0.18619425758075553 0.7740397151968609 0.2746442206352811 0.6269664598906469 -0.9532275577332696 0.5328016231477629 0.9101998159114104 0.8844000013697286 -0.34820044721263954 -0.8976 0.6937
0.9907 -0.8726 0.6615 0.9334 -0.938593341374734 0.19453925429267238 -0.8020300581169935 0.1400094951130134 0.8146989809369498 0.9763704891262722 -0.15855732955180643 0.8875942326139868 0.2727117270833867 0.1470855002310159 0.8335403094659659 -0.03264865264514088 -0.03168438408185041 -0.5133689179175028 0.08825749714993622 0.22029094780250444 -0.7341474857673128 -0.5033600111945145 -0.1915577810829606 0.1707072362596005 0.9679 0.7804 0.0825 0.647
0.3105 -0.2787 0.2874 0.4429 -0.6166 -0.5334 0.0672 -0.7417 0.9168 0.4145 0.7007 -0.7065 -0.6131192564961815 0.7529783178216378 0.018599897684479803 -0.8174000042636499 -0.5306 0.3443 0.809 0.1603 0.7931 0.5608 0.0315 -0.2167 0.9118 -0.7551 -0.6157 -0.1993
-0.7984 -0.8286 0.7248 0.5369 0.6861999780876291 -0.09300327249509159 -0.4143520370849683 -0.5204325994185047 -0.32105341782381197 0.5993999082605618 -0.1870897586307198 0.11455291402398678 -0.5513758985290858 -0.12346198155328524 -0.17525851323671768 -0.44555026410326326 -0.2928299779489602 -0.28464499511021313 -0.08444796695766427 0.578913078897073 0.6622865674902068 -0.22076041218684386 0.30540612271219186 0.3061700547572427 -0.3983 -0.9088 0.54 0.8373
-0.0507 0.4565 -0.7538000066863677 0.35010439068469146 0.6917949679806233 0.15047567776737103 0.024357487485236952 -0.7387971233750836 0.22799224577835914 -0.1674384660358593 0.3578443181275251 0.47741387189173345 -0.7079775258473282 -0.7831444523953498 -0.9032862903798303 0.5966202131584911 -0.657040751026446 -0.42654802221019456 -0.2418245236076604 -0.35454834871259727 -0.9601444979829127 -0.98739453854224 -0.8239610848830383 -0.31753976179133214 0.3021532093807468 -0.7671114545914983 0.2193 -0.3743
0.8391 0.4874 0.6138086299811277 -0.07307771681278519 -0.778359089211178 0.5374599310927236 -0.35505937841034196 -0.9982810553060059 -0.2858366387442778 -0.8120739312493875 -0.807470262273203 0.7705831160074745 0.6772017047643005 -0.6422635418832213 -0.43333356766368264 -0.9270992358854455 0.1911676525872413 0.5927508473299035 0.3407975008160329 0.31141415088191965 -0.786490170253081 -0.8593724038679907 0.045359864597337554 0.259557705804529 -0.9507982432725932 -0.8210187333836004 -0.06442832435304433 0.3604
-0.7289 0.4643000098539039 -0.37531909877491343 -0.7719892990529583 -0.4117012115809942 0.017865086361176064 -0.6707738466752228 0.6920641670657185 -0.6492795007139945 0.38495841153958094 -0.6565179022748888 -0.5998567131510509 0.5559512861881172 -0.5846629666036783 -0.9902736012663513 -0.15455151205888557 0.7380582761036418 0.2477871518711684 -0.8429426134130319 0.21580391360564194 -1.0206301196433145 -0.6654116771097385 -0.13376843734700236 -0.248721548797194 -0.7867847374333751 0.3029898691517689 -0.3500996839643458 -0.12396177275771822
-0.5094 -0.6498 0.2525784840733449 -0.5528366919407119 0.520400824677974 0.35441853499126186 0.8862642933125064 0.17912082243893762 -0.12636328474927117 0.1514196972968327 -0.8015873270533921 0.8576933599627435 0.7243511485894412 -0.5749765249471177 -0.7058789717343944 0.2976902998031951 0.27556027502648245 -0.6821080896633075 -0.6359958922463331 0.5876957535689687 0.23302754083494817 -0.2592190534193813 0.2873990285473308 0.8940943274864098 0.46711725621931166 0.3474876892287436 0.4516995582102083 0.013728324065842153
0.9264 -0.07509763010747791 -0.36642551067228224 -0.176094343212455 -0.4911607473524737 0.09413256948139954 0.1446193656405969 0.12567030282103406 0.9695004994278379 0.6259807618141997 0.3799944134732406 0.3941056061894223 -0.5173146366442063 -0.7237073739270922 -0.949149240849913 0.15514341572402843 -0.7411916804402996 0.7390481231298728 0.5054942851129408 -0.5326230732434455 -0.011661302550974705 0.5784833266180209 0.8016425383163583 0.8462720662239684 0.4443712164952983 0.7231527073253804 -0.39232655083676476 0.32765006186376744
-0.6251999999488274 0.5835188445606332 0.23664460256601644 -0.240650152823635 0.23011257463793347 0.31152261095234857 -0.29632793831103754 -0.3153176636626539 0.20603721305863387 0.49065046995482436 -0.31159583097493687 -0.49872903504352123 0.5761520496466787 -0.8077036422241908 0.10925132446312265 -0.9936604506483927 0.6354984743924194 -0.23232150122420772 -0.7476181870639348 0.5602485280161916 -0.34262945458953886 -0.47164635178355147 0.802845675195987 -0.9427366674896955 0.26511107696837877 0.8876165053362255 0.9703298062053113 -0.2229873572008712
-0.020699999792032783 0.5776473835513012 0.17248202612890137 -0.0817754476512022 0.5745794157439736 0.9846996205855105 -0.3121675426950805 0.9072692069885041 -0.8713181806509955 0.31922615783341385 -0.43916314451495586 0.572957504441748 0.39174804792166373 0.5343286966685965 -0.5205253516841339 -0.3156476147448987 0.13287599450001178 0.08554470455848823 -0.35271782422472275 0.5248460513008961 0.5275789897135509 0.5481295811609476 -0.8827595285642448 0.2554817640589866 -0.5687642038565771 0.4539735738005077 -0.8562944800417581 0.24589308579244462
0.34120000003376344 0.9819450712381577 0.34506537971925993 0.972137911044531 -0.1291580191479941 0.953324413450618 -0.7033346695638151 0.6956684391710373 0.5546622594149211 0.5096748901433161 -0.705738084289619 0.16605071825576365 -0.19532324168105694 0.1328643663523527 -0.7403347915917167 -0.742700528834255 0.5429880391780384 0.8776958774318093 0.2962342177873535 0.9314436672182611 0.10377552406991772 0.9600395042164478 -0.7086617610775702 0.7721171986136661 0.4484221296801141 0.387797821656284 -0.42251026702184297 -0.972113849927501
0.5710033663256243 0.7523250612593098 0.9312868404821133 -0.5585755872408437 -0.6391661089885198 0.8389856756128932 -0.42718872964009486 0.0550011215063549 -0.4706122143155071 -1.121120635648266 -0.35028589479616884 -0.8491846764786772 -0.7323209639200049 -0.15080694889854393 0.7575534636236444 -0.00896874046438186 0.3657630703652382 0.41606928180180897 -0.4776905938677637 -0.2649169011029178 -0.3930653529688276 -0.8600728557325851 -1.0630569694905363 0.5714972196483756 -1.0073002248138263 -0.29628247274926245 -0.09283982530997796 0.08185181575809038
0.9269332106371241 0.16658195648567653 -0.4611137356560946 1.0194751339355796 0.9867261462302676 -0.3129232345812193 -0.4967940317872458 0.3274847350269314 -0.9032782536196217 -0.41091949601906075 -0.5527687712477796 -1.187949121298192 -1.0550350338581427 -0.31794404503054025 -0.15169884776262202 1.1585595926309005 -0.3539882932493899 -0.2146214478130822 0.039420654296481464 -0.4578110083719218 -0.21268021753998703 -0.980286679217144 -0.19441365088972426 0.2062743921669553 -0.7228763843877638 -0.9269663200848318 0.11678642694284389 0.6600812220133009
0.058206471504456 -0.8851625421965438 0.9141374035907444 0.25037056554725395 -0.696437113164939 -1.003245053028286 -0.4967172522261523 -1.1785083210677545 -0.21375360143015018 -1.1743096133357196 0.5673917305186356 0.13348392562288908 0.24947986855518592 -0.26060440373596655 0.49973937313048883 -0.5689097335652163 0.5742358039741036 0.9895401676236796 0.5130694842227255 0.27967351181519307 0.014086382526248982 -0.2548754831282994 -1.0993562052554826 -0.28489814577270656 -0.555503906701275 -0.778928842291394 0.18059307146569847 0.8595740195902212
0.9575985347484843 0.5760046929192395 0.7768036469509821 -0.1819792689717388 0.17580702844169657 0.24597596634873475 0.5696515389057397 -0.06570149147067847 -0.5295322134341391 -0.22299463622183813 0.320907378960825 -0.08891568537615999 0.41460877249680517 -0.4820097605648291 -0.38016058297327765 -0.7122475204817451 0.32648101274684416 -0.4261384956315752 -0.45574955352599894 -0.2870249755454808 0.14417075476056299 0.3321463491002294 -0.48407143932770896 -0.7716449707417716 -0.17633896197589427 0.6770421598530613 -0.5247024817842519 0.0780794051496128
-0.29665433830737215 0.4150697903063219 -0.45210327650709753 0.6847239390176407 0.2971721819446993 0.2058377324427009 -0.9765566835068784 0.6641273585564254 -0.5149681148305547 -0.7445515734493123 0.6712894820797508 0.213612319826559 -0.04775082152087204 0.6302851227365315 0.5442643359795667 0.1514989015836999 -0.44438559952229656 0.9546066518791723 1.0783316473872946 0.02897318981740314 0.4307405913593194 0.7048200501850242 0.3836385003011708 0.8132315249144628 0.15056087829030457 -0.5302837765318612 0.7908443504391296 0.20310411858737346
0.6092194225833062 -0.9724264968837955 -0.10100822557724719 -0.20300559589328954 0.6901770876733853 -0.8559111268371398 0.5675921438947064 -0.6932604478556883 -0.24898360825747856 0.07483278571330315 0.34273636942728625 -0.24690126911545762 0.03614331043255147 0.29747494560861115 0.002990292648579412 0.7104069250603485 0.7752518299326121 -0.029149343868568173 0.5979972532972366 0.7031870501976845 0.2345825722463743 -0.04139550960752646 0.010724999606691444 -0.22310577319333996 0.09611762083069483 -0.1292123044329829 -0.21792703276483402 0.839003216337309
-0.11438454035482751 0.42939981875696787 0.4921600176067173 0.55192508522518 0.24095369598277375 -0.3097159905975546 0.8026823010542319 0.8231831898679701 -0.7065100987051449 -0.08620879576144616 -0.44911182522104465 -0.6591155320659745 0.6200569610739171 0.648477088318117 0.3267613493118533 0.582349517394826 0.4937090929788268 -0.4592036437121402 0.6759216132276468 0.7616357590215018 -0.6115516447268466 1.0902786089599996 -0.24676951417976142 -0.7229509033377944 -0.8379880139550142 -0.01764740442622075 0.8758818457569764 -0.9060072054694103
-0.141 -0.36888285654759956 0.5503776186172188 0.1616417876226483 0.7424896984075551 0.22568962521683558 -0.3076498983219875 -0.13133728599299416 -0.7153695448899534 0.07339520075783813 -0.9702476785637285 0.50149913186995 -0.6359949561158383 -0.2729960538113449 -0.5349566562813659 1.3529813947453149 0.34291047898835 0.9699970936609335 0.813796714089221 0.547734606634362 -0.4805912183837711 0.5915592927351112 -0.30385029515148143 0.6036379821334628 -0.26306971891953146 0.42178210741692695 0.33277269872290305 -0.7255962153080268
-0.9684299046024678 -0.7183709898700789 -0.6003052230759055 0.5087264096677395 0.9617348378890065 -0.03634634728382054 0.7346575356439091 0.32969713167579384 0.40837006938576037 -0.7063247326386499 -0.7145434902619883 0.0517325244705011 -0.6552605708601307 0.12197296600256526 0.2561237506175741 -0.16679547485690072 0.44313134285124567 -0.44569039840765046 -0.2021470898341552 -0.43640201160500514 0.42874307381789345 0.7640543288943046 -0.6636174546630729 0.4806247567988045 -0.042025124377792204 -0.22112773060584223 -0.9027981946994601 0.18706873055305068
-0.1699 -0.11534908071097198 0.6550006830464564 -0.15943171507089626 -0.721786828895227 -0.5152122358416426 -0.10882966632669373 0.16723130662420488 0.3289693259465642 -0.1511656669906795 0.5744126883803978 -1.2060866775367356 -0.8414705441334064 -0.52497492494625 0.6123618326486464 0.6369190441576392 -0.737453794886254 0.8400111449918114 0.4267981052122706 0.00041245154235965945 0.4989580450816498 -0.24889882556481352 0.5747922681256538 -0.1936948622759877 0.8291144196186764 -0.08883050289109762 -0.38926054636015417 0.8310789278265037
0.7535 -0.36542101922400944 0.9398565590535622 -0.4693076355176353 0.8725031143944162 0.9220980242256822 -0.22858552374147081 0.8154634622761547 0.33740428780445453 -0.3515858915788024 -0.8724630197014231 0.48385480678040294 -0.0893073354246591 -0.9082850966018609 -0.04289382253486088 -1.2144956560271716 0.7164053838873748 -0.19025957773591548 -0.5098224072890457 -0.7730428526086541 -0.6451601798651797 -0.41881962583872173 -0.3754017587253783 -0.8595894955036167 -0.3193932167400936 0.735762325734203 -0.27117044263354784 0.15080127992059625
-0.56860621079325 -0.9448437324268711 0.6430410080366298 -0.8609762649471462 -0.14524094883105398 0.5074083560237154 0.1643410834728525 -0.15778524731982382 -0.8607441073377036 -0.34196951000665 -0.02479551499347029 0.6051860636333122 0.579883874737644 -0.23236821375226535 0.5164192388235135 0.6217137180575392 -0.4334600723521643 0.9846386920025653 0.5760852813191671 -0.3102404259578752 0.3895432736613778 -0.7469953257969971 -0.9010894325260866 0.7879155582198614 0.10301316972395327 -0.8584912516617682 0.23967251576182852 0.9945999997272567
0.5672939822114803 -0.44728483857441675 -0.07592412606439873 0.8383499555680057 -0.3247339053409442 -0.8409817674904904 0.2811932756248923 0.23621067430708156 0.5168938885849922 0.05807249280945428 -0.20211084107788832 -0.4577211931012157 -0.9212040636290466 -1.0002977173210257 0.28398094644008987 0.5711309588139669 -0.4274091536256612 -0.5460292611653145 0.05804519275472147 0.2395848794928822 0.6345755115130775 0.24122905035641065 0.4343322616181523 -1.0134975632550776 -0.1358047131038499 0.8723001253464298 0.5752309589342258 -0.15290000050374566
0.9455 0.7384 0.13822884879249864 0.6105927630235028 -0.1607275484644149 -0.38427259376215417 0.8134065521500493 1.064454603796625 -0.7036323045554804 0.6241463306780916 -0.47029233997512976 -0.21683776826567625 -0.47238011482145503 -0.8894348950317753 -1.024675814480763 0.7019986513693324 0.14463702865078404 -0.6570515139537174 -0.9115380282107315 -0.32486454342206683 -0.4767800717633292 0.711460461617829 -0.26322113666393504 -0.1315812431056009 0.848270765700644 -0.24536748031816932 0.7140478219876666 0.0088
0.2422 -0.2999 0.05079264445728395 -0.8844682659668819 -0.024128768389431975 0.4854489523149699 -0.522528483126753 0.22884472723151772 -0.6341585601357559 1.0079342467847046 -0.4913261337206699 -0.41127692695489415 0.18743805388146037 0.6891882868320528 -0.1982559723253953 -0.38733373606497207 -0.9568247040915747 0.36016827511753907 0.460482534872196 -0.421192775715417 -0.09705336181929812 0.7233080753181588 -0.10963831875058494 0.000529860747676649 -0.24396960101946982 0.6016008735279252 -0.5670652742649774 -0.7549
0.3723 0.2525 0.1343658177627862 0.779643804331117 -0.8641167253436596 -0.9178358264437562 0.2133130271638127 -0.20446906252056954 0.15527336953642007 0.5626659218720907 -0.5675112582756742 -0.7014555429928552 0.13364905803095464 0.15750672731821413 0.49105360344416155 0.23495926163648145 0.647098043657077 -0.11273705798138137 0.3741033226387228 -0.724940334579289 -0.40672001702275584 -0.4634496912868764 -0.8775742040420917 -0.6076055790491621 0.009281920639158288 0.9292146368783866 0.9205435684278085 0.6475
0.9361 0.6579 0.0435 0.4027859892992368 0.3898306645046667 -0.6630024575867045 0.9901172936029107 0.41371091314650105 -0.9536732916644023 0.8226141471684084 0.2174765729998987 0.7617672891668062 -0.9160014547162445 -0.36053449898918605 0.7537454696205197 0.4083299849650146 -0.41846007921671535 0.41155628526619825 -0.8494975515991221 0.7762232123109658 0.4844985404528025 -0.3948581587641268 -0.28453807424629135 0.8353535307014205 -0.9672988789062441 0.053516530535185555 0.403 0.4538
0.0557 -0.5744 0.4838 -0.5427 -0.23804047348335985 0.37362929939305667 -0.44024183453069515 -0.9185055880342498 -0.3868349239956493 0.274449721835959 -0.8156009309651948 0.7563214443606653 -0.25868136624758054 -0.8551504766342521 0.15514933605063821 -0.07835088925007107 -0.01770521593634973 0.26198455594927744 -0.6174000430737808 -0.3234153177171502 0.6019664679165931 0.3849199189297416 0.5455359318265148 -0.3665737360224001 0.965 -0.5277 -0.202 -0.517
-0.1757 0.4103 0.9737 0.447 0.4791 -0.6094 0.4687 -0.5382 0.4137 0.8027 0.7018 0.0507 -0.3690044168020289 0.574458349386891 -0.7477355849104429 -0.19520148287963485 -0.0217 -0.3014 -0.2302 -0.2397 -0.7225 -0.0884 -0.7288 0.9923 -0.1251 0.829 0.2139 -0.2849
0.511 -0.0828 -0.1948 0.5441 0.6964999678217545 0.028599905474216716 -0.6218002012021354 0.20089366960585647 -0.3310345999103798 -0.5708939537184515 0.8851627376530723 0.34908357361827563 0.2049287177705445 0.15114765510127065 -0.6241355251330507 0.25834144334280407 -0.6497744715610708 -0.6181390601035148 0.8621707367176475 0.8933003054721573 0.014114133944456531 0.9877937194933895 0.08750079032203426 -0.12177016859899964 0.4597 0.33 -0.5166 0.2743
0.1341 0.9041 0.951700095307479 0.3251685018658378 -0.8019550584453836 -0.6524300986550609 0.675122118276189 -0.07059456517879385 0.9501242480542609 0.6506215113605129 -0.16608781414878673 -0.463237084629521 -0.4582147769490767 -0.4688280249976506 -0.4028525370947038 -0.09870064538438673 -0.006556921449700645 0.25473008651459256 -0.7478408989364529 0.07829832795611774 0.7482259986779143 0.6670951012672701 0.3721185523655956 -0.7643129810879681 -0.2412602105121316 0.08620205664688008 0.4774 0.6122
0.5629 -0.7152 -0.7450073634602357 0.8480287505123371 0.7905697826492866 0.4611779358962108 0.8162769554693856 0.6213061443854447 -0.5976872040726708 0.3970878854255065 0.19687253708904182 0.1644486153669655 0.8049951295006798 -0.42131635871531875 0.44830539311622175 0.17778848131731143 -0.4573854134890375 1.0172352528882638 -0.6512979765579889 0.4784432237615542 0.864319492629341 -0.6599199397181263 -0.9051338564450842 0.995110603657457 0.6014866538646723 0.579585295452535 -0.2966507152017804 -0.2896
0.5799 0.06352678199331865 -0.2575218572696762 0.2819676228674125 0.7860433139414608 0.31349083321787874 0.3080955977432042 0.27964336168925585 -0.5101169638047051 0.24077369181814656 0.6438595044144009 -0.12457648022977329 0.1469300032428118 0.7132686589587073 -0.0841764861154517 -0.6877167517876764 -0.47488134109120744 -1.0246069743333113 -0.061512519552848414 0.9017033086061015 -0.12575890327544012 -0.5809480534669459 0.7199246204463199 0.8578582415802145 0.9041787083583034 -0.08123353994905454 -0.17401092201524837 -0.5112709944547618
0.8076 -0.083 -0.3144465477602317 0.5707012285119683 -0.19845759239338034 0.35033661130998855 0.059378913694257095 0.43735142810559624 0.027530803779893493 -0.19368121447341916 0.15550895836440112 0.04414239672383146 0.689914162812127 -0.6860868823789601 -0.6859586753965229 0.5532202455726825 -0.6032075273356982 -0.6516450522826555 -0.18717571989007462 0.14616875953096553 0.04702840594446879 -0.33909215648801794 -0.6322575668904821 0.11233420470635025 0.14715221473358045 -0.6811081841733267 -0.3623090284898632 -0.26059163838773053
0.0541 0.27069916638433367 -0.5173185163352392 0.7078635601796989 -0.0961234098398221 -0.19683034756760515 0.8825486283923297 0.16158992679232456 -0.6781651132111653 0.17696080796014263 -0.048026743228730254 -0.0951064917788827 -0.5312890464128563 0.10531123398090791 -0.6005495160651041 0.23974036655236894 -0.6491389259125069 0.8946667986847153 0.608191196019543 -0.8122359447308456 -0.0387004299150753 0.5160487094394066 0.6895427136416583 -0.07462970147400265 -0.87901336743585 0.7167272262138435 -0.10611640494234938 -0.2742612775397766
0.5442948931112207 0.7472715995806777 0.18802586593926116 -0.3101447589393394 0.4819756134126541 0.8395931587314699 -0.9167534094142786 0.05409695840539148 -0.7391228385673939 -0.6705841712893889 -0.5724415944655441 -0.13521932457257904 0.0701886479953638 -0.10978954635719497 0.19862600412648723 -0.17176189380701487 -0.08021891563753833 0.3752424220661285 -0.45077180280916235 0.07971347016829487 -0.6745336581906981 -0.7520159500744366 0.5751709761474219 -0.5614305517957681 -0.4834393934481759 -0.41397401202239653 -0.6477933709035969 0.2591769786770077
0.41547924547099513 0.3251464825990455 -0.292693256198852 0.8144152017705881 -0.2940515565976143 0.7548917815942985 -0.40121463101564486 -1.059611711590925 0.633731784349668 0.15049142811158636 -0.4440958167081189 -0.7928445927046306 0.20113553150262894 -0.9701311791697386 0.2767648169180184 -0.56519244264835 -0.4673593304090934 -0.14267214783969195 0.3719878787093918 0.4057717950333521 -0.19944927684489544 0.2117242522910261 0.10783663198559396 0.047676304114621135 -0.274454834854332 0.5458362129400286 0.9571527341647559 -0.8337939835666939
-0.2832033694936275 0.6895126766313391 0.03726479061914419 -0.9768383350218695 0.07038376895340981 0.7595029665743173 0.4975418572716823 0.06579331333584491 -0.6981128724352166 -0.9700915498292716 -0.8064350952998509 0.5055674916539042 -0.0060520254379376895 -0.20701298641607024 0.6086251953571373 -1.0385989972123129 -0.5062226249933431 -0.9212636555141152 0.4398488978589781 -1.133424411649493 -0.02364923304320164 -0.7703703394299979 0.46734038208280654 -0.2708534854043602 -0.21533688643739585 -0.4067362091647916 0.8073897627712303 0.8828066661586143
0.6402997663564733 0.8698686944256997 0.16626967631496292 -0.3387234297135138 -0.8534696104113605 0.46540242262000653 -0.5873941055325642 -0.5443567938656936 0.37817684253320355 -0.30824995028166385 -0.36442532344306716 -0.0030506340143446505 -0.9765360422335143 -0.07672709886666204 -0.6708429915813092 -0.34373950729086405 -0.5565375558586544 0.4631275047837085 0.006809854820633192 -1.0830978697373637 0.08249257225859336 -0.880441308926898 0.23140740724263373 -0.6818636045774686 0.05723577300255838 0.3109465140497341 -0.22009630793066823 0.32730717338228105
0.5339689052930846 0.5103986662938115 -0.39976861748356296 -0.27566464213289466 0.8660566244087609 0.9920095125988424 -0.47030463889460955 0.6116287163391932 -0.08120511803294396 0.47755395174086757 0.959316957156168 0.5273207634270582 0.8365358953336682 -0.40281024476786437 0.11090567049169534 -0.021229454631842413 0.207579065024683 -0.20751780870677072 0.9188765085989468 -0.018150186599181058 0.03238138264671617 -0.7809362705012834 0.86660928035893 0.2058886903241618 -0.9656441928736736 -0.9066878485731212 0.42091258568598855 -0.9887105362973723
-0.1976426533471955 0.4859038202280227 -0.7145128568978585 0.3072598320317074 0.27287380865935174 0.6419180768949704 0.14202509191209564 0.2857412292031923 0.9724800478636595 0.34437519020078433 -0.39755791353998365 0.5694941280197461 0.44432669969785477 1.2520730573527497 0.9327917884453765 0.5713279432329597 0.17735484960151346 -0.21125579016584742 0.40961347165167206 0.8756295537620369 0.8057143837222964 -0.27836311556917126 -0.48596057926774733 -0.43417745497145077 0.2560633637183546 -0.7039545864387898 -0.8957799685871627 -0.20317729843221627
0.06988990565700226 0.09213445003425796 -0.8645399754211781 0.2285332360025898 0.5010136118273012 -0.5770187934102197 -0.6284715397393826 0.45875026743295494 0.25953601942494314 1.0968957095055658 0.719333904812786 0.8175299691805096 -0.4369331618628583 -0.6741157176895555 0.8241616762904289 0.6261998312371551 -0.26238228241022943 0.8905131332803857 1.2111622442036925 0.6917923938426076 0.6999446090253199 0.4545645758250538 -0.24898068859538863 -0.011095500545404018 0.1411791394160937 -0.006812530550223608 0.5908995402044385 0.04913380567258784
0.6061999402606076 -0.6488490664018806 0.5498793805650218 0.4555730446116081 0.7575133440088294 0.9033693587663683 1.1380017395599031 0.6583072025657589 0.9508690826238724 -0.8001202035804287 0.5693131452892812 -0.10695248013877286 0.8239291720631052 0.6826393060487633 0.2942376208318243 1.2001296586047643 1.171906440991445 1.0473183928841856 -0.38054313913056953 -0.18631407538749895 0.8912080719853673 -0.7296519337657001 0.4814356924287591 0.33934047584905636 0.19278039739719102 -0.9080441550502621 0.50814403590729 0.4089972471183139
-0.1868000769139396 -0.44381015383897293 0.6546940734003566 -0.24174199200563032 0.3600969906375009 0.3328888594306554 0.928238342169814 0.7682517487234904 -0.4176261864133638 0.015602713978501437 -0.6622826352829603 -0.4902808832835046 -0.9829086501506731 -0.29267000598795717 -0.7667093352432682 0.5947015038191104 0.104661451993571 -0.5264550140514418 -0.3483738084333969 0.48870035852314564 0.022911981051282785 0.4798017940091891 0.4068276983997289 -0.540161740720035 0.6388773980236137 -0.05879422868276946 0.18477876347270517 0.7313106474216227
-0.03840032721548979 0.7370911469671692 -0.5530475833852462 0.9342700962610418 -0.6332498003926175 -0.8757758763433132 -0.14405665341150237 0.1042772038760646 0.12527994443518606 -0.3010303956657441 0.2714438195721241 0.8529403356645242 -0.1518589712844628 -0.4700714895597045 0.46121635116621545 -0.06600547434051579 -0.0769172104619046 0.5981243431860356 0.782277264978552 0.7655922432441423 -0.6927211225789258 -0.704820416655513 0.588156215479599 -0.062413962312729 -0.8212775580488559 -0.39104183052522284 -0.23791138661101593 0.10863092852838316
-0.5016 0.2124194294758392 0.7204187481391767 0.5594584394653493 -0.7859466884153292 0.5894209379031953 -0.5011014736908259 -0.13043796250028383 -0.5205415051662591 0.054911958636581625 -0.19875100379299676 0.18837891929726322 -0.17781029589157218 -0.6286437557406703 0.1947298694924347 0.06565109462498141 -0.5245753674367487 0.29412665276079614 -0.2911135220544375 -0.043856682157998435 -0.6588593977541092 -0.06277881552628564 -0.31375106360470467 0.6059739475146022 0.3400420033263345 -0.9026508714891183 0.35620443687074266 -0.5731122627801951
-0.5027983608889817 -0.9512876094824522 0.7939197299884859 0.804966399654013 0.6816301351176995 0.5276191384326115 0.42571213070585195 0.3382056462113085 -0.2365926974540574 0.20473938174046735 -0.7711497363371459 -0.7241266829729057 -1.064467130304759 0.07987157538439502 0.40821987721903885 0.4684112824936256 -0.1482953125332434 -0.6298965605971515 0.3358057251930671 0.22403035157686846 0.24277839608531518 0.10417684060612034 -0.5736690510370391 0.31006583462831155 -0.5757322068748411 0.5118727106662921 -0.25301802777829224 0.18046023294643482
0.763 -0.7992144722748995 -0.5525389420908199 -0.8192028811862815 0.1259873641866225 0.3301968900209634 0.8349176043289354 -1.0871704474698791 0.6008955806337049 0.02143180616755989 -0.2077031181128894 -0.09240038435699985 0.5537969539452325 -0.5616645229571594 -1.1716086739242686 0.5050127541915567 0.8190306520624829 0.8128976431525375 0.6708425412382042 0.19564948843330301 0.2965938150046117 0.21237080015115792 0.684512413289442 -0.10552244204666979 0.6820656911349781 -0.15549085157176817 -0.5053764977670874 0.35380055284688045
-0.0477 0.0006845927974727225 -0.5268269002562891 -0.09859420326146284 -0.3738993520159035 -0.8501062975442019 -0.3208967509350265 -0.5473841888959371 -0.289373520194481 0.6520790183156224 -0.8813770863317749 -0.9388700820766118 -1.014036555418837 -0.3809412579562519 -0.6102853706397037 -0.20560156830603124 0.3870763371744958 0.7270803905590116 0.20896384485861239 0.9898575041940794 -0.8399419671169616 0.5290735626942631 -0.882536970577793 0.8267050038196623 -0.483234124420289 -0.482253615266616 0.8402500413869687 0.26170027923984945
0.8324000137473103 -0.6252923782931611 -0.49738652358074176 -0.8477053782823961 0.2745379919584874 0.6064388205672284 -0.8828970787209599 0.7621721821401793 0.5769936899502531 0.2579923254381994 -0.7498377160886138 -0.8103841038129899 0.8778373901901119 0.5552385354716951 0.02739059773227286 -0.6831767666374005 -0.1560515500346585 -0.3234942776652009 -0.7031954863446744 0.525535007033149 0.2029714883843915 -0.6527591427096581 0.502240119846325 -0.6734113428935604 -0.9292174072238403 0.8106472791135271 -0.9167190202596357 -0.50650001046786
-0.450799986679897 0.1761994158685039 0.8482841313869872 0.9346196328272394 0.3922162547453616 -0.9226009746260216 0.8689952090247517 0.5972012539735335 -0.8257222951829908 0.7923559002902861 0.2762051609080143 -0.287160667167979 0.3961412718666671 -0.9450441651924405 -0.7440303039908979 -0.12141999294854858 0.3179073385771818 -0.6197265277984424 -0.5958955401003343 0.09090783649651303 0.6872297109451284 -0.24065846328559845 0.18075258187606297 -0.25072182127140397 7.025483449308911e-05 0.8822907774474333 -0.0898381090760845 0.23369998066629397
0.0572 -0.0616 0.7240649268242019 0.7522122703422807 0.09998082634341776 0.2675684102678428 0.5061562067070519 -0.6837914652698307 -0.03639937034859964 -0.09243379298863148 0.6332361109249935 -0.8327810906453352 -0.8373682139843047 0.04485701273242865 -0.024392564032147252 -0.6963879003543842 0.3930418742546793 -0.8848108758267561 0.8007985769455249 0.7321830393790143 0.2963445045287802 0.3846182890784861 -0.6435379995527024 -0.34438433095101245 -0.42278769097141405 0.360144676640818 0.633858221192906 0.9473
-0.8822 0.0859 0.9169380242010856 -0.012618563398735877 -0.08399800575553751 0.22403306617349814 -0.5658238594455496 0.181835736381413 -0.07095979951079384 0.8133604139100287 -0.015398296671264914 -0.8860391349343354 -0.7097766559600704 0.6787379245748432 -0.2154027032511983 0.5818645913136931 -0.5136103114529281 -0.29213109776304813 -0.28095291698316893 0.6895255345797103 -0.8319439266065605 0.6283111607824106 0.675702816913124 0.7745623562247309 -0.6154976901959176 -0.35683713665893074 0.5903706104171916 -0.7118
0.3861 0.2155 -0.8344446641478442 -0.40675233179446235 -0.11195926402636976 -0.9117255983889031 -0.3008736752355729 1.0436015331941841 -0.3018441729866614 0.5205462618810898 0.17394527840978097 0.5021902587483025 0.36917110283031723 0.38969589818666295 0.7507614235111819 -0.9097876726720172 0.2741959862084901 0.1586818454106093 0.7001697473006749 0.6211732321503632 -0.08693554581480922 -0.5660907249180481 0.6562337321000447 -0.6317209729615839 0.12427686020182839 0.5685572276027294 0.35441063154112634 0.3769
0.7692 -0.6422 0.5465 -0.1938038183431162 -0.4223098051248349 -0.5173279624582923 0.07275279731634249 -0.7706724345359337 -0.2612860359039905 -0.16070884345984954 0.35323062235046904 -0.22438963586533164 -0.7178346197589182 -0.35703469821523504 -0.38974310752505226 0.057937520385563816 0.36466605086195875 0.5756856409993534 0.2295171398421031 0.3060360272137851 0.03507247131702111 -0.4878986844117457 0.6952710011512144 -0.2544786141056548 0.7456028711743011 -0.7082000604893564 0.9498 0.2642
0.4363 0.2415 -0.6435 0.0773 0.004294587369284071 -0.6405722057093802 0.5871264374688776 0.9739966787260719 0.15359924792915539 0.056824895999545065 -0.9994041181876295 0.03529307764730093 0.035771405196427936 -0.9828841022755125 -0.5746232843613596 0.15809673686823378 -0.20409247546510184 0.9448306831085568 0.50177960000938 0.13486358673217042 -0.1824258328773654 0.8666385244121111 0.500743041026455 -0.0006526470985338143 -0.0691 -0.1255 0.1678 -0.1698
0.0233 0.1368 -0.5512 -0.34 -0.0883 -0.3403 0.7613 -0.8348 0.9051 -0.3713 0.8972 -0.2568 -0.6475837155607312 0.557654343545952 0.15749968187541974 0.34429998674324436 -0.1515 0.5326 0.9929 0.1039 -0.6168 0.916 -0.9943 0.0794 0.286 -0.1997 0.2005 0.9963
-0.4 -0.5115 -0.2371 0.8253 0.8898000045271687 0.7356954119079382 -0.5160317238780149 0.06633588570031428 0.6594489439250314 0.711626432186016 -0.7358367021860521 -0.08277640759522159 -0.0012308763189854942 -0.2100975997299797 -0.4939448855646324 0.5555343178581347 0.6827807222508944 0.3732613215925852 -0.5352655586588434 -0.3722474449853796 -0.9594870067816398 -0.68515895440281 0.4030167593836872 -0.8052494147109166 0.5158 -0.2344 -0.7663 0.316
-0.6644 -0.9532 -0.7215877938157298 0.26449915910398386 -0.08284615691988935 -0.34639530827198145 -0.089963437627386 -0.4107947731799983 -0.5469199323628697 -0.5283350208234427 0.9444090791811006 -0.25285166920935404 0.34329631387408005 0.9744174108711889 0.3436854907111695 -0.6398360740540809 0.5940518321835083 0.3738275110914078 0.21946388426233854 0.9574838486411483 0.8846459790180305 0.14738514178357873 0.378450960322733 0.9658221179651754 -0.7659709400875999 -0.7070337798117994 -0.7985 0.863
-0.9449 -0.2905 0.22782899820011185 -0.3469008218941828 0.8365345775416847 0.24910680513397643 0.042698134091021585 -0.930874918478557 0.6890870372911884 0.9536724000926872 -0.3014334218941293 -0.6506701942197644 -0.12683411021949392 -0.11314319216576202 0.09645499303047873 0.3949358743229328 -0.06286268663138321 0.19016491579418487 0.14089384172324812 -0.6159693727244722 0.9955279235180394 0.9035191946699279 -0.13181692693122776 -0.7214195127619788 -0.012020604865468425 0.4722101010428438 -0.23840263020482869 0.5506
-0.22 0.26129791029484273 -0.3649973242001351 -0.22343743266097138 -0.5837716663028657 -0.6361772286287233 -0.5498955906240187 -0.7535922624292098 -0.2330120765466095 -0.8527830366083522 0.2282542094868231 -0.1778954841723154 0.5003113326879113 -0.5680337638317741 -0.40669705785313137 -0.11898628787929337 0.18494552144141183 -0.8393901818549878 0.8090048197057617 0.6967926747941229 -0.7186882539584494 0.17697726946493378 -0.7943821731161902 -0.6385439883646947 -0.9620878729974696 -0.22220550078440543 0.9254085742557009 0.10605904265717617
-0.965 -0.4866 0.5096982326972805 0.4839268802883249 0.4223474878578547 -0.7287290337971777 -0.5789044303123791 -0.7446407135802957 -0.9593495466524329 0.1144229460701491 0.33040386383213566 -1.0276899094748637 -0.9644275689682499 0.1285616142911579 -0.012393501063996478 -0.20454125305571322 -0.29910081230020863 0.9473772189014285 0.07632017000782836 -0.9009624795404045 -0.8865448538169822 -0.27286888946903703 -0.8264677557289009 0.6184558183743686 -0.8619386745459375 0.5058039370156743 -0.10308864392141827 -0.8596563976472633
-0.5787 0.13409954576812072 0.026059985766683356 0.6481148947032022 0.880384421957911 -0.09048099172723524 -0.43300331305069406 -0.3253215020124452 0.7314604048275075 0.6467331818436329 0.3186943290140739 -0.7946721819417458 0.8395550057119495 -0.8438466830579854 -0.5998754684715508 -0.8124319778694227 -0.5465521383601157 0.6972096354688375 0.2749336373462901 -0.021459057135638105 -0.6033924692829608 -0.4312435363581041 0.2846078236686805 0.033440641960389074 -0.657961498106625 0.030315442431146016 0.6290570455574371 -0.9301711298196338
-0.9906983814173429 -0.37606384597025555 0.16444932629525347 -0.7534482792190905 -0.42582104546559224 0.3409964667775958 -0.051322080226630845 -0.13549378363317754 0.49790076871753763 -0.10334323378294762 -0.3790517275460806 0.3074570854404187 0.007025684545552425 0.6614972638886989 0.8480856384783749 -0.30752112046167795 0.13985925459814896 -0.5452085261182437 0.2035520732409566 0.33063507881335463 0.8356325631747075 0.0028390920771332634 -0.4029181946583979 0.6769253567175753 -0.6975298444965137 -1.0309933677515433 -0.9575384119623446 -0.4047686578607727
-0.5801934220379261 0.5224881679824758 0.9242057716266756 -0.09744571259996826 0.018637335833780293 -0.7857546080413153 -0.2897829861504772 0.8508844930495699 -0.24791598067752404 0.10444027435624002 0.3481180684337175 -0.3011794800788024 0.11423934302570816 -0.29638509590468354 0.13103952768567326 -0.6729189711107776 -0.5878201704477546 -0.6025755374951193 0.6248238752022626 -0.7288339608185453 -0.8412008269409591 0.7973464947767008 -0.8877271483199071 -0.4807052317234367 0.6366973380005333 -0.9329207676206446 0.20491868366978364 0.7268978960595325
-0.014298932069174665 -0.49713481501797474 -0.16406101082851654 -0.2133763725911018 0.55633071939956 -0.9153895943980129 0.4016145838167963 -0.2677254090817196 -0.012685638003376125 -0.07855005932550639 0.9917558106336465 -0.30152432630178116 -0.08603365999268991 0.16197349188392024 0.3553420945595476 -0.17160188854615357 -0.7380113334635809 -0.42058843663596357 -0.4255394677422444 0.8354570593638893 -0.2367319714599173 -0.14924927258121323 -0.5577784278022939 -0.6928252030686968 0.5546709569452912 0.278885130984245 0.0031983398238164683 -0.4107438425019281
-0.48819196571098783 0.24698389671637364 0.4203868342881873 -0.8982833586666027 0.7624138567464473 -0.6230588235268465 0.8061089703726431 0.5648028604820928 -0.46482601380882915 0.8827055354053923 0.3297165330647744 0.6939688571944133 0.6847747625224491 -0.7448620969116264 0.9490664934707117 0.8140574130966947 0.21950737856262853 1.1306770157042303 0.7738154427455667 0.790177855698392 0.14928146449284346 0.1404039532341111 0.5383907999375857 0.006830878008814283 -0.10234976820746249 0.45209697142268734 0.5746966953829992 0.05925674744407385
-0.6761645609951066 -0.6515714398708676 -0.3307276072129725 0.2627089077471807 -0.0011073296376460351 -0.9118248800590482 -0.9553356769141526 -0.23451233296295668 0.17413565699052555 -0.7101887175449588 0.13823683853740462 -0.12794521714867257 0.23560297722204254 -0.46411138522190076 -0.9416120078627223 -0.5826771369661191 -0.30120781977848105 0.2538266574574394 0.8481340393619168 -0.7375903717111119 0.9873123622235082 0.25217727494972014 0.2965135960976982 0.8030102781866709 0.510992572302079 -0.6415853991665391 0.26619352854228967 0.6690558378265329
0.2587108421334308 0.6554398898639431 -0.8162512336944632 0.32177626812271015 -0.46662934008877205 -0.37853702920985705 -0.7050630445852567 -0.12177616076609812 -0.8763687455179449 -0.8219746372401638 -0.7320158547585682 -0.32939015977464314 -0.8888880899469929 0.11761477899943615 -1.1733653295578332 0.7019010479377232 -0.854318589607391 -0.07982684852212579 -0.7372852364389575 0.9096702690331514 0.3741344130845262 -0.40676896588010497 -0.23339936174058926 -0.44341577679129535 0.26556301157926676 -0.565524290597654 -0.35808997373684015 -0.2956237718041936
-0.8755004986800693 -0.7873717074061002 -0.030022331757991565 0.27674091933963535 -0.18930511685606263 0.7867205483894576 0.24866616943456624 0.9080011870677965 -0.5588606720028227 -0.7767360250230924 -0.8623081539529932 -0.0037088450708076546 -1.0291845816367848 -0.036914492717591035 -0.2154441420227825 0.6269717811889172 0.268970741471166 0.2816603073322778 0.7077524262994529 0.743489527760569 -0.5381733164116862 0.31699713372121596 -0.4591111061897117 -0.5627284563536603 1.0302109523848615 -0.2976377822461665 -0.6636722537673048 -0.6860347100145775
-0.47653907777824034 -0.27854864778870014 -0.34863025447774154 -0.20026843459578042 -0.3266803523278576 -0.8511788601611342 0.21781154998252786 0.5652246165390256 -0.17939847253761299 -0.23541964371439478 -0.8144174310206606 0.20304717551505808 0.6172278740139818 -0.2870281134018172 0.10599160401451388 -0.15712435098882768 0.7727841647958986 -0.775823721406166 -0.034003277827567346 0.6706228675403436 -0.5139142706489644 0.5252885383691797 -0.34064103275689334 0.5160242754918627 0.10722689859356743 -0.27836748491484276 -0.4695891900632675 -0.8749720869712639
0.20588777408529502 -0.2994093027173921 0.5225222077192515 -0.20895679121550956 0.38650070768207717 0.7396335670191968 0.6816708799975435 1.1391632635501185 0.7421720353124827 0.14254756921362002 0.23249352225695252 -0.142316490409087 0.5828977692657824 -0.15953237098696568 -1.011535950809887 -0.19255280380498044 -0.21901292721389076 0.11662728723709552 0.24386041815313822 0.9502330810953515 0.9635552682426874 -0.3959187419965547 0.05782153678601859 0.8058058469487273 0.1799200305796486 -0.7311219846109385 -0.4662846044531443 0.6254415602539525
-0.5582967438243799 0.4992819916593068 0.33210766518877405 0.3098382980644344 0.633339480053557 0.23379525657516767 0.2798627789634769 1.2521509787720855 0.17085470202908895 -0.06964932796517 -0.39464017677926966 0.8554601051265608 0.6576848909273739 -0.031700958970215465 -0.9801519661831445 -0.27932275403365975 0.10100351828669106 -0.27862204493116444 0.6316461854701593 -0.5302275197410187 0.22533615691872455 0.9434971219588306 0.7324109727390468 -0.7267823844270913 0.9795723648021707 -0.39965640673221275 0.9109672123646567 0.08219535258830367
0.3034 0.9424040334118284 0.07134179469929984 0.36847541896363123 0.4575302167817896 1.0058163715774837 0.27379691078787877 1.0023728759453356 0.1924497373159603 0.3204736307912136 0.6079733568578749 -0.4005022919612326 0.6606201512989139 0.8777989487470053 0.8235434202227275 0.3787040550056174 -0.17306842118395085 -0.9815000447664918 -0.07882934646890734 0.8385200202758095 0.3312194350577946 -0.09757534457091604 -0.9087522073711031 0.6353158360248308 0.22055796411962203 0.4261425712462154 -0.8871521639170957 -0.6785002078208141
0.4342918081038353 0.5674799906413744 0.2593117023509365 -0.23387387043900112 0.33792125655498195 0.8230837330166565 0.09128534690657228 0.9839947832318523 0.06930236274124027 -0.5293374752305283 -0.30069722549283273 -0.4691053386666185 0.16498621152212928 0.766134885908393 -0.525804415759625 -0.06408051777219063 0.47421867175761123 -0.03213895063484289 0.38330079916089094 -0.9500505794385273 -0.20613913553933505 -0.6871932824827769 -0.029294223886482333 0.4489843475595748 0.5583403181341754 0.574598130008906 -0.7369750001336898 0.8954019447278021
0.6099 0.37377966986942646 0.8177957288571729 0.04770599389739416 0.009246681952320054 -0.840201342190503 -0.7068397630086847 -0.04868330625988284 0.5624812861752473 0.30129478935607706 -0.19827351045328634 0.41316562508415006 0.40075340814888866 0.6798549705187384 0.9030982054627572 -0.43471212379556334 -0.4695451047763292 -0.3549954103036144 0.8897133568859626 -1.0122011361857075 -0.9405182840789713 -0.9332364239911222 0.3364975496444295 0.9448574331041468 0.7976371582864786 0.8461693951622632 0.4436981011611431 0.6357486676050417
0.9982 0.7349474229903202 0.39747277914178103 -0.7661475772732607 0.7299772294582445 -0.9052551863217309 0.0239493330551252 -0.27995826979770044 0.19653887865048758 0.31963431241823703 -0.6117851132422388 -0.11764501637285264 0.3671633874639452 0.2462793929192943 1.0645119092725708 -0.06478019977753179 -0.6222722965319156 -0.7059112105414255 0.10211531272375692 -0.2342102300365118 0.7088938210475441 -0.7113146547987288 -0.745714933425308 0.7752203425778594 -0.24227331549460482 0.30706013654788133 -0.6128148235447375 -0.2563999919971165
0.83360022683995 0.8162976715349444 -0.9046532213731248 -0.5856130707750509 -1.0384984959801002 0.6120043796801197 0.017963659100481227 -0.3815201992699124 0.199366152203413 -0.8514348279053388 0.6253660351615075 0.4048220032814006 0.7732497671133809 0.810944003426648 -0.14544771460728806 -0.2239221273667422 0.6972351257309556 -0.6702902114415111 -0.6311424336092243 -0.14416826905820546 -0.9884702052173019 -0.615751334358207 -0.7652394902375868 -0.9705177437187746 -0.33294494308582817 0.426405949330174 0.6253570176429477 0.7942068637426855
0.019200219790740405 0.23576812664718685 0.4423061901104011 -1.0005842349573164 0.3114352862171465 0.3010084539435649 0.7663262024630707 -0.9984849500543436 0.4528509980839189 0.5941610328121053 0.6629355370441926 0.03345159409790185 0.07208812710998311 0.5681029017729221 0.69490840968967 0.43759263007766186 0.26860094592135786 -0.07051305852086298 -0.16941739786185636 -0.038877455908901154 -0.5052552163730236 -0.7583906309768782 -0.646233541381733 -0.26150259491414574 0.6046992923518907 -0.3662948099460931 0.6249949366574038 -0.6556873229500695
0.5638 -0.8359 0.8420246953552141 0.0413188747136621 0.5647852171778079 1.0109915609558504 -0.1319620576618741 -0.22416325657876973 0.2884998662332491 0.5011672856631337 0.8699108039564067 -0.19351970439527375 -0.995003799534492 0.4381791009649555 0.9927345251621179 0.2734999711120955 -0.3352240487989224 -0.3512305784198263 -0.515154535559958 0.26589626273434014 0.5970424452824985 0.0958496671661253 0.04305141491211737 0.7272906239672516 -0.44492251283886286 -0.6696773646704294 -0.4209365177151431 -0.6512
0.3632 0.2759 0.8765340559730971 0.627763525871883 -0.2643161965635046 0.910790896438419 -0.9114869620452073 -0.6878949508931768 -0.5688548409716503 -0.8740027684887904 0.6608715216650862 0.1035484169692076 -0.7686876931593511 -0.4383967903030616 0.9973052048936568 -0.8778760501689239 -0.34302149382650815 0.0009302727208726697 0.3225314089170046 0.00011337518589479453 -0.7278919362487338 0.2887823820833769 -0.3304160326198757 0.3870141097066441 -0.4790283438271143 -0.7253990497562833 0.5769789581988302 0.237
0.2266 -0.9462 -0.47591507248091025 0.5532251824538875 0.43432169091689676 0.9431731079394045 0.43242768286189043 -0.3591246320073425 -0.19065031600238486 -0.18872636063055198 -0.6487094119500656 -0.5625702565757246 -0.13779809975587287 -0.75237327272344 -0.40546697674599635 0.9413585603144156 -0.8634262597159239 0.2972979536223708 -0.9836669356488034 0.04190204182549686 -0.7930781382236753 0.5668647164453775 0.31579903925838854 -0.002790128900890103 -0.1126868031674388 0.2918567296433623 0.05499579625706389 -0.1614
0.938 -0.1768 0.2289 -0.7460591578800864 0.10567012837075435 -0.9656235520423609 0.7204083572500171 0.8084091804945991 0.9056638305782656 0.2623470462816468 0.15792180894329422 -0.884639276242038 -0.18649537598364724 0.7974442617925531 0.620890124132901 0.5953179014564113 0.7472692507466339 -0.4730321524988627 -0.9670496461921935 -0.029705944250726504 0.49754087079156706 0.25499988076339813 -0.5623846933837324 -0.03139934656530661 0.7241001652131105 -0.09189998927220899 -0.3757 -0.3826
-0.3343 -0.05 0.3389 0.9297 0.39533898310711924 -0.4769342750311535 -0.6694296037779631 0.193973994079251 0.6480924197178403 -0.6944664379906729 0.6145261077124544 -5.4844499883672195e-05 0.24077686811253496 -0.055307128018069744 -0.07612995409082117 0.6226549103149991 0.13081244796455954 -0.5442348343032878 -0.8155476174742038 0.9343550116898026 -0.8048201227561412 0.3457466475191806 -0.41117893984561793 0.9654360976340416 0.7661 -0.9327 0.4917 -0.3739
-0.1624 0.1482 0.3332 -0.6559 0.8718 -0.3224 0.4776 0.9851 0.0516 0.4861 -0.0599 0.3324 0.3513952921009024 0.028102487927153107 0.39745073641241735 0.1455021142667434 0.7816 -0.882 0.5596 -0.4754 -0.8796 0.8087 -0.0166 0.1459 -0.2708 -0.5042 -0.7691 0.6518
-0.3674 -0.2112 0.8149 0.4373 0.7158999482521017 -0.5383039413961167 -0.8299245339829597 -0.7661545314916046 -0.5533100922697671 0.32951123707698254 -0.8234958025536937 -0.37523501485348976 0.16498173997421633 0.7974616226745079 -0.6427394845496016 0.05765562265313441 0.39610556995353274 0.8097848809465746 -0.9364260684122738 -0.5315249481118194 -0.07105650362573508 0.7203826648364064 -0.9303761618406691 -0.43530123005053756 0.6072 -0.0605 -0.4921 0.7462
-0.3757 -0.6382 0.28979993793555653 -0.7828192299536905 0.3439108184618895 -0.4891238389704033 -0.8604368612675778 -0.7238662516345478 0.22811218261258395 -0.09284672829172204 0.8414429297969841 -0.292644393207357 0.21726913415770624 -0.9950848604324429 -0.775981583269286 0.8939735911162414 0.7071553188166655 -0.10394055876943606 -0.19688541511014362 0.6195362277460366 -0.7555671620366623 -0.6535792511530654 -0.5507967224523375 -0.8607400081906003 0.2815249595246758 0.746310070347966 0.9848 0.5594
0.6968 -0.5052 0.566999910071016 0.5123903366454737 0.6789165153398758 0.883820902679222 0.05278627659879388 0.021910009866923947 0.012614887914902003 -0.8356134518221612 0.7099250234146603 0.5404833807080214 0.38850637119988696 -0.445653446179716 -0.7930959828338711 -0.9853281287657969 -0.4766887433046735 0.5541409630593415 0.6819089405137552 0.1045963073966203 0.31925937615910766 -0.2949932225150755 -0.2438488539439801 0.3419182726748579 0.12750465676076272 0.033987711644545615 0.10829278552661253 0.4437
0.8629 -0.9717986409744646 0.10641585953316886 0.17042447187886123 0.2577288532601271 0.8384775073783199 0.5275612924435096 -0.6133703757788772 -0.37911862015495257 0.378920947349035 -0.7158669866872482 -0.6054120195848197 0.011422011499940871 0.6794108974223826 0.6618241478018357 0.25791316177202084 -0.4372950770865506 -0.3605091729610277 -0.6124541207856615 0.6629912475605262 -0.9748255081238087 -0.681605589271144 0.8363858237024552 0.1884532718661044 -0.3739322917992058 0.9495698195122425 0.7351197495201985 -0.8033117876569984
-0.2363 -0.3743 0.6229340809858834 0.9550646484265969 0.870898941875203 0.8668638120087884 0.6511839556875643 -0.39109672401210693 0.24355392598002407 0.7834377474439517 -0.8251004362476321 -0.4734598361503882 0.6938362079274238 0.5076667410646563 -0.16808077169779237 -0.026606018447696268 0.23504352769032136 -1.086606153057504 -0.2461580517621836 -0.366653556985489 -0.0034438185981994405 -0.5217733061684935 0.14591507431064543 -0.01618834531630955 -0.11330690955966322 0.08219035962390611 0.8279447566720808 -0.5057234240677824
0.2705 -0.2607995511327624 0.9568253008903402 0.6201781981846017 -0.04143286446256638 -0.3178217162373148 -0.5361067654283491 -0.23423107673725846 -0.05369362949650365 0.8907891639613207 0.48050829557258984 0.009843930403733454 -0.1290077926259974 -0.8823402496437934 0.9464331241347745 -0.1771277825142829 -0.45095462401132574 0.6524971640668014 0.5139103853391143 -0.8042522839691582 0.4710849456460592 -0.718315878395009 -0.03106878603756436 -0.2519405661016362 -0.8714026029120111 -0.6423149490776863 -0.27134145798850484 0.5550229556430357
0.1494019914839673 0.7633908003066147 0.388353531387655 0.5463544591263404 0.916150989957522 0.4731062601307906 0.8239899655109071 0.8728028746549819 0.39838971728408046 0.16228958875974722 -0.04679656798535919 0.10005522629144825 0.7821480840935493 -0.36609810733473963 0.6175587633162318 0.9816455793970608 0.017228603351171757 0.5854156237773156 -0.5795576901055571 0.699979689257139 -0.7348974902415021 -1.0858475365003248 0.6518188313599081 -0.873193862992812 0.11486632773417253 -0.8534001851085511 0.7571264421580165 0.19595011885060531
0.40980809344271024 0.8989414879783267 -0.003448367887901827 -0.2579093589422532 0.71864137889087 -0.02017884276943984 0.4264155232613271 -0.27653580165110847 -0.7340983055582524 -0.18507686048224897 -0.778901948370135 0.228803355189151 0.04289844337464076 -0.09944379263152374 0.6314073679595601 1.2033528463128071 0.3513265502380124 0.8420683739089928 0.2886777285248786 -0.6586630751325367 -0.5216000523251134 0.2795274031137837 0.6799713823479299 0.1572320977471685 -0.5934614911100405 0.005149485394157143 0.8035020365695584 0.2869573979947593
-0.5662986860311969 0.9766450329238024 0.28934997505120835 0.24351972195616362 0.09149777493695584 -0.37868479109656206 -0.5924088575739168 0.011520224146929652 0.054174387932662764 -0.3236255627470254 -0.7007099731680786 -0.1688984829331315 0.6105494361018405 0.5236578457050429 0.3578257609578194 1.263852690604135 0.4359622580787903 0.6863313193395582 -0.41879071789420547 1.0078227389649173 -0.8521041673191861 0.9686024317475932 -0.14441436549535241 0.5172321622795331 -0.03621124487603174 -0.7687413636870415 0.9132134199488954 0.6231035166252145
0.5654026211824349 0.9083105589609602 0.9283821322102868 0.3487174411194728 -0.7882995410579733 -0.3666879794344283 -1.0135482273309846 -0.41713108290898915 -0.5067375882870719 0.7761617573256672 0.6798283889429592 -0.3735742065027697 0.5633425787780024 -0.3687749441143274 0.23653811858342247 0.011181187703961995 -0.23209020051289422 1.0267446282987427 -0.19635795805095888 -0.25760077186953173 -0.6894521488495123 -0.1268221622866623 0.03400724820232728 -0.41467770579620455 -0.6294976620708854 -0.7641318204615862 0.024111068026762435 -0.9691295769146737
-0.6827625027640998 -0.5593501110078467 0.22028717912819493 0.15753194536710263 -0.5152830729725025 0.2096688542113952 0.48223478042370466 0.6368409859750932 -0.7879442242035755 0.018179400830204747 0.11552845383849437 -0.405500358249206 -0.37746908812288876 -0.6824183340279294 1.2398345382490514 0.835797936116943 -0.4117984700475739 -0.6772480493268151 0.9796001939239009 -0.5275332025133352 0.7926896411171754 0.27097093062653926 -0.6158522987683497 0.7037496374256612 -0.03256399085371549 -0.3059546403473599 -0.3094187808724563 -0.2110624127913077
0.8475243282201981 0.27340545959036383 0.7903887115914052 -0.9654850935093338 -0.57247559261101 0.01961948838607375 0.23409799428283012 0.19643087849382673 -0.25492931964383686 -0.25071622075320255 0.13645216270236105 -0.394194006108594 0.16372344794444335 -0.6912358478753059 0.9679160212866954 0.8586862531376713 -0.052456906715209334 0.5187354867560573 0.46479914677948597 0.019646612216858192 0.05154551504259546 -0.8165409921976167 0.01737366588304653 0.6891935001208562 0.1046657182648614 0.40610200117333234 0.462831468653761 0.16458250057718493
0.678600030453324 -0.005870797605185605 -0.5468517552859886 -0.20971116794157574 0.6178366490973765 -0.806635136793338 0.2814149898566342 -0.5331639777176627 -0.9777057123496298 0.7197256651503513 0.2756058496598077 -0.7884556350660696 -0.1970145864655469 -0.7811107226861507 -0.541818592567906 -0.5449237815997586 -1.109030239466006 -0.4899144037131723 -0.5671114009266639 -0.19677945094713203 -0.7379419967941078 -0.13950170231406095 0.008605675055182536 -0.7044341889243408 0.6454223129533055 -0.8837453414557808 -0.49139350014764704 -0.4180272388101944
-0.5422874696215624 -0.39785330464670027 -0.774395643034769 -0.4456373856985893 0.9563319991200786 0.9411874147336715 -1.0487931739192002 -0.30846029743206227 0.8267660361996714 0.37425998923404086 -0.8338933231948656 0.018572090665417082 -0.8939703026273137 -0.26319662239029773 -0.6041826329261043 0.7897776380007737 -0.9587971435781004 -0.0205696943716386 1.021620884462699 0.39219218526944744 0.858196990048843 0.9150200368159144 0.11326709550055082 0.7109243213091655 0.0028528483927430836 0.42319917228868625 0.38082082475423873 0.5026463157831089
-0.010427697318234402 -0.4097858102865231 -0.6577923614629828 0.949496943995793 0.04199145811274864 0.264499293526625 -0.3063067163759316 0.3928732411554573 -0.5823463534112635 0.17793336454195818 -0.6482132589775846 -0.7499452461968492 -0.6348916864037467 0.42565833691703314 0.004121326803048814 0.22660569587677457 0.5759440743998997 -0.34214741763841144 -0.2924897765679809 -0.08326488528667382 -0.33529095728468394 0.24924377746532733 0.5754489032004139 -0.013745185707181053 0.4592013740609355 -0.7380468235367164 -0.28504312879697385 -0.37329112419540333
0.5583053972026398 0.26600908852200883 -0.5525619770581166 0.9142000198955409 -0.1629648541374373 0.16918613782000894 0.5715167745221015 0.27952737836116576 -0.5164271922950464 0.6714883719658395 -0.4327621372441577 -0.4655456321273571 -0.37000477874395904 -0.9899185613814565 0.14480763697411234 -0.8991357884871533 -0.43606393259737275 0.5845488351533676 0.9763620501997198 1.0420180863871087 0.23243134026733012 0.31404547224643053 0.20086104048700093 0.6948765544471247 -0.15933762287855072 -0.8591204030069494 -0.9800246628600865 0.7715468908265564
0.4512 0.510444685828877 0.6718598145592258 0.35402277267878585 0.17246044300122604 0.6225599205409976 -0.04392159949403634 -0.8316973549812554 0.4742919038051432 0.6698089310078587 0.7401387910347398 -0.6094196271472857 0.5944015611985802 -0.45092909681277216 -0.1739304755194872 -0.28082303365613875 -0.8862442699283268 0.5794813705207928 0.7510197802528997 -0.7550891480230524 0.051482800069645916 -0.2078958012986726 0.6664264065580371 0.9841878114222085 -0.4517634347238818 0.004309045371045243 0.1764183880104891 -0.9297218245254693
-0.3176000539672094 0.607017180973204 -0.9316498754792936 -0.2333581395537289 -0.8676196290535462 0.7273848989202293 0.8012773501932132 0.3840387517288699 -0.9799535121542249 -0.27580050395227357 -0.26627567287336845 -0.16576456180681667 0.2341465846448654 0.19125019215197614 -1.0817422301497108 0.837336494567741 0.7249813099773431 0.3760054874784752 -0.9591944590833911 -0.17128686193488835 0.9620889563489297 -0.06450371454246501 -0.3383072216104519 -0.7087272373914907 0.26502781236757833 -0.5748051140377418 0.6293125474684136 0.7061297972814908
0.5679 0.392474153311876 0.4916117579685883 -0.5499994482191373 0.949183117198786 0.8342607796466301 0.6566278703122932 -0.3960669469045945 -0.2338026011322608 0.66301313183783 -0.33575750848438807 -0.8990321655523305 -0.5904929343563445 -0.01592796342173188 0.8630040942002061 -1.0967955564968812 -0.14102981767058628 0.6778302846502449 -0.21868301567226425 0.4640758914459497 0.257670859739746 0.07670062337806201 -0.17473860789447757 0.4875487833518892 -0.362131631960135 -0.8330284639649084 -0.9482131954447508 0.9738377909665096
0.9853 -0.3092898841723838 0.0844751036567122 -0.5963056621486821 0.26157993474684577 0.2725692779073114 -0.824417878449572 0.4515218363184485 -0.16289055949746536 0.4538196108091945 -0.9905811525391668 0.8245343740903218 -0.9977570072931689 0.2606423980784594 -0.8576267417780137 0.01672082956491514 -0.6513825468467789 0.12099151619367787 -0.716347140274697 -0.19793314888570385 0.47300983855523926 0.15433888473797638 -0.7131766998282328 0.30412193837067725 0.6003531749836191 -0.3341820019671646 0.07101287837691554 0.9162003230168684
0.6752015879000769 0.9354830395623368 0.40600818883567225 0.22263471471350593 -0.2950280623348019 -0.7933748643056561 -0.9591768750975301 0.16528041753378614 0.55353150681203 0.18634979020225642 -0.6950228025051908 -0.49271197514022913 -0.9821513439816134 0.436398768208643 -0.9054837991185278 0.14051302999001625 -0.5772322571580705 -0.32408022050994006 -0.03118220248942313 -0.5410540121239281 -0.3396000156297399 -0.2604784474588839 -0.062053988775407874 0.4102976417350232 0.9842810787281514 -0.7471528012151869 -0.13256044992497878 -0.9249962007699657
-0.7651984614450251 0.7793875846285635 -0.156295912891446 -0.01981679931292323 -0.32567521857606174 0.8517565441292214 0.8826882960218986 -0.8533436424234431 0.2220393678773773 -1.0284645406906343 0.9761875284169843 -0.6274974684292322 -0.08185305974927706 0.6333665636120148 0.33658590254831955 -0.4773326931984632 -0.2224271092694744 -0.7597428269472449 0.3093313129894041 -0.3274884351383883 0.13347152796622005 -1.08300616290044 -0.09959513730027013 0.03893662051086887 0.17031615787397097 0.8218514319925827 0.3698270615791668 0.7003070170213324
-0.903 0.9919 -0.8786565645177324 -0.3788577024905425 -0.5323148085244781 -0.9395437358542239 0.467313309523328 -0.6691307698719511 -0.30335483655539625 0.4028657287118947 -0.6948035422714955 -0.5708657483033018 0.6441326361118084 0.5340461045462098 0.007214316490263635 0.42988174793203665 0.7422606114006043 -0.8324506425948895 0.6850609650267613 -0.22916482329239393 -1.000645798399282 -0.4996630972854887 -0.23801290341967438 0.2595307160812215 -0.4287017059024659 -0.7059789636646304 0.057102056514969336 -0.5236
-0.6406 -0.8722 -0.6669149592423211 0.6947253975745789 0.4127056483787226 -0.5885645743766285 0.515952551110038 -0.5559490976748783 -0.82724154008633 0.24075290669625546 0.8117353176167635 -0.416651869263487 0.19631685289543274 0.7030899532228982 0.030479243604951346 0.989050164837302 0.4752153448499601 0.34833259110584636 -0.08174178732202317 -0.17706554379611264 0.1943487899913298 -0.956491659597805 0.6183500776296377 -0.9336617887162971 -0.6828180338250606 -0.22248726000497115 0.6290724511904267 -0.1682
0.2094 -0.9185 0.11190804105252987 -0.3341977037338389 0.22341994966235332 -0.3342671209709214 0.6333217158987595 0.003579604088556514 -0.5232220629548289 1.0603773723980843 -0.4417610879633939 -0.7466521178638448 0.4305545229081717 -0.6586351188507594 0.8371410613095159 0.06569759570037324 0.2683878405761457 -0.6594468668103122 0.7702349270467058 -0.3380460144308803 -0.2568435239272184 0.6087992922500952 0.42720927994913405 -0.21156119776184254 0.5898792163586477 -0.14651858143977767 -0.44442297147156495 -0.4452
-0.2955 0.6211 0.4898 0.08609803562712152 -0.5466761065148306 0.550714177241316 -0.7128100034678647 0.9736574551000359 0.10975544223705992 0.14238074247069155 -0.5720705290528707 -0.5444105333627862 0.8391369665512064 -0.6517908002975622 -0.7367192177072024 -0.09916267522419146 0.07695149961425608 -0.9057099410979227 0.6711317962264587 -0.7208189910167152 0.08490757160553729 0.6670511440088882 0.3829580614517661 -0.5996582120525649 0.036698295962230405 -0.7559962186099111 -0.7729 -0.5214
0.9165 -0.3556 0.6509 -0.2319 0.8281503763775775 0.5132699828402421 0.8745904172410068 -0.8209726492661591 0.8323321568919606 0.13145632856914197 0.840269761476936 -0.22270142118009167 0.714208579394488 0.4814609462372676 0.20807470784742754 -0.8163331618125037 -0.0193940472274016 -0.9712850762549236 0.7344399118601443 0.5889844207701945 0.26573593782001687 -0.3692557293813208 0.8722146215712455 0.7284793706110053 0.9525 0.5134 0.456 0.2439
-0.7854 0.4222 -0.255 0.3342 0.4819 -0.357 0.9889 0.6407 -0.2139 -0.9468 0.7612 0.8879 0.6924010203548222 0.7489832597689606 -0.42660000368522455 0.9901999998464308 -0.6978 -0.7546 -0.0834 -0.9789 -0.3532 -0.3061 0.2634 0.9863 -0.9133 -0.5718 -0.5914 0.8215
-0.5289 -0.4953 0.1958 0.924 -0.658900189524706 -0.49900055795355186 0.642490119550648 0.5301166864408133 -0.08263885878820659 -0.05166560104841125 0.559006676500581 -0.07395904081750482 -0.1429593808519722 0.6164288026354348 0.7847627610774108 -0.36777668722699186 0.8821518478636106 -0.20197247551332448 -0.29011643535294157 0.32934400484219106 0.554185760141752 -0.0779338369793323 0.6347766925962659 0.8412005282990807 -0.9147 0.9398 -0.4524 -0.3145
-0.6582 -0.9455 -0.9670004713871259 0.6600622227542192 -0.8437130506231653 -0.30579695646937083 0.39333409669638353 0.7771349674900927 -0.1724805961805887 0.08153165181479982 -0.9933586263975338 -0.22838280851342727 -0.32601081790786857 0.16186990352786604 0.24279174390982003 -0.8690068570571297 0.1673204957706254 -0.5408931359431545 0.5709700833519765 -0.031605117869094375 0.034944757183341425 0.8631539382945385 -0.006268742416158369 0.9606448056349622 0.4505310099004625 -0.7005009686777811 -0.7951 0.0537
0.6459 0.5007 0.6361979826458877 -0.627713172256828 -0.9473119093078316 -0.11073337130543041 0.047248838064262846 -0.604573266988067 0.24077128870995937 0.4894806360878636 -0.686355734423981 0.021489450616879027 0.906501034526121 0.20810620941456623 -0.6009965902176171 -0.7341500717117584 -0.02000126787395536 -0.35288343189177057 0.3190091875451479 -0.07624332571613619 0.11758460183348318 -0.7184809030683484 0.16887308929191588 0.45184977228942125 0.4069651544563429 -0.22060539811597127 -0.6884211948261066 0.2804
0.1931 -0.4627999919864071 0.09352802298289609 -0.8927005799161651 0.011930329763876616 -0.3118621910425028 0.27452293524378624 0.23004347581699452 -0.9829127284869663 -0.6349058862727041 -0.3581253775382647 -0.6246356211499919 0.6989115317890479 -0.1572843135542673 0.2611869210351824 -0.8644042328429401 0.11971450048499063 0.6468905840402712 -0.7923992190018895 -0.4977574781443583 -0.6595469868587994 -0.168930646882094 0.315818990702407 -0.17444896161207177 -0.5324458834967462 0.6801737739201906 -0.28706157455167575 0.3721448577185124
0.1412 -0.157 0.1545846289153635 0.380509854826305 0.7008320083214673 0.9280996924694229 0.2810452628552916 0.2414249645695204 0.6978051801977453 -0.15286700164596226 -0.9627510341987808 0.34510556949435833 0.7167338229508758 -0.8312903798043341 -0.26243177740527157 -0.8745602869179006 -0.2030944460417745 -0.5175590844744954 -0.7734021474601328 0.9102601860853803 -0.23193500065312542 -0.3658057892916237 0.8200491606816576 0.6365373380248093 -0.25568853363248395 0.1971727699581823 0.8546069425824545 0.5817585064301084
0.577 0.35149988549439193 -0.5493754936197988 -0.636714013356328 0.7268765272585126 0.11744256692120407 0.2766525473791894 0.5659677144574409 -0.8013126563335674 -0.9136927093351576 -0.9159355028348957 -0.18432772819884347 -0.31167400509296317 -0.5434072987274127 0.8279610434624883 -0.6285388771320171 0.4384025048050453 -0.3562759815040251 0.3530138975235299 0.8508383706066264 0.9713976427769695 -0.07503359246384583 -0.35900174669738244 -0.8509526801729533 0.6256789465942049 0.7400791032218899 -0.7861390256623451 -0.5159829164610575
-0.9142001342745889 -0.5987579260572273 -0.019172909721908285 0.5647173035401261 -0.8535847904376195 0.5524201921731998 0.43248153632398156 0.8448638905119925 0.07112939312757023 0.025587932700557967 -0.6091023847084864 -0.8309930886832354 0.673361775125267 -0.7796610853992438 -0.41276202201222906 -0.12001579969757388 -0.6997028397721033 -0.18222749095073484 -0.9622375184341173 0.4574763814355335 0.33623780156882277 -0.06754334483909591 -0.08098185932735116 0.8377157759594422 -0.8983715275805126 -0.2660984019438529 -0.43675218033422236 -0.6016250126324505
-0.7961005456954268 -0.9337324798599375 0.14312738742970593 -0.047484919856572105 0.3766567939133052 0.569346769140969 0.4141593480718657 0.32749128964550545 -0.12313777142557908 0.276600694862054 0.07016893892388722 -0.7061802841770819 0.5152491200441939 0.5611565298138631 -0.3018800092026859 -1.0179896038928449 0.822615315951932 0.16848401660006815 -0.6996043950199246 0.7996647679462366 -0.2573005536889593 0.18595231185268848 -0.934511612237709 -0.3181665354135822 -0.8841078171174106 -0.3107504380793288 0.09275473467010217 -0.41890760551031125
-0.9109000885935432 0.44118559560599296 0.03717064512387984 0.89353476352215 0.7367603517806397 0.04650563534795589 -0.5922506749441182 0.02432549462495196 0.8807675787643909 0.22165103720854507 -0.9408157014719561 0.2795490388648734 -0.48180883841615013 0.15106994090890155 -0.49376242856897706 -0.0709761916151673 -0.20197386736074321 -0.21015728046447266 0.6507252084959916 -0.5087541090761835 0.5317984571796258 0.27988928783505357 0.5285539050342475 0.0450930760689278 -0.5852570266143787 -0.5288765606491518 -0.38059841042646 0.3855530937481167
-0.3661976339760546 -0.6884447365511702 -0.16777791975630366 -0.038505851927349385 0.4018501990967701 -0.684545629178371 0.498081110205364 -0.32344432098725334 0.1767923474907216 0.8872004400192434 -0.23877983658713517 -0.7632191803448747 0.501785213584918 -0.9221939704732328 -0.4424641531865045 -0.8383682029322937 -0.011925054931965827 0.6403802617094901 0.08378823907200358 0.1315506692851648 -0.5120048039788057 0.14352804508147543 -0.9622201514516465 -0.4008848479221506 -0.3227079493178203 -0.04428042205764499 0.62276865318863 -0.6038122386944547
0.7814043698692286 0.5280930876175296 0.16425899880802 -0.16764599357416088 -0.2851649071050046 0.31838458859745344 -0.29091377195580553 0.4882684743362773 1.132177928965239 0.5117921337546744 -0.14388062986026012 0.6176551077171061 0.0748825122268285 -0.5243735281040546 -0.48709405910179543 -0.20856453872849898 -0.018196979650134556 -0.859818767365821 -0.732323170473065 0.4893114444650216 0.21831995400552764 0.6918391045301018 0.13948627757602564 -0.7405019858009764 -0.6544199826106352 -0.9654671719305777 0.062901128303459 0.9648961336921071
-0.7962633546627282 -0.10307222104310425 -0.4589829975299814 -0.8588522820731265 0.31615293084803026 -0.813214459908153 0.34713487169979657 0.7167719540668385 0.8929590079679484 0.4925466647173946 -0.5587229651254951 -0.6378887696842684 -0.5321256694578014 0.17030206071019777 -0.0404692947103397 0.26927428958960575 0.8667684386983964 0.14508660689630862 0.9198421468475279 0.13194059517223242 0.8552052102458283 -0.21602313269484605 0.49832218831196873 0.13567749912811314 0.04944682579676261 -0.8005848922602868 -0.9360173846933996 0.880161287814975
0.4242999959292604 0.4509853639585726 0.4919407925004548 -0.6162652838129234 -0.4736359019721094 -0.8345837228171665 0.49195092704846227 0.0443436575979951 0.12586793743924551 0.38989874343991604 0.6113183598885575 0.10662982740782048 0.1758559868037525 0.7433962255083005 0.24463834677203206 -0.11409759308080861 -0.2522406669128625 -0.09638447907196668 -0.45543883095364984 -0.9029298047642413 -0.49248617256979493 0.024755394458821366 0.4495369383879388 -0.6447682116210574 0.5744643972978795 0.2437513229898586 -0.5414467626089451 -0.1443198568137709
0.7065617881504814 0.2182502343461516 -0.03938919908373216 0.48217324030935016 -0.8163261267704697 -0.4066321950138977 0.8920668130735029 0.20228806841041713 0.2857979681729568 0.31263865197497637 0.8253078230981831 -0.86037896538879 -0.06785668178300065 0.8173387184454387 -0.2566102373260301 -0.3048762795080369 -0.24146422273178914 -0.277994765750817 0.21995875820973876 0.3492316415330533 0.777857253871414 0.5661993201797075 -0.6423201797916106 0.007780570299696701 -0.8018764175747086 -0.5161289393463835 -0.12032385800563947 0.10348424312479845
0.14242030515481047 0.6705533342624355 0.1701342076239712 0.881087545225632 -0.3677182664919885 0.3799283701563082 -0.24924768620897855 -0.9092978794966186 -0.5030274345318566 -0.6045976828733572 0.6302499735516716 -0.3095232849246637 0.015731137991481375 -0.4489572078825117 0.47985450378268735 -0.32142550859240293 -0.4092538098510745 -0.08448274340842533 -0.7360810358764424 0.8503373131228323 0.8505997888116902 0.39266169392784295 -0.12091621169137329 0.18505845610518418 -0.9442551629561302 -0.03248880347084155 0.8258013198781095 -0.6263577943693167
-0.9899995911353369 0.23016428991636192 -0.7681496385550979 0.41415575272847355 -0.7140003424452762 -0.5249854378341507 -0.7727670133733989 -0.2309244257352444 -0.6460632381753104 0.5755619378564855 -0.6916637501173261 -0.06181198249988826 1.0014472258109994 -0.5662874698775614 0.11537425886160237 0.44793761867484766 -0.015084712750511799 0.2941110099551574 -0.9826627040140047 -0.18984244744291068 0.36689035223441047 -0.8488891964168338 0.7901890875859672 0.7620250264233506 0.3789912542638126 0.3342074102047692 -0.16938714438552355 -0.7139135189034179
-0.9667 -0.415423391911933 -0.3602397103823859 -0.8942306193083468 0.48325629455865554 -0.6565350023209856 -0.7990930862360086 -0.5515593379965855 0.494345717069862 -0.4320001159318574 -0.3050018259334608 0.17016860051676075 -0.7742313669858775 0.21058022721553984 0.9556920570758846 0.5112111350409506 -0.22884177120972846 0.7091743767501967 -0.5663493028803975 0.29820122895790396 -1.019703594659352 -0.43362326087228853 0.7985750365451209 -0.04378878222188997 -0.8243067693651726 0.3317469675012428 -0.188393797131119 0.21574053138158772
0.6055999963346482 -0.8271694374999752 -0.6301706211964712 -0.31283833158348034 0.0431578185920831 -0.5349184053303007 -0.4935439241599101 -0.23676472525443343 -0.3999310067429114 -0.8769745677190234 0.6566394288420707 0.08130295463421525 -0.03299129517021113 -0.536788986269543 0.8080976932762881 -0.17287198368164677 -0.6873409224933495 0.5109556318139385 0.6548424659090657 0.45255806641106994 0.2621091450479583 -0.5043661618010071 -0.8503918918726361 -0.2548181648161216 -0.8633327706348152 -0.9807135091197005 -0.035323037524122684 0.7409823242577704
-0.4626 0.7695319067038093 0.01721488416844754 0.23757499670439783 0.8966641400905265 0.7621707064475733 0.8045273892751378 -0.9372948664141927 0.33942732652090946 -0.6299556618335767 0.1546025728588465 -0.5320299226402893 0.09999173650834815 -0.9178002942973669 -1.0144523621690666 0.31605394385319496 0.6172212843497952 0.8660438122118151 -0.6976931773953687 0.4570547774574023 0.526441396942079 -0.9490795896587964 -0.46629510404981517 0.5105073645662764 -0.6250674174006421 -0.6440782981734373 0.6447790944063811 -0.14670359986855827
-0.2285 0.353860643850719 0.489152724392807 0.26086355895745694 -0.7999589465850958 -0.5164454719112581 0.18597996715565365 0.7695395439717742 0.5970512656149539 -0.4564939186180416 0.35458724102364875 0.850334069917593 -1.0491323878388041 -0.2986523141179721 -0.4286112398995579 -0.01385430893377882 0.2905583676287671 0.25009592745734827 -0.4905776459309311 -0.990369577093959 0.26940154133544286 0.8607643703479199 0.8925466468324081 0.7886636014121652 0.786314011926178 -0.3787060180427471 0.7042454371741044 -0.48450100239895755
0.6131000089456815 0.5498499577469678 -0.3059729677111637 0.33447818333087664 0.5304381929236865 -0.94776827481924 -1.0531261764089819 0.150847039774037 -0.1233348143413906 -0.05409185855703623 0.07249317622174162 0.32612048844263875 -0.010468123683224927 0.2020642334962469 -0.16724192059510862 0.23123074352545883 0.810650585398137 0.6031283963805908 -0.38871050350351016 -0.7925796576001902 -0.5460803921262611 0.2434156385260787 -0.6577629463887164 0.18848192701293376 0.4767573581968984 0.24984553458290634 -0.8233080381143126 0.43889923643156936
0.3282000086676883 0.5607015787584722 -0.9540795357829653 -0.7162974482579206 0.06604535281359969 0.06736623092194573 0.9715848382679851 -0.23181106804171245 -0.03332990896881389 -0.5786626565319464 0.17479128737015465 -0.26163704731082277 -0.21928230966774706 -0.6305771147790763 -0.40067933479539214 0.45482270030737276 0.4106078508086811 0.965667957559469 0.8575769469473769 0.001665707659712083 0.35043197262492504 -0.4643957937010357 -0.8543323971993644 -0.13467690981341146 0.4028552441397631 -0.6171055946905164 0.057445079190060935 0.8424985897205703
0.4912 -0.4665 -0.14883110045910056 0.16312956674999377 -0.5332222666973957 -0.7675434388339618 -0.7573300050407811 0.41563095529732347 -0.11334786306829464 -0.9043373934630273 0.15004174668511663 -0.9403160982169031 -0.49697047850825266 -0.18197798679985408 0.39949792832000036 -0.06608555028279021 -0.001530750999862463 0.1271833698751455 -0.3826509154969632 0.9161160103653699 0.487307863731207 0.6204575643633792 0.6837698454774054 -0.5371108278777009 0.6275814270788882 -0.33787014583501757 -0.11160121039652371 0.7177
0.2044 -0.8023 0.5641571951205439 0.614781098338207 -0.2681221124114336 -0.5822153948524647 0.512016470547581 0.1042764863646455 -0.5808970637745469 -0.0696060591000299 0.602948804592099 -0.9078923336559496 -0.07242684945752574 -0.14518343346616133 0.4398177360769344 0.1688264174555749 -0.7850672995506185 0.4197631447110268 0.8916851647976121 0.23621321300074616 0.3514646886681838 -0.008059651269271806 0.6378496742332551 0.06660324450309882 0.35989834716289687 -0.7958944132343521 0.05521911423312616 0.1692
-0.1192 -0.1834 -0.6350096568188796 -0.8762684663651674 0.5585022128435154 -0.4258431003202683 -0.4535535778038366 -0.808348037001159 -0.18017435175196322 -0.13090043179773242 -0.9542733727375355 0.04839486190738113 0.26755181353209917 -0.34433660187402504 -0.2265654152691512 -0.24263190136868767 -0.8283842834391527 -0.3358707429605449 0.5309986301682762 -0.1748799368922408 0.9859940943219896 0.7411932392245113 0.07724968708785457 0.056681703169348785 0.9757682317639874 -0.42668804732693244 -0.7378920074225084 -0.2456
0.08 0.621 -0.6276 -0.5012014447350372 -0.706055320339111 0.08390038154454078 -0.19469672822070896 0.9070325094023238 -0.6186908545931246 -0.3517363174130964 -0.157166613979767 -0.8408681480273092 -0.7487155445927868 0.44446172063065575 -0.45631224623352634 0.8761210443873038 0.8560741239910182 -0.6647281827405489 0.2139267238512412 0.25342819080007317 0.9906700469755075 -0.6698247557137744 -0.3558751276264299 0.19899779199568204 -0.9775995511565605 0.2671999371794211 -0.6095 -0.9628
0.4411 -0.854 0.3352 0.2732 -0.4724985341863553 0.38415403580229357 0.45337451437842463 -0.38854114578264654 0.5005668320425388 -0.6257559101525731 -0.11712907277515197 0.022826917258265793 0.7650307400363358 -0.4820882570414124 -0.1696990454611894 0.6999608481497196 -0.09042958051274265 -0.6717235977776282 0.2234278088583244 0.9380583994882443 -0.709237067828521 -0.9469659127273601 0.5381184129755578 0.5580111060488209 0.1632 -0.8882 0.2155 -0.1091
-0.2485 -0.9232 0.1883 -0.3911 0.9739 -0.8732 0.248 0.7645 0.8239 -0.1254 -0.252 0.2368 0.4164088404115202 0.7799434791703054 0.431400006704069 -0.08979999972063081 0.283 0.124 0.9488 -0.284 -0.8274 0.1811 -0.1201 -0.7125 0.9348 0.982 -0.7509 -0.1089
-0.9362 -0.1345 -0.3598 0.0479 -0.3536010573124877 -0.14090865801845875 0.18698880485494299 -0.674454455610975 -0.003928757703367118 0.33103785909644845 0.85576649994741 -0.014893518450191783 -0.00562111310448116 0.9337433536466688 0.11693724912892262 0.52420347454848 -0.8707994550451378 0.6968282065193357 0.657300938686676 -0.5174046988433407 -0.9293731446024885 0.7060948758745734 0.9555307754866152 0.05021627706231461 0.8654 0.1057 -0.3693 0.4271
0.7465 -0.9664 -0.01604122822880217 -0.5536050618262957 -0.18762590999932335 -0.3879014710270543 0.44526779554948964 -0.3162279544286958 -0.11877939682352072 -0.9594358682447182 -0.9280913119508283 -0.5631096270766073 -0.25818525678033144 0.1354207015261653 0.7716188260851415 -1.040348546107598 0.15464763437167564 0.6369643000116717 0.22984134824563568 0.18425320803026662 0.1944602203254581 -1.0170552456633857 -0.8973796181804334 -0.6127677249711644 0.7097925465354988 0.05191290168587659 -0.7684 0.9355
0.0881 0.8999 0.7126091830384891 -0.2660465302245747 -0.7306845951314231 0.07640753986493584 0.3123101286994464 -0.4477151045741873 0.28408750472741207 0.0787021593887208 -0.3227272330892555 -0.8407335685863593 0.3118597641429219 -0.45722235495475966 -0.8658400100190211 0.3623878415360415 -1.200694775945849 -0.26371506576137904 0.6951222629471042 -0.008340123154902917 0.4697017411747369 -0.13978165299835493 -0.02724850506950572 -0.35300744246817034 0.6209714232968707 0.6561320976611335 0.865472627919647 0.21
0.7782 -0.28430065063489834 -0.64551668756769 -0.60103769415761 0.23487189088354898 -0.41123548281442546 -0.4149652367611783 0.3919664776674481 0.3469224564771626 0.49216728891294526 -0.07538314080111622 0.39579958059091863 -0.3457016384369175 -0.9823568645902101 0.4549121882939479 -0.11704683691970667 -0.7743748733681226 -0.04122906788795007 0.6661894284229642 0.08726783312249065 -0.5917590410800517 0.8054898786175635 0.5319868276123877 0.017725811402145786 0.43385838716839314 -0.3500966675856204 0.3395690292727252 0.4120911204888558
0.6038 -0.1275 0.1053891349424594 0.8170847257119296 -0.9273023687931687 0.032118566100160145 -0.4058915015303133 0.7826261330167882 0.350461164056248 -0.6921495717626098 0.9152528805474008 -0.04296250256372112 0.1379623445309054 -0.6876655797788346 0.9939271161332129 0.6151569218080468 0.04850698257186118 -0.40156453509817935 -0.22435722419851295 -0.1666297212942432 1.0241338050208255 -0.1841413334105385 0.7802989977637951 -0.5763983895264051 0.3492033800743434 0.44450305092205444 -0.132531259129692 -0.004585221912266761
0.1767 0.18140097383705456 0.5219962759792426 0.35366673451539377 0.20324210709746507 -0.7540755519087303 0.6837948412724723 0.5412654189597256 -0.7346622926842667 0.94583315856805 0.37385869106396646 0.49841949641805233 1.0374961862786523 0.38993416942130676 0.6220551571830374 0.735522920091571 -0.9018991862225691 0.9584984706408568 -0.7516624745956384 0.31410144141044133 0.5485348818693826 0.6652431334090284 0.5694981305023508 1.0804667110061346 0.6799818505148627 0.2715919255399872 -0.6324984613971055 -0.707259603914255
-0.22060000756677392 -0.36465931578594907 0.8831412195264893 -0.2683457017347371 -0.43404748250626085 -0.8373300324808947 0.5311571843375611 0.8181704339131136 0.6614305484023195 -0.6602809929376637 -0.17731287717245828 -0.170119478205226 -0.4513170948143617 0.023427902966478634 -0.2252631875868269 -0.6332178371031595 -0.27212080845542375 -0.1476507794496997 0.5759854393560505 -0.6797381362449103 0.824384558292165 0.37863423753246367 0.5200229190024561 -0.22715820628908723 0.7503722048900515 -0.4032260319229235 -0.5442237525531907 -0.6968882906252202
0.6291999692484336 0.42362197816196945 -0.5624225814921172 -0.41353179457471917 -0.1392054683505533 0.3080704974493781 0.25512713779327184 0.9750837374604804 0.5704853620358475 0.477093737915094 -0.8952008847614081 -0.03709833367419799 -0.5714507264380877 -0.9118790936745106 -1.296952209779523 0.3168276318403801 -0.4573952331805552 -0.13054121350125095 0.8599186028937582 0.22389684889328668 -0.12854568116630719 0.20575918125353374 0.5837725100675349 0.9854038762610118 -0.23618056157015752 0.442352667749699 0.4252900681865823 0.5571869797976313
-0.8780000049925106 0.3799765017664017 -0.9538024898041508 0.08801437821097646 -0.34638292906539614 0.8600004599264516 0.5955254692172868 -0.8615610426805161 -0.9198673803586249 0.7494878507400382 0.1429032620110603 -0.7159150982763148 -0.6081423165244214 -0.36544628203279356 0.4323301623818491 -0.837841555267601 0.6438509754711447 0.3661353686447487 0.44884125811052605 -0.2875625988015839 -0.4303690903763592 -0.25360117706120205 1.0301473046787724 0.828332645900789 0.23058351762820808 0.9058453649512409 0.5845784391244893 -0.036490969973911214
-0.38419987571022823 -0.9432425078860804 0.4875256874438437 -0.6434517322713196 -0.47471618097679574 -0.5307902057326985 -0.34926820485562493 -0.8533421307541413 -0.5120085208500469 0.9663366827159594 -0.5097619577426915 0.4887593095170329 0.5877213932176402 -0.4070349810430215 -0.10468150944772851 0.09277688723248023 -0.1361005367131883 0.11862886247957889 -0.27415881512623974 1.040115167748352 -0.561257235360985 0.2648179643512212 0.8659433911074886 0.2294158428673634 -0.6974792000122417 -0.7896507630643949 -0.7686913668046843 -0.3596825782027534
0.2649159983114671 0.6650739736153303 -0.6810923289866302 -0.6397072791658274 -0.9622843025547918 -0.5439748874207445 -0.32339439423518573 0.3174291765724696 -0.20069600253984504 -0.9753512080944998 0.5435852086936102 -0.28833779014800404 0.5876327253229764 -0.3626637009111241 0.08467203920435012 0.8733602418191619 -0.41302492362891813 0.5067034249028417 -0.6092398991132719 -0.8380948902546999 -0.35062879296761623 -0.9342272739881976 0.7764171087605548 -0.6564200682234821 0.47438332097428154 -0.9475873260550102 -0.10238907366921168 0.4998017025058436
0.684698371340289 -0.18046149399965422 -0.699692199966599 0.5513681189083465 -0.7333869974700591 -0.6562240474491927 0.7594076439146665 0.8088684053393357 -0.027358867473940358 0.5336665728168086 0.664745938243848 0.6690084676395405 0.7491438999326006 0.4501051377501418 -0.1158674094463105 -0.16033227877109413 0.5647461108677444 0.25484895649651695 -0.5833437094147274 -0.12002800169358867 -0.676634427782809 -0.26442554587197925 -1.1251342748778166 -1.1425726952496345 -0.35174704901226544 0.5022426598488801 -0.7687204563478324 0.041952225235829754
0.6173959576264515 0.779506352185384 -0.07348151463205976 -0.9697198369954163 0.27851135241396907 -0.0030451680675324428 -0.8355724252018185 0.1782297170824679 0.6567303521350993 0.7284968896277358 -0.8222280488066328 1.0907286694837015 0.34882745100482493 -0.2564131113293428 -0.6646596300934137 0.04106025036541752 -0.057151571963661 0.16868947586466404 0.5930946541954986 0.6851707813430911 -0.12374093686796768 0.35810845639565103 0.4301215769336325 0.10229622740361524 -0.056992281101453074 -0.6928983104415619 -0.08268544790742798 0.9561845618690323
0.9346095653862599 0.7542869816990138 0.20372468169223945 -0.6899203822685407 -0.8545091920628634 -0.16124112099375784 -0.17850098804007342 0.14211969639293642 0.6312510550400451 0.6466674437735932 0.37139120469776393 -0.34342448019836036 0.9858051306457473 0.20038047913155996 -0.5640707200243662 -0.31967950433530495 -0.9333108635568144 -0.3734340101555863 -0.4137102874330288 0.3895876464208958 -0.7362184760385643 -0.5748598428816069 -0.4828167308435049 -0.5172181443057146 0.8178161189983542 0.20924243817321417 0.1446297643642493 0.21190946874890032
-0.614300687683134 0.675032428522615 -0.3383532911883944 0.22818031706187408 0.9315289879012124 -0.0506558937095946 0.5612174196891836 0.0219383557473716 -0.07741624409473902 -0.797864186721232 0.46999121832091206 0.3278068579773894 0.6381196390066108 -0.08779509219487718 0.44593964276376225 0.5250606580159964 -0.3154270216875936 0.19926195166341346 -0.2660296030963057 0.17288927811947685 0.9786453336202043 -0.8048279502650897 0.285581112542951 -0.04884754221870536 0.5807855389269652 0.71390258402818 -0.5499523310886315 -0.4962530184309349
0.5836782050613606 0.8854026012080335 0.3674242929460037 -0.1594994431151624 0.8024235856486366 -0.19415038190362877 0.9920450573189162 0.6955019665470402 -0.8149556256979611 0.972404703372918 0.4734873271007478 0.051597995877911425 -0.573218956475509 -0.37431608084946494 0.6981242657598298 -0.31972472093230847 0.4181165708792072 -0.3937433293811301 0.8576396088548133 -0.7647401994141637 -0.6098964028651945 0.1067881730470336 -0.5158807943422921 -0.4058178472229027 -0.6957826091357967 -0.6318865446504812 -0.37655042615772605 0.9962119607556834
0.26 -0.23869689207036368 0.24899032350971634 -0.7167702306238295 0.094440132286845 -0.6542691942503526 0.5496813032974323 1.0566601717784008 0.33253453486855633 -0.7047428118982384 0.6239488691971589 -1.078174229378873 0.2745226517452526 -0.31636840604041067 -0.5872213077776289 -0.26454897229657826 1.0979630907704911 0.49545134555716586 0.26247698972516725 -0.6324162462077018 -0.10851087787797034 -0.5867762635643785 -0.3992329585491515 -0.7865942442552253 -0.08112197895475015 0.0062793153601345235 -0.02264342901571976 -0.9709317275988967
-0.20587744666244526 0.7723967997854893 -0.44134502098704137 0.8198993880266942 -0.2921726443420025 0.1367926477343845 0.6294286345778215 0.7575482188169144 0.8202326417643161 0.8895651286672458 -0.7716865054977018 -0.7588082837626783 0.1979884433545269 0.2806872380111732 0.6824503701398419 -0.19754623510516425 -0.7107594060340326 0.31027770446211683 -0.9184309501949798 0.440786729449299 -0.024381396394155885 0.2195342563554136 0.6736644650409696 0.22005718935633922 -0.061522474609687065 0.4817648845510798 0.9306829451044725 0.925081944183489
0.7923 -0.2894226314275858 0.07113232908468664 0.718684441776524 -0.5568980389408823 0.8102235235511043 -0.6105162287236131 1.173837675135526 -0.7183013559550685 -0.9077730196508172 -0.48007353258346974 0.21961357579286261 0.4522234846644296 -0.07765867772148817 0.3831811149611861 -0.41146540475497073 -0.04370038943985849 -0.49706074432219793 -0.7474254145407601 -0.10459077693463083 -0.0295864564825178 0.4309423233961928 -0.6323691031994845 0.16348091717579924 0.9454558844543209 0.12971822461364296 -0.7572492291184086 0.1579267210055991
-0.026 0.9873024170623411 -0.2310109260116927 0.3518406740319554 0.00674719416288569 0.6912334290760377 0.5177376926005978 0.969719448335354 0.1557129610276059 0.2903764655758915 -0.649232051229003 -1.0178607510341813 0.4004654165292368 -0.8330687767335175 -0.8834610228075881 0.08136638334803643 0.06936665725442964 -0.5804916039791057 0.4572452410701963 -0.6809086431531892 0.2921890148701207 -0.1837737081263081 0.8611156717563379 0.1566158504238815 0.05632787464318609 -0.295083091430752 0.10178503617477512 -0.9142999850146902
-0.4109048222018438 1.0001979393800646 -0.20069729067849792 0.26072002589038606 0.7489699548058524 -0.22410352647672865 0.9387818874243917 -0.03370687879674863 1.0222812750659858 0.5784070197143416 -0.4693415346295939 -1.0090994783231788 -0.631869957309115 -0.2735935774908447 -0.2143241338227493 -1.176424159063578 -0.41762668225653427 0.1594287128327669 0.5998203207853379 0.5860997230662445 0.8278261605821579 0.8891139234273463 -0.26866032169070575 0.9215955631733725 0.9160155426021046 0.4237041756096977 0.3453974042609118 0.3124985894150156
-0.7831046723485596 -0.006375591078131791 -0.2656054516736101 0.3036189315565061 -0.865011722205202 0.18772790371847722 -0.5491986486187642 0.8081571377807949 -0.22046448758417783 0.11079774839076763 0.11589247912594186 0.6401288097744323 0.3839810420238237 -0.43694052050116455 0.6971456260401145 -0.25055100455996654 0.8306766442427398 0.044226443341065826 0.6055723553928384 0.8198970908577734 -0.43430421365877747 -0.7631139550375761 0.274757965461805 0.07885787061913832 -0.5891317329872643 -0.676048020186815 -0.3566169233107015 0.4423973947076548
-0.3471 0.4752 -0.948333975233444 -0.5303128503086263 0.28978023473131587 -0.654856422028154 0.9305860554467619 0.6266175170967028 -0.31113033563054 0.2850140391127823 0.01152617341932455 0.4906891863926128 0.23309494937828681 0.8213332850710774 -0.14578645604979876 0.7019879573431861 -0.16753320461567983 -0.609193737198814 0.032498142245128175 -0.5913641938656166 -0.5721747847192998 0.6272835174500936 0.794994711328181 0.6662552590969739 -0.4536262314656037 -0.9231274828353273 0.9971481586808093 0.5814
-0.9985 0.4297 -0.9313208533462457 0.5626272901931608 -0.12893358359679277 0.048752688534746645 -0.8237816041539547 -0.7444942448311463 0.05530049263353539 0.4504541755562302 -0.06872161147488565 -0.5240757187393325 -0.02384739465089887 0.022008846514891132 0.4633106151145206 -0.6882772141285709 0.22308245080745817 0.29504776337756955 -0.870810283811864 -0.23105763615104127 0.0433416265034291 -0.817034485699258 -0.8340700690954207 -0.7034489490004948 -0.37000045807947024 -0.45651375921547377 -0.5733109762523022 0.5165
-0.2017 -0.3583 0.8627701036733144 -0.5472782891977374 -0.2473357348122009 -0.19294381178080014 0.4829394989852908 -0.5824043999919439 0.48814514103426876 0.049810676111907246 -0.9433220769829158 -0.7965862414744944 -0.3250210152997456 -1.0535176301756053 -0.5928914864657048 -0.14221921062991427 -0.017724524350842017 -0.8647346127581329 0.30637817213619684 -0.3287924821102727 0.8601024339574779 0.6213236226959741 0.9533080508115622 -0.8698978935578151 0.8294908606616047 0.5823094318626192 -0.2522547512383757 -0.0825
0.8175 0.4617 -0.4662 -0.5196494218606247 0.6022585175166727 0.977421346093305 0.02413015434143568 0.6285236496746984 -0.29750805297030847 0.7137615140078778 0.6400713439088381 0.26283321990771946 0.8291380748221977 -0.692716418067302 0.13837671589518669 -0.8171220498609467 -0.8337486283683956 -0.06474364421161692 0.07323452759396092 -0.950159918603189 0.060192674687594115 0.30262941816282124 0.5229779267020338 -0.18615431305720806 -0.302081218683845 -0.15429992471842655 0.4179 0.9596
-0.6891 0.0136 0.9929 0.8305 -0.026502462523551495 -0.13946033381850712 -0.8643476296626911 -0.525289047381186 0.4107808871553733 -0.18039488206894952 0.5583437839916668 -0.8065709375094524 -0.7789433684949512 -0.832489648681304 0.42730633768352827 -0.7968182857062281 0.7079973206715616 -0.7662773022438231 0.9056403425252781 -0.20525025794267732 0.781840959765584 0.3081686702360463 -0.2715755949383441 0.9692460087992655 -0.0659 -0.8396 -0.8754 0.6298
0.3843 -0.1771 -0.0783 0.7411 0.3319 -0.5253 -0.5022 0.198 -0.8442 -0.5737 -0.9163 -0.7548 0.44687024467228975 0.4323103142139745 -0.6623004617902316 0.648699980756469 -0.45 -0.3821 -0.8948 0.1138 -0.814 -0.3819 -0.2323 0.054 0.9932 0.3737 -0.3773 0.7915
-0.103 -0.9106 0.6617 0.5695 -0.040299996861789616 0.5700000261842005 0.4721987892788223 0.39840277263737545 0.4655967223065724 0.8023535147173038 0.9807268751707205 0.5529481245601992 -0.8663331318068176 0.675174748236904 -0.6784532711202298 -0.745926095312883 0.013052641413786058 0.8323204547789897 0.7791036318659956 -0.006244935975648292 -0.7691016898606228 0.14767402802907967 -0.2467365802636504 -0.4807927372069996 -0.1793 0.042 0.0668 0.3055
0.7889 0.5684 0.15209999630104665 -0.7751882394480195 -0.8286703981178984 -0.9751654253780584 -0.3930984616443132 -0.45246770111574103 0.29182555196566423 0.14734985506698234 -0.6134620271759155 0.6419871171095051 -0.46092620335449325 0.7351273043386269 -0.0030792733063643254 0.7235523256429509 0.9724933515019827 0.5346027683967646 0.9601635925168703 -0.0010853448270823959 0.14076832701609335 -0.9729986384293132 -0.6148564381233445 0.19660681002314506 -0.7023085010812272 -0.8892035969505844 0.8023 0.9071
-0.9005 -0.9814 0.8633999732060051 -0.7516602781745955 -0.918472748247333 0.5671796880371921 0.25711771344368023 -0.8458851400549193 0.7479305431615388 0.45471946321699114 0.6866970005906256 -0.2683851253294645 0.214985367358366 -0.6008807498574434 0.5746184196698738 -0.3789352828459106 0.9529169950100456 -0.10238261667111738 -0.2636784923270658 -0.7572917157371744 -0.029758132473427543 -0.5450443846844298 -0.3148042719460708 -0.9014144583067185 -0.18382865187959507 0.778871946188645 0.49150050565382375 -0.7891
0.2663 -0.9706020135327934 0.02610122704101765 0.3280451142173663 0.1765089026284415 -0.21177109421392354 0.724654254584564 0.8124974268354764 0.9562637576952923 0.7359342690526806 0.7296588819077984 0.14937482135865157 0.5984445323630687 0.20221593533540247 -0.12755936141207183 0.2692319246699572 0.6316135567118464 0.2975291785090831 -0.30804120137868585 0.42466033071484605 0.6084401850794636 -0.3827788585248035 0.44901215794956456 -0.2871289818295891 0.9872341010368001 0.3447401995546526 -0.457622235143317 0.35940733744491343
0.956 -0.9733 0.5278995470955226 -0.4012979669703576 0.6584009863994501 0.18509307763878435 -0.6160246551673586 0.6675546917675587 0.753870909615519 0.7324015517330009 0.7465623602251275 0.4186968958645565 -0.1904783328390568 -0.3252556024295076 -0.3821141868248246 -0.007586834339615114 0.25892785879569463 0.8002150486473799 0.5932717794894128 1.1278945151980861 0.42711938730719035 -0.7324467394900831 0.4165924511753859 0.11256756701016277 -0.1094694201689834 -0.05552196670540665 0.8491457169840096 0.8297120724467502
-0.0869 0.5527052262462083 -0.036614596322072486 0.6971079769503455 0.3393545317011564 -0.912553795870605 -0.603245199009396 0.16746361840255622 1.0854499971906784 -0.5435170811502634 -0.8781029597368798 -0.5352744099371943 -0.21251249200502834 0.38508352561845743 -0.9344497320568683 -0.4226862644513351 -0.07054604474802198 0.5376407053881254 0.32667117476493096 -0.7268175022123803 -0.5699284712359021 -0.09137738075793862 -0.48571498024284865 -0.274681587302099 -0.20079866708519606 1.0040529358329873 -0.805561954707737 -0.6583353227703246
0.9994006462283573 -0.9471305902776052 -0.1759442461708158 0.41336401941540496 0.04461944936533864 0.18627540568550344 0.6488256514611245 -0.8674249869577472 0.014478966225945902 -0.04793348374880554 0.5377235030481139 -0.4595197373710135 -0.06820336162450873 -0.95377238424995 -0.9030962763235291 -0.119162976804218 -0.051537306822260154 0.7556901979326112 0.2974723823267033 -0.1369907533144253 -0.23198484832578878 1.0769617220316303 1.0764480312241103 -0.09714238035438985 -0.8081623144841209 0.25011649744127307 0.995690902957218 -0.4988130274279462
-0.8156973737111245 -0.1485531393200848 0.8435828443515788 -0.6048222024135469 -0.955958480082989 -0.6019291522929677 0.9026359558470567 -0.8208575373013695 0.7844993125480922 0.6372646199389159 -0.49895580456859284 0.051111057879245615 -0.836110708987753 -0.719694469645148 -0.2127432649361118 -0.8870667906843082 0.23107737242546614 0.9558396997834601 -0.7736290371788739 0.7260978706067899 -0.5845780032860255 0.2802906677914223 -0.33138164433715195 0.25914196789330524 -0.6855858304991868 -0.23814782480109642 -0.41742213570738806 0.6979527221713713
-0.546999573622527 -0.7725899468924021 -0.871231035008169 -0.9058976388200859 0.9971923194040037 0.4591246172570684 -0.45802542514939837 -0.28752755168084465 0.3603748563201171 -0.5052201268737181 -0.09190213574152765 0.3777172667954682 0.5714444899659977 -0.19229274436611024 0.20851407551173848 -0.20475368530744392 -0.69868772284742 0.4785630744921132 -0.00886148187574185 -0.15767913706323392 1.0744302097044462 -0.22756832415542314 0.9674166286315138 1.082443676491161 -0.2123839426590936 -0.9013684494839075 0.11557391521450057 0.990818911366068
-0.6408987653150487 -0.7369540156525454 0.9390712321074429 -0.679317040966822 -0.5474877581864713 0.40485099431014515 0.8626086700504039 -0.6569090813723946 0.2585927717711254 -0.30485699945503125 -0.43226215456361455 0.6191062483279098 0.9346252746366394 -0.3939160190847565 0.6005606453058906 0.2963138148774465 0.9056461295087496 -0.7301874184072742 -0.42873252277615237 -0.7989535524963319 -0.7455827525159593 0.09969353213040684 0.5189199873752403 0.22353519008778763 0.9749836751612395 0.11743135303117976 -0.04774944662173545 0.47138407458633463
-0.4370410559399175 0.019981561838138935 -0.4338394414140584 0.7834571638435363 -0.8139700571083145 -0.9123924914011946 0.5343589092805142 0.5516232934076634 -0.40538874369679134 0.2990722663533047 0.5895901796501911 -0.7648759958362423 0.21629371130358876 -0.8583039434529859 0.6084033963567513 0.6225101908826216 0.22388361704953605 -0.8537109013553286 0.18231371482402642 0.0756116943884896 -1.099146163828688 -0.325184985755248 0.9363641748066502 0.40635994327231884 -0.6662644141305972 0.49372597054453093 -0.8531948326716249 -0.6316328685028096
-0.832575529612625 -0.3790471278373312 0.06614397775809985 -0.3330750340501371 -0.5793839458345257 0.3061916457511885 8.688808621261888e-05 0.07742713277427285 -0.03449180865160784 -0.5263829131016468 -0.4712638511087589 0.6079106873918336 0.1628471888625283 -0.4549672271959783 -1.035492562255034 -1.017849079176943 0.4365925337386751 -1.134454384265681 0.16972029438217132 -0.4790145567095198 -0.1570841005610258 0.3782142671463523 0.6706190644053313 0.9235585295628798 0.14009451567933046 0.6048082699119074 -0.14844957131293937 0.18760219709916381
-0.4480002458361501 0.8936650105488176 0.909296584613829 0.6479900201628448 0.21975026195755856 0.5385086533334028 -0.8595272798081094 0.30421692150311214 0.06303940399934159 0.5192278913354355 0.9598246408076055 0.7659696927287915 0.3433282607989006 0.35965996198679967 -0.2677446361022124 2.4667164345669157e-05 0.5084956369709194 0.15466432880255568 -0.06025744722722157 -0.7883984630637684 -0.20596771139583084 0.4126581206449662 0.2626034612808506 0.6729200934545816 0.22907265240676833 -0.10328949148694226 -0.6114946651427232 -0.5014941799325535
0.31323967859767055 -0.4397108128212011 -0.8671883514515574 0.017532275731967608 -0.5296659344950344 0.7685471435541924 -0.21259117837328553 0.6368873315384705 -0.9210449408557149 -0.16103249019090293 0.08672742054809222 0.15682667722896626 -0.29556076466068315 0.7136415580882305 -0.29426351663000144 0.46353374460457636 0.35410292078670236 -1.152809219725971 0.6229025996606111 0.1670718162418132 -0.7245328987034294 0.947690850139276 -0.1819743467750234 0.6795629942684288 0.6951419690606294 0.6421583704664895 0.8858989189354445 0.002688921083472461
0.7596126997679667 -0.1683321265238884 -0.8375701696305718 -0.2565386581479157 -0.02809934350202666 0.3014776970684072 0.09631508055765688 0.7643556775088284 -0.344542237086442 0.017290823350359467 -0.406610846856619 0.8528809952232153 -0.3502700161668242 -0.28432303519104524 0.6399678771295491 -1.011355216600607 0.3454335729018029 0.5009360831017883 -0.5273842773151278 0.2812804712599906 0.14341647952079703 0.7696676768427481 -0.7170841732237245 0.3797982394718105 0.4493165761454403 0.05734859511205968 -0.7500317498945701 0.46607723986631777
0.923098324837652 0.7298212015311425 -0.39296338096337197 0.5864994095948075 0.25405124164262927 -0.5098789747744717 -0.5369466871151515 -0.4961184669363306 0.7451517598906248 -0.34311587836496327 -0.14586306396472207 0.18705629345032265 -0.18099494808352634 0.005982366135445369 -0.8315698566762976 0.8363148524445065 0.4983563683269564 -0.5844737045073456 -1.0598921591120378 0.4127974468339953 -0.22772107733327152 0.4777758772789889 0.7865826751677936 0.3641597618252317 -0.9184928698795178 0.3366184767900615 -0.9338435477826625 0.04823925182719577
0.3488 -0.5455658076143446 0.34304603470139255 -0.22420915805133607 -0.23748179697491226 0.002928540351156853 -0.5484401522715509 0.7759448206638331 0.4751486710668336 0.12484820643179308 0.7237463698399267 -0.2764749338788213 0.7965094429868964 -0.6855295305275805 0.8077743365712204 -0.4193883523743294 -0.9602224472981897 -0.051892178217981325 -0.041362015892052004 0.12141619633509419 0.31853841628137947 0.19785282013791491 -0.298847466827124 -0.8832950737354247 0.6589516443056608 0.6721062406173389 0.9961435474960505 -0.1588657285559639
-0.29800520832132504 -0.6420257991729178 0.05177315495828851 0.17141238282652868 0.3074568412478343 -0.3215606246109517 -0.24610226989583864 0.5137855289761477 0.42264393855417143 0.38754240510641563 0.1065482453912747 -0.5251085164691348 0.6692628892411873 0.4868388299291665 -0.028104631350622206 -0.00600809942072703 0.7404301915790681 -0.6677392720677233 0.6509973025117534 0.9878458491451899 0.12200060255698204 0.9990429339174185 0.7864412651056046 0.32253458376571686 0.3376561007328378 -0.2278238463083493 0.5788583209839048 0.3639682958179574
0.6425 0.4256534052408936 0.3949628212174869 0.00878979688002783 0.9286208033102327 0.9556773599676942 0.3702215667036081 -0.8352333834260387 -0.09519521364855119 0.23706307591971346 1.0136958467953034 -0.19693995899951472 1.0625852537521703 -0.6115204866694455 -0.9186222573073847 -0.2587346665838416 -0.5506926478056543 0.7301756956241968 -0.3525450099853528 -0.8490866877740962 -0.18673607449456023 0.24315464852340052 0.2796398756674707 -0.22384713580365542 -0.6606604636774862 -0.9839292038127014 -0.9797483942373324 -0.12425227744904001
0.9279 -0.7861835988231887 0.896866092125988 0.25858567611666905 -0.24466664271699226 -0.7014616855289576 -0.5589493660912919 0.6124050598506028 0.9677834808071428 1.0669986380551792 0.4828443215580746 0.8308823924677554 0.6886254192758843 0.11433208603790324 -0.3791754489654429 -0.035687269446190606 0.9554919009159049 0.7875721092190495 0.6661620482485613 0.2306986702562274 0.08475677590926807 0.5200423009117089 -0.6717306983760859 0.07254363420117681 0.6317223882620144 -0.8678355363600637 -0.5133453651745324 0.898500012877701
-0.707200023110607 -0.9727009500380495 0.25793818471405083 -0.7216357343795861 -0.20229942503869414 0.06781460790210277 0.0772471255506774 0.8897683629446296 0.7117809772044509 0.10731196897198696 0.8159046073509827 1.1456424907091278 -0.6625514239257709 -0.11296597998465116 -0.642011294412288 -0.11629949791035683 0.5320673835511731 0.6030893179183324 -0.7137165402484625 0.6382171275229579 0.30454518920439133 -0.7051522640483038 -0.6873456583897107 0.9052499627956992 -0.49146271732044394 0.5378099778406719 -0.1097076358992966 -0.13349999861133677
0.9824999776075712 0.17100957081498105 0.6799970804439938 -0.46850521552877966 0.8790906841818937 -0.007735795191406193 -0.36461264966675666 -0.3873615773308623 0.49119768786607226 1.012677532318124 -0.5279344931875385 0.7937777644942665 0.6070547636260396 1.256832716536535 -0.37920171776723716 -0.6974895451549611 0.8616799815948283 -0.2756220455586827 -0.5744448686535238 0.9288558742487294 0.5495494676098518 0.735510732299779 0.7250943041711118 0.41669473913438365 -0.9946606038516995 0.11969275790171319 0.36906531104265516 -0.2710999974351961
-0.8409 0.6457 0.8081750262435606 -0.9114061425521682 -0.135599086173704 -0.604631576245453 0.3489847391070819 0.17972745593422576 0.17094531743067462 0.3732037327244302 1.0601050842978699 -0.07485966673518715 0.13251805303923914 0.39732424179235915 0.3002846121115234 0.11536615815556903 -0.3105702576725976 -0.6622767916630815 1.0257151368630426 -0.36234934272299574 0.7382998131847092 -0.2253798024037693 0.7273442151512215 -0.3267116670185755 0.4902319251643169 -0.5073560286932142 0.17998950873405717 -0.3843
-0.9429 -0.3379 -0.4854388461156481 0.6853522079853485 -0.30932758787507203 0.30625851823765327 0.6457681168442786 0.47374580988422776 -0.8422588066166199 -0.002534217076609711 0.6021047634463219 0.22416473354469985 -0.7927448901017018 0.6886462051250819 0.3249940010991444 0.8299982569942991 0.6509221399940112 -0.06232727792184623 -0.4414224577005021 -0.6734591514691298 0.8181469455462428 -0.22833261905412056 -0.6291887895735203 -0.565271797977157 -0.003704684903430524 -0.84551793585479 -0.8341216650059485 -0.4695
-0.5681 -0.2603 0.9977870625768548 0.13128501341127197 0.9252971060165794 0.45899315945983366 0.2757205001527265 0.9620782268093565 -0.3708295625631434 0.32732914844132527 -0.8246625010400548 -0.3218759838973891 0.8151037462310796 0.03243742328703525 0.2891066424502487 -0.8761095764392846 0.02083109871710923 0.15379998690014882 -0.39528819133427523 0.3910985964453252 -0.235899255297687 -0.3225204622021558 0.8957782250454874 0.6815289666559141 0.1286990319382086 -0.4225976908641784 -0.6959798426933688 0.0802
0.47 0.7882 -0.8895 -0.8449002093317055 0.8083829254698972 0.4644519638639815 -0.4979191722008524 -0.3721808924291777 0.5188261763004804 -0.964220623573166 0.6290626747331359 -0.8845715660102085 0.6592793400188378 -0.48819657571361996 0.4381501874704413 0.010938227785041105 0.8417792720798388 -0.3637793173347679 -0.14087344772028657 0.787266964636619 0.48672187017322405 -0.9006037059774327 0.7306610477522048 0.39075645461036784 -0.6922004387457982 -0.21930016283103132 0.8084 -0.5741
-0.8742 -0.1714 -0.7726 -0.4421 0.3119999814610391 0.6808386392960588 0.3753292219280759 -0.49744074168472036 -0.7424204466070763 0.5662008296828085 0.5478775649608653 0.13752676091940788 -0.31245818725527774 -0.8072388670559764 0.3910216221044276 -0.34419722490055055 -0.8508618219092488 -0.5004199105682458 0.588673212355537 0.29896301127497704 0.32161605208161465 0.06618073420081702 0.19772258345879043 0.47529902241550176 0.7231 -0.8177 0.9393 -0.8909
0.2176 -0.704 0.267 -0.5864 0.074 -0.7524 -0.9752 -0.3698 -0.1564 -0.9589 -0.4872 -0.1596 -0.6523460739390967 0.4301709492963187 -0.03319877915951303 -0.10059994912564138 -0.8441 -0.6456 -0.0587 0.1907 -0.7243 -0.948 -0.8408 -0.9456 0.1563 0.2476 -0.3153 -0.4334
0.0574 0.5229 0.5112 -0.7529 -0.07009999907468034 0.4165000197472854 0.5944456313546561 -0.8650277988477368 0.6523388425826327 -0.3011538183927916 0.948573055719002 0.24018975395591446 -0.8223757632197739 0.6877888431295096 0.6614501991914372 0.36540717101227255 0.6261902731401934 -0.9725450051494919 0.8063339321446675 -0.9300246463000506 -0.9212045238256962 -0.2807999006830595 0.8981313111291919 -0.20809736776803903 0.887 0.3488 0.8026 0.6757
-0.1461 0.1303 -0.7441757227283218 -0.2818865858861829 -0.6348941546053788 -0.8222747505137306 0.055952658680873985 0.9026037736925759 0.26875643991220044 -0.8368675187537332 0.11549109428724948 0.9666446989143411 0.7195950688673054 0.7356820494813051 0.23361936770681302 -0.8622783128864463 0.76306858783807 0.822137287751872 -0.319010290701519 0.834905459516676 0.20151328107842584 0.9053355394434178 0.7608510953656971 0.20966247274059005 -0.30060563166917775 -0.3058939933724675 0.4084 0.9823
0.7688 0.9858 0.32565727509707343 0.9110245398037834 0.22377686561303511 0.5504518893303634 -0.019484075688911043 0.7555799110298599 0.439281038395903 0.7362042382308246 -0.7158183771644747 0.5988703070788473 0.5198061433004767 0.9074620447699835 0.6201074331317674 -0.6672387377586619 0.41957627994874097 -0.9274272232541367 0.6882463268530691 0.5279206748374586 0.02056876798138188 0.8512695905768449 -0.47696073912154824 -0.5689448813887069 0.7509435895908886 -0.34855734149582174 0.829082184796623 0.5608
-0.3327 0.937399508538787 -0.8899339133715948 -0.838479805301581 -0.008348994932276695 1.0137994332956872 -0.05645485591087958 -0.08978595749635848 -0.4243049117494116 0.07307886515181437 0.3763851249724125 0.5434907370124824 0.7367646232314399 -0.023470959204415043 0.2240460040003967 0.6997167771564455 -0.3268935644235107 -0.24397962134627627 0.24326858917730737 -0.771041603092223 0.23927083971217852 0.22636096016386198 -0.5837461740702898 0.7388250337951214 -0.37377100055085055 -0.5752277281670835 -0.5623717015081182 -0.055277860861874153
-0.1874 0.0271 0.8153134516923691 -0.6479932882228335 0.7971283660871914 -0.012031842941873 -0.5037921571395498 -0.18729397256447128 0.8249164372054082 -0.9162956320024037 -0.2572983327373032 0.6946610136633311 0.9750057488540352 -0.21046833618131408 0.08006621067205143 1.0415616522874218 0.3307779101296737 0.5813307808035544 -0.829302598408394 -0.1492011927408936 -0.16186189088594377 0.2682732133628125 0.16140530771261674 -0.6367555726816028 0.4527186058755019 -0.692220499129018 0.14434119857232522 0.605298427942949
-0.4256 -0.909495809384711 0.36878568882752055 -0.30635493197297115 0.4282024122622978 0.33539125532187736 0.9394488240506396 0.4492139174183761 0.7326380484891064 0.17784876639997863 0.8407568798214379 -0.46050102664720166 0.3167659782926989 -0.21309959294933353 0.04797991293072546 0.7429784467837756 -0.35693668595362954 0.6581188552357048 0.12394558086742627 0.730056249279332 -0.24245003435644685 -0.19904161910278179 0.21718256626536814 -0.9528958300722544 -0.6555074140602333 -0.03756469787598616 0.6236380651652064 -0.5648745079925053
0.8953000071597851 0.9799286365579197 0.10436206369607112 -0.9320705457989936 0.9117268650550464 -0.2201806988258487 0.6376622244989261 -0.11435263244494737 -0.9377442969599388 0.7101432562880966 -0.7704355167643139 0.1786040875548914 0.017190417391528403 -0.008242844218215696 -0.8565288378214784 -0.9302010471598617 -0.44102629720870856 -0.06865849588231696 -0.20954550497488977 -0.6654936481146051 0.8152129023703414 -0.9694569526683972 -0.8751607640504174 -1.0108298562857865 0.5790780126402164 0.6188626265646752 0.07277906850937206 -0.5470439194809564
-0.5177999709024463 0.27077880416386746 0.5649016571797689 0.8102482913049882 -0.06209442363372043 0.583073767138247 0.4893097650808198 -0.8817504948110556 0.023054709432405084 0.3785688198004066 -0.3980088875641217 0.4832813052583978 0.6459112437506648 -0.6624374969010179 0.2865559444353737 -0.01938949182236343 -0.4622282993259881 0.3185657891427055 -0.7804998527060221 -0.8755165482482379 0.34134344134931816 -0.23055575405773587 0.01788352313850456 0.40449466876342266 -0.27292028116297906 0.5718006613291102 -0.7684768152902597 0.5270174167758336
-0.49909999527601795 -0.576291039502405 -0.5600009354935429 -0.6396073513965596 -0.6512208377622843 -0.7118752415492949 -0.06522826154589648 0.21181242699306707 -0.12200787026400169 -0.7408440617853622 -0.17301306461256594 -0.7736980412916501 0.6619634030842227 0.8151951726507484 0.7896521652746479 0.6066196496246291 -1.3138482748890188 -0.0930813462731436 -0.9062894182147805 -0.16230354546303088 0.6939707324077062 -0.936676639294343 0.11927804120616183 -0.30299127696811234 -0.6187328976007082 0.06949212909126928 -0.5067464796007971 -0.6848940964704305
-0.368699726769872 -0.08945729156605228 -0.6656259881333171 0.5375273070612652 -0.09775829307842644 0.675644354329143 -0.3143915780147254 0.41336964439108626 0.6860304947180146 0.34948063397756535 -0.2818920965449008 -1.0497677026904875 0.2637596705543658 -0.8412449432423135 -0.5242661178175485 0.6468625923492278 0.3050354244844862 -0.9398162526319537 -0.000642522923952981 -0.7886308111618503 -1.0506656431402985 -0.2526379057461437 0.33628594291817226 0.04733555337051663 -0.15417944975430792 0.4170629676125467 0.5071966429204192 -0.16663432403602738
0.5040351701322888 0.10213238296455728 -0.24295838607976786 0.282709488282581 -0.7690151918412305 0.3432602680253103 -1.1086166686860972 -0.9741703265018274 0.45061260833772976 0.6590762373111982 -0.9675411167129316 -0.01571742382499001 -0.4905584919351901 -0.31569740482172093 -1.123470627673261 -0.333714573457484 -0.03797879176109357 0.391258287626818 -0.5948371953641516 -0.4419927958815183 -0.07813910370435843 0.4999412484043735 -0.4965396311825522 0.07446075841091848 0.3661826404361075 -0.48331427747471667 0.30982121375124155 0.8877041670039504
-0.858592436794037 -0.46827802065529 0.8845510975119664 -0.022601367286145087 0.29038142023421387 0.10294838357062688 0.27603688281821703 -0.7406771389085839 0.3161471139594646 -1.307932780336004 -1.236834436123212 -1.2103251184633588 0.0516204114851492 -0.5460969481535937 -0.9727902107471138 0.42723900138423965 -0.6200991181288076 -0.8500195472442078 0.22400115292108283 0.0894710789348514 -0.46346533703283954 0.8605376769590048 -0.11330399138708068 0.9106480819704816 -0.054435298372186726 0.8896857479390177 0.8192234314269133 -0.42770427208764566
-0.5316922539262974 0.9571339527867904 -0.2333074770776318 -0.4935040118836953 -0.17358447230569762 0.08650223262662352 -0.4031751316109497 -0.4193817871071036 -0.9269241078208346 -0.2031206808293415 -0.1831384409185458 -0.6028773989530976 -1.1127955150594335 0.6483405039875783 -0.7480129785279249 0.801264913516503 -0.2593077294164717 0.8238681122939537 -0.3482779488391342 -1.0428848385835983 0.5610208550125236 0.6924381100203693 0.31959680825451464 -0.013410870785432358 -0.009913539432903063 0.18058176420384 0.2431549038592316 -0.7272486478889597
0.17819976015468583 -0.23650108045021598 0.23824081326677318 -0.857487284962825 -0.23312765430785604 -0.35869560329368394 -0.4195076023247835 -0.5728736970431486 -0.8466939017398413 0.10591155867104342 0.5315913673718936 -0.11136313824936196 -0.6634570473448054 0.6387834887884595 -0.4169336136102613 -0.47569161509226965 -0.3217236947515412 0.20857961997115823 0.3323395425391555 0.5007955928724379 0.5853769961159021 0.11756589506570717 -0.7754854044927592 0.08934590016567086 -0.1304275262389575 0.9644425309102217 0.5476619376059729 -0.008428160074034519
0.24829993346923585 0.4784734379763936 -0.6834694135533405 -0.8352260518792162 0.6351517963338277 -0.5871673113264599 -0.6899311980031876 0.12528377055741846 0.4807841532497474 -0.8797987444492523 -0.6542994235832438 -0.6231150762440952 0.9608625897790971 -0.7232504725143929 0.7059405812072118 0.3711922977134427 -0.6568540737665896 -0.005530709961216959 0.5824166612106633 -0.5165286203572639 0.4449072980260539 0.43610853352801676 0.1883015257261015 0.9002420889028292 -0.4977024248687736 0.6536728210721209 -0.5606281746389487 0.6970877828559705
0.8416000685243439 -0.12894743788538662 -0.7207540219913086 0.6324137781345314 0.336624515801924 0.3801490658260609 -0.17075446296543542 0.15632113944201767 0.2926281867935254 -0.3293425030411082 -0.4984335475803955 0.5557736730545831 0.7666815766955924 0.8606630764907821 0.803653092972571 0.9491145101966593 0.7964206147739539 -0.7891184426826071 0.03707620178112632 0.18720852744404595 0.0011701809447175514 0.07184910673685428 0.4787657663268499 0.3945672814892507 0.9269282950880394 0.7391027010347865 -0.06380368424668377 0.01686624761756942
0.3019 0.40443009532612356 -0.34893279274424616 0.6534560434406046 0.5856212282055567 -0.4288186806419642 -0.3426048518872737 0.11206836430027055 -0.17806898408065686 -0.2199170990195824 0.9173914078118611 0.09893211090865715 1.0157247816741937 0.9148377801651814 -0.011304226593042843 0.3412981594533518 -0.6031178416969898 -0.3051574220512811 -0.0054105480353145805 -0.8042620363415749 -0.17779791310726434 0.07181946063032668 0.03427327155614681 -0.778563512216716 0.9691968598837137 0.46049190089795855 -0.3433675561657592 -0.8942589520514422
-0.07870205152514251 0.9207495677268602 -0.45692028196194323 0.25666011083765905 0.0021370094995665184 -0.5239685962863002 -0.520898720987812 0.19770223606341794 -0.6802972390759909 0.11183191260593674 -0.5048060853917989 0.4216109851216378 0.4033756114997187 -0.4673284629774903 1.3531378579163942 0.874438807945894 -0.11149707517593815 -0.4994681940768169 -0.12454634489469517 0.044106808735134326 0.6992180204738049 -0.5292807291644887 -0.5911108327791287 0.8024560696619286 -0.5890918865020075 0.7681036292904708 0.7618407485581615 -0.8236236178833811
-0.5977 0.07521636833026017 0.5567400707740794 -0.5956879369238636 0.5901494798672214 -0.1936639466127299 -0.4223290896825588 -0.1422066929538664 0.8831731481048047 0.45514487391912606 0.8384866731738918 1.1503836862967518 -0.16383603042598 0.17572588415402696 -0.17005873437728922 1.0731098635885463 -0.1452756561307114 0.6043082629203913 -0.27701613974067235 -0.5310889331755971 0.4104988546513628 -0.19017869613420454 -0.46713203290723926 0.9261322750400521 -0.06264834020301799 0.3157919330449678 0.5288557728619079 -0.9249006700888165
0.3429 0.9546203182403235 -0.11956398845230656 0.09216948273059976 0.05820772759588406 0.19923061460440503 -0.18187874098179688 0.6355131235561308 0.05308217601627186 -0.11880984470064253 -0.22684824296519246 0.5797872162239085 0.7080952977920603 0.701060045190717 -0.493430208105737 0.0058456349476022065 -0.41592568460423 1.0228684963920944 0.827082664336231 -0.5865526587156322 0.36471998525487737 0.9145236865369248 1.0048337758836812 0.9639941884619071 0.7351666633924391 -0.7451235530714378 0.6669835476619963 0.4044999995310218
-0.1283990140964533 0.11251392357815967 -0.6027420947074832 -0.08650080928011951 -0.48839351770996564 -0.7207159380248053 -0.07231654460496684 -0.1837145247549098 -0.687364625127587 1.0496489137885878 0.0852708935298984 -0.7308117994084171 0.25868458014452195 -0.013963446637288856 0.530268318439525 -0.49406718538065714 -0.0743169180221178 -0.34147826476919996 -0.7743741212152069 -0.3768695842503212 0.27209481769920435 -0.832946553891542 0.28350275872729386 -0.3433953787586689 0.886397323056987 -0.8875931533455291 -0.5311534675068592 -0.27110000027577313
-0.005199044734093412 -0.9305998188761023 -0.7533396359636163 -0.3965809096034659 0.8575821726781542 -0.2740690147163855 0.6013758601935382 -0.3864598867029593 0.4312814062489626 0.5660845004537192 0.7157891331046174 0.21472557903653844 -0.10237680236914548 -0.7952216968848554 -0.50893122070679 -0.6837019236940604 0.2906904429042916 -0.5137010890558736 0.41065311672721505 -0.30361164108907396 0.041726057197501505 -0.6931171529673463 1.0429750093328245 -0.9382832849699506 -0.8030495579597748 0.644064282286304 0.8982746163055866 0.8924999994906584
0.272 -0.2113 -0.37683630287139397 0.1576660142879471 -0.9604803649265252 -0.4997235512287649 0.9687295603005845 0.2327103666067465 -0.527533050355793 -0.9390872427963909 0.35505200016500876 -0.5212228421086534 -0.6799876597255817 0.014679081188589129 -0.7415536624848135 -0.4249567267397495 -0.49303514216824523 -0.28404271786799706 -0.92547180321964 -0.43551017288042976 0.19422892229722757 -0.4389034817484675 -0.9261324970871005 0.2509372630957924 -0.5435324721046887 -0.6439370716989533 -0.44983004258967707 -0.1094
-0.9584 -0.5497 0.20547129755871438 0.7148252192964539 -0.37535584283553125 0.12993834737201945 0.21352781478448774 0.1614843073435748 0.5609562564731275 -0.4011224945642683 -0.4234054717634851 0.08074083851806722 -0.37831979359457946 0.38307010300688804 0.5306583774935563 -0.9369692409986056 -0.4265520077548581 0.09973072729628926 0.6983573838462358 -0.25879940002596763 0.49946407557014916 0.42945533951577874 -0.32706840167628987 -0.3357911461835163 0.44793284614737566 0.039388406017401824 -0.23015690455390483 0.0778
-0.8143 -0.4507 0.8852000157844137 -0.08228827621008421 -0.8869091222657627 0.08202038021220774 -0.8535390325523357 0.3091348516263481 -0.4323223795097746 -0.952159731116987 0.10758010600214757 -0.7321330642678642 -0.01896662377175266 0.3128198846609848 -0.3600975923817886 -0.8610157701509605 -0.23293967233367915 0.1282664836790068 0.30501059749686815 -0.720861941925904 0.7124491086434144 0.29154458295011865 0.8606019548267256 0.7921373947936627 -0.20217455821943675 0.34089225428253744 -0.8249311798056447 -0.8251
-0.6626 -0.017 0.3378 0.25457348880784253 -0.386238942554934 -0.9693617241782175 0.2301866291599394 -0.9977117142837721 -0.6773561100605537 -0.7089046718798995 0.3932850129342516 0.4790272686951255 -0.8654797395974841 -0.7364298577997478 -0.8024027446672857 -0.1555908925455871 -0.10847776258287696 -0.37981057199472407 -0.6612517263859468 -0.0003213835914075935 0.9260713487677745 -0.5048979757020251 -0.0298346630706645 0.7944708602165483 0.6643984429340108 -0.7969959182363763 -0.6263 0.8772
-0.6458 0.962 -0.9425 0.7636 0.2183149653586462 -0.7095495055305359 0.013908343611878198 0.06669468649680922 0.6873134289113939 -0.01864790344235247 0.6009098131321735 0.14585076630414667 0.4385404580692204 -0.0901356251474048 0.06730995575352747 -0.822585824653203 0.9576371459405497 -0.05045230441684265 0.6208774983688224 0.8108386920078715 -0.1671163213757092 0.9665686214370032 0.23254394760616184 -0.5593864070173759 0.9289 0.2238 -0.5808 -0.3151
-0.4655 0.939 0.7351 -0.3665 0.171 0.6544 0.5361 0.4629 0.0107 -0.4305 -0.2223 0.9884 0.6102547836894088 -0.38166106745610257 -0.08899999906752878 -0.6954999999611425 0.3837 -0.0152 0.4381 -0.6504 0.9865 0.2371 0.5968 -0.9339 0.4033 -0.5041 -0.0647 -0.545
-0.583 0.8216 0.251 -0.9021 0.3596048498839859 0.030923005768349752 0.14033381957632254 0.5209206336662549 0.41260935068168986 -0.16016079164943844 0.23552288285950906 -0.6865150517634633 0.7531946827348261 -0.9517938062787494 -0.99384499702776 -0.9819659149302905 0.3615787909376587 0.29131293178362905 0.23733084760621806 0.04214748253907622 0.8074991079340444 0.7775256148248958 -0.5940167732573405 -0.06825040722644794 0.5022 -0.2689 0.2054 -0.0062
-0.1809 -0.6781 -0.2915999684696891 0.3916013313116801 -0.7172350366324105 0.08172997336573218 0.9226811067847032 0.3045167821349266 -0.23849176466737534 -0.6396096998696889 0.9805583527798422 0.4105837145564192 0.8033066652003928 -0.7043656563850521 0.056001144641419275 -0.805799562638849 0.06284279393626548 -0.3222628228511825 -0.28469070758921483 -0.09992808851996769 0.33315719398720245 0.5882111387913428 -0.7774666876393256 -0.8873158121829159 -0.33351129589476786 0.6292342457594445 -0.9599 0.91
-0.5125 0.1631 0.985495500101735 0.5358049144448229 0.16477900993544256 0.2156908057018878 0.12762319033673078 0.7790090440098266 0.05961208769111319 -0.47936606924042513 0.17775047312204065 -0.585622722327052 -0.03862752228336175 -0.024020074322590235 0.13807742372593168 0.718962430358262 -0.27903298075721433 0.11588883626719013 0.06795361369826998 0.27208403766859185 -0.7199131394066473 -0.021926471367013457 -0.4424245446728036 -0.1711379767554661 -0.7497193133444594 0.08774777528274251 0.8754913567628911 0.9679
0.3593 -0.17799999845536646 0.23238361359979862 0.5246234284007288 0.28117774845393667 -0.45859402686512746 -0.3709039470593969 -0.7700808731018283 0.8813176085046515 -0.21681930518172818 -0.4488497981714887 0.2862652781135299 0.17948985600041795 0.9020238889313442 0.775970307331863 1.0061151892456284 0.18863780897769553 -0.27002308834840266 -0.6704000015973488 -0.7090794484576747 0.31494958235586945 0.7927591603358426 0.9526103461315604 -0.8611154258343674 -0.6763767972015571 -0.17195004736986677 0.7509106075377187 0.36012330303946516
-0.8116 -0.3759 -0.5476160325368857 0.2465434475262265 -0.9658609386281852 -0.1314556657989011 -0.46097840368773 0.6134385623797076 0.6484045881786688 -0.400704448541013 -0.7499963815916701 -0.7983247894465099 0.6796897033503412 0.6374418154178866 0.6601444246950566 -0.1892229137198243 -0.13945985389656712 0.427126180523371 -0.6968911215468497 -0.3895729097332804 0.9214782943296554 -0.8761072149620603 0.9899952262932101 0.4291040431025621 0.4491224713006505 -0.7175762453722533 0.8790465100311794 0.859322211326366
-0.2747 0.2239015169100236 -0.3242613383387253 0.8804014664893369 0.5299096313856088 -0.17103207240186633 0.3194801480808163 0.4218541541009833 0.3318191397492432 -0.5197484752915705 1.0152422518079853 -0.5904136401098018 0.845374336880724 0.6909870996591774 0.7165853468765989 0.49564508884392644 0.5116098647152346 0.16864367406353398 0.856216033016732 -0.6588588442548695 -0.5780066793002571 0.3142199155303085 -0.3949214327678699 -0.5091627179256398 -0.12724181651729277 0.06997364249818726 0.1663044354549012 -0.6884496493295358
-0.021100098527693085 -0.3631040745971398 -0.533168055962042 0.23168585252563728 -0.42117782486319283 -0.7885756049071714 -0.229297978000792 0.36891191966361275 0.8799478953166597 0.5130897779058528 -0.21976913032016512 0.056370257125668 0.6185959663587162 0.34497292676318986 0.08191613009953433 -0.49711490083633614 -0.5014915734800985 0.1140876378060482 -0.32153970471364307 0.5315952922659374 0.4188047378518529 -0.5217660221362875 -0.3432066811713199 -0.836411818957088 -0.7745211039243842 -0.23124779285055602 -0.18201374819588387 -0.05266572673758071
0.6854995995808891 0.02662185206152203 0.09547816190877728 -0.212978731105999 0.6931013816334809 -0.4127633478730797 0.5164338033983733 -0.8588154987836902 0.6219879743238497 0.8736306681945151 0.007165341312114616 -0.010158926383477946 0.46395975319659516 -0.07401499774025201 -0.3219373695508734 0.20315548145152146 -0.1930158751250336 -0.8024061119750576 -0.03112781329442754 -0.45764161736305836 0.5220255674755149 0.677597469333639 -0.23861561523933156 0.32408192668263264 -0.6117326681781282 -0.2334688831904807 -0.2697622239010335 -0.06086651591247495
0.5412999349920375 0.019761131928750453 0.06076489962964609 -0.9232652873645828 0.6286935124238915 -0.5726564302216494 1.0365351807241465 -0.5867978575114241 -0.2880773126770731 0.4206235162137193 0.5832855639303349 -0.12190963100585989 -0.6738651601462359 0.3491203827415726 -0.6032685374240337 -0.6494331457701489 0.2743332742315691 0.44299768150463853 0.3630677158440875 0.6640118079575057 -0.5109220276463091 0.45863840946725165 0.9433395355855922 1.0206179243348104 -0.09346030965195215 0.9540372395972683 -0.5426217056951229 0.6564388842393376
0.2390929191764606 -0.31166777977435906 0.18038758703672525 0.6963881318960833 0.5598645526414188 -0.36516273238661545 -0.13419179808327716 -0.7058704316738733 0.04798508935808485 0.7374089838868401 0.5968401436193614 -0.4276485236033069 -0.031200777847446903 1.0659355509318407 0.31641459032367847 -0.5344548938575375 -0.07314165678344074 0.1900076986556052 -0.07222425022085308 -0.7493920251258096 -0.7425195351879458 -0.6719937667611369 0.9313431841700304 1.116467793359795 0.704193226031247 -0.1869581658376833 0.9144382505733045 -0.02919622889770845
0.009288462033895653 -0.5166327922381396 0.2579631693658662 0.7597855096617546 -0.20032060600214033 0.5925017113055401 -0.8895378361123799 -0.08383334549317147 0.747462697776458 -1.1401051970721858 0.33458527522358683 -0.4770616657879271 -0.10850668809963473 -0.30124811124350226 0.9138232790072182 -0.6326163246377557 -0.04262426414793827 0.6098977780700291 -1.0974253410088286 -0.4100923215744554 0.48016510801294493 -0.8958900115198645 0.09415683046265087 0.4224332283205317 -0.6492890665404426 0.3934739137141861 0.07285625271154723 -0.5754590610870726
-0.6218020046947722 0.24278016921506843 -0.4447960922733209 -0.43679078392091386 0.865131146199817 -0.20548367928707253 -0.5743694091717224 -0.693701840421628 0.10929692885178027 0.1464050764426508 0.9546421061314978 -0.3247702800510161 1.0922244463384827 0.8508613399810289 1.144395949852125 -0.9363074251043965 -1.0617108785876421 -0.8107017581806389 0.6394636238042858 0.23568075149026596 -0.32417189916900335 -0.2609563456458129 -0.014177353965237303 0.7253876333847623 -0.33980446296966343 0.7398439975459143 0.5404437495634091 -0.829808651320172
-0.6399996719402055 -0.174020103003758 -0.11044541375713117 -0.2534289921962716 -0.20791847230418525 0.343511272880981 0.23025178336997087 -0.8602852492738681 -0.2583553275978533 -0.0657982096432815 -0.14495264545346476 -0.7007530022783242 0.7140131766293419 1.0161677487059362 0.9871854266388399 0.5253853451011596 -0.41216230902921436 0.42899797538189094 -0.5295942548930418 0.04599225779192924 -0.39216533612118576 -0.6251037664207265 -0.08125692652193765 -0.3482517352615703 0.2886050036128128 0.39456889757380287 0.5887579451887497 -0.6192938857343226
0.7694004283643215 -0.8970066833528045 -0.8354891367365762 -0.7252391830173137 0.6843051107898662 -0.08297388500026169 -0.8814432002865296 0.8148261531030351 -0.6973740221694769 0.2587013924895426 0.8175361444176746 -0.0727714828577282 0.6141544195527052 0.043977008890669404 0.4407805415440962 -0.03538105639264558 0.513951335970487 -0.7886134376749672 -0.9285106500460916 -0.7068111753364675 -0.2833788288926468 0.3432311353048288 0.28366434738516744 -0.9162813413708388 -0.2891729368284539 0.40048384358276357 -0.5520832047624595 0.9883367302923404
0.22169832158174851 0.5525463882400419 0.44856347280097963 0.11352684186453735 -0.09842189845398104 -0.2920196516045944 0.484477612879087 -0.7998530029870528 -0.8153262955165421 -0.0085734874692321 0.9363421832171254 0.7215467444565687 -0.29313115433847714 0.10019563683135269 -0.6942676920238378 -0.8764427102339962 -0.08693394027036094 -0.6798825959386505 0.3744051046172821 -0.34708915025660186 -0.7152200008994399 0.17531986767721747 0.6168716985614661 0.3144551008513687 -0.8382443592066118 0.7773965844035964 0.1212918148419977 -0.4499448102336296
-0.9512103764692392 0.297193138244838 0.4334379900600871 -0.9435616532542483 -0.46440918805356957 0.20105873626086374 0.6313553866567284 0.04888250952659778 0.17360710847858943 -1.0502991096325496 0.5590576430592449 -0.7858618913822347 0.8681173906294277 -0.3249886317680547 -1.0391265748685492 -0.5784059129258343 -0.19151168400207244 -0.5155515371346943 -1.0520623883829476 0.6176369610601222 -0.44230883808132976 0.4698836549050186 -0.8239507316310493 -0.6574500552551261 0.039467538659284054 0.5431885927694027 -0.5577854125928324 -0.9684885778916049
0.2722 -0.3743705436961387 0.4457321729045928 0.16934179986218897 -0.5292085820428191 -0.2685496185993368 0.816591355831002 -0.7811847478342191 -0.6916201017536726 -0.5880579138892593 0.8721667231402143 0.8162027059383384 -0.12068463824057 -1.157648070006481 -0.056458530153681324 0.07229452193346149 0.40600227414130696 -0.6635224824040413 0.250706349049596 -0.4322891049731583 0.9795106389316435 -0.2184575333032333 0.3845754208543213 0.9794451460017645 0.5157370338306378 -0.9825705917614657 -0.5765346093221996 -0.8248063142587029
0.5094014001268722 0.8209074965413481 0.5457488323304721 0.2596826084991793 0.9114004662771609 0.09257741056406625 -0.6120166973515335 0.20581038534522023 0.7618771201583201 -0.176682410975065 -0.5895728698043564 0.2331122809006127 0.2108060947056386 -1.062946563783405 -1.0790558743130074 -0.0584430505054928 0.12315499017097656 -0.020077138286236966 0.5265897082403698 0.8033625698651827 -0.8577128289593152 -0.5308774191617142 -0.5650417952084672 -0.5484986245519375 0.6190190641744513 0.5076934405787967 0.9314398919515593 0.10831288341487945
0.4781 0.3885842861298679 0.386189712376967 -0.7249748161185797 0.12481209665342392 0.17577554061490858 0.06976269882494406 -0.21667452037314774 -0.0646585561562771 0.14291919658375674 -0.11693970251687588 0.7380156727917394 0.5546360692883262 0.7341729610389144 -1.0944587634158671 -0.060948224946325784 0.9246866991337865 -0.08765634895907794 0.5906426412685952 0.045453614191678704 1.0194594247794169 -0.3152329132222027 0.5271924589809316 0.5591410519885524 0.774309826477073 0.4602620767255365 0.1876977106271284 -0.3865567179344132
0.2927 0.5166237137622482 0.5898962500422662 0.8280193703007295 0.040846689421077144 -0.04329155983485479 1.1265652837844766 -0.3433117134041268 0.018180814292555164 0.19361019264614673 0.6162038148133306 0.4792052468450127 0.2908999730916842 -0.17566303272230466 0.028205060901111436 0.9536828346641936 -0.33284140463460915 -0.22703189634041165 -0.14678289699979397 -0.4464844822323598 0.3851369465736916 0.4701552240522001 -0.8585541468787724 -0.4486335748456446 -0.5220376280079181 0.7103447933137673 0.6365713627562933 0.7810999773459993
0.2832999674869338 0.9219873971057824 -0.44990868554499885 0.21889357088635109 0.011047639149793564 0.9959827075167016 -0.6301376153195785 0.2875407241054806 -0.6037571967382486 -0.5449326201539095 0.1397311696549088 -0.572026713643728 0.5361764939428658 0.7467935689878501 0.9600853108780846 -0.09739074325268902 0.6110836124719148 -0.1592122684904527 0.885091510814621 -0.5019326872999955 0.9170773057213117 -0.6642688129238182 -0.4762870732856691 0.6637245604509171 0.9106955394058361 -0.868685740331575 -0.26999418743680437 0.44529996256315063
-0.14380003150269996 0.33644836216643054 0.07097683272379292 -0.23561262794322366 -0.12207972016413703 -0.09653419965146291 0.029641084815749303 0.4594753412954787 -0.5049779028836878 0.3625560168691224 -0.07582184534299193 -0.25420762953410114 -0.43442829541662303 0.9197064167995731 -0.13173688970401906 -0.7128448092195295 -0.2731309596860898 0.01767990363348175 -0.6606777864540249 0.02919616663722259 0.8693601251630879 -0.8200585726393954 0.7433227196888228 -0.16452631656137673 0.7951542024143988 -0.9841403563583326 -0.780795551117453 0.2611999308556817
-0.1303 0.8566 -0.7389778653355383 -0.9327213724390783 0.4926073619809535 0.9338596524219515 -0.3778025368397938 -0.4968196876745475 -0.13003567112808706 0.5739291416835289 0.30304705785253644 0.9347736487650116 -0.6234512112167546 -0.5054459463510576 -0.34665564302035085 0.7090597460977991 -0.18820288739263785 1.012820594781591 -0.7270891244446349 0.9055517837743091 0.6599261814997934 0.6384323924249207 -0.961176790055995 0.5061093064378016 -0.1050317529787116 -0.7811460617007883 0.9523871027014907 0.0734
-0.0941 0.5355 0.8906732412498868 -0.7541778051197676 0.45869650772399706 0.4500474317815797 -0.3488833873034507 -0.31035022174106547 0.228184303098058 -0.20636167429769936 -0.1524013821170905 0.10435169311451396 -0.20053847043281622 0.15711764244707163 0.7037836686437887 -0.7103593928412059 0.3265618935813638 -0.24937669119246716 -0.3682419508624835 0.21458748461594127 -0.4191316150631415 0.14840754984837318 -0.6427928737222105 0.7726528090841313 -0.5426589367914922 -0.2430865005158397 -0.028950671614200573 -0.43
0.774 -0.2961 -0.9720859509208716 -0.6727961936113359 -0.17728661569471488 0.6459281600212929 0.03482687466356317 0.5144721240803837 0.8276591727208208 0.16747945560600866 0.21912024597484628 -0.7231866404695992 -0.4860997036434 -0.4825367066792569 0.016247816863923008 -0.764986470500078 -0.22298823518774896 0.36150814395888 -0.34493454241093535 -0.08997287397338859 0.7333963080972311 0.9439769928891834 0.07481263923734734 0.8706295289482199 -0.9750073989640831 0.8646314059002831 0.6437584702507421 -0.7583
-0.9164 -0.1686 0.2148 0.5575996660747224 -0.9858291779088425 0.23844313799935957 0.3569779593598592 0.2434664724356484 -0.7185574591576619 -0.049996467912771125 0.9323749449668874 -0.2422144737010932 0.4632834470041325 0.8545513245573797 0.47613802922413895 0.25765983202453147 -0.9033860885947316 0.28902251901078846 0.007310867393330213 -0.3842788669213525 -0.1161755936818818 0.7162754385241661 0.14816853610557917 0.774204500397449 0.8284964344402236 -0.5887005830206452 0.5239 0.3623
-0.6038 0.4534 0.1976 0.7432 -0.21164636215484892 -0.4463638764022695 -0.23714073038451328 0.20157240363582338 0.3791919481607052 -0.48729843343817403 0.7985577025713082 -0.15724423950426727 -0.8293625881848319 -0.5256673531644287 -0.848505901517515 0.43857076635380243 -0.7513862681389909 -0.05941676846962838 0.21690378791939469 -0.8330994154319908 -0.8720625803657838 0.8546232635634465 0.011254098616218646 -0.4620645570688083 0.2895 0.0514 0.7116 -0.2167
0.0822 -0.0944 0.0982 0.956 -0.0337 -0.7103 -0.49 0.9782 0.1215 -0.9963 -0.6019 -0.6326 0.22680011763593402 0.6605005747193963 0.7784003528888308 -0.797399985294563 -0.2028 -0.1842 -0.1434 -0.7394 0.5647 -0.0319 0.0233 0.5683 0.9534 -0.3552 0.3036 0.9401
0.0473 -0.6107 0.5498 0.7405 0.9341013366954171 0.8644058616103676 -0.10550187326787488 -0.7581539536435985 -0.056517137601665955 -0.9819079922405577 -0.08097284155586311 0.33629786873659867 -0.038781729710790004 0.2402443263991998 0.0787081520876953 -0.5629512529616327 -0.5994293566033406 -0.9837201934780214 0.6352564160668288 -0.9089795630813069 -0.19148654755134853 -0.42509597841956925 0.00011480995857888428 -0.13102779915553994 0.1723 -0.5354 -0.4292 0.3241
0.3304 -0.0099 -0.6015999416411394 0.736001695490951 -0.2206225698327273 0.009324539792682088 -0.9673574970047484 0.20222271235947864 -0.1080156450593964 -0.7918264595924889 0.8252379327996838 -0.08615211320983464 -0.34844586907332536 -0.4063070353423045 0.6963247835227007 0.31875020909787916 -0.18445940489650883 0.4388757611738695 -0.30642919490482956 -0.08182670110410165 -0.7618769640791571 0.8052279758717642 -0.10077059794090995 0.8826928057947458 0.11616647596752547 0.6225057747645945 0.4697 -0.0023
0.2816 0.0697 0.5785969778091135 -0.665394439579517 -0.10268583199079409 0.2753278864319252 0.8212736041867864 1.004870175333835 0.42225768110610473 0.0031497913392029716 0.20946478915850977 0.9920949556925046 0.5421321334811158 0.44523517064534546 0.42872854045313885 -0.5334832548698263 0.2581483035982117 0.12398787297156244 -0.43470740458886464 -0.2761324459573606 0.1011041302614825 0.7709627571543416 -0.33676820698032306 -0.22124607052176504 0.9995495680598917 0.7151006074104423 -0.3742990592631123 0.3237
0.4392 0.010900524250099993 -0.670214139090186 0.14816158823330308 -0.30449690073708413 -0.24207953491555328 -0.3383568927839089 0.42119721755452094 0.4506547166110295 -0.6086826691604813 -0.858819594997989 0.3913851676319261 0.8785510870583629 -0.6640686081260044 -0.5066381110822161 0.5381432899860982 -0.10677432733397625 -0.23989966511233296 0.902231656296323 -0.5102774949117247 -0.20165258700050068 -0.8169282973293878 -0.6160680879548074 -0.36197642431219174 -0.4172077659711221 0.5512373579914819 0.08270814833072555 0.7347026945797136
-0.9158 -0.1856 0.011575717939553738 0.8261919434047666 0.5501259379665591 0.42436125245131073 -0.3090612514027038 0.4653717745998062 -0.9682703433500448 0.6013967439960987 -0.17208821674144606 0.6578503134850798 0.11344721120126132 0.8082025170190582 -0.3860013601486477 0.1285491074589164 -0.31913012342253755 -0.4291624286083693 -0.7707038355025043 0.8562286351047333 -0.4669876380726103 -0.7966482674767815 0.14547693813057488 -0.6723063454114655 -0.11273999681402487 0.056042279961495044 0.08998081383642736 0.8545384103884276
0.571 -0.9877993578448053 0.8794740946599814 0.23552925105196218 0.07104057047574643 0.6400802375462132 0.9715478982370225 -0.34570379185067335 -0.6453820914320031 -0.1025088589148583 0.05642252314998408 -0.002075090299156448 -0.7873904928105971 0.6457745235310695 -0.5254745331729227 0.31922469667259995 0.4004404309010108 0.11895404998774238 -0.8786222112922198 0.9257554820881821 -0.1621177206959683 0.708811488375134 0.24921197557692373 0.44725142540171836 -0.4135084215608001 0.8352309159617564 -0.3178551375125522 -0.17088737625249098
-0.005500077140885617 0.25013911847179854 -0.23073889934347036 -0.7745486977463233 0.12187288231275883 0.5288792317552782 0.2657592089015249 -0.12301096887124519 0.6041601858450945 0.14123936901828069 -0.09983679559439315 -0.32552966918750775 -0.18581440299305188 -0.20658689565639352 0.30844298891234284 0.3726327731360456 -0.7709789432240667 0.6880162301786767 -0.540803210733558 0.6367529526874975 0.3184900887947447 -0.9398662726873473 -0.8085097448883861 -0.7823389883213688 -0.46842262916443356 -0.8556928137543518 0.2076978404744872 -0.13715824168510637
-0.34510031350256826 -0.41489693934994054 -0.47741778336935037 0.8201193198829747 0.7128445004302699 0.7293525930148941 -0.914191946156395 -0.189974286254712 -0.670662105767798 0.8036743785092768 0.40947340549821587 -0.8194918691722994 0.6341613323401766 0.9975673854783533 -0.5033369458416486 -0.7617399554041995 0.13183272554290168 -0.753462679431216 0.5600381712318759 -0.5113272983050818 -0.1430683067415863 0.3341536374303678 -0.9047538343805288 0.41864577257605773 0.7345543194509506 0.28272157487744276 0.7126562545629566 0.2234865268590161
0.20329994910292087 -0.14808887621053063 -0.17231668457164576 0.8818223232997474 -0.22475273310304675 -0.9820535893497485 0.9425655993427258 0.48852386173934903 0.7784903545340904 0.7666697162478345 -0.07005965342314664 0.21145810508957255 -0.7230178663808902 -0.2679275050147466 0.8574250902070208 -0.6920893926809651 -0.2477017028418324 -0.3274776772085269 -0.5602286398455427 -0.5584505696031483 1.0110669777061814 -0.5976190558957681 -0.705010551089883 0.34944359063998853 -0.7555701699763948 0.8903345026414138 0.030473860800680822 0.03697447435750307
0.9948999873600314 0.956354344025118 0.7109315875827427 -0.16217817438735904 0.6153458907276519 -0.8583026091466679 0.0777060966274644 -0.7309024080585196 -0.19503845356063218 0.061668256510973456 0.7908311418418414 -0.3384376520410685 0.9896166393463534 0.9944793565432397 0.8245776082285019 0.06918452008061164 -0.03539267080566273 -0.3911153774763294 -0.8704255304842257 0.7372637849357201 -0.2874779393006628 0.44889990812178926 -0.9429073362343533 -0.6041018494843033 0.6809826683972673 1.0225548610063528 0.9967975630480127 0.626723426733159
-0.46560170914952015 -0.9429161875564078 0.3697718945964298 -0.4545980682213601 -0.25732586514102795 -0.11644964314178272 -0.19135710459615363 0.8139571987607933 -0.5255907990177461 -0.02112877234442984 -0.4946014502097201 0.053249607097708644 -0.20130854484945626 0.7326964941588585 -0.22326460464225295 -0.03144932029449388 0.11743911003246073 -0.8000760945573729 -0.9564839906611228 -0.08379774513611236 -0.8674982048634649 0.36856417772192435 -0.023612022255046678 -0.7083741736156195 -0.6419544975526829 -0.6136049543702791 0.32262523722101355 -0.6455502909943643
-0.23370055347189259 -0.04267868474939881 0.8848122394435951 0.8180302600428682 -0.5751197267088951 0.5146455278413891 -0.26646703833578333 -0.37422745332205654 -0.04272857513906882 0.08632114697035541 -0.5000903841707541 -0.17277246690121684 -0.5715031886500361 0.970184544132068 -0.4554832057670094 -0.40934479257423373 -0.26499895911812604 0.1911253940740806 -0.7738461364537357 -0.10584266812165166 -0.8042416455961576 0.25897449438873293 -0.3036478405835437 0.18804198963738863 -0.39343696604152895 -0.2998001667684178 0.560858475124248 -0.8979102779365175
0.6028007830749325 0.007695135877940602 0.6926998418201542 0.6525435954294818 -0.5783367813000748 -0.29978220531578736 0.06305296563757432 0.5867337623002868 -0.9532867409974954 0.5032166458236598 -0.026082245113568013 0.4916238292892567 1.0123198212971474 -0.3161242754650012 1.0910341692243921 0.4828167959692908 -0.10380882793855048 0.04741897017933636 -0.48982815023439624 -0.3682621246362243 0.2313708537244181 0.24674067914031353 0.8699817877960055 -0.5002558837438099 -0.30213471646746803 0.9863170390123231 -0.5708499884160778 0.729896126706985
0.9325196512721053 0.3800569086312673 -0.7267470457760095 0.2101422016887412 -0.056588619449722835 -0.9287409395441161 -0.14364634202306273 0.055145214524122924 -0.6463435836725028 0.3997543061227648 0.7668408014773704 0.5482310543932959 0.46587650141309117 0.6440694228336882 0.8080181797259814 0.3052210203431658 0.07453445063078874 -0.9354907924890992 0.057407000432693596 -0.2149008856694297 -0.43090561309409503 0.24597060534656737 0.6312978026743788 -0.27854274153782727 -0.5507113164533466 0.16205142176586948 0.9362224486642107 0.34589061885723194
0.765006029877341 0.3470560456862939 0.4306721288368887 0.15716916551104296 0.33698276581088416 -0.88973792730094 -0.7577592770664695 -0.47377481990951814 -0.8251405495840146 0.24270988259170614 0.5324330652423831 0.942273786974882 0.9926083666897574 -0.22286371232101496 -0.3166150214611091 -0.23561934935849432 -0.6205042381556037 -0.12286448851005069 0.3927387094361078 -0.48278534583542443 0.6266106895495661 0.46386139432009627 0.7589417346074735 -0.6409596680361116 0.33028042146846726 -0.6072397491810436 0.7275968006892976 -0.9656256059885708
-0.12560231206666578 -0.878626410748978 -0.06216535266335179 -0.6378460990781336 0.9418656115664785 0.43518502917054286 0.360178951114562 -0.9656971198903045 -0.9553479823453244 0.5110947238562863 -0.6930759439236652 0.965405944174019 -0.24791961346407995 -0.8753039833685573 0.37798104159455104 -0.27119633866131465 0.4631035663540307 -0.6308158649214427 0.29658675685463987 -0.9489695477120038 0.43723828737464204 -0.5760000265201854 -0.3328814023689941 0.007134515440216423 0.34881811084286607 -0.1858036135888051 -0.12304893267542527 -0.18630784373457404
-0.9162 0.49301626438775303 -0.7073730847253675 -0.9822519400659704 -0.6789045381346734 0.07200141369117741 0.4892639442420012 0.7339094656050689 0.8999871904170397 0.6856587583913779 0.5158949406970045 0.009079398737317512 -0.13972262152668133 0.4597225332673013 0.8335160730068878 -0.35508524383396745 -0.017856833325646568 0.0387898058660416 -0.2189486781899868 0.16487088610493805 -0.20672037095738982 -0.20946082034162053 -0.5020687074452953 -0.4160744941216002 0.5054993650725015 -0.2823661828627805 0.834050714492447 -0.20176506210742345
0.68910052085517 -0.6598979130633826 -0.7468342152778484 0.7876718717860574 -0.6239351247653065 0.11951360555013134 -0.1304932091683734 -0.3710076570615091 0.2649451237453549 -1.3966081329170974e-05 0.052862373644334916 -0.7966697582879548 -0.07765235821418817 0.5579613173795779 -0.6679087114658385 0.3409697544559817 0.4507895746466311 -0.10358021082475696 0.557989280660729 0.1379030191882938 0.9475662226959336 0.6168716475072591 -0.1548846600298127 -0.6252389415711075 -0.6023755757408346 0.998011563645866 -0.20467054826429162 0.9345960292454993
-0.7751 -0.3961198353353498 0.891981413356874 0.09641572490436572 -0.598530589943418 -0.721286823001451 -0.5883000883091805 0.2742559005924777 1.020423019843103 0.976890245375436 0.845826147285737 -0.030312752449646783 -0.8701523947319494 0.2947145089246796 0.7689184787477406 0.6891845779919819 -0.17462781885328713 0.001149209797321122 0.6629034868494436 -0.626352580278918 -0.07315304225110507 0.7810866835619941 0.7949321803818716 0.5614224596588498 0.3644654605045951 -0.31048827497541304 0.6693858305088994 0.23501722474194778
0.2551 0.6925449535526553 0.8409071087300796 -0.11923883991381665 0.1511593198375492 0.7398722891265992 0.9318318996641358 1.1684007423520357 1.1762502363436635 1.0805036973301418 -0.6863814945161469 -0.1467399833481101 -0.8541925305165108 -0.4003964383945996 0.44183243050406196 0.3050265166730386 0.6890668372631432 0.2839284241601647 -0.6536695912152246 0.6576383247183349 -0.25322068628029176 0.07855441756360285 0.6151923752994924 0.6482147686229206 -0.8297106508199976 0.581402982273393 0.9933814691082221 -0.18989987494097388
0.2105010928819752 0.9081404839190494 0.9842810144159977 0.7519757907793845 -0.2428912045438107 -0.8939476959930579 -0.7189578887203681 -0.04624832160102432 -0.0404718297182902 -0.6814421328499071 0.7010171839798662 -0.2934161211124212 -0.693780226980629 0.02942872897591103 0.4381117627523113 -0.21087483706813126 -0.06765108016235534 -0.7510583356573666 0.11847614442298532 0.9642146482996212 -0.11976243434216192 0.4248911474130476 0.4738548127373345 0.7396118911203822 0.2211816396358714 0.6084672182462393 -0.9174918332078551 0.6498999421528241
0.9493010589199059 -0.5797733947773565 0.4804779606811026 -0.7555005973769898 -0.8736805701470044 -0.8504961230341181 0.0920629227483848 0.9911929550280588 0.052278317279228985 0.008445795582757692 0.38156525010305226 0.46480986754822357 0.8783429098808849 0.5279462098238153 -0.2659841099729329 -0.21380807974186222 -0.7957299952499138 0.5822256243220254 -0.6103311091692536 -0.1792697978657556 0.5066063624986948 0.7561290439804627 -0.047194669454210234 0.1281272502933737 -0.9620834477713964 -0.5044817099925978 0.641371756922294 0.57009989315865
-0.406 0.4942 -0.6696657393393662 -0.020999154027987525 -0.27786327649681425 0.002836665636782122 0.9479675009748388 0.3025731833278012 0.26968944083247426 0.13898544632405357 0.7899017369352326 -0.9757926086113796 -0.9742996016917923 0.7237998624891863 0.545391104911198 -0.5518502364396177 0.3952466797460051 -0.15549517317120554 0.10549249803453734 0.06803252512101833 -0.798335846373986 -0.1074224799946933 0.17738215609054278 0.5936384030209463 0.3698051932202643 0.8002935815767384 -0.6985467250417358 -0.1062
-0.887 -0.2572 -0.9857875636842215 0.1408936106400789 0.9705683471924398 -0.30293163949188534 0.49406249526386314 0.37956457142981626 0.2305905249328331 -0.1421677255621148 -0.5438252018989919 -0.46520764698565287 0.5069292245985423 0.6433394013446861 0.4447877827262086 -0.5537685932711416 0.8189484670472892 -0.4400417924377017 -0.9007400265779018 0.36011121029043563 0.21547638280029868 -0.9761166069987849 -0.39683697099062853 0.7468451803837033 0.33329848868751066 0.4652941905595402 -0.1396997746978528 -0.5077
-0.3116 0.3089 0.4271897429630781 0.496679992050273 -0.6994121937911775 -0.03471643502606753 -0.8213891612222126 -0.8489482247551661 -0.10031522641591184 0.25296569471780883 0.1899070933707575 -0.8370980366966464 0.5830002080144538 0.3060397993505618 0.27866357748161014 0.1280274903058018 0.5218815588464764 -0.9738810204604862 -0.5275752997716285 -0.8471616807485742 0.05628067600763476 0.11500772313486035 -0.8846932617578763 -0.07181342414587194 0.6694634096367066 0.18421267966633967 0.8218002419775199 -0.0586
-0.4591 0.1531 -0.7278 -0.8636313790062267 0.44815615727563934 0.8324711159187268 -0.27406855625611704 0.8660416934160059 0.7438133268948501 0.9837185014790756 0.22239955228731256 0.6846740162756074 -0.022021771873494016 -0.9351860825902005 0.7122535809424659 0.2377702003930248 -0.20420982149487635 -0.3752284807952785 0.23765550541038258 -0.47062992263011544 0.6725611879554273 -0.5279546152424004 -0.4826692939074519 -0.7263638338586177 -0.8404001116324592 -0.8529000769203752 0.3807 0.1174
-0.3321 0.4467 0.2447 -0.8007 0.860494154962123 -0.646008829637782 -0.811167184203163 0.35078015021097986 0.3302964618782089 0.7934071073109086 -0.770313807759234 0.9899184282394596 -0.05397287582677935 0.3956555251645375 -0.5330935997998411 -0.39707702372996273 0.2562098344834947 0.9588044993051099 0.291232025563516 -0.4787887402356967 0.974990718942938 0.8716308479701449 0.5382861484652284 -0.5423692475618505 -0.8528 0.2351 0.4325 -0.7131
0.9863 -0.5746 -0.9562 -0.5124 -0.7074 -0.2009 0.3202 0.5146 -0.677 0.5103 0.8068 0.7718 -0.6005275188319688 0.8807633995394608 -0.5540793985882475 0.28950085849348933 0.1852 0.1972 0.9107 0.9471 -0.4269 -0.234 -0.2766 0.8647 0.2993 -0.9866 -0.8764 -0.1965
-0.2993 -0.6895 -0.417 0.4072 -0.7995003699061184 -0.7683050578651481 -0.13122872935311342 -0.1256207373380186 0.15699257455945737 0.10460986831361246 0.05913001810822843 0.7035526886598381 -0.9813717406789374 0.6914774546099831 0.6266314169646974 -0.42690999265098023 -0.24012774942578874 0.5768463674164077 -0.68539417056028 -0.7608539447463853 -0.6234269353408612 -0.6516248051249021 0.4411566445955587 -0.6424266644632666 -0.8258 0.2836 0.3574 0.9396
0.7601 0.004 -0.19100020228639888 -0.4270302271073223 -0.1360272540058436 0.2273177509137169 0.6975420364687112 0.6724145190221735 -0.1871329516717643 -0.33561440976023826 0.8114419528294435 0.716678058324292 0.5348550663608558 -0.11799514055453779 -0.2737181524711454 0.8120130322870516 0.23295501244067218 -0.9145224117106637 0.7562834049636997 -1.0049797296694616 0.9225889228695857 -0.4283806265295598 0.40168468923715794 0.45938187622902804 -0.6091843895790416 0.3440135471700031 0.6914 0.6406
0.042 0.0843 -0.5900004319886702 -0.8360140795142946 0.35083067010884433 0.14345323540674265 0.1004361180282315 0.8904651199961074 0.45542619183672794 -0.23247821564279003 -0.1148361384126244 0.991729222285203 -0.6592488714668765 -0.8850260650023141 0.24504911962398912 0.7033637854927495 0.3998755799237139 -0.3865477002729613 -0.03160220535281486 0.04368983697303058 0.9266439543190812 0.17604180294464908 0.7233961906223312 -0.9465526555492464 -0.6090553012201629 -0.12527168369285335 -0.6800989829460841 0.9219
0.6818 0.15069486631329468 0.9982889187442975 0.10686902253892365 0.11181974625755402 0.869839405752049 0.5490701609416961 0.044782227756295916 -0.06476547279323558 -0.8466664177305837 -0.3219763872301129 -0.6031952940698887 -0.2571657440467259 0.2768421917246713 -0.4835637185478324 -1.0825933629355249 -0.4161187170888548 0.12131249057329747 -0.25565425725532454 0.776566760340243 -0.9213871499382664 -0.6940863809390507 -0.5288795487117189 0.2604291169419374 -0.8804769141716975 -0.7418816544456824 0.25539353876969956 0.18730600500760453
-0.785 -0.2498 0.9822776253684443 -0.26310920109591684 0.9775145911242377 -0.47083287409387503 0.29091617556236293 -0.18709556294776153 0.020934134110046413 0.03451925156376347 0.40694011162388494 0.47167657669058655 -0.48921042038904927 0.5875141826161571 0.6276201535147701 -1.0442034659027573 0.3871040985320057 -0.3132516999424899 -0.08622685555573982 -0.08906578816507585 -0.8688600865644437 -0.5438424402338171 -0.0810160716631298 0.6661125602790905 0.8741671091233438 0.4352379503028671 -0.7531584239572521 0.1609828996830198
0.1001 -0.8000985180603508 -0.514477793582181 0.26753001198864645 -0.4874506363447053 -0.3802802012762981 -0.10025112030659726 0.40120951320802295 0.11729809912754756 -0.9092011985243869 0.9140115017101295 0.5457774726190078 0.6390068194023849 -0.8281691483631254 0.6736623305327555 -1.1853320215571361 -0.5144194947467483 -0.03774272310610969 -1.0225739409557622 -0.47976891553838347 0.7124835686570746 1.0109296477834973 -0.5061659853197151 -0.37866781557549045 0.16300454555283758 -0.5054202419081246 0.36850190801365 -0.8633519184158394
-0.6476999975230603 0.3500939683304284 0.5464913541473547 -0.0908831716102014 -0.160822011970217 0.5191282211150591 -0.9772371235568554 -1.031684981082439 0.8853409146282442 -0.844132584133643 0.16078694522175108 -0.20607087808535443 0.2733554962041737 -0.42462276714827446 0.5870504291244767 -0.017277934914292966 -1.372190512035115 -1.2098186017396801 0.3669754717934847 -0.7480543833044921 0.5742497853841401 -0.9067405245277939 0.8711320783661869 0.5160202800838302 1.1013345864981046 -0.4991106502028604 -0.8730767004255608 -0.934391056444016
0.17260001006634787 -0.13691358540481485 0.4827929155385674 0.4626562435947647 -0.4989387788818423 -0.12494030096920584 -0.30555549547233596 0.38864181885104854 -0.8473394664864957 -0.619278666603138 -0.8612755089199121 -0.30778478034732837 -0.27546107070208536 1.0466733268748132 0.014676071101898107 -0.8971484074716052 -0.4488963271472863 -0.003714085274825788 -0.011449550276884993 -0.16263486982509778 0.400759513686356 0.6424532499319476 0.3407186308407161 -0.47279319907894424 -0.2890603034136699 0.8983684010143266 0.16033970795353555 0.2548612000559463
0.37700000163426955 -0.07993526617882458 0.08956544497615027 0.6488903397273861 0.779551513196326 -0.5025050307077207 -0.8554084129948556 -0.9191061036936472 -0.8011660966837126 0.386359910385779 0.6083216158822669 0.505565816437342 -0.40540647166578214 0.33105036838781027 0.2943699423750381 -0.9603478810434827 0.07869003646623585 -0.3491298268347017 0.5149807491678067 0.2021045478031809 -0.9032054960104127 -0.10861647805862477 -0.0031650036043377296 -0.8169588473397784 0.22910587275380007 -0.4171816487847839 -0.5683439421482678 -0.2470854262066141
-0.03760001652754929 0.7800847527651437 -0.5711610621781676 -0.5207009927834441 -0.21827562162711162 -0.32290425963145536 0.2832439946288467 0.2650908898904254 0.10798745959184702 -0.14023975941539518 -0.014226902971807374 -0.3422644024060437 0.8516917564700733 -0.625469358848662 0.16224298129375628 -0.5509093321812258 -0.8742730701550339 0.12039790320478114 0.17394217720631996 0.7436699303482449 0.04386670899884142 0.6723098892976626 -0.4590872311581474 0.3077771235520407 0.35574496601857897 0.8514197907681788 -0.5289314940472974 -0.1717221731186111
0.6880978766534974 0.4684859154056747 -0.8490720062989918 -0.873275909168537 -0.5557972138195989 -0.3348457905607876 -0.784818846551501 -0.49108199804400443 -0.6209675579452169 0.15932753771674904 0.3673368944091123 -0.1729255698774494 0.5032212214713612 -0.34935212908020646 -0.30206309941169707 -0.033240843163709115 -0.884848042901465 -1.0893259747108457 0.3757853938336104 -0.11970841588327744 -0.8352151513433569 0.044781040472997885 -0.12758733181559215 0.8286906889214976 -0.6654655863345917 0.32127731043962443 -0.2661138405805283 -0.9665252717120689
-0.062099952448969535 -0.040746563764999015 0.3710656846154968 -0.2365296929535005 0.9546431848715957 0.06434023705801602 -0.5517358196242477 0.1387207240112557 -0.7860871333630961 0.4437660955526382 -0.15602552831937302 0.6791597368417841 0.9047893152502244 -0.0803717263255106 -0.7078119457622711 -0.8719926595055062 -0.6329673477607761 0.5811610933900543 -0.7588295628580709 0.43299536050358284 -0.12006683993270685 0.09374958122446388 0.17690451051886097 -0.22103143241010928 0.2076324863141895 0.28630706801771527 -0.29019809418720766 0.5432482760165537
-0.5310997692503445 -0.1943094710179756 -0.39613055278670867 -0.8227740054571396 -0.40336135073356405 -0.7563168910980768 0.3508375775093513 -0.26326077228824624 0.22790468658907595 -0.020794527489171613 -0.5930841325333974 0.6865899004113732 0.08989213582331451 0.7699981336091497 -0.749867404116416 0.4078664631867552 -0.8484876775666444 -0.9567351137797873 -0.6843576112304197 -0.8499531585431283 0.26182015749339305 -1.2241819642855565 -0.9044987249408937 -0.38649783248504654 -0.13988690404070853 0.015740010729393072 -0.4417210372590538 -0.9840094380045515
0.5540988647482499 -0.9746919850108928 0.35742264105735594 -0.5101164668596977 0.4092434629437987 -0.6315771453265242 -0.10946677691762398 0.6318777461996421 0.09531756026316017 0.9969548502114814 -0.06581632794689797 0.2847236217944224 0.17406502879250196 -0.1673317779452996 0.08286785969022488 -0.5123840939690265 0.13345769752143977 0.25187562137585917 -0.9067719310335488 -0.7435889893912315 -1.2295839499229306 -0.9828288076263747 -0.9453067635002705 -0.3854362898756781 0.37950508636701863 0.32044491073054326 0.9278171263509097 -0.24051485013104104
0.4149274306025292 0.08448277158514016 0.18360730149814 0.16570466555039712 0.9835790393865387 -0.5266261578645295 -0.2882971309709642 -0.07090012296452106 0.6243046038572079 -0.48273005791688656 -0.4657567871693259 0.7332487927061208 -0.17325403521229008 0.029314231109925433 0.6595888847802233 -0.05731744093981423 0.7569121467812256 -0.598109222973284 0.5694351345355226 0.2681548994804459 0.31342393203207247 0.7071152362634061 0.5496292729473903 0.11144308428403196 0.21892553915314375 -0.339053826757023 0.6165489473979857 -0.4780349415166696
0.17977179109201816 0.9427045727820609 -0.2968382145884603 -0.47234450776410336 -0.9217390901373876 0.9373701834870611 -0.5891020293855959 -0.040373303440388336 0.7012825531280076 0.654241388753851 -0.8316573896086867 -0.3162422706769204 0.250901235415758 -0.20261169154036443 0.22806865659382453 1.109855720268158 -0.12035316311622375 0.7860500678497825 0.7004004465595193 0.35441663952123265 -0.31927441324918393 0.5772995136520961 0.26256879746154876 0.5711613532079336 0.08073425786127092 0.022402911022203743 0.3121198249068486 -0.36053836720625254
-0.5636 0.2248338374494025 0.669301321633887 0.49157189648470717 -0.7392300935100077 -0.8568921289988465 0.2640110474685768 0.09498372054992853 -0.05521390258409419 0.2622585838216079 -0.17099027829160635 -0.5046426925412364 0.09842870896863591 0.050025803726630375 0.9238321111073223 0.008746513272901301 0.7204964043272828 0.5349903485318419 -0.17699346161357352 0.7898550708031497 -0.1558569939824737 -0.7264035704752262 0.4241896500251907 -0.5856591232054781 -0.1988267000805425 0.08034721814671726 -0.771347608709417 -0.5955973727071462
0.9831990279205096 -0.42706552031870926 0.6268584368138861 0.5965746726316438 0.2599586668731036 -0.8992548371742286 0.586575216932907 0.7336171158997306 -0.5221364377437729 -0.5498277865111916 -1.0473683588073226 -0.11393621757163439 0.5702494073692528 0.036452232698128265 -0.4528909719071219 -0.16547192881829093 -0.010039771064379586 0.8232462533248268 0.5983481011424132 0.7019528274665005 0.5336456401595507 0.41840743437729666 0.07309718076170615 0.36162908347251577 -0.323953113097974 -0.6485902284208988 0.14410936776592473 0.32820931821105515
-0.8875 0.0009737081229705711 0.8317202077619575 0.3041445543256672 0.975493586899159 -0.45372676717293975 0.16859312843082844 -0.3942066194930168 0.2635766067934985 -0.4749214060998046 -0.3308531438271588 0.4435298010143597 -0.4739283286790587 -0.6951541782454796 1.1243561510017546 -0.30030059030336387 0.5994197436977373 0.42982277321327506 -0.25811548163628384 -0.14661565827814602 0.5546271814456418 0.8778653105197922 0.5563317359469685 0.9457389841442905 0.6264728810218899 -0.25294506734307043 0.6158168389329388 -0.7908593600922939
-0.9448 0.9608492176316843 -0.985809746632499 0.5277363307825875 -0.4663084948320104 -0.3908115291159657 0.9462375471369721 -0.2270434481423156 0.47396961200027826 -0.030934909132954734 0.30241323838117734 -0.16823202708176316 -0.8129743525061465 0.19583134605308533 -0.781572590754577 0.30205782165911327 -0.2364777037309335 0.6734238187273708 0.057211125489962766 0.523057592664373 -0.6618208504192411 0.8944050923511998 -0.7191995393301246 -0.7605774263320806 -0.07408315027346492 -0.4156484933151343 0.8332343803721987 0.6753001106623259
-0.3008999999955756 0.3617040177879919 0.3588055361291 0.25310401335169685 0.6254171433634608 -0.39388899807570327 0.7989246488992403 0.14551762298149537 0.43186167471755726 0.6625369684987779 -0.24336428367819682 -0.4703528164820037 -0.3183316394187959 0.1235721219271834 0.3256282502669421 0.4870984834554083 -0.9573437280742044 -0.8430685281200644 -0.9561540706095489 -0.17659184142669485 -0.20589657943479317 -0.17161194609723515 -0.27288964858303943 0.9262051105910964 -0.4801870475808425 0.753325001178658 -0.9113774348635407 -0.8361000020275517
0.8033000000042868 -0.5159022477685447 0.37703501420482205 0.23120873606698458 0.8811891906203656 0.22031362532614707 0.5143968051550208 0.7399132908256889 -0.6989529472783689 0.7560723304895808 -0.07335335715968895 -0.12101153146470521 0.6769574405310138 -0.07475856760461035 -0.6370294797532108 -0.4644540995578906 0.14461843290487597 0.5940026340059769 -0.08988434464340729 -0.041505521587584006 0.5650458191550612 0.828544245368108 0.19183921601404888 0.6764505242397445 -0.7633654980995657 0.7113627096282196 0.8074917625487599 -0.5596000037448045
0.0109 -0.8807 0.2768640455086376 -0.34474359914176694 0.875352100850986 -0.40398144433896327 -0.595987820120341 -0.20536096899020706 -0.7539956016024918 0.7565299480634858 0.35374637776069817 -0.9827478110892655 -0.8332200902873188 -0.920457999897486 0.4800463973692449 0.2593383787941666 0.4161298608345122 -0.6633025568112724 -0.6858681719086159 0.8708455154870964 0.819628861791246 -0.5757490482841056 -0.07347119722781907 -0.1740360570551081 0.8372245442606243 0.9269650375603213 -0.9848877126920279 -0.3353
0.1322 -0.7548 -0.12546452865707283 0.8669339942035001 0.6553323931906955 0.7905031301994562 -0.42607516580929844 -0.7537597479223693 -0.7909986961605815 -0.0004653303634279464 -0.5354400103901265 0.8248636328901038 0.3696957718320898 -0.22809912757420794 -0.8462208185076358 0.4039320723374313 -0.6055683559646289 -0.751566429720016 -0.966980012845502 -0.26828889631733127 -0.527951988124232 0.5529358035029425 -0.724363460233751 0.5968536391993945 0.971279036901126 -0.27594447334823546 -0.02054506176599877 -0.6078
0.0131 -0.5221 0.5367650823899184 0.3918498161989949 -0.9029701365220206 -0.7757088641132266 0.8139178994553452 -0.8001155590819821 0.4212231897676977 0.10110641003690637 0.5836178555607582 0.11630220063249865 -0.1738836379315852 0.7264605273691622 -0.2012367710926881 -0.5973678779162479 -0.8839268550307392 -0.5796051094261612 0.7900030406292179 -0.29384564253485584 -0.04739590034853512 0.48775364550145833 0.3943701798784071 0.6517796504583829 0.5357996101581494 0.9059470918939336 -0.6731644659919762 -0.6385
-0.568 -0.4407 0.0382 0.46906423216493004 0.3162646769897619 0.49010569271440396 0.9728454399621822 0.2200987068378282 -0.652688783949521 0.8341143948844042 0.7831786554412843 -0.12948371954327587 -0.7763670042774816 -0.4393437521589441 -0.18156913580000306 0.2729063916835475 -0.7565775789896039 -0.900571518473272 0.7817358027696483 -0.08895601574736964 -0.44476364546567687 0.26317683067937153 0.34692365456474444 0.5831357253335641 -0.8896994695108291 -0.025399936297838627 -0.3466 0.4473
0.6131 -0.1453 0.3895 -0.5172 -0.6194995344367027 0.3938994689107534 -0.3370699732054056 -1.0092119888352202 0.0005869101285150788 0.8414233366339084 0.46411457267122014 -0.08226419566277655 0.6667214934347069 0.6154926084905115 -0.6870194088276562 0.6846864050173272 -0.7942103095727552 0.28706953428337467 0.09383631975446065 -0.1705207002683507 -0.12198556167033478 -0.6213936122687248 0.07356041612547387 0.5867491717103823 -0.7288 -0.2473 0.9645 0.7265
0.5882 0.5931 -0.6112 -0.0751 -0.2628 -0.2342 0.79 0.1734 -0.8675 -0.8256 -0.8981 -0.2059 0.8165664956592973 0.5195507986368476 0.19110005375100303 -0.9480999977601106 0.5013 -0.2423 0.5456 0.1819 -0.7073 0.5846 -0.6494 0.7324 0.3403 -0.9232 -0.1077 0.5892
-0.2277 0.7965 -0.535 0.5576 0.0008999979252811083 0.2206999934552681 -0.9424007236501081 0.6183167506944287 0.6124384448454829 0.717793076628975 -0.1357068534349303 -0.8606761986772207 0.5463418783669471 0.0919233553438768 -0.8023784276449377 -0.20852657871475747 -0.3798700464366833 -0.352169209988758 -0.4671283578203126 -0.4675052243916896 0.02016894653528605 0.7717461320081581 -0.5666487061617655 0.17207808891586554 0.8587 -0.0187 -0.8191 0.2915
0.6361 -0.1774 -0.8317020290656173 -0.8496000622857061 0.21810082327255248 -0.010882795310213305 -0.1752787310698503 -0.503420064933399 0.34068759903066526 -0.1102164515110575 -0.3504323651553819 -0.7127849953924613 0.09128971986741911 -0.92963107885753 0.25750919107202813 0.42087383064804895 -0.592938000546717 0.9048254732816725 -0.0616883023171799 -0.5920534507203469 -0.04209482461676377 0.9768356859283526 0.2247575511219717 0.31672852963687903 -0.7098681519110018 0.42201692377740385 -0.4442 -0.5993
0.6639 0.0159 0.9205955447229709 -0.6935014525564525 -0.6974414087266337 -0.5881157437690407 -0.6846059281327751 -0.08327734133797485 -0.057125638796752046 -0.4379957353010029 -0.5814936653420458 0.5578335266988789 0.8831073050652682 0.47850759828385286 -0.16180790795156857 0.9242882824208927 -0.21888989139215115 -0.8465070467267516 -0.8303431414752617 -0.49273299968303985 0.38587855557758993 -0.7526518236818952 0.26650703795485 -0.52416707990437 -0.8646632573105223 0.4239526282818684 0.05947167169876422 0.0614
-0.8086 0.21419335768452263 -0.5252223163750943 0.6816558537748076 0.7426387815986591 0.11338304310633705 -0.4645641879276499 1.0354363128109347 0.08295598028189055 -0.7437469373406447 -0.1476057335773792 0.7539115362788587 0.30713242494178744 -0.04590638749908207 -0.318371351376538 0.24907711966857837 0.7020263671365409 0.3218402203263981 0.8775232441327208 -0.7058877539037868 -0.875235692390746 -0.3614655694551962 -0.17940097234125682 0.1160296568184556 0.89331013856886 0.45549896243227517 0.0903454031244637 -0.883925943361042
-0.1603 0.6377 0.04526826039785234 -0.7722643476688452 0.503911805785075 -0.1529351895007783 0.1144403200606797 0.3957176283034922 -0.42072251848325565 -0.6852450305524488 -0.17021120802928635 0.349918410741148 1.0549466429946528 0.7620597681251773 0.8036791493581651 0.34120860241836265 0.3124860017638511 0.3137615562645259 -0.4404640741422609 0.6616899693047392 -0.37232885764328977 -0.66420409400014 -0.2819494850436201 0.4093645266111296 0.3268672795149902 -0.5125240594510991 0.48054028052957176 -0.7811215759113995
0.5717 0.15710099002236735 -0.03159766035779326 -0.5525599169230705 0.05962536243305794 0.6589518690619132 -0.3084151184825114 -0.19590046521534643 0.458560381460112 0.2796990624429215 -0.5142507747145921 -0.7414729096251451 0.3873726051551191 -0.618638759494444 0.36726226892251596 0.2799039306345881 -0.20283239430410638 0.9708355510644257 -0.5989769423373097 -0.13857952033508225 -0.6941499332357629 0.7639971968517535 0.5359259245662896 -0.2217494816311471 -0.22352737126213434 0.6295384312531617 0.647308675421237 -0.5914918645842274
0.3665999999770813 0.2641728894181046 0.38314139849449697 -0.6061961288651766 -0.5072225482648386 -0.8190116136290643 -0.3444057953026357 0.10705843799404681 -0.2639709997219774 -0.8365112018222044 0.08919920342178705 0.1657426621980761 0.0024997250200444947 -0.9300068951349769 0.6672541668191594 0.7929375071383771 -0.5484293258157904 0.10621093064263454 0.7523855234933788 -0.19491059254267099 -0.6993669172204479 -0.5058902562529448 0.6456475526834214 -0.595940339100363 -0.749485131151367 -0.3393727493177596 -0.831626690871033 0.34392043444041176
-0.1444000000931422 -0.14640793375382433 -0.5586025756571357 0.32479967875355625 -0.5522118994698046 0.3470338272955307 -0.5686560536574164 0.39860623598961203 -0.23788265940375375 -0.040094808062382935 -0.8389110268124257 -1.0772375602748978 0.38183573792385583 -0.2587375473922354 -0.49428282696870307 -0.6718741906255828 0.6227435968345703 -0.06594584668221451 0.11074262639118444 0.008356530282570687 0.5402880648121774 0.18770820640042357 0.6709600354423939 -0.533421134240181 0.21350422134907118 0.7404440891770155 0.23658522324203224 -0.47799935554084527
0.6407999999848784 0.22694936742608482 0.5055955277030357 0.08604876289112226 0.30246701431438056 -0.06459071647358473 -0.3424463853109019 -0.4833473923401205 -0.22443074811613678 -0.39590290778772547 -0.30009690456637383 0.2197603496907074 0.5148781999476654 -0.18796645603836162 -0.31769014371922677 -0.291062676092406 0.8036396770241999 -0.2515696188474106 0.3186338973669261 -0.08480018474240934 0.009781054191528953 0.5998403542525274 0.5491196591772736 0.2932611648596005 -0.46673031487611527 0.7140526924430989 0.28895472426488067 0.10748063885374759
-0.458399975680807 0.10217213427617408 0.5659898124564553 0.15131544798019056 -0.11907692327415607 -0.5144335422352261 -0.8876658528666889 0.042798006377768975 -0.831906590095747 0.5424727745521396 0.5421332779392196 -0.6386208937061255 -0.06672725324983174 -0.5007721434188618 -0.5696440006455303 0.02123492818555544 -0.8256442853910863 -0.019986949909833 -0.12433913901416128 0.992848241928476 0.5651705320032003 0.8015345075228014 -0.8698643572223153 0.20116094124649372 0.48353190701506743 0.9435923184031568 -0.9045476977030644 0.03570787113103056
0.3388031314102262 -0.8789228000676083 0.2825193222008681 0.4478487224301785 -0.2632703859487419 -0.9180056621939967 -0.3512694624106692 0.026397132782170922 -0.02245289758971649 -0.180936022140056 0.554477876273328 -0.1942050261602845 -0.5531643301646426 -1.1982355431698184 -0.9406757884035024 -0.7622181938302559 0.2649613347655772 -0.5928456810964167 0.7206627179453158 -0.8544285286096635 0.02361299813619411 -0.6693388521182536 -0.06783648631876286 -0.6549162549650733 0.450074096007551 -0.037036483792788295 -0.7015319187041118 0.4349208578378782
-0.5564000010605241 0.10289119194721809 -0.6237166385956368 -0.9447566865472249 0.5472932687976834 -0.3333919090168866 -1.2041410065703497 -0.03712007224123612 -0.14339055228163203 -0.5195194698547352 -0.7766839158390881 -1.3361710492396395 -0.22720750127913356 -0.35652902748629506 -0.5175067850714127 -1.0152425570049068 0.7758503937923117 0.0658787200996864 0.4172158009193585 -0.7062972863315375 -0.7510819481030918 0.742407722570945 -0.8022139021175241 -0.7628104888583975 -1.004411002085277 -0.03356933197269668 0.6296542211034395 0.9985992950845567
-0.20690010904174386 0.08359736642635493 0.12396221405176568 0.4061829941208693 -0.4775470145977302 -0.25955996771230966 0.7025937567440352 0.5440084979605186 -1.1493279976650492 -0.8339544837949133 -0.9862252364814534 0.07290809182439802 -0.6510356866465778 0.5120670008793117 0.42303772109247895 0.21296265069339443 0.34735965692270326 0.6542311403233476 0.6930027538597674 0.32274502386852766 0.3765260036744587 0.7485262561301517 -0.3756382161550435 -0.6448167485623135 0.005566477520764933 -0.3773481040024442 0.5606621019335489 -0.9481889808255262
-0.0052028643521399515 0.5927023507177724 0.461692699398833 -0.263393468824395 0.7199118695779575 0.5876065168503926 -1.111795114292062 0.2001374774936226 -1.0257863342029705 -0.6819290964540153 0.1903332826193199 -0.4401480563988888 0.8959305381438926 0.13770029178783835 -0.522448404216369 -0.6645009021694561 0.3628571116873855 0.6751834706525442 -0.5094584735653409 -0.9124810406961211 -0.6359815948763081 -0.777620796239001 -0.386686405876811 -0.7096569485087773 0.5360694219507403 -0.9267380271384226 -0.23560265194574853 0.6946845877099269
-0.07150093787962854 0.8332786916761542 -0.9778159078766436 -0.7305236943468791 -0.2809092992268671 -0.26753061558294117 0.2590651267736886 -0.7480552262850123 -0.3178931914937204 -0.2941473001691619 0.04973558820082974 -0.0041225343973990474 0.31826251306264103 -0.2614635752020781 -0.5651970173054865 -0.3351456086126009 -0.7062485637570378 0.18636124744031263 0.4041144136679307 0.011980245594201551 -0.36250394568659106 0.7775301487769816 -1.1576553430188763 -0.2345416591636902 -0.6225395608849096 0.7627674079909951 -0.46309864371972964 0.07825069282425279
0.8456000005540909 0.8903605652397032 -0.5975350601652616 0.5134414105211558 0.07668058847281375 -0.6152594146002186 -0.38731787203972506 0.7166976225019631 0.8888290165122119 0.48215827644741155 0.37274208311042795 0.7656918668035625 0.8731581802684212 -0.020878607523838653 0.059484576648008956 1.0152677964445904 0.09162214293616439 -0.6866290906103161 -0.31390693584582124 0.4756993366704356 -0.36936148558369103 -0.7546307356516673 -0.2577984221842831 0.6243898946465521 0.1577008430841393 0.9707669273136635 0.8080827358999185 0.485902168951073
0.3937 0.05607782111037884 -0.5354135053174027 0.23718064184450707 -0.7817070772643634 0.28184344214606843 -0.09910223585585305 -0.01704870357966259 0.7033088661251612 0.29128584793638823 -0.6629199861778221 -0.257701481249308 -0.4882482300632769 -0.5049101224141943 -0.3917198027048346 0.5015544766073584 0.9009707504691271 -0.8187869119036042 0.7838258450175667 0.26953979443837583 -0.3451764509326514 -0.7168482729545157 -0.33174740912305284 0.7713429379974232 0.9558817312183041 -0.8972727458314709 0.7592927304677062 -0.9188442716873981
-0.41317785841172605 -0.6207133451801985 0.6108890799034259 0.804762393720064 1.1571664928480547 1.1267808772749155 -0.48218777094623266 0.3862342394801955 -0.28601474821282685 0.3127063933345421 0.7477041610446655 0.7465143445524742 -0.5042566261553731 -0.3035130475899366 -0.3821994494909344 0.561209503393385 0.08303205233297621 -0.5650158397686591 -0.5134465255929153 0.7651398900001543 -0.017728333956804152 -0.6233169244280772 0.028166967922592094 0.9558740965798981 -0.4949814891208478 1.0645310802643848 -0.7647172902895987 0.25307586491250184
-0.4312 0.5477880182466914 0.6930473518342185 -0.17443784635482076 -0.7051954464997434 0.9493863466551788 0.3821842820012245 0.13758590779500593 1.0043171019382333 0.21372108887197902 0.3385551823127676 0.1570816618145018 0.018863652338905627 -0.44039603977416747 -0.059109794164399425 0.058667414791605706 -0.0050792353882852075 -0.5405247216939592 0.5550640226885859 -0.8616441884747877 0.7423701398322371 0.5768451228293265 0.30323074274571493 0.4925824249930079 0.08969313927634004 0.7110309269557776 -0.5260772535035116 -0.36881330464641615
0.6925 0.14260854570801343 0.7931385752146495 0.6035399979763072 0.7811819922092167 0.8720584891156192 1.1028815550684727 -0.6396135266731167 0.44597679321086436 -0.5874452230475172 -0.7561624750162464 -0.063179471580106 -0.03629327897071043 0.15548609863742105 0.1896523304694402 -0.8771306335019675 0.3692764890502693 -0.4323245127020388 -0.6518245019366418 0.6824874944098825 0.72217071259644 0.9491965790272014 0.5577020478089781 -0.3821939660078923 0.6406143006061655 0.5073483501968479 -0.42126832188514646 0.20739999841865592
0.8292857703324493 0.8717020085479346 0.23996446622701656 0.6447576210298223 0.1587476713466996 0.4128679605788723 -0.004372535587522386 0.6546773998441915 -0.749687852211707 0.8732622090670594 -0.3102834177281832 0.7356031033276617 0.5502677127748942 -0.39502199483026423 0.47323989243565695 -0.033346130600885836 -0.6645001751821369 -0.8148069706611633 -0.36363898003949036 0.8315867815433226 -0.5526273642324905 -0.42939474332059074 -0.04146813983593495 -0.1287400072561139 0.9260896305549502 -0.7670683520928997 -0.3592404967566069 0.9814992678947888
0.31788621252928945 0.8759100896514779 0.626894487679092 0.16224226645326156 0.13462878033025039 0.6861171893783927 0.8433275273641 0.7593422071527925 -0.6242653155071224 -0.3720331421385036 0.7524796770835978 -0.16406976214001628 -0.7263684333628664 0.38040396900684664 -0.7750811166859805 -0.5306493525658112 -1.018283592919534 0.6391234424208211 0.1443503825159775 0.5554809412938326 0.8837082278711059 0.07316376749140402 0.5221524393477028 -0.8592572698292157 0.5295634385793153 0.1968525252153487 0.6981540917689703 0.8696986478318403
-0.82 0.4225 0.9675234462272169 0.056095275050028204 0.509539184488592 -0.852380983597855 -0.546630980509848 0.11301705678749109 -0.8741254206041745 0.1732335572195268 -0.28789423405279935 0.7711766022409783 0.28812585830129606 -0.8139034666493403 -0.28115150035014136 -0.4770593333288932 -0.44684354655403413 -0.4504903185883245 0.7002183771742775 0.06387379185177607 -0.18542253510437817 0.22425253576234078 0.5550067017571741 -0.4428877846641654 -0.14458243172148244 -0.9813482577802962 0.2279445887694588 0.6182
-0.571 -0.9201 0.7639345052160106 0.890808086711481 -0.5897739316915996 0.7752335382646719 -0.42172506208829613 -0.8629866643655602 0.524890678723464 -0.7428575148935562 -0.8180561864947433 -0.4657884388917653 0.43423414649267855 0.5589461667617867 0.24610477068125436 0.6666091055073606 0.7179503273576442 -0.899100139121013 0.46594050215917854 0.9590925442728321 0.13922483057640686 0.44672322721385893 -0.4408147695742991 -0.06693752346458358 -0.38555924823382587 -0.3747994099506576 -0.9321252686370838 -0.7934
0.0732 0.5075 0.20575675048411926 -0.7990176268688232 -0.5144934854831202 0.7553023474231771 0.0036067767391681094 -0.11811545492848201 0.6429502358056663 0.3856029948560946 0.9121525855101166 -0.7550711648904176 -0.12806176721797768 0.059135262528065995 -0.1948580679495642 -0.8490540211516759 -0.6570898996219753 -0.8732529617275807 -0.5693639488520913 -0.14979601109424995 -0.6531774797537269 -0.422449865090044 -0.7537022845553063 0.7894872767072837 -0.6887385809810301 0.562910297399443 -0.4346900961047917 0.0898
0.4229 0.7978 -0.8237 -0.6910010201844655 -0.20364323433606937 0.5342162875692205 0.47919799250852835 -0.34590339089218614 0.8455510756728039 -0.9302632451413874 0.6636756514626285 0.5396731194646542 -0.9754805980434794 -0.9950713763050031 -0.41632066404912 0.3762265003966647 -0.7010480421275872 0.007672898144534288 -0.7729156429546641 -0.16289082842413222 -0.2504760258521012 0.025898483248787237 -0.5816550159038648 -0.6525932447635169 -0.9514022156377456 -0.0480987569621057 0.4534 0.7241
-0.5539 0.0548 0.6841 0.9999 0.40581169306748877 0.6548665204300342 -0.5377379204733804 -0.8489932041262984 -0.6352991751285826 -0.3538445084124312 -0.8303464971185552 -0.8909558220397883 0.6421279841461496 -0.31940058508236396 0.9235251372123889 -0.7422861045681476 0.12039026217676853 -0.7548832437916128 0.7004009181786622 -0.7431873394586779 0.847852275894272 0.5353087321459203 0.9733463446199371 0.16898869212575193 -0.0581 -0.7544 0.6376 0.5522
-0.6625 0.8288 -0.5209 -0.6272 -0.6358 0.8468 0.7771 -0.5121 0.9887 -0.5974 0.8234 0.0765 0.4351776867584182 0.8915186606399307 0.6821735202446686 -0.3170011034533859 -0.0759 -0.2323 0.0125 -0.5947 -0.1649 0.306 0.7687 0.5125 0.0578 0.5001 -0.2068 -0.2159
-0.3245 -0.2342 0.3937 -0.6604 0.1781981296538221 0.7534943949418957 -0.4759913789874508 -0.8001420908553752 -0.8536669746049034 -0.35772712129208734 0.6477210837416153 -0.5798115226980878 -0.08804278428684582 -0.5812539073178059 0.5243705336218558 0.915771527534053 -0.574307984317966 0.48068454075926675 -0.6338249415332811 -0.27001050021564854 -0.08445216177784182 -0.41170925305211237 -0.6492154313908881 -0.1618128533806046 0.0062 -0.528 -0.9363 -0.8833
0.9647 0.182 -0.027102981157762964 -0.8263339442717791 -0.43967152053210207 -0.18202289675389147 0.49073934117494994 0.484006327315468 0.5066160506445543 -0.3126638935834199 -0.8734188744184253 0.312285371735993 -0.462364512879713 -1.0135677096896378 0.20986022173455085 0.7281855608309732 0.9344867857295168 -0.25840439912011726 0.6717874491685567 0.06101838710668777 0.46365225246764863 -0.7949206198298033 0.1779288290441154 -0.1495825439504009 -0.12770279713598082 -0.6609256198621307 -0.5724 0.7034
-0.4955 -0.5607 -0.47550865075228516 0.7671835435305703 -0.9706192786845321 -0.24081083444062903 -0.9586329015613838 0.4928653775925529 -0.7253342151557464 0.14711418560246486 -0.4085136450008896 0.6889190085007674 -0.980803541787403 0.42151896132800315 -0.41943353023286395 0.6163801633599458 0.8238065194643699 -0.3247389690659609 0.15385608692878783 -0.2589776057245815 -0.6050708610793311 -0.4268527931138399 -0.5686282009480814 -0.6865057321850621 0.37377689021263033 0.28215980881740976 -0.9554915055579227 -0.1289
0.11 0.5731121036039303 -0.21652819651185956 -0.8598922051335006 -0.7890173621156209 0.5531717181683905 -0.8160534747156597 0.6888150689206706 0.05764177913056677 0.6128036472656064 -0.7084718278483209 -0.6599324333950946 0.4508890166237762 0.15357352546372113 -0.37709051692140433 0.7159070712567526 0.06529358339940185 0.3504326251088278 0.3635498080281861 -0.8973325139198978 -0.3010228050698244 -0.3197396050697834 0.7458991718635526 -0.8948287336408893 -0.7693240324458899 0.8367952099055586 -0.875473009876413 -0.003970215296052248
-0.2888 -0.4318 -0.35365613233786697 -0.06792549385813615 0.5364380808746806 0.9615515788024268 0.22370566419846571 -0.2754230349917497 -0.47840195782789713 -0.012079313800928113 0.2888486737875946 -0.5398025597518493 -0.13132975643773503 0.3715431638526329 0.6376275434098565 -0.29835234513362463 0.8524063968522997 -0.09399567427766023 0.9514857821522281 -0.57270053061926 -0.33673232153252985 -0.5401941319436921 0.3646459556468331 0.681602517792054 0.3506733067887408 0.6807266844922697 0.39063529291743126 -0.4809772894911927
0.8408 0.9132103837256336 0.24144805770626093 0.22788135723059819 -0.3214014830109336 0.8986118660109623 0.03584520045869899 0.18295390660227037 0.26994601748650804 -0.1761850264970785 -0.017365780529299435 -0.8648545334333813 0.14024014187473327 -0.25954731514116586 -0.6292310197750247 -0.4627384545703255 -0.614629600245551 -0.5294547557767816 0.30416890152464465 0.09507165201486617 -0.34210802678791724 -0.38350471184705864 0.3662861595015656 0.3150442542573882 -0.2524819981374958 -0.4598659399089671 -0.8034227631331671 0.27403891977406564
0.22100075866433114 0.25655278612900345 -0.7899078840725524 -0.260230612172612 0.39420169885704404 -0.8019567568446908 1.0111297319815196 -0.43491328620770336 0.3198525840267639 0.8351347338258138 -0.6265797560136814 0.6708889922231045 0.5787589307246178 0.7674103340117092 -0.30078108042312707 0.62306198668171 -0.6186788081462886 -0.3551493650515294 -0.9362423916008944 0.318827643212456 -0.26152112630377417 0.8057459906360932 0.06642827240180244 1.180463314953403 -0.23230491457737854 -0.05651525202648824 -0.2460770627460959 -0.212579853299735
0.2791030832316007 0.07720781543848025 -0.7995297562615492 0.3422025821890459 0.19479999311014903 -0.7140592438528677 0.1534464608039418 0.520831831211839 -0.3106212000293244 0.7951193656971474 -0.711906732080087 0.668868310688366 -0.7345437932613933 -0.6673083796456223 0.1787237671617839 -0.7768976274992571 -0.10758291351153713 0.3597482977620351 0.5522680029325961 -0.5852373296880043 -0.09770038703340646 -0.7204102790734072 0.3109461267339924 0.716925804713845 -0.04461891915388388 -0.1848604582049143 -0.18332278652957196 0.5709787489722332
0.2338005005620329 -0.5951926114399325 -0.4303477213091899 -0.0012968068264408244 0.6229869877216668 -0.26533663641853056 -0.5572761647337184 -0.6551221948327681 0.39651387697888085 0.2726152503532678 -0.03191907692245139 0.5523554378469981 -0.1763154976821571 -0.5168304385431909 0.4153663757454357 0.2568650703467336 -0.9824753943034731 -0.7557329498417934 0.3858681152564834 -0.036884821690386566 0.4876043688461613 0.7157493654709577 -0.7022471120640966 1.080761552622911 0.30068009563396386 0.6764582083227137 -0.07069930394693259 -0.44602900162471887
0.6427005397082156 -0.910358246914911 0.9356811973454481 -0.43243949804267073 -0.14215825274024224 0.7338846550771133 0.1942393094746125 -0.5922287413626289 0.5257018855837297 0.40828064434538675 0.09046490525872462 -0.5879043095336419 0.23492585255464074 0.19540718129649012 0.7695780139795018 -0.3872181650917925 -0.5324540085226295 0.21487894911789487 0.49184250583295414 -0.2537588773243171 -0.11474349973415417 0.8405809255172704 -0.6542355033284317 0.6029712008841044 0.10146089356565861 -0.490316403346077 0.4966227645765131 0.05772404548409443
0.8418686569286216 -0.4963504293521337 -0.5051410031282688 0.5567038637172156 -0.2722339965351733 -0.733929628027792 -0.5959820358139141 -0.5418532202444095 -0.49347489784228954 -0.7028138244950244 0.5763646087562989 0.9402631739802295 -0.4231610100149092 1.0600175760179937 0.7840850278255208 1.141632768670875 1.2049729597850178 0.8179676578542856 0.6503839193437548 0.37123892646099826 -0.8513365850489717 0.5602373834867469 -0.435850751996325 0.6524313743465965 -0.44597816545792723 -0.801975875416038 -0.6665811896762415 -0.1744895153865478
0.17739434521265965 0.411109101285998 -0.6539841728960525 0.7557287441391356 0.28191574723039753 0.16905897170579418 -0.33517519655228617 -0.800540167123859 -0.03869567263332742 -0.8494710378615979 0.2594514972434763 0.4294573742721509 0.34290355428074487 0.6689084684177814 1.0146185116163569 0.30991906501999356 -0.5727476458440728 0.6397866752226681 -0.9747288442030374 -0.7181973226497793 0.6053294278498763 -0.022681244274927865 0.4710464915373251 -0.3643182606996829 -0.7505688803950564 0.4210688067410037 -0.5855183618426344 0.7992586507037706
-0.8729999747435019 0.2700860911547658 0.7405068425878333 0.3199983395998192 0.4269315209339001 -0.9558505524868743 0.7708724927757421 -1.052988210920534 0.678568755331051 0.16843778201092421 -0.5652259116934586 -0.6271416292387363 0.4370097651428685 0.6170859731422618 -0.09801620813968831 0.503263549255371 0.4895729467876096 0.4849607831020472 0.032368592842707766 -0.6018564968208413 0.38056080202139414 -0.48203528718207933 -1.0020445093532908 -0.960562932952566 -0.36305254834595296 0.020161887120312846 -0.6027594393366282 0.8498386328348104
-0.636384395298261 0.8360225630255875 -0.28396845161861994 0.6614500636687316 -0.5271910390159966 -0.32139983977053393 0.696507867940192 -0.2071239509007851 -0.5616441567706304 -0.4744413123199136 -0.3859687909364244 -0.7003265948857038 -0.7212508347298651 -0.7313739751783896 0.3990389747525045 0.12677762638122955 -0.08273129544240475 -0.34344872190741066 -0.5285983369355641 -0.20136892586036229 0.25090591818991265 -0.4030191147522316 -0.5052896690555825 -1.1214700926364645 0.6183705776298478 -0.9282507570690888 -0.8667531290508558 0.24514307584844833
-0.61169478596282 -0.6360228027761512 0.9629230359168248 0.34305211356349513 0.5631839664129635 0.7005950437280632 -1.0206096124197883 -0.18745838455255787 0.6773169131355125 -0.5670948184385506 -0.5657436221970533 -0.04475940569887602 0.25843140497378914 -0.6250243577124912 0.4442576193007113 -0.05681112993714056 -0.5506795498462447 -0.8595881660617842 0.644932857996655 0.3827768623928179 -0.8752011667975718 0.16999077769773951 -0.49510658038376476 -0.8563617752345815 0.5747785066409415 0.36229449643012845 -0.077764404452774 0.016533832486951117
-0.854999406436338 0.7459782825931701 0.5551506316454953 0.14849727331466653 -0.23107154691305626 -0.6634186044030369 -1.1413270787430632 -0.4094823234377023 -0.058132630336670044 -1.364070695243957 -0.2510119259400917 -0.20727321574747465 0.07008398019410104 0.8010956336445619 0.5402997273694436 -0.2608842861949803 0.8696710437486732 0.024155090933873406 0.533808384593019 0.044579594421629155 -0.271440686547407 0.5730965554877854 0.23737748809714346 0.2676611726222557 -0.5909403104354987 0.17034917197415092 -0.5706076891338836 -0.024287516124664215
-0.5706 -0.8658776824252492 -0.8435057186527689 0.6077483346743359 -0.41112583512062306 0.24442564436162753 0.5985597982395899 -0.6209621851037116 0.045705035479383545 0.4292654620378063 0.2092607012599606 -0.4763648941469756 -0.6548074531746675 0.9280263826396354 0.7707701526734186 0.34459506913028254 0.7192940373158018 -0.4565107893706974 0.11189409847704448 0.041210509182204515 0.43918142591164416 0.2015096597911899 0.8074499733707587 0.4752638162887698 -1.0143841406404157 0.3784198459210336 0.5871759699140636 -0.7462445756876764
0.1136799221034352 0.8283472356931451 0.6477207753114118 0.45676906894362834 -0.43180435029217923 0.7994148029766418 -0.5845234276860937 -0.2917370846855522 0.06944026403716404 -1.2570065610475736 -0.7769448443532612 0.09197038138559584 0.19008637229311068 0.41043629098464873 0.44947857414574965 0.3280889584320667 -0.5176213194849241 -0.6462585544431461 0.7111702303160287 0.4452112518776085 -0.3388832661037243 0.23588278893933806 -0.9136869783715956 0.8862799524165089 -1.0236582856564929 0.9546743538115655 0.8603245871948262 0.9313325740467719
0.6478 0.6003793188948718 -0.7298827657017308 -0.8163311607567382 -0.15844427761761204 -0.27663770276545396 0.63749456708829 -0.6467266879152893 -1.1339621275026521 -0.43285953242689584 -0.7045362390250195 -0.5582341158835659 -0.38366988342688135 -0.6414264850766381 0.9993945643018313 -0.24334823942328507 0.044238529125237784 0.44987784603442343 0.4875156306735194 -0.10683770325376438 -0.7608421305912566 0.3977088147147423 -0.24481933095337677 0.46779285120416214 -0.09214460132332065 0.36721939125390096 -0.4742950788135986 -0.2667542522280318
0.4059 -0.48969396507591667 -0.718227165119962 0.18191859280830963 1.0012522380276956 0.5939729480539946 -0.4368172546188485 0.3046124530513064 0.6293997694417648 0.4662652243466644 -1.0852006238641627 0.38235559480185943 0.2709817448186432 -0.23945737458227487 0.951041890098502 0.6011116007456647 -0.582175418122039 0.22328785770809556 -0.4437793517950593 0.4266486707132682 0.6558667698006556 0.4980501570573368 0.8445046381262075 -0.3424834215543197 -0.09974318363820475 0.7230594012447777 0.8733907130562482 -0.8168999992034627
0.3053999984925627 0.4255363190070178 -0.23550082884219997 -0.3332731814528447 -0.5262116203476528 0.1645669185277602 -0.5737731535281746 -0.5986306926827555 0.5664948948629854 -0.24866664645789516 -0.1843631831480906 -1.0125590434036655 -0.34963560186281467 -0.7829714687915851 -0.4102123700530702 -0.4457620714152737 0.288618346771013 0.23324087808084285 -0.39514181723213343 -0.06639094899979138 0.1695859862152739 0.28528637619484076 -0.7010451108877859 0.25548378311182424 -0.46958168332106087 0.7735035397725842 0.6705073208579402 0.058396745540104066
0.19189999853940745 -0.3886453359608334 -0.13988572967954516 -0.4361842639462808 -0.8208011267928486 -0.49493337697760603 0.7626091530667376 -0.8628447514294074 -0.3641921613193452 0.14185311508034373 0.27485464484407884 0.7047056612451165 -0.6124983098598226 0.7116793138135598 1.0622249627756195 -0.5454823749611911 -0.47509958762720483 0.4169708849184905 -0.2380430838297693 -0.29212855731762966 -0.3544858863944685 0.733397031510271 -0.6678099708132527 -0.7117591542108076 -0.6983262150375313 -0.592234926038047 0.32727761671417777 -0.7226060108533331
0.0952 -0.4531 0.5185175016491147 0.9231250334816943 -0.8976587755515371 0.3929607760724269 0.9093300481594817 0.3030337848688868 -0.8707580566974148 0.4480254242213515 -0.4178308586744835 -0.03787741089420117 0.5428815213320911 0.38882220887069935 -0.23649049113469622 0.6679594419410745 -0.14772940094274287 1.0471129392372989 0.6116903581709131 -0.5379478013815463 -0.42843233319153884 -0.57035200036677 -0.8810787116448827 -0.8770310018317975 -0.9857325417791275 -0.8775327303924823 0.6345899538429856 0.9648
0.6649 0.2731 0.386501369132371 0.6036115757188287 0.8557857530076203 0.047173415455651124 0.5741898873362771 -0.1450395697453957 0.4951928777210796 0.00042748716082443785 0.34661212334036257 0.07617634336902868 -0.7657878690698009 1.0779205844306035 -0.02141501073641762 0.13378173364824647 0.4455670667192197 -0.7645767445873491 -0.9459301033198824 -0.4126029402951702 0.16551340440137718 -0.9535307502521727 -0.7736233840430956 0.4360682771018114 0.2598984918867616 -0.846085471756563 -0.3494602713887265 -0.5671
-0.3977 0.6006 -0.6279903719311034 0.5698344314337305 -0.20951910149510608 0.2352745283434749 0.5981032441887909 0.3912363355043458 -0.7173292384766582 0.44640299695551894 0.018418169998676376 0.29332506432437927 -0.7731888496320813 -0.7599231959701849 0.8327816719121353 -0.7242081749033198 -0.26150730429034047 0.1594438774138316 -0.1669121346496344 0.6456653201167813 0.2909809558603706 -1.0152649750623544 -0.8824275855062819 0.9529020717242892 0.8874177013158311 0.8907402138630192 -0.3900639641101217 0.5137
-0.0514 -0.8345 0.722 0.896036880816258 -0.3657428883689399 0.5384027808059865 0.8038464245889636 -0.059569657716262214 0.6459485111901965 0.8312793677326771 -0.6364867776685951 -0.8966304638823028 0.35012674777504316 0.8921822221089136 -0.11750855708876497 0.6556278011514116 -0.5423178005267016 0.6323560850160995 -0.4029940266332328 -0.22675648568892365 0.5928920808007234 0.9430626451975926 -0.7140248007896999 0.23322339727063168 -0.8137874819210821 -0.8433986816605096 0.3218 0.5495
0.6027 -0.3499 0.1075 0.9287 0.42810198905488905 0.14995528629246038 0.6528842432539079 0.8140689251776959 0.3551186580055699 -0.4917282918324332 0.7659885643121497 -0.3798966299885622 -0.5094150739464859 0.4140974327714844 0.9794932359927665 0.012516491669964033 0.5967150091768244 0.22552956016169629 0.4838921826252692 0.30457602104186704 -0.6033115327201237 -0.5055782074937532 -0.30958269636848434 -0.09949629021882228 -0.1553 0.3675 -0.9445 0.0072
-0.1027 -0.1218 -0.034 0.6299 -0.5605 -0.9685 0.0442 -0.8719 -0.1382 -0.5536 0.4895 -0.1104 0.6479206416055501 0.5907958935219801 0.5737873554853318 -0.401300526916973 -0.4247 0.5227 -0.4613 0.9618 0.9019 -0.7588 -0.8285 0.4261 0.6931 -0.1495 0.1302 -0.2719
0.8949 -0.6735 0.5391 -0.0027 0.6453992465638279 0.8061975023266856 0.8844551032267215 -0.4308105951401517 0.7186031588487546 -0.7106618819389701 0.30959724117879367 0.9875124773265397 0.632992248964923 0.6442751722399707 0.7786576930847159 -0.9046224730276515 -0.709833027135458 0.40721374933137305 -0.5800844230857352 0.6360279034641124 0.5694510022534669 0.47658541977536084 -0.6307753075960547 0.9853659793821614 0.9349 -0.8892 -0.4529 -0.5005
-0.1603 -0.7784 0.6817029414740465 -0.166301746012888 0.91477084000242 0.7970477278055943 0.9506894508201506 0.7108376419474911 0.6076804854203521 -0.18022196064374515 -0.08508513298198535 0.8116665347051679 0.7956735605617622 0.6368001758572627 -0.8163570054954994 -0.572901543159767 0.16025986840914141 -0.6643228016966232 -0.06874189427349707 0.5637345645946058 0.6281648867632807 -0.15722092940219243 0.29618158514187065 -0.7536960716252815 -0.8850864898948861 0.28987484778226713 -0.6516 0.5346
0.4729 -0.2544 -0.6852924783266733 -0.37711253931628425 -0.46183118026611875 0.2953267484288124 -0.052827513496942806 0.7516842135982276 0.9117111102882544 -0.7887178394424382 0.772379380239205 0.18757075482114124 0.8465301003950468 -0.6796772502513128 0.29577932783053196 0.7610615610544623 0.7219521343050622 -0.2063104164825618 0.12293764535166224 0.9864283928946095 0.8338692689453437 -0.18578892207429917 0.7265369428593519 0.17972676763195042 -0.3528393669638298 0.2477539412080366 -0.5704413078730951 0.9261
0.0041 0.05569657566680524 0.5974029345754255 -0.009016541044907646 -0.1422533003935158 -0.2814659815550293 -0.565548630776643 0.9099481002391374 -0.9714114657466472 -0.824738032098416 -0.311860637261106 0.012240125295896699 -1.0655050930358432 -0.05093867872077529 -0.4578948764636812 -0.5444940893037893 -0.8661831173964321 -0.10517679405994045 0.7958533282291154 -0.23206647597400165 -0.8194998046322741 -0.7147703417399135 0.03329897932594115 -0.21219802593816758 0.27733813686044995 0.27678755381785425 -0.46996961560400374 -0.05980332844186464
-0.4034 -0.8598 -0.7294400950726099 -0.9308731601071214 -0.0999928508111881 0.47361905201114274 0.45241143729701705 -0.6312089631024597 0.7254754103370586 -0.1952986915564773 0.28771646269119466 0.27791884707088227 0.03156158006427125 -0.9186577906563635 0.2834490423824201 0.561910985748309 -0.314113925793287 -1.0019815903913456 -0.8466498267990251 0.7414742484039768 0.12068876100534107 0.13717573433694233 0.9157351979917688 0.49349440632872604 0.7035040443781545 0.8556858336935709 -0.6705264504593019 -0.2771263852068916
0.9534 -0.047708997472483965 0.7456660617013329 0.6207308691394213 -0.9525209983644852 0.2701764117160314 0.7331189759535248 0.7173929466102361 -0.01911350254482553 0.6633505835863558 -1.0659448830557572 -0.034794297638193986 -0.31918577853030106 0.3207788502242343 -0.6220402259348362 0.08299076814291487 -1.00536953526914 -0.6721154446530754 0.6297623873453302 -0.011543230970516596 0.7924884426676001 -0.6829400859062184 -0.015055675395603915 -0.8036817643110973 -0.8999080392972308 -0.029248954083892966 0.22018508331841113 0.10544246296715538
-0.04450074010724736 -0.997806511554058 0.8211099042072547 0.6395709182016318 0.49178626571231265 0.7396093397055695 -1.1157441725441573 -0.2347497123044615 0.07766983440028362 -0.7348244450294099 -0.303055040698952 -0.14331041505704317 -0.08920740819523293 -0.7765795032689133 -0.33829129023287624 -0.18000487087880596 0.5566660581395747 0.3181693904093113 -0.830437451705994 -0.4321500308744454 -1.0619341913629428 0.18303076835239662 -0.48637892230543267 0.1402150113087531 -0.505823272215521 0.49793001304626766 -0.08362058196844167 -0.5098639686235289
0.874596992184871 -0.7724443858611142 0.6059548021108853 0.45052806897106745 -0.579744262971004 0.8641462734266661 -0.2369039394312255 -1.1260994181717952 -1.0307489990425347 -0.12171462801327392 -0.9904438174489746 0.18734381366347777 -0.30327068597420914 0.15386375455333237 0.19461537268905446 -0.20101093614105534 -0.25191953641143 0.18283175356338593 0.24466822749148648 0.7894205393386595 0.44002777129232196 -0.8164484380810415 0.6597228458610992 -0.3575277246839492 0.14177226806534646 -0.4286137631055625 0.8165603298272559 -0.1685011286723685
0.8143995116818162 0.8461819969066082 -0.753607611229073 -0.6901076339168789 -0.19095298733957397 -0.6048746080173134 -0.07178614919471533 0.7326232094387868 0.2988478998684832 -0.6504852799563544 -0.07609219695328406 0.3015802991337818 0.7878301713002867 0.6762213606121428 0.23265867244043165 -0.5821223420805635 -0.12178649213471125 -0.23723573046934074 0.015573590063668983 -0.23114025987623396 -1.0191365061567248 -0.20402675123112782 -0.5821971966682599 0.32231368201694066 -0.9215972518591051 -0.5546140462093598 -0.7010029727950856 0.18176375373002787
0.4387015203598495 0.2000527707644366 -0.08895624923983092 -0.6365834699277936 0.8458070115885202 0.43107473126067697 -0.2418027358327994 -0.9362687311776462 -0.8619333866535053 -0.6849793408918229 -0.8710845302533906 -0.21458319728361844 0.4647397519887171 -0.05148874428113865 1.1179250416737727 1.143558226939654 -0.4395545118604159 0.4253331262082389 -0.9532015232800043 0.20269971439729606 -0.4373969317147815 -0.038266632103629225 -1.0814430395190586 0.3789513729024963 0.13968849183058557 -0.1635612202423845 0.8545016378904158 -0.3130006909847237
0.9605952542956202 -0.005338932870888175 0.8074352616554428 0.2532441921875444 0.9638927535295961 -0.4034995081173829 -0.7316658705103531 0.4246434142064981 -0.5469470049454587 0.33439478640723236 0.17988540060719643 0.5038390986038114 0.0675637868862895 0.4322105504629834 0.026820402858442054 -0.07654485210574105 0.362081117198901 -0.3165190682093068 0.5023107861188004 0.01271397430463746 -0.05711408235184607 0.505085835256512 0.14874696818341288 0.8645170236108544 -1.0468916772073305 -0.6274380344056858 0.8450600722934302 -0.9327674054527816
-0.5571649994309897 0.8264826773918552 0.8103464701052326 -0.9255621252099063 0.271068147275902 0.5857282562408105 0.30620278960648534 -0.392828559230473 0.5200212681760809 -0.23934844846356615 0.4467929977798367 -0.10662190162398914 -0.47041194853846746 0.5769644673282855 -0.474423752378714 0.8361468950223352 0.9856909309018487 -0.39495001848491895 0.3050003578143419 0.22276091538872111 -0.6761094045267336 -0.7987023340805597 0.5771401400629125 -0.8168006569754821 0.4018137329054041 0.8725983556561869 0.5802329224337818 0.8438200928204231
-0.45639848671105615 0.4266746578459536 -0.44802814026011945 -0.5548358887642414 0.05992810324422837 0.7848826049478311 -0.7959993761618004 0.5194506061946084 -0.3160199054823682 -0.9132170023763618 0.16619875764295294 -0.48823483505102133 -0.3990733171263215 0.8091758691295985 0.23095936520479607 -0.5051226866006426 0.16825746041283748 0.36066325681487654 -0.11773931485593558 -0.4289220918278847 0.1258708937249627 -0.1809881913773836 0.4049294281143896 -0.4768125257610335 0.8860831495419642 0.8325671795881517 0.7856241956589783 -0.3280624098365691
-0.8773135818943049 -0.3343272129013151 0.10637496220571328 0.3775040984770514 0.3153791982321033 0.21058308209642163 0.6962606249290891 0.14521796561668265 -0.6936726521526073 -0.653252297369284 -0.07593385056872577 0.5539219553064113 -0.1177810809675032 0.5854718866492183 -0.7437738867592482 1.1527724753741446 0.5680218750110464 0.6407173214493432 -0.8110000868409575 -0.1581962783930608 -0.4060719677352004 0.570831829583163 0.7523306106386035 -0.19923933744134467 0.25232159462148185 -0.8922436382387923 0.645870495961994 -0.29263418446142403
-0.8941703190934853 -0.3164032191108007 -0.24023979112755267 0.6941210372673466 0.27475239844093813 0.3082383280532793 0.9646662156722207 0.10905459292368865 0.34839434188706625 0.10205939906860725 -0.7407472004226283 -0.03391530481248799 -0.10894255390061293 -0.2785101614083643 1.1407336740943677 -0.2523376482364411 0.24862777376129744 -0.0372566537741191 0.2731971526477367 -0.4840375949580299 -0.5835315997839781 -0.7027104434901864 0.28831902952841443 0.7459713231380685 0.6129327368852642 0.7321531495187439 0.3082166012420635 -0.09573024660153068
-0.06379211534071293 -0.9883236937246938 0.20985431495266754 -0.9590071208406089 -0.7651712830606293 -0.3968237432988773 0.9502573795616154 -0.062112383407537566 -0.3637795520234511 0.33001225146943397 0.9688126444268224 -0.6664378699353989 -0.18993321941177152 0.5029297405137941 0.2545063756966282 -0.252088507460523 0.2520251528831642 -1.0442395440421899 -0.07491837259679006 0.492201879691443 -0.0853620306479456 0.6349386684245213 -0.8046071053983047 -1.0252878654145923 0.32175601135567156 0.00017066887010654632 -0.37916764948645815 0.1556667851187285
0.6861 0.5902046071901237 -0.7258793835761282 -0.5698402925634188 0.9078826252865403 0.6465903587906263 0.6498576116181893 0.8598092490371878 0.6176804148303092 0.19821142812927198 0.9398109798275563 -0.027144153794384004 -0.5341095521380703 0.9951865495550468 0.8998774310046339 -0.5433463281393194 -0.6522646128641723 -0.45257122694763513 0.17305404269768332 0.4602712335589953 -0.8999744068468073 -0.8180798591245688 -0.47476285028520604 -0.4856833157719117 0.587259005931607 0.8354386243378203 -0.11957300379206846 -0.3710033694997179
-0.8359997644130446 0.7436732630926316 0.689463902975056 -0.3168892548890523 -0.9757576505959121 -0.11450946435829877 0.4812723849072712 -0.2590573800418432 -0.021355400845479555 -0.7615508476733165 0.037617406157765064 1.0497538731522738 -0.060941384133033356 1.1706952543771645 -0.4376723779145795 0.2555326522944332 -0.4126910034178743 0.2335386836303645 0.6247523880508915 0.5475499068727425 -0.14127966320749175 0.5621619592552364 0.7885345205957637 0.8592941907678485 0.9216652684747135 -0.6578437764842975 -0.1935437418528269 -0.3516626277444739
-0.8952 -0.8907180699744083 -0.8533066374277709 -0.49205418259948425 0.7901340276924528 -0.8287673105146743 -1.036576895743736 -0.8894342423595408 -1.1331276698776327 0.14091521087373038 -0.3591816013606182 -0.8707653956730577 -0.3679453716630103 -0.7486165324619047 -0.5659828960348231 0.3522243963678125 0.38248935035765125 -0.590243221710019 0.7354679890631407 0.6751009414179624 -0.3315618389862397 -0.7382802622053001 0.3526966288853111 -0.7423037029997361 0.3351604529609202 0.17578243779953304 0.880421829032198 -0.9330864131240149
0.4034 -0.396625257924101 -0.6623580533722647 0.12411137000571945 -0.7049792706309099 0.26226454511616865 0.36345000186840115 -0.9506918622238273 -0.8269088010636767 0.6712047103879004 0.2506012878984336 -0.5515165647487532 0.2561825282028462 -0.39396054433087757 -0.3582382472066695 -0.2300205336552744 0.032923470068451526 -0.9111355376015358 -0.9479170757074866 0.5180729326653827 -1.0363257220078148 0.15939733811343276 0.77118839444697 -0.9409567445310761 -0.10415460304718063 -0.7973779919788735 0.70345937734439 0.5788999767958966
0.7428147702767627 -0.7565084003609142 -0.3132454117123847 -0.5263150199193917 -0.3858676586780585 -0.5509618130548121 0.31392393617807834 0.47726522104162716 0.3887162427919369 -0.8385875853378432 0.3884164690886064 -0.25719030829576145 -0.5659387582251988 0.7803574567776236 0.19138256124480407 -0.3473167813029417 -0.6452240817664006 -0.1420301482078231 -0.7785211386112117 0.6034773481574855 0.761989915553996 -0.663662780176481 0.6848659422993081 -0.5351010740578598 -0.2655802473877092 0.9250121809127758 -0.573199539566643 0.31460000000848004
-0.9927856887198857 0.4487932147142681 0.814372333874262 -0.1532885308243802 -0.866247065945731 0.4996851611511785 0.49157333308907397 -0.2262441548573966 -0.9431776382423801 0.1984030361980362 -0.694163086454901 0.37268528811019097 0.03669383545050609 -0.6407666875702581 -0.7853517667586041 -0.07916903468368289 0.7850283697254479 -0.3390076796341311 0.10100487084874851 -0.2661368771175433 -0.10876947706119426 0.9161289596167878 0.09365424325294458 0.47173862650064724 -0.9290931018481933 0.9697493259119795 -0.4226960178269906 0.8423000000156624
-0.9682 0.1002 0.3107794515764011 -0.585335012707611 0.5852805827421425 0.8134903403060153 -0.7936465375802877 -0.5814249154036304 0.8333463404433468 0.2937627514580978 0.10800609754723665 -0.1408761332524745 -1.1057385502543458 -0.6418778931745514 -0.05534778185952379 -0.729404591958917 0.24265836712296018 -0.5210824585747337 0.7682470254432499 0.7238063224548165 -0.3920827412435232 -0.5551240383694899 0.9415475017713609 0.26688857241640607 0.9773916251891351 0.516915629936232 0.9741349232090841 -0.3864
-0.9125 0.2145 -0.06492764496080299 0.9708580852351071 -0.6291729003015721 -0.942748950725433 0.4770206392898464 -0.734920211853349 0.4237940818559677 0.030426529927385614 -0.331297999872391 0.054294719412476745 -0.07081927032064005 -1.1407343665940768 0.6273274781689522 0.7089034316376395 0.5804779785466035 0.4490925555205722 0.7993046349380319 0.20888144606033904 -0.9240052343466449 -0.29905617080352703 0.0200654482320374 -0.8615749703408419 0.2712935714946533 0.31093333161889053 -0.45712798650984765 0.3418
-0.0488 0.4493 0.29581850899542356 0.3146301656081701 0.07514296381561972 0.25026836351077664 -0.04416703629541317 0.28861941568340854 0.13545539565508416 0.004299316607756138 0.2919024284134473 0.07418731840972946 -0.6341483493359197 -0.1533683288089588 -0.8840129581427693 0.8671255029144389 -0.038775560597159704 0.868065019747518 0.1838460645327027 0.44883804078715595 0.39548078200890735 -0.5430914644550373 0.1652374737239457 -0.4802831617670447 0.5362469773090055 0.838763538146612 -0.9837444067191938 0.2957
-0.5582 0.1758 0.5806 0.5328212966708611 0.5033775909027313 -0.7597816512399318 -0.8636169766242335 0.9794371496962174 0.07744732784755255 0.40615758219675596 -0.5007692280727416 0.42568182926854015 0.903785009967699 -0.9641478813144202 -0.8784967311329193 0.6790203099708468 0.944273658412744 -0.5787828273556688 0.6756665839823122 -0.9581885625931051 0.23824272026563448 0.17752444617328478 0.15271491815950092 0.013586071231824058 0.9161999669066614 -0.8257967397788674 0.764 -0.5037
0.1824 0.9345 0.061 -0.4656 -0.7834970403434831 0.3394908689295499 0.3597848646558349 -0.5243218613207572 -0.12360863128478158 -0.4809371556471642 0.12775635521021336 -0.8739277065768006 -0.7019614255991631 0.25796963999380823 -0.5029404752410948 -0.6647882613709266 0.4535413831883545 0.9326604439256718 0.8470453462211898 0.9147733937809046 0.5642961187998984 -0.26055974854489916 -0.2657214674173181 -0.501529585916252 -0.3181 -0.5414 -0.5401 0.6417
-0.0169 0.2804 -0.0333 0.0771 -0.3181 -0.2396 0.2255 -0.3771 -0.8155 0.6246 -0.9359 0.6981 -0.8932000403602924 0.1676999347585316 -0.49149997425534286 -0.1489999989271793 0.7951 -0.2448 -0.5542 -0.3192 0.948 -0.6474 -0.6499 -0.9365 -0.5779 -0.3835 -0.2411 0.4569
0.6391 0.2381 -0.5508 0.6971 -0.5740999996480037 0.5636000010645185 -0.662901172905907 -0.4599141613165739 -0.18497414854800898 -0.07159874481238444 0.5321924290546793 0.4752802098257379 -0.1656621158385243 -0.8665103203193888 0.8448990265522721 0.6258102811854622 -0.4139875693074925 0.9246062592272939 -0.031272389127192726 -0.28754335400864567 0.9858839910679404 -0.8113991728490273 0.8213986632217589 0.49589875809087947 -0.3871 -0.3755 -0.7455 0.2345
-0.5413 -0.5326 0.44779995610961243 0.9844000007587379 0.6797594920254941 -0.34571991031442645 0.8011142709835237 0.5631440636980558 -0.19185053330566942 -0.0805271685341912 -0.3323517773199616 -0.26625213867198316 -0.1480025435058897 -0.8090148540412285 0.5542700777759539 -0.7981428809111539 -0.49081611460677643 0.49642671880164074 -0.28591777337301344 0.014235756481250713 0.20250275976386853 0.5642558427756612 -0.9405328611649263 0.5798524238911275 -0.8808680359397353 -0.5132443084345982 0.8039 -0.9962
0.1454 -0.5719 -0.2998995111557127 -0.9596000154804132 0.48985562753171036 0.7172614092205185 0.183097540013473 0.2745153293340991 -0.26882836350207456 -0.20474545238085373 -0.5089316649695278 0.7605333784821305 -0.22258412684090362 0.6732222601641147 0.23979113267260083 0.13829559027069002 -0.19526671674794036 0.3329223407024927 -0.07347917460026308 0.14984452466735781 0.8501350908938158 -0.3242100895935346 -0.8241053323114579 -0.12006671770466872 0.7132328863794352 -0.4320481908823372 -0.938308753463624 -0.4709
-0.2221 0.9176988586876524 0.18665604552049817 -0.8602228903060481 -0.9451030361613293 0.39496762439739214 -0.6531520232269554 -0.6497347126502501 0.14417834021869602 0.44206748647524297 0.08966852904428195 0.04492608987310025 -0.12345497642369405 0.44834715418476695 0.14595481471403382 0.3248554735582347 -0.41700160061785646 0.8509971784617032 -0.48647398765068245 0.1623216922975644 0.8495748814503886 -0.9549515478303376 -0.8507857612463382 0.2253388608557999 -0.25721358091792784 0.9415115613628922 0.46406048916955395 0.6003925038221074
-0.266 -0.3122 -0.698173917772033 -0.2694561193521171 0.2733606645455713 0.44751503382134683 0.9266361290200208 -0.6383301044849481 -0.8933163272368728 0.2697044417465426 -0.33161036698029756 0.53695370880123 0.8512966575106212 -0.607813846517473 0.4627979691039247 -0.8423467563011844 0.3567017474269727 -0.6923411599297316 -0.8956979960626484 -0.5508034034901091 -0.9122157749537922 -0.32803308502662115 -0.9480732201249061 -0.6492809697286686 -0.5576915299714456 0.6921783448159706 0.027953564605316637 0.25842809743773604
-0.8521 -0.8516001301106952 -0.17616221852448033 0.4790153765071749 0.7101907315673286 0.41411924747569434 0.887803143209655 0.8680196462570817 -0.7615919651443696 -0.681421552002368 1.0609496120305455 -0.9024511608024799 0.07652515980048735 0.011257330248774169 -0.2815390181535889 0.19251630561587382 0.7412131914989477 -0.19499731617169253 -0.42023499081070664 0.9379690928130171 0.7440536497701498 -0.7646398572260589 0.14480831310482764 -0.2140252362502691 0.17678908839557847 0.8707729138607677 0.29334540056235536 0.7995781477303108
0.5033027958248911 -0.45574142555246855 0.9223181401379634 0.1264214633703747 0.9684595487076747 -0.6192663568233217 0.9180863986499672 -0.8911378974889204 0.6400388799076764 1.0886587351073211 0.5406512791577756 0.15863714592021944 0.8083554158721638 0.7600617416729746 0.9026905099332461 -0.7098301412202584 -0.16687412873848775 -0.8006581768731558 0.6476259390968653 0.38184797927841235 -0.3775649851190962 0.7112232682856728 -0.8339009758064173 0.39894876134413604 0.5716018925053997 -0.37556929532629585 0.3920455501021741 0.6700759953930397
-0.0671886376948269 -0.0963660915549211 -0.9897387649737235 -0.3870723068619795 0.5821052114614723 0.6903013100486884 0.48664088543408984 -0.8668486595034721 -0.37164809781815294 0.18416103493618285 -0.5609861319458836 -0.8403038392016308 0.7906276526559932 0.7312207308605545 -1.0121167638560256 0.20001748919786394 0.4790412827440136 -0.015345293063926728 -0.1815752947911121 0.027285183832598203 0.9633738705044342 -0.6954446371099886 0.06663680489740195 0.6221042955502473 -0.9877347058953035 0.7236230858164112 -0.7855620929956927 -0.9952608791004998
-0.6755981553320306 -0.80590987694076 0.7727156430263662 0.1918730489535542 0.6458509897906006 -0.5944410922702313 0.014295298142523451 0.8454348536536539 0.4541984316782438 -0.03969166915628017 0.8559153489634324 -0.3437867541451026 0.6436652176584383 -0.09839551422562792 -0.28122281511588804 -0.1354922146232522 -0.09052434089690246 0.018591569717924132 -0.6970593254116234 -0.3724435930546739 -0.7559771496851052 -0.06351009622741098 -0.2921158435683576 0.052562848661948054 -0.9026460922094619 -0.0704345513773107 0.5070347805377345 -0.8516330836664926
-0.8339997109468514 0.9412756535792756 0.8919185035724324 0.4899191926260382 0.14021328357011514 -0.2744976093728311 -0.00038989701891121157 0.7312454917873108 0.6441817872270466 0.6166528610608203 -1.0013588773904525 -0.8733767756935462 -0.5271108586166073 0.6303250103153418 -0.14917728159959032 -0.8795565868549353 0.08074673053004554 0.43028825007393456 0.5595810945561852 -0.44092537277214156 0.7827648513487871 -0.3681568844220316 -0.04090333736525664 -0.25921113339003643 0.8252475503031996 0.10877986903303714 0.2979852118707204 -0.36102838374455737
-0.5194609044732578 -0.6730833179820185 0.32157530807656326 -0.2662607625658252 0.25030447477180423 0.2660563057159416 -0.05067963323248949 -0.7582567049683632 0.6863310131027959 0.12652335391764674 -0.6806225784946154 -0.7017851498062232 0.15563055410782764 0.15779363682869013 -0.8547061617091022 -0.62041962927794 0.23884962372731752 0.6507627962819743 0.409659246177339 -0.48183204452271694 0.6755890311007666 -0.27882943922605186 -0.638828904415225 -0.7212392151872749 -0.4074454630632132 0.14214205315507847 -0.46563538264834403 -0.7236510667793086
0.5360158681848453 0.2999640492281485 -0.09121245613396213 0.09268064064143712 0.6210990348662494 0.7319966928569952 -0.05510168680258362 0.09401108145941894 -1.0243515645402668 -1.003325051484428 0.5750685171484847 -0.19760015588454782 -1.2292529164971995 0.2249151721198557 -0.827438787975227 -0.11201979189226205 0.8600667314153989 0.8983331999854469 -0.3988154784548855 -0.919809495977661 0.9268246016504784 -0.4190874351407016 0.7028411486824013 0.47994795029320453 0.4719260249722592 0.9468147767994334 -0.8539153473136152 -0.6007235663888255
0.10320006891494043 0.31117842103461785 0.7569082504062793 0.500280186911066 -0.7994852529810168 0.20847606100856042 -0.5143714375920719 -0.8862918828050048 0.5339092772095659 -1.321944945786987 -0.06933945651682938 -1.2272679596178568 0.3804523655831046 -0.15944554556026275 -0.8053127360688697 -0.5649983380729602 -0.5363853812079736 0.14560832542333507 -0.24388310235980715 -0.3593782161115203 0.8704971172201366 -0.2609280345957291 0.2501721003481152 -0.20247745118358218 0.8156067587308096 -0.6420620169145734 0.07056751882772355 0.24721238869088766
0.9187894045665385 -0.8757792187463399 -0.7441048860617624 -0.9349468330676796 0.9897902841427488 -0.10924040449692232 -0.30854008231012214 0.030944397800993072 0.2605580570146004 -0.1305262271931149 -0.8757896951829153 -0.07749924545760246 -0.6954809887548611 -0.7555921939708822 0.6208996217247664 -0.3064872856989695 -0.14093095962961646 -0.29200717653083275 0.39188941717577824 -0.07009117095607326 -0.5292036916539473 -0.9244569814105618 0.24259011819945062 0.3590554852516652 0.8920272815863308 0.1146297407768344 0.33324095994487957 0.04149190059791572
-0.34670338858434097 0.22672053439660336 -0.8834473873430397 -0.15411001090676835 -0.1499897207406137 -0.588290035002541 -0.9471669457265615 0.527785950948992 -0.9357223879805787 -0.6036965919038833 -0.07101390582627237 0.5077949602335426 -0.17955290877604127 0.5280611810240591 0.3810805767849625 -0.6972343821363429 -0.7890641725635754 0.08789404478425138 0.2546635142016385 0.4271870082431418 -0.4922679050626245 0.8030547211683153 0.14463726834167592 -0.2711028023367627 0.19512163849603237 -0.585711387280103 0.9219792326027604 -0.32648578101799086
0.22700046245823594 -0.44988431488029956 0.39077379504477666 -0.17694201573189106 0.6811957577058393 0.33045419303237206 -0.06273764758097541 0.10541279864315763 -0.6380156210065696 0.6438954180970116 0.49425776774857244 -0.8035221215385165 0.04612924767765695 -1.1080239957311169 0.6279839540089264 0.2575579591875715 -0.8716372104792092 -0.9154025950370811 -0.9389756998410005 -0.7563746379701006 -0.7717002345572367 -0.7034919764437196 0.5974311442931921 -0.8064636469891835 0.8557532357517104 0.34783267005135754 -0.5492340104555609 -0.7061979464238405
0.1488 -0.8851834369365517 0.3359449249335203 -0.35825275617360786 0.9326199582676504 -0.3684440087469033 -0.6044700658380509 -0.7874399466369194 0.10853875903407914 -0.7900268603735625 0.7735817317135694 -0.6284853497094677 0.07103722611638608 0.928433258193203 -0.14725274989721068 -0.9387083461899295 -0.1231004400286564 0.5752822985478447 -0.9675663621716954 0.49378695859327376 -1.0193598935924753 -0.8381225721331769 -0.5976962509583653 -0.13838787413739503 0.22451820974543835 -0.4520887472519238 0.3330613005259294 -0.582483922420191
0.27779997946259555 -0.17070132777408 -0.08666974256445634 -0.7186961244388974 -0.6188100717330395 0.19010822282102538 -0.8666818461081525 0.2898030581624505 0.3335097500011697 -0.16855464943591097 -0.11331666621726907 -0.6217786725515559 -0.7073627169450721 0.46110159184613553 -0.48491840167315386 0.29259000676997393 0.607694244441319 -0.9510411694973839 -0.2454242641282622 -0.3253713642714931 0.0006708771317632674 0.3268752448260371 -0.8941893473824438 -0.27572487131871115 -0.633770688830088 0.2719958490120069 0.7179271246936989 -0.4885886111814737
0.7138 -0.2177207755042654 -0.9968105947432596 -0.9027883902088194 -0.8082653764323537 -0.10432601778782707 0.037572585111744175 -0.7988745255388932 1.0097433176444421 -0.7960569570197287 0.9613686793957938 0.2335368102878121 -0.11541576505431668 0.29146043780929987 -0.7664898891828896 -0.9693273098376545 0.2606787231329344 -0.2975013221008909 -0.5205702558153154 -1.060877955533915 0.07076832394697417 0.8811592586820551 0.2240686734881337 -0.5557926191884389 -0.4545821685113715 0.6610647887406464 0.9644968941528169 -0.3254236248567443
-0.1986 0.5014891494008514 0.7816738049458286 -0.5457579660216131 0.8168364499341072 -0.9210731294380845 0.5813353708306629 -0.6285005712457903 -0.2807797508866714 -0.05385303527625066 -0.8684678728618148 0.20030342481048286 0.9630944129964804 0.9198400172726814 0.6590141940081808 0.5587015615517315 -0.7990639542416437 -0.21529899129182933 0.6560943956003652 0.8992905822492737 0.6546256584002007 -0.4444757486569037 0.11505972780863302 -0.05229836270860597 -0.782483075464132 -0.33769087779555806 -0.2808371961718284 -0.5320000024611211
-0.9171996232590955 -0.4558173415658764 0.9146058561282155 0.8981783382426262 0.4855415581571074 -0.07363992255109221 0.8400293251828633 -0.0036193843676410467 -0.6812423309223803 -0.08490236715061195 0.5820283444478265 0.9301255988627687 -0.6797237339078813 -0.32011346210168085 -0.04087703523644495 -0.5002498188175674 0.743261142626288 0.9567403722165466 -0.8621799173921426 -0.15911146427222128 0.027011563644625772 0.8867850922359442 -0.040931188550245516 0.04222536259792627 -0.20270251539374703 -0.06863318887952544 0.04433938382705857 -0.15749994439568718
-0.024699634966581833 0.89555063136671 -0.7887132674007494 0.7207123045186967 0.8054572935920687 -0.9790077005563271 0.16447392843638 0.8486237099563217 0.39372214288454777 1.06742176745043 -0.06382521446741099 0.8735147319142921 -0.3365305314549746 -0.33283069490444217 0.6304776477070957 0.4237035395399067 0.755128748542097 1.0247061888976103 -0.29459953099752634 -0.7549971621281972 0.30918866035099 -0.21303725978329657 0.5196119130694825 0.03719190362446899 -0.004678725269716097 -0.9088310563460436 -0.07592381532608779 -0.5626998973011254
-0.0645 0.5149 -0.07131306710976255 -0.938843385112315 0.18144207890939196 -0.23100902543928706 -0.8066167205628565 0.2312822377137394 0.4405164779197686 0.969244696527752 -0.8875892297282799 -0.8026783243365883 -0.876112628360673 0.3579796497992488 0.36427455251488233 0.10702986212905138 -0.31635904860803266 0.44305251209625757 0.49593635598759955 -0.7811531520811442 -0.8224901608999938 -0.15453635748414551 0.4669180014167801 -0.346471126874872 -0.8859861984873387 -0.17012879316652563 0.909653345669343 0.1158
0.8095 0.2967 -0.9256367957107453 0.08597110462963202 0.23578298246654014 -0.9583546596305044 -0.11378719574572045 -0.5617932456979423 0.8954719959133515 -0.5549720576687407 0.49695428999712266 0.31526560266811643 -0.9361314188464577 -0.5543536699694162 -0.835344950395686 0.45222985054501114 0.7119092452291981 0.33280704934737637 -1.0374033062141323 -0.39473651841442026 -0.5528399842694877 -0.7153093828435778 -0.6957497849055913 -0.9856272198489007 -0.7801595319873804 -0.9296405066760655 0.5282960740928562 0.7351
-0.2557 0.7791 -0.628511591856118 0.9261948900681889 -0.29792348879076136 0.7654871494948922 -0.543468984410581 0.7181173692475502 0.2875634069290717 0.6973711452578414 0.8044187375553978 -0.5921186870195789 -0.9015671169965904 0.5532617494790348 -0.3243308223439925 -0.8672699548300041 -0.33752075615201055 0.7506131826070508 0.7059297938529989 -0.2482035351294309 0.1171775343113273 -0.24738105716687347 0.9367262308995494 -0.6684663287989433 0.8218219339128111 0.44545085000010815 -0.16307944053187198 0.749
0.2952 -0.5733 0.2638 0.7875932099940981 -0.5570462783650015 0.8031766888417237 0.7211847505186328 -0.37805142403098807 -0.7432791428835069 0.052171518708450444 -0.6226193945091273 -0.515500245654156 -0.5784425771908731 0.17052476967714641 0.7287318542044258 0.5284809904663575 -0.42200573545818254 0.29682891161033187 0.3048113904668418 0.6850500369047673 -0.6351671826828553 -0.7558446853178842 -0.24563613938378936 -0.5541602789726338 -0.9722000000158995 -0.43709684820377537 -0.0933 -0.9623
-0.0045 -0.7554 0.1838 0.5191 -0.6992464794356524 0.16983791261505196 0.8932722124354792 -0.3720147116832733 -0.7112975024753265 0.9161728947104438 -0.13792759291908535 -0.561437402008001 -0.1995490729946302 -0.6963177395206112 0.6153540667125655 0.019842295665321814 0.7943098507173668 -0.3023238622631312 0.2582491124824476 -0.15485832022378695 -0.918295671550431 -0.6957934495012019 -0.436191611149985 0.6863003713286997 0.7803 0.4227 0.825 0.2006
-0.9745 0.9711 -0.3242 -0.9411 -0.5019 -0.6081 -0.9338 -0.7841 0.4808 0.2396 -0.4938 -0.5626 0.3450266448746372 0.38145517031893145 0.6902964677982562 0.7873998528075533 -0.6164 -0.3184 0.4287 0.0432 0.6021 0.4383 0.869 -0.3466 -0.3857 -0.5451 -0.3803 -0.0675
-0.1764 0.3345 0.6342 0.6598 0.2713001270112027 -0.17989938457596974 0.4725026191675979 -0.349261476948983 0.3097040650953692 0.009584099497973791 -0.014284413603928148 0.5916685326926819 -0.22135911137581332 -0.5101609877760208 -0.8215824632517564 -0.15776135983676007 0.2763202163720379 0.7455988197888488 -0.9328310099071474 0.40837176989571106 0.8258997071284928 -0.07323884699960335 -0.9212291118126927 0.11767070634757779 0.0722 -0.983 0.3905 0.5652
0.8064 0.1708 -0.4469999637190818 -0.7920006900132834 -0.8531966584769565 0.9748019152143118 -0.7153461246949098 0.7764472967126582 0.0790909418779293 -0.31933068331927006 -0.4839069580827376 -0.13852448940511572 0.15686025782777216 -0.37666436445686347 -0.864471186880089 -0.8603753831982971 0.5625532544317738 0.4876240891574613 -0.13765679359288482 0.8496592075124421 0.8765647059908731 0.7887677426274001 0.09475334059293312 0.3590536910419137 0.49735095441496935 0.11505012949952924 0.2061 -0.2045
-0.8935 -0.4792 -0.12410375137245606 -0.2750015130334462 -0.12350520828707544 -0.9651198536007988 0.09515859571828446 -0.0987805695784607 0.2006748696381922 0.3295366094962148 0.5129515569410592 -0.2523871211180491 0.5530295250307853 0.21438817612730623 -0.40904705638382205 0.9108055387217816 -0.14554468275282262 0.014097203066801569 0.2875871113737209 0.53842339458718 0.19965460045208283 -0.40859272873211927 -0.3944133919918464 -0.09767753370459163 0.2787953559788625 -0.9809603748254172 -0.8453890428676174 0.8873
-0.7151 -0.012915530528733773 -0.24310754364152146 0.9608352904543057 0.774399146366591 -0.01923153040859089 0.10991194131006125 -0.46694202041208444 -0.07428155738734325 0.9241379117244849 0.9810247648482793 0.1428666535603588 0.4448940633094249 1.066136218294771 0.8943610388362643 0.4477790248835021 -0.4844200082912664 0.7358082759112957 0.9667550313472676 -0.22914670223673694 0.25257112198805176 0.8267704292225306 -0.8373985803657638 -0.5990497202237175 -0.19915240436240453 0.272980103463923 0.5474563594920469 -0.04872911026790693
-0.9414 0.2815 -0.7603024449141013 -0.36292687629565873 0.02797621512701804 -0.6010302176180254 0.7010912297186903 -0.6770335231781988 0.29438190645971846 -0.17975877610923696 -0.9478563655300494 -0.5675015229699915 0.4468277342793054 -0.40073906611321597 1.1035279462998258 0.37326473211523037 0.020691456275679226 0.48865655586160905 -0.05895333706628338 0.07462644221834919 0.904182594238326 0.7344700974773 0.29820577395811154 0.32332565414464676 -0.9302181547675842 -0.3119116570057784 0.10392460815172613 0.978592035907358
0.9987 0.4846003518496286 0.8683648695407769 -0.6286412381876195 0.048977347203791696 0.7633457990279114 -0.3784152163807064 0.2282806413006918 -1.0569194872208232 -0.183900037028075 0.3428998547315018 -0.9671169761463959 0.8983013492935291 0.505778359209934 -0.7490827527646732 0.6504886712141843 0.5553409228497538 0.8091539984797282 -0.21374747305900713 -0.05321529405435189 0.9830834061645743 -0.01674913526264354 0.6821436347619273 1.0420047404603396 -0.9304209813639388 0.9326851068193461 0.2188024409815494 -0.1754472277564464
0.10270159545841033 -0.8775153249064365 -0.543229354241349 0.7547914174940874 -0.33488495628006304 -0.7680139193308846 0.8476481902081204 0.6946421133038373 -0.6067744823510524 -0.9322153541210773 -0.12557116766043247 -0.5586770627642011 -1.0987982367044007 0.45342313627881453 -0.4730352579124026 -0.15407199635743463 -0.3005298443213807 0.95915555595514 0.07652633360695212 0.029954400995324253 0.21973630375195288 0.2957372385345573 -0.11220584760444959 0.49872632018515006 -0.6985381394774619 -0.7383472383724269 -0.9822854558764945 0.19096856465309042
0.7430064839845324 -0.1647587748020057 0.3260203462319369 0.8351520248539623 -0.775504743196281 0.8584725833560045 0.3927603589973467 0.31410635577427753 -0.2933137304591918 0.2522920941842425 -0.9793933929884185 0.23401325182071425 0.15247883224211578 -0.6362339529474487 0.012395771691075117 -0.9609433233819408 0.18528460535268895 -0.3483362593354642 0.34680670234862493 0.37884931956353296 -0.4230232416608381 0.2614245056695551 1.0480210663954181 0.4580570677266925 -0.40479149750827403 0.5555066700714191 0.5957046286349268 0.6821952447547815
0.46950105267359027 -0.7306430402264102 -0.8038488880065355 0.9376625077697486 0.30040945120095575 0.631231303571653 -0.9059972593347434 0.6141150010928991 -0.7136219408505227 -0.9413387742312425 -0.5270150146043083 -0.2226674672094927 -0.4811005037936928 0.7288768848971502 -0.9317521890099354 0.4400432855215998 -0.7219089314173308 0.7092449630865848 -0.6028624774161296 -0.25476478674696235 -0.09800508136883687 1.0673636235792237 0.4509953655258425 0.7173832598641339 0.009965317301403192 -0.4268418180084251 -0.5894230406054792 0.787470976923461
0.35859777506747076 0.6921263286393365 0.9361864527347482 -0.007092655428822137 0.7285151596866785 0.619094575660961 -0.29249264300358035 -0.6614461466511189 0.41353070848412615 0.24786180858330087 0.2574149186771704 -0.8374442844466582 -0.7012324227744825 -0.6199398686920533 -0.6528939005955138 0.04151589094091729 0.2737548240639685 -0.7870799703052369 0.8750888917959567 -0.060466553113165705 -0.7993204012794103 0.9544650484888735 0.3243306576934894 0.1872770810235024 0.7365812372094789 0.5337667016082609 0.21500995799329067 -0.3215197552594866
-0.7232848443776203 0.21803912407973183 0.4530510804559922 0.3656238445484783 -0.1982845267830983 0.740366128548623 -0.6528824493235474 -0.7651964368863 0.6115877800061121 -0.25771564567892463 0.1860068261665188 0.8671553287141426 1.054822694978689 -0.2676334604243237 -0.7804372303844688 -0.010802412863488289 -0.9945727746981877 -0.5928317185150246 -0.4143210168144219 -0.9780587066465374 0.2921447347612763 0.8377277317677289 -0.6843757088667068 0.737056544652304 0.01242608194908455 0.4080869501021453 -0.312229309998827 0.8959220058347401
0.5860951561895928 0.9708541847019038 -0.02961712662854765 0.2363624470699235 0.06809179788489089 0.5385189263091952 0.7659492400149902 0.9007422303626446 0.8802790579592444 0.7375635685790831 -0.16878140308990494 -0.5670209051228854 -0.0589229030765224 0.9766679580872767 0.0928556822702937 0.46340971923298463 0.6760353031706959 -0.693572664770852 0.644700761935738 0.782516762299451 0.22876825711063892 0.8215665895005173 0.28232735607868864 -0.9542502986906221 0.02496100410436545 0.1590696833405121 -0.8769379634128696 0.9664373773376487
0.3204013079599949 0.2665840242370978 0.14365542148200572 0.19783986777499346 0.629044866036319 0.6273867321602795 0.2523166968129971 0.6097521851533331 -0.8330818746537045 0.40860150970482967 1.0603069276516806 0.7331953193731249 0.19693798324674122 0.5517660571566912 0.009932385887406593 -1.044932246019528 -0.5070334366491693 0.33163873284468665 0.7202934656509535 -0.051716785717287814 -0.7137609554265486 0.9291338566605591 0.7762311239897329 -0.6891474708936319 0.5135076989809183 -0.33672899103271475 0.1563759738322123 0.17672290610220812
-0.38146088257817756 0.4193490550202 0.6540752300716558 -0.23614955489416525 0.9019897097518135 -0.94435810127007 0.12243608493547188 0.3914520883578367 0.4227828696916567 0.12932119080181706 0.5841766855715713 0.9637598867581478 -1.0362186673016103 0.34128610247240015 0.13132296081908157 -0.3246043592580901 0.21241948167390903 -0.22328530975645583 0.38320676773733664 -0.2860635163820378 -0.202759393916355 0.31203636604484686 -0.282609164413264 -0.8302523500501214 -0.670030442330464 0.8873661554358058 -0.9794646627277952 0.18837274608938284
0.8585117269561651 0.3453958384263752 -0.6107725137806223 -0.3282985333707164 0.5279166151968672 0.7413143979529719 0.7089771639346112 -0.043160690719876646 -0.05956694647700296 0.8100151307452949 -0.69225958020179 -0.716597794766688 -0.28897302983933487 -0.2943377214915848 0.6506162544419156 0.6707891231023185 0.3363568640429272 0.21577945122733502 -0.03296130091220668 0.3241101736686934 -0.24204431406995036 -0.5069283951796199 0.4373581245885578 -0.6261284831895406 0.46443528286383373 0.5130786379494783 -0.0687262480039736 0.4633118769449021
-0.8151061770285796 -0.031462349296312385 -1.000924147385343 0.8079431679115667 0.8405907506523247 -0.0873494570497916 1.0292093138186187 0.38297687673970277 0.09316889929876362 -0.7574721395839813 -0.04515344709032701 0.4162914392011614 -0.9383369286269182 0.5313748981195804 0.010061845265271421 0.6233788255377826 0.06217969461835361 0.3930802980840831 0.7144500842742977 -0.8785953096918794 -0.8545856139082214 -0.4928972019340301 -0.1507975023908762 0.14100698695040514 0.8567095838458045 0.809419130014837 0.3536709175043319 -0.08894765576548443
-0.2148 0.7771907900279671 -0.49211954974450306 0.7125264824169656 0.4093267308048975 -0.5445194382533894 0.48751359238421366 -0.07739164772271931 -0.44385309267084766 0.30967199692207975 0.264374399695334 -0.14739120860380442 0.60333369372204 0.44607207651247066 -0.41389624700365063 -0.02272338061303686 0.21223118498373422 -0.6216463107807851 0.3969029913504994 -0.6610355411157718 0.6047097410865644 0.09341505384561634 -0.2449481379729637 0.709293508304281 -0.20144921448621597 0.23695273310577322 0.17779071563028817 0.5125345141826609
0.617799841590731 0.7815864058784321 0.7317808224087056 -0.6067354298900764 0.5979347314091329 0.2988514310625255 -0.5373533500255637 -0.7455319761644567 0.5673002455126647 0.6662221315884738 0.523708040337578 -0.57653568584009 -0.6843671815519394 0.609449220946437 0.10937094711480512 0.8557908327434247 0.08536235013912198 -0.7888855865904499 -0.8764843325615415 0.420945285029695 -0.2997574891602435 -0.10168790677005697 0.06217297063513103 -0.5960100241195069 0.5939881324165838 -0.9987877214886564 -0.9716393880665694 0.5519301029676623
-0.2449 -0.2875162002505994 -0.3565820307199575 -0.6790000326713015 -0.20603381382404326 -0.9072942426632404 -0.18830196833164806 -0.1463411227387495 -0.22607871430617127 0.729759324788461 0.34202986492732795 -0.600583780888286 -0.016444969274038733 0.5625402418901418 0.6904350672968605 -0.7148955326741598 0.11736952090748315 -0.5460385987518819 -0.7504069337567391 0.432036820165186 0.005367230212985438 -0.06267436038723144 0.7729891409116726 0.030423319718563675 0.7575705357568642 -0.05544080627325986 0.06101137153491183 0.3544133718700531
-0.5216 -0.6273472648224012 0.8543543807906778 0.00872799053343366 -0.43059669466187284 0.21140965784760243 -0.6518395176823232 -0.2005101973054044 -0.6337395388850843 0.42250438728446654 -0.5249463882345341 0.6350922946440747 0.8032805283659405 -0.7354324339963394 -0.15782009819539172 -0.025662684032804015 0.45373282535310605 0.34412822386025027 0.2170737554360231 -0.370925578222653 -0.24393122453158173 0.25817134489302146 -0.15211769697281757 -0.6247688067870231 -0.2852582898310937 0.5733147978836808 -0.14482004562362455 0.3469999996589883
0.5366008605839047 0.6495323346591249 0.18072070751250557 -0.10793558929133573 0.8094685031096924 -0.18815949958580044 0.12737618490194885 0.038830505695940216 -0.1918462790492959 1.1172705280585913 -0.08429357040616377 0.8079824237558061 0.6346405976062729 -0.3414996269385281 -0.456827213141039 -0.07887523238898964 0.9594957962294646 0.43286767528676423 0.5014289553297264 -0.07100835289190441 -0.5549340244173484 -0.7955851772234405 -0.7973198786953534 -0.6778892838971872 -0.6796376520591116 -0.05651858034618496 -0.20680487489282454 0.5945000039720496
0.18970083384065978 -0.6742002344664131 -0.0727763259977513 -0.9647047146104069 -0.3979078351767269 0.969002399008023 0.04569618534066083 0.947172789912665 0.5605440120484692 -0.39256432023051224 0.2548746584027849 -0.725647063783427 0.23158186333413872 0.9112541027897291 0.12500812043850068 0.790009851414931 0.9450386335974974 -0.2698256171862489 -0.2339441729819029 0.08607700571892911 0.4533305634964906 0.8841521709214083 -0.7260430946513765 -0.9409008914027092 0.6860589195163623 -0.8132173123995707 0.463331547542903 0.20350000733621232
-0.2293 -0.4739 0.12716602112659814 0.3116869747699509 0.266110351541366 0.9719272702863694 0.33125535834341374 0.07636273804268862 0.4417208379964095 -0.018836146314284364 -0.4116071653246842 -0.0948889727084916 0.01215260128436952 0.8395646464046587 -0.9563434263400814 -0.4058723719856226 0.038322844399661556 -0.23656788477410623 0.2431438850446548 -0.4009352852603185 0.8000019976673416 -0.5680720020387007 -0.7522222883383239 -0.09878645233702281 0.45109923526720747 -0.9388801617442618 0.5036721535851986 0.2438
-0.8342 -0.8651 0.6687562180430003 -0.9158022469373407 -0.5508259015220148 0.8421161692720192 0.5479655875685039 0.5777600321392357 -0.24946484044765407 -0.6998851893752214 -0.23799636713952288 0.17960813291490918 0.8314040085501513 -0.16506981571285556 -0.27622709612441515 0.8501673783010024 0.1012798177777587 -0.46218179330008835 -0.37176685118514075 -0.116467475125929 -0.5167888751463635 0.948371707526753 -0.4548662059451626 0.05040933961560091 -0.2586419281411979 -0.8617321979225859 -0.37097885769815986 -0.6775
0.0996 -0.5506 0.5342924926391022 -0.7371849048743111 -0.3519385259223393 -0.20013450586016343 -0.5984494260290117 -0.23852354838201253 0.11698430128982922 0.12019144592974472 -0.6945542987698627 0.5783980047799001 0.29140335674086465 0.24296589101156055 0.8220406113520538 0.7920061742971529 -1.0604991195765077 -0.4416837748533625 0.804187104818177 -0.4101579752299112 -0.7424262625949667 -0.6671850699678209 -0.03746332295781199 0.8404380659937741 0.11637776264112606 0.7893756941160789 0.019499893507924637 0.4244
0.2125 -0.0274 0.8572 0.3871994553984256 -0.5977053543456621 -0.21483950412797637 -0.22895471863301142 -0.3729187094171376 -0.6132401367561274 -0.4046842612228987 0.8960265058362905 0.48668540818721756 0.786117428780609 -0.27317198882056914 -0.7355467750249526 -0.060831956878005806 -0.0979089336726805 0.3457138756646451 -0.5540919883181228 0.9476891248655425 -0.9004038928325883 0.9448229561214113 0.5827239626100619 0.4700190595434434 0.37820060833012786 -0.2796004064512454 0.8042 0.9909
-0.6746 -0.5952 -0.8427 -0.7354 0.8277988934806946 -0.14443894512903516 0.5463712305971402 -0.10806544761659678 0.5163326905224772 0.6425693239217694 -0.34439760950679843 -0.2644671088312809 0.09654961881754681 0.012533086057218411 -0.5687986675168648 0.8161746464947774 -0.053195330149547054 0.29029501594019963 -0.7194394053564834 0.8699625197103921 0.685660489584298 -0.8635523150180318 0.07290711593417629 0.7629696342639108 0.7398 0.2796 0.2944 0.6582
-0.5131 0.0516 -0.9726 0.258 -0.3367 0.5395 -0.2325 -0.3126 -0.3832 0.2499 -0.5916 -0.2671 0.9926062644808811 0.8651067592299232 -0.6915020187517807 -0.5735000841245872 -0.985 -0.9914 0.6849 0.1278 0.3728 0.7399 0.5673 0.5826 0.8979 -0.1378 -0.3019 0.2507
-0.5732 0.6917 -0.4481 0.2249 -0.8243999967188659 0.8433004503100168 -0.28064730818838324 -0.8446184648272492 0.4138534159438705 -0.16708996147197328 -0.7645519472680525 0.5672470874327292 -0.5311190859205115 0.3757468000334046 -0.0030066101979821878 0.6243450890579013 0.0775477496030767 -0.005305664758632613 -0.32304622446357933 0.23488318936809266 0.5233957308634151 -0.27169088263874386 0.4903073829279092 0.16970063800725413 0.0174 -0.1109 0.4033 0.8053
0.4369 0.0621 0.30060305076006827 -0.06050033201924511 -0.12060819698414872 -0.21978503686421205 0.9661394381739636 0.0712822194213309 -0.4907556657167638 0.6628324307782847 0.24499479209623715 0.9904700572192153 -0.8965803822506374 -0.11028096517440461 0.5794035529322722 0.3223450668794269 -0.3778765431931917 0.8019794845788963 -0.48972832545121886 -0.4238502623107757 0.8493673811654808 -0.22433750128678004 0.6092340496926525 0.9934701848848821 0.08197401972116095 0.69641070136274 -0.7358 0.615
0.5775 0.1817 -0.13299328222167078 0.05020316751371139 0.015199547570768643 0.4394009244752156 0.39231764009899117 -0.1368621024383926 0.1556928473611423 0.5470488675149854 0.5794874134477591 0.09813382988208011 0.45034459013008415 -0.49834844738161094 -0.8754827818190619 0.04609958650512539 0.3380677362698502 -0.317251109701155 -0.6183611868030955 -0.3033766507015426 0.9400980183709504 -0.28247197475498526 -0.2180837845626669 0.9693388695309653 0.9783485226916206 0.25903364618294067 -0.5237044708220461 0.0885
0.966 0.8432999979419377 0.21563306836299137 0.9831212768012093 -0.012373841337854673 -0.9698826303993837 0.9234216617627228 0.4916102727212539 -0.04716847440659484 0.6407528709797198 0.4203057658407005 -0.4993884313241025 -0.8124997735406835 0.05686180344179349 -0.47577811254376395 -0.26373245980635523 -0.6955447588728001 0.6526560734502365 -0.4361533239050623 0.26843061356221604 1.04701583231207 -0.7400672123682424 -0.8056145028620244 -0.6452209971294937 0.005077892888240764 0.32831410820415835 0.981768433870853 -0.2551710564641296
-0.1073 -0.5635 0.12672867902229634 0.7675404969933532 -0.264008716738652 -0.2749380984591866 0.4130437275853884 0.122129358302671 0.4465080364774187 -0.09177215523381502 -0.5698088654096035 0.4032397043135365 0.42604061832603607 -0.2913687713384655 0.6843850430118049 -0.5297738526092015 -0.4118021307877198 0.14107207879072067 -0.26011124341211384 -0.8120915976214266 -0.12124633455821777 0.31307664191719325 0.9123587831265627 -0.1184065053752072 0.35526049058170256 -0.8731910948252312 -0.42668925288656845 0.578562038709928
0.4494 0.7555840823055826 -0.05137114885517115 -0.0466379522381923 0.7680263771993491 -0.9525713257903436 0.4928494193567257 -0.018123483747583602 -0.017609660793358545 0.14038070163696367 -0.17315864073868917 0.59963329080749 0.6929723595565853 -0.26273522840349084 -1.0890159856414845 0.36837276271486324 0.03778479405473883 -0.4592140957024077 -0.17203790249289047 -0.6498498112968081 0.6107218671554084 -0.2454054929671028 0.9539713981455267 0.038882199330944604 0.0839448622085333 -0.406959920453 -0.7708931957897307 -0.3535765068213339
-0.013400101195324265 -0.2470272870953847 -0.8370651167790573 0.6872528493181717 0.603805656401511 0.5002683653537404 -0.7432805725690401 -1.0396751218359672 -0.24726861256157265 0.19133583977623753 -0.2821059228886901 -0.1716396458851177 -0.6105809273007125 0.7894827437292532 -0.40951649357827075 0.28068612844452506 0.149066227862129 -0.85973369836143 -0.7382889589941364 0.5851122809111176 0.7395756774174342 -0.5097788856813695 -0.6134835706502142 0.12154093700903755 -0.350929904743012 -0.7638510110502086 -0.2692880620439337 0.8906883273146003
0.30829958873956664 -0.09269160315793064 -0.9877853938287181 0.21092654252029486 0.4950946198485453 0.6465285651502625 0.5453116871847223 0.022695280045175945 0.5161416192059505 0.5121203410667146 0.6797784947463742 0.05312040874430493 -0.550085477916053 0.1270188346028437 -0.4034412368294098 -1.0887465136000931 -0.5531008463980092 -0.6223721383965477 0.6861644262687888 -0.88072446024274 0.50087476596321 -0.13928228283322314 1.0889579633370772 0.9057046693711669 -0.17440382128823076 -0.7187401761833149 -0.7222253992247359 0.9583639179699454
-0.559400066768049 -0.07050459066362127 -0.4791522075328001 -0.9360404559489077 0.35172018531344335 -0.14695979243171578 0.6940513454560134 0.13583685765834907 1.105634709883731 -0.3866079720246485 0.22779879366090247 0.9579062366539312 0.9636517317328177 0.6293675617906815 -0.7502693099062474 0.005467189079857148 0.2896688887082812 -0.7224217483751295 -0.5244991457186948 -0.745341835269263 -0.48672692748004226 0.4292922392615871 0.9848443587100397 -0.7508998533650354 0.0941765187281136 -0.4951196395854409 0.8545233572252309 -0.6657237242354754
0.6167046317146309 -0.3327519924046488 1.0021074661931018 -0.5967385401117563 -0.01620896833789742 0.4848706302858701 -0.4679069815962298 0.7216171140698866 1.1004080518721024 0.6510155077865554 0.6012937963694359 0.4345491175311818 -0.22609146635898159 1.0104037289816796 -0.2206347743925706 -1.0418530559713095 -0.8383214145172061 -0.4894180634392092 0.3046787866376118 0.5544740901996412 -0.3928833637214826 -0.7766940123826462 0.8243018418978033 -0.8048333435969284 0.36939595239194783 -0.22186885148184454 -0.15446151952160883 -0.44235507619253106
-0.8375029117035161 -0.22289480529986225 0.290454482910017 -0.8119704225454852 -0.8660549050127843 -0.20645938535532996 0.9580787817192683 0.9776537230352609 0.6820320293286495 0.6100373519889254 1.0363947534565874 0.6325355215154089 0.708144374174396 1.3676699196246742 1.0454650350420036 0.0076280447151830496 0.4987856490538606 -0.7713682774403923 -0.7892036700751504 -0.31073504449211686 -0.5693542600318356 0.8442790239781224 -0.5071246316209879 -0.2664850049559047 -0.5244207872237256 0.13927116751823718 -0.17752756748308413 0.9440657346799178
0.7040978481219019 0.7086804227201589 0.13521218536343294 -0.8477153930213314 -0.08836104668143391 0.5498745591329744 -0.1168577007710391 1.128133675888273 0.3230113407073212 0.695955552919951 1.191017232804729 0.6876680316456236 -0.32735898969103266 -0.3973867678660198 1.3021578711442845 -0.7430099053373483 0.34214494131963313 0.3124808927723034 0.31153648464068184 0.20276250763520365 0.6508150300818749 -0.005978166918017137 0.9065551611219569 0.9595816309003885 0.3551234264101864 -0.2457518188303196 0.9689899944329666 0.4704907754744982
0.008299680102760625 -0.9912819581601271 -0.3588708069900613 0.5659397281391925 0.4821612374411656 -0.703250800436414 0.8894398042266298 0.05139974080019417 -0.16706711047601353 -0.5099572452644066 -0.2533505096519316 0.248394328137715 0.9661422496064965 0.9265337286121411 0.0676939357745578 0.38972463408266383 -0.3586290299813703 0.4061937470461223 0.28274053553735545 0.06034319686196675 0.40315917165797344 0.976884392139829 -0.7287879862859287 0.8933329995593742 -0.4609050523897795 -0.8717503468829128 0.4680475571083625 -0.026355574057030873
0.034963487886915584 -0.19531789563725674 0.328119243251127 0.3124796791010871 0.48386591556167446 0.20343082554643574 0.5637986481759616 1.0402798889717275 -0.23019680657520464 -0.05324572627882149 0.06674034793798482 0.8103725886636166 0.14944722270901167 0.0802930557514306 0.13508304043722086 0.4086427733871142 -0.8304796667518733 -0.5537712787462986 0.37725937292407924 0.1683765358406909 -0.9245222034564677 0.6258072683725685 0.9806687929523368 0.3753093320104557 -0.16032979433585448 0.21678469559500146 0.6766126557701329 0.02601886860309151
0.14705186776213344 0.7055701339786027 0.8804075425920335 0.3743122955412336 0.22549842405077855 0.07432404398855309 -0.17278632475768912 -0.6751607945476713 -0.02151972455098919 -0.5476944319563655 0.4544502750099721 -0.4063307054705533 0.1772394614605551 0.3091556257404412 -0.3282274071830129 0.6229647928731984 0.20756233601998372 -0.4721307343300328 0.31579933572107444 -0.42185117467710426 0.31299698039135765 -0.9387757062842975 -0.45888079977190266 -0.0546300907955474 -0.336855751295066 -0.22819393625730114 -0.3696453778118984 0.285117019013459
-0.49539947834543824 0.5265135646488474 0.6619942957624125 0.8900226067196402 0.6435565921784205 0.4478929834145596 0.4037297013786044 0.6248656867432799 0.24291252114717157 -0.48928404851965834 0.999939137085079 -0.34743821248095663 0.1349901039967426 0.042626519858414536 -0.2128829434062046 0.5760723873289935 -0.12635114966767294 0.4516065488682987 -0.2127497356006399 0.06125360537531952 -0.419136429081959 -0.9965954264204181 0.5405273529137816 0.7325715896646889 -0.9789943173745219 -0.9708475852980828 -0.9214461170735871 -0.149973537734789
-0.6587 0.020180558928382653 0.40710757320320023 0.7854514295647618 -0.46209943988385527 -0.9497575963394069 -0.9789773076836723 -0.6503873638882998 -0.4450090036719265 0.6573453611793022 -0.7756379179876144 1.174945408359477 -0.15476194320015474 -0.6871222001398527 -0.09146870237119785 -0.05308033646764136 0.21058580996292853 -0.6148444026617872 -0.15646957389380137 -0.7336017081874234 0.12528399428850068 0.6450693245886441 -0.0536698971615407 -1.0404134316298808 0.507421715410261 -0.7995992266164975 0.1727923558981756 -0.9639775219552355
-0.712397801210996 0.8213672317168405 0.018543913406336744 0.4422989260981124 -0.9090589455681447 -1.020300113001119 -0.06724299560333226 -0.1841227511005603 0.3448673662657106 -0.14225002074647033 -0.8102139329534818 0.013454141562206683 0.05417661854243395 0.5427673925779488 -0.3225860074157105 -0.2669501572507139 -0.5191285900951703 -0.767732841372216 -0.46842976355444027 -0.7401595670232428 0.24067226572550218 -1.040214787421995 -0.9872605249424954 -0.20666182937477204 0.2537634189625869 0.5124059515465459 -0.12738841773023382 -0.7584252402453783
-0.4399 -0.132824780143115 0.7053711551197505 -0.5922980836592127 -0.9599796700312198 0.8551265792493044 -0.07207641859583493 0.4039620458291093 0.42904457349879815 0.14436172416881232 0.7420512706418135 0.6046836764296241 0.3537864858425278 0.31484880718691277 0.23393754455035853 -0.22705263887234378 0.225725353848721 -0.6223601782094262 -0.22497621832130887 -0.5670320031511077 -0.5732458275131002 -0.5398034917434159 0.2519781898046368 -0.855374024968747 0.5111751240738597 0.5192359443237625 0.6111071351984952 -0.5905311323904543
-0.0225 -0.8475162854214626 0.36556098411519905 -0.45004157527630445 -0.5418033173645097 -0.5238673637570157 -0.8533552677704802 0.3084236674988672 -0.136072017196439 -0.4940315785361944 0.23344389809533206 -0.932067044214473 -0.20635636956274797 0.8833528833194068 -0.1851400420301479 0.08354810980819272 -0.48837466269273666 -0.13710538938871167 0.4098658597968353 -0.7022813002030149 -0.795180164367568 -0.756781544651996 0.21258529011244248 -0.10809318759570509 -0.9359917974941386 0.670509217870389 -0.03721996271997862 0.09869999934660577
-0.9441952773658738 0.5373859183739259 -0.09756373190541182 -0.5808167748558135 0.5819554695701656 -0.5663355172448787 0.3532997763014748 -0.55567630579221 -0.49222092426992575 0.42594205237033606 0.26669060553449325 -0.6591198005252398 -0.14697637824412554 -0.6675183586891322 0.421952290346398 -0.025611507823823567 -0.3217603265358043 0.9276728167617032 -0.16323853913351744 -0.6926037341944382 0.5927175225804194 -0.3350175354298005 0.6705106660209355 -0.8452793818889921 0.23104471959287032 -0.7889122330496767 0.15243540931540958 -0.3910005016308012
-0.040995424125021974 0.2799009817968217 0.0717198346987067 0.8961106814992853 -1.0567495135512015 0.5461319347758404 -0.9792331759918932 -0.782370097345645 0.21101445161190535 0.4597120575746267 0.11893061792950237 -0.9045040665792554 0.37163643949082115 0.9711727701646927 0.0709370118772885 0.5646222753276268 -0.5204346310077523 -0.21486603980823443 -0.1717648654524446 -0.29831288752758023 -0.7787545652994907 0.11461474977703766 -0.5434475214204052 -0.35471318312889066 0.5508832322739361 -0.144436865190429 -0.4115089167341188 -0.9966009264914208
0.741 0.6857 0.7100220862549982 0.139748375591269 -0.7625100674372856 0.377793778617537 -0.7722914740727267 0.4534823730893318 -0.44834672334254294 0.7343076411513196 -0.7359482141150532 -1.061889800797214 0.9497712191599764 0.4696980753429934 -9.717185327908917e-05 0.340422914613699 -0.6498630096915748 -0.5156995938388752 -0.4153545826769211 -0.9034663594922839 -0.5838788659256842 0.881203994963461 -0.4454200913078107 -0.20543841969942775 -0.3960272661449869 0.24367165470599314 0.38347724676392014 0.7127
-0.7199 -0.2709 -0.14400607354950343 0.9712145324925953 -1.0161740394067889 -0.568576738789719 -0.9047527117821434 0.9023195706595002 -0.698576994419354 0.6476481043228569 -0.8900344758254151 -0.7324084050010227 0.5736144370942255 -0.775383407399164 0.07218481980284862 0.8344511913968609 0.8421713910452422 0.28957790048240734 -0.485781206969132 0.19717133230005168 0.3934599738172536 0.933174491957649 0.8247847522972098 0.35141592549012785 0.2630145108768002 0.15593843877103186 -0.09821020475276251 0.5155
-0.7714 0.5347 0.5157300542618154 0.5178167320347112 -0.43738142512707856 0.39650727940262903 0.15519023279190566 -0.2502963346552447 0.929979836925016 0.8773455149173048 0.6307880345901539 0.456369595985794 0.5013108319165505 -0.49232815008863723 -0.07959172331899045 0.9238664754642262 -0.7982519807858038 -0.2997733183471044 0.9197544996052698 0.17361218378889653 0.3573871529946358 0.8097281235620047 -0.6976669083633492 0.029081576898456616 -0.6281473153428299 0.6278227986182302 -0.9702291643134674 -0.856
0.897 0.2995 0.7777 -0.8689934783922342 0.3634018312058636 -0.3761674214078033 -0.5892290458390669 0.4465513363512526 0.16772306549641258 -0.5002687040662861 0.2994151001949987 -0.7386357429678364 0.5037947857739845 0.7320126765781989 -0.6707298587910043 0.19114387675574354 -0.6870041892419892 1.0016786190156592 0.5397567486124712 -0.721880134770888 -0.14612775636092631 -0.6880773724042685 0.251836842655125 -0.6127006586690462 0.7982999055360306 -0.7263000787615235 0.2813 0.8752
0.6963 -0.7573 0.5268 0.7591 -0.47609943486289374 -0.3971877688371507 0.6067900998184237 0.2719269125870297 0.06766785336488432 -0.09401139298852797 -0.6512125817765337 0.8319612877089526 -0.4719787130115232 0.7031689373700746 -0.27130550792657754 -0.18298061129045473 -0.6339444960586202 -0.40124332296520887 -0.2723619345909889 -0.8965731762173883 -0.4898843367940193 0.5440903290267549 0.27240999172785335 0.3634027057085525 0.0582 0.7782 -0.2619 -0.9303
0.4209 0.9287 -0.1406 0.2102 -0.3478 -0.7445 0.6761 -0.975 0.2323 0.3251 -0.1132 0.9988 0.9033734253363447 0.35846227674322007 0.8482381617519542 0.7321015902607059 0.9255 -0.1727 0.5812 0.2345 -0.6548 0.2633 -0.7046 -0.7333 -0.4088 -0.1514 -0.1711 -0.8232
-0.294 0.8023 0.8359 -0.6345 -0.8872021716211402 -0.12970638548390118 -0.20700930407237456 -0.6568670896805839 -0.22669855896706326 -0.2162017375308069 0.8596136404719996 0.5440494896932596 0.7386512076731989 -0.13508050119537252 0.20419573312704262 -0.6611627224176692 -0.10153743387385053 0.6681152025455611 -0.9732357089831838 0.9828724929751816 0.23713158338530774 0.6312674918670695 -0.5206818688150889 0.09229944287729219 0.3988 -0.3661 -0.0001 0.8914
0.5089 -0.5969 -0.42150018472592066 -0.46949927250962925 0.17720880631818012 0.3506876730136461 -0.17974352521567213 0.9657883634382723 0.4104735687874421 0.01944633011540905 -0.8196318918156252 0.4446372666709025 -0.5971363023225196 0.4203302523023665 -0.36711619733740325 -0.9343283285425396 -0.5478232537178245 0.7617870630257085 -0.9139764000378396 -0.4865261627780929 0.8561506378105099 0.4149449408772257 0.4428051705196294 -0.5519037728120296 -0.3534057178825539 -0.802901128126521 -0.9354 -0.8167
0.2674 -0.5054 0.0816011784740689 -0.7417980274398115 0.9773946390495356 0.13643511129602323 0.8462343074801438 0.7653874786392052 -0.5467636639425878 -0.5914160431603304 0.7829802236826796 0.7953974436849041 0.6144761339010596 0.8675774345650488 0.8181968535567115 -0.7458975187672159 0.5051336341187173 0.9240450597068922 -0.6218597240914063 0.38373551983343224 -0.42666820501072916 -0.8794759870693835 0.737358351681124 -0.9790885869480033 -0.7458719406262216 0.16695152351509068 -0.43331509732926193 0.5476
-0.1339 -0.7277000002430707 -0.27866062363025185 0.6906290699004854 0.9570707816751863 0.5320267839673157 -0.4839758826882612 -0.284081182976493 -0.6322013432257716 0.8814355009107423 0.29894132152678093 -0.7560582021766639 0.9812516753078357 0.9585445629589474 0.12047451855245099 -0.7900853773459544 -0.785667099311438 -0.27358928466988647 -0.5103663072004632 0.7428066198052725 -0.8246110994934617 -0.09364333638664304 -0.46457515411287936 -0.8566510582592864 -0.8426662273186639 0.40887313096314065 -0.4995017181074864 -0.6548541088148377
0.7258 0.4882 0.1551869199495828 0.5346344336320847 0.8962602986694063 -0.811916972419747 -0.19227127013430356 -0.5035485714224524 0.818617987986318 0.8135677690180605 -0.6233718173542117 -0.3316353245802771 -0.4973842711912853 -0.8163443892834459 1.0300408070881277 0.8348448784870428 -0.8563502495633318 -0.28289179985623725 0.18769156107152843 -0.8464077331844391 -0.7119562971484057 0.9197721254234354 0.4322932302565983 1.0286671563804466 -0.6693372362172765 0.9457707866319546 -0.5061398857738624 0.7674821311906485
0.216 -0.7863009046023871 0.01596225427470328 0.4266664897030762 -0.5644424676852511 0.9362363124184773 0.5594475531786651 0.5296690466069771 -0.7329438969787511 0.9347705506337668 -0.3738445834802453 -0.3263423318952798 0.08370960523043282 0.2289795053687063 -0.2534433824072808 0.08006218311653383 0.6676083472585845 0.21516772667845174 0.7448890520201207 0.6395752853425176 0.12138027667284658 0.3220003001506052 -0.08110567770930519 0.8688906073679773 0.028938149567387054 -0.4180451607463251 0.5657630807157085 -0.08729517508160399
-0.3209000000772638 -0.9199340957212431 -0.20607168885177263 0.8403163929832878 0.03550951488602068 -0.5384978122515808 0.27659790624234515 0.2189777126423195 -0.7196290130249414 -0.7960438164836392 -0.3965302873071334 -0.18349562113681117 0.2869717924281961 0.6369421304331249 -0.3769842443532702 -0.2180434278892907 0.933799238738358 0.7295055665576458 -0.5862882017466993 -0.43331151761578307 -0.36286407358708095 1.013642668712427 -0.1290535455974206 0.7286917834151406 -0.5751527326528945 0.83997960598047 -0.5066220563954182 -0.1830623001821599
-0.5256000003140021 0.6159840717763501 0.6118882674850572 0.19386766651688717 -0.9038720345399707 -0.905967306503167 -0.6147394274247284 0.43477142549474473 1.0991024581496578 0.5739164407921726 0.30348273917313084 1.0781559320519307 0.9097551808093362 0.30948945433491565 0.19545417421697026 0.7103697113395371 -0.3991988607111165 0.6453330578925697 -0.842556527238808 -0.232396678454771 0.20597288255726598 0.2819147286334146 0.6377569233148126 -0.7587074062846199 0.47524332192399465 0.8446054026320601 -0.07573906990891854 0.139097114627424
0.3227999999490218 -0.7674805310119206 0.970942582020332 0.1528907761730253 0.02184029995800575 -0.8476148925362392 0.2816215265693563 -0.38638266294866364 -0.05116207989120633 -0.6034048082874195 -0.12591167466546052 -0.3675150266448153 -0.5181252936027537 -0.007315802779190095 -0.8432170836325582 -0.6095220298237071 -0.2625128334587343 -0.3084316147787301 0.8235919599502514 0.47997768945385993 -0.17543598924120318 -0.7725952248646634 0.5772045896425704 -0.269249709562881 -0.5694950871782098 -0.4264062086564225 0.29019532170539203 -0.634901657574332
0.07179999996945466 0.8837434609038092 -0.13483226437903706 0.7796430919385839 0.2808606636072604 -0.34290518415832044 -0.04420188850214292 -0.1369263480247503 0.6377141431873855 0.3914186779358641 -0.7663193057990694 -0.9638674675393238 -0.8945939372577564 0.3638707948893396 -0.5938845126687363 -0.45814713008631763 0.020299384208713668 -0.4960555497093282 -0.39223359692874665 -0.48470588665525266 0.3029742336044283 -0.6630526337493148 0.7232990518497373 -0.08380781127588884 -0.18831707870982148 0.629191743818945 0.08716298689580244 -0.3233906705551671
0.7369999830891217 -0.8697285573048762 -0.11930468739025019 0.9643133098129535 -0.7404255744396305 -0.5431282190296183 0.9032940755930831 0.9937233723623007 0.30062036907997924 0.32093888564654227 0.37361489179963403 -1.0335703286523026 -1.0391205882206003 0.0882672052945008 0.49894048955603176 -0.25765881269133717 0.10556538867241036 -0.8848740153189563 -0.8841548601953717 -0.5274024712341526 0.5090827270898887 -0.41091465918617387 -0.41360344892717293 -0.5799103855998544 -0.6707600961007433 0.5228808243460099 -0.6710866827870411 -0.6074658719198253
0.4616999824566319 -0.705086278308308 -0.6383556982886279 0.16577168127437705 -0.03441546214569734 -0.46805716434341427 0.2597708398055842 0.3619440188276866 1.0311916326408175 0.6979351849532104 -0.7491438252294271 -1.0475100075747104 -0.0023689125925694552 0.5275631852458164 0.42496661166046673 -0.6736178256179796 -0.9017070442355822 -0.12137350015201046 -0.860423293380494 -0.20385370183395654 0.7528083621014405 1.000925230826571 0.17975754841104485 0.43549537231204616 0.5170905136949367 -0.011906743266748796 -0.12791353140096004 -0.14806390541561695
-0.7018000606086383 0.7714850047841169 0.8121175357535193 0.053751606500875335 -0.5003815062752726 0.8506233831335146 0.7120521269997495 0.3701340057110087 -0.8300060726678606 0.8807345967672979 -0.14676396216915596 -0.12358959351780711 -0.6217590679540385 0.17268771743826322 0.04671314553059697 -0.921831661190279 -0.731882827000791 -0.04789086840127447 0.07179452492682561 0.32116603137468147 0.4290141197014565 -0.16994080449656881 -0.2017548698101323 0.6346583003799366 0.05687264743141999 -0.5645016431932847 -0.07361806384105868 -0.2796441160042145
-0.15203502437295535 0.2167458748695822 -0.33490330113518707 -0.645629928283668 -0.866843683912073 0.09382891896536773 0.22999031209313991 0.31273954221268274 0.08025364218534406 -0.5896735836922258 -0.6816244295041369 -0.33427096386359145 0.16424244116186879 0.32247304033692487 -0.6906614441253689 -0.06178953865406715 -0.010037983780427608 -0.2575811996427572 -0.3686399650718068 0.3966530829353502 -0.6746068327578598 0.8974481869778035 -0.3331365093728682 -0.4839265583285521 -0.18667739075202797 0.4170916429908749 0.31847478114467553 0.7532207202164535
-0.2955132319876187 0.41990115560801095 -0.34883324372939106 -0.6498884063473906 0.29989830235045206 -0.8081285031991512 0.40503889372743995 -0.32200219023004295 0.2924521719928715 1.1022703718939346 0.2230918544947358 -0.9308331641310337 -0.5740383068227186 -0.05695522608053762 -0.7420771793268932 -0.15799757419636093 -0.6203111003405152 -0.5219554762930393 -0.8535564128170138 -0.3546323697245583 -0.7580253535498079 -0.692155516433244 0.3805174696104487 -0.8653174488330274 0.3699130996597412 0.6051212032034146 0.32993253626661917 0.49127951121774344
0.2687999863872818 -0.2962532518402193 -0.11088373646207797 0.6581908699824484 -0.5951468393672751 -0.7041649726938811 -0.4921679042090274 -0.4823234417735638 -0.601257565370927 0.648042773312665 -0.6025863428236891 0.31244850834359866 0.6195898403788376 0.08223719543584902 -1.0142072978841303 0.39796148875851395 -0.1461879338276469 0.4206461115516878 0.42569540498339725 0.6492640720458577 0.7121404001666943 0.3342518131056062 -0.6514368993811126 0.03351037692805863 -0.8939579971669548 -0.31192584572142995 -0.059443682198802826 0.08635389684782233
-0.2572 -0.4403732308185348 0.7156628237280293 -0.44454996462108454 0.8230323283177572 0.20370621072833542 0.5535600411013807 -0.4914808367692221 0.15372203584527022 0.28261790745501003 0.021352259848217155 0.2507442307207683 0.3395464838134566 0.5676918135490602 0.17841680943383892 0.4265261995094468 0.6333437961209235 -0.4513737658389548 -0.15925303241038352 0.4295402786651026 -0.8117481610938113 0.9502932797610341 0.6961899618829184 -0.16636721573456906 -0.3084510827065974 0.7446431576712527 -0.1146079962864931 -0.8205623680969408
-0.08269999241112888 -0.19040273666187404 0.9679839501152583 0.6247123266070306 0.5633596011978101 -0.4484794536142223 0.07101069304477808 -0.30755977926707107 0.7511334569675978 0.09291299541080371 -0.7057157901030007 0.901997762995708 0.6897980270206493 -0.8884468626241782 -0.7823538243135157 -0.5621692734008358 -0.8361662395291979 -0.2598929894778741 -0.5350634717656783 0.04739476684349562 -0.16841173412021013 0.9140217814726241 -0.37676656012566345 -0.3647875234488591 0.10807663662060271 0.926729617716645 0.6631745518671327 -0.014674533388458913
0.2385 -0.7081015677785809 0.3392883694383708 -0.5790979298835139 -0.2515774979139811 0.65353416075185 0.5565083031219249 0.5301618751690267 0.3097177910133875 -0.7112132757038097 0.22606223411329435 1.002392128889557 -0.1366434922725046 -0.4758326944419982 -0.42699536832175533 1.042768248142171 0.4416301947761714 -0.6236456664253855 0.7124502238276195 0.8040775469504101 0.7320326587661323 0.4706938564399339 1.107295076520917 0.25789098159171125 0.47595421404543825 -0.1768553827001893 0.07831583172514003 0.30757781142883056
0.4565 0.29786207513575663 -0.5716311570719255 -0.012685309935985194 0.7870378423352952 0.7280541149345695 -0.2978952929733291 0.6141253739144787 0.06626420033587402 -0.7276949969773089 0.839192843659846 0.07574880329283616 -0.9521817615731304 -0.32003827723221345 0.07122138470435205 0.1478986980059486 0.7418299727300928 0.9806986936637307 -0.828210414534977 0.000891074273027415 0.5216079669015157 0.41900202122463803 -0.4838980473326491 -0.5102687630348863 0.8553719202916042 -0.6670833576138687 0.6004205794666189 -0.705799346232504
0.42999986587553024 -0.6245592813637428 -0.3045503279766243 -0.43323847974553553 -0.23985807378171348 -0.7747887025025069 -0.25782193282813376 0.3221221105854826 -0.6994591408990378 0.9937692225847489 -0.1478843928792385 0.2995460359177443 -0.13719518596164942 0.6254206499579263 -0.4695299115018016 0.39532497957595397 -0.8202344062147516 -0.5325782592557983 0.5490607192762946 0.2823461031827318 -0.42982986723617783 0.022172035731188724 -0.7104185287480007 0.7574174638032528 -0.82727104888088 -0.31407809500087336 0.9819332891002367 0.3359026223280469
0.08559987004354164 0.561900335688277 -0.5516216382828478 -1.0042708209117286 -0.9135792254764955 -0.5354889723373765 -0.4116258794396604 0.6222010796406161 0.8720394640621052 0.4842888947355938 -0.34815437132619736 0.8686468799021121 -0.20075950291884773 -0.04081644364881779 -0.02127580671074393 -0.6116731467549266 -0.3895067614649881 -0.14886252333486988 0.7871541509586316 -0.816472909245864 0.8717408338461208 -0.28276053191968986 0.5094959916064705 -0.2853042824394151 0.6055028250597496 -0.7264500334642406 -0.7107419056616547 0.21000484333185387
0.7935 0.5369 -0.8093753816581909 0.8519996811757458 0.16847677393792163 0.7121138428961399 0.6518462678692372 -0.8804358264231579 -0.731056129588262 -0.4125854396588265 0.5127700323673101 0.2154964355659687 -0.7482507884450282 -0.578580067539191 0.11511500705997672 0.32762865810825476 -0.5265443153499777 0.341614746079025 -0.8430624593193593 -0.3204009582214453 0.271413107997593 0.4728846346116344 -0.75901619526448 0.9878998895514466 0.8722607404043692 -0.46332801673158514 0.5385513993927022 -0.1834
0.4362 -0.5207 -0.7563703799671799 0.07421053015318327 -0.05606651529355632 0.7232499644465719 -0.9967275502928115 0.6162491543407185 0.41636625109049236 -0.7720541856569435 0.5706557972116665 -0.11012745385198111 0.6348188818899776 -0.6051611200909723 -0.1560979203312666 0.08644484626170208 0.5191086353533915 -0.22947436378371983 -0.5219389923886434 0.4536544616320785 0.7043031055009201 0.703485136190878 -0.07158787322985727 -0.18015245090053053 -0.0603942985940945 0.6254598315627299 0.12976733295771828 -0.0816
0.3458 -0.9914 -0.17853705356541985 0.5124097126485244 -0.28729215482839876 -0.9579680756303675 0.2971836806980395 0.4410932204493691 -0.8175276306623623 0.8453527999162601 0.16555920440176367 0.2747401254608566 -0.28871325017794897 -0.35341229746627084 -0.037887600288666466 0.8595241309299111 -0.6167118586762033 -0.6233614464844965 -0.06345610483867438 -0.6776488613324575 1.055903120008011 0.9592212040064496 0.7985793547987082 -0.5680103729284964 0.28190877245873375 0.8792992058895677 0.10197145962700786 0.2354
-0.7917 -0.7984 0.4081 -0.21499906023040796 -0.33116245969232533 0.1913601493712657 -0.8150552529753247 -0.5253692144742004 -0.6059824320232116 0.10176626602363442 -0.2734060645221325 0.3493008889118524 -0.3222832774159152 -0.2949123308793252 -0.2612356830474234 -0.8355769422542553 0.25286554267105554 -0.8338000078796693 -0.930816749150664 0.9336424684477329 0.9966342856379344 0.5498244293794116 0.016589664589207697 -0.4886707200195268 -0.4058044166807683 -0.7530000110784654 0.2778 0.465
-0.5188 -0.3681 -0.9325 0.6993 -0.15650006783321024 -0.4377012657470223 -0.9975987049917602 -0.9738500435959038 -0.567676031870747 0.5990660806546226 -0.5171038441096679 -0.43922157154951574 0.9340274056086597 -0.12333687852641054 -0.018432060648513528 0.602273905426161 -0.8027545956510416 -0.9033346367597612 -0.9166337460438487 -0.06585933491587499 -0.6350179454081185 0.2769772184615622 -0.02629476594771526 -0.6606499366173799 0.8799 0.3957 -0.9837 -0.7392
-0.7733 -0.9562 0.7917 0.0423 -0.8801 0.2476 -0.9174 0.4363 0.1356 0.4568 0.6031 0.4579 0.5998587001424285 -0.19074504949578694 -0.53941855219115 -0.312000773099218 0.7269 0.9237 -0.8399 0.6411 0.8878 0.3358 -0.2279 -0.3353 0.3428 0.3713 -0.1638 -0.392
0.2258 0.0017 -0.228 0.0489 -0.9538002595414528 -0.9054007564089761 -0.31051494514758204 -0.4176408254162067 0.8052662873949026 -0.18892592120413185 0.4109164219356268 0.8152072803662952 0.5022064378242304 0.8499267977364884 -0.9065224099449838 0.9912328240320333 0.531293654897259 0.06110952872048827 -0.33560487328316657 -0.023276265335381532 -0.9401142334276655 0.6723574884105343 0.3034880907302078 0.31170045240309363 0.1659 0.694 0.3381 -0.1953
-0.8365 0.4322 0.3687999740588214 0.3399701837601167 0.15105996824558163 -0.6655424001674576 -0.9726031472861256 -0.9718510741196554 -0.6950973720599978 0.13742618699166656 -0.6291407821903614 -0.5319323389378271 -0.4954048650949447 -0.1799130486394984 -0.5848875554180338 -0.811134766531117 0.34710091058329573 0.08448986280344437 -0.1992403048654283 0.23449053018777807 0.04015009182943465 -0.06231284719219636 0.8454926542371023 0.3404008847337798 -0.031576050826521464 -0.7851018148663992 0.9904 0.8169
-0.3146 -0.1528 0.21539994285552988 0.5510122383629853 -0.923030920951382 -0.4857672139353 0.8256530401175959 -0.29203647153601525 -0.7328832652130708 -0.6922187044110386 0.1040167025631857 0.9431143488604297 0.0323832425681489 0.984631855670691 0.8531184250123451 0.3990079351293205 -0.07684733354542071 1.0301100721568095 0.48310023250675055 0.8757684976146688 -0.2497600171161634 0.3319728635797734 -0.24315052276734672 0.5851396592165157 -0.6440724829620195 0.5112769222741828 -0.5839983428477363 -0.7507
0.5848 -0.9155998284810518 -0.19818559298395322 0.9496663152109754 0.5529469742550057 -0.9320218232799284 0.41890857274488985 -0.795278334937371 -0.5196534802673101 0.4190481416420129 -0.457799408026214 0.6833636285141881 -0.599772745340337 0.8547622379163806 -0.38190946490809324 -0.1701852931931873 -0.23986821540364364 0.37510226296955107 -0.5209553093574059 0.9451699951676209 -0.5152335538411906 -0.8389891726092604 0.8824439663496166 0.7304502541761938 0.6405386348288624 0.06373894235294841 -0.8630573164131831 -0.9281811041944459
-0.6557 0.557 -0.8440069123495934 0.594747042588027 -0.9506521431826759 0.06752277487702976 -0.5148579247653854 -0.514086553881465 -0.09016284534697251 0.546204693195229 0.311968759147537 0.10451542422836371 -0.4583837666222751 0.8291876762807946 1.0564954475419441 0.8052629589911418 -0.300753745832622 0.29571989119769987 1.0454440557939482 -0.130889532612514 0.5168781480995923 0.48572122388437744 -0.5252436693728336 0.8232622136478904 0.7980256399078912 0.6370690391822551 0.6979548669808332 0.9085420855590549
0.7532 -0.5613973571049407 -0.8390505742933966 -0.9524982644879197 0.29313954711123563 -0.7783764319094958 0.15903434428357247 1.0664735704270327 -0.5391505821668656 -0.419842626646345 -0.43770632457814035 0.16390901315923387 -0.7452360121614693 -0.19824934623710824 -0.4552465953072872 0.2923875034785516 1.014819357469135 0.7320724229466502 -0.6319247487199956 0.7543087144324663 0.3655016261021145 0.6549792558758812 0.6325356443284602 0.5921680321934119 0.033069619014145936 -0.7239526072505218 0.43148807524446847 0.5851454293532009
-0.6627023338877998 -0.8856332065844248 -0.9466994358409135 0.18779355612132959 0.9142771789954446 -0.15925005006390386 -0.34284937202980076 -0.547038047801003 0.15485917316216744 0.0702892981937661 -0.9424457854137731 -1.0387454318613993 -0.09601354832158178 -0.5884357342801562 -0.6794814686380566 0.3063879398603245 -0.1348389304791664 -0.30216240417260065 -0.3290639078771703 -0.269754332697337 0.7485673247740093 0.5129451372565783 -0.4684284135032386 0.5331137983296155 0.11649551952570168 -0.9790092949907214 0.09389576475155943 0.2648274297631654
-0.8395094849808035 0.50333811443341 -0.14053767698002045 -0.7390896778768736 -0.1678520448754937 -0.06684680539042188 0.007538180698181582 -1.0275910435112534 -1.0197285232604447 0.49607418001912984 0.5195658759160664 -0.5382643896893311 -0.9912014309630578 -0.31120564926288996 0.7926072281640646 0.7695838092791275 -0.6545576069708464 -0.62480056005243 -0.6677042263021592 0.7840070888195516 -0.7608185139426159 0.36311892019483066 -0.27466002224212566 0.39963646080840953 0.23313494685573255 0.4224518504259153 0.21164756801419346 -0.9880689312950669
-0.633001539884734 -0.8929082936891766 0.7809322052116612 0.9083133834239203 -0.466631454884441 -0.6201218613233298 -0.4782469029225609 0.4844901488347997 -0.7635645003286777 0.5466500685898537 0.25746180056673124 0.360824304439067 0.11580833746496016 -0.4448981714166305 -0.9028100338390229 -1.1505058450416359 -0.32684527886733833 -0.8965764736289605 0.3320454150888358 -0.37071867089586746 -0.3680060759093472 0.3647687926137972 -0.2103568503092826 -0.032392040350964525 -0.29358460047025153 -0.5778905183102241 0.9062048104960528 -0.4851550054543404
0.4914945200543562 0.980515856143624 0.12627109729584346 0.08132257968646567 0.4337663337023643 0.17298956234598073 -0.8246786548699039 -1.0146036690615285 0.2091166677948833 -0.39109039903888154 -0.6738552063651178 0.45130241654219216 0.5112111669037299 0.15397778452532598 -0.7510056753736197 0.35661618847380344 -0.5282531148204211 0.06400574129222399 -1.231936193203476 0.6348096347833745 0.4851221250283024 0.6989521245759192 -0.8164337393300887 -0.6695854771838322 -0.4799269372446202 -0.5864152737530343 0.3973525001938911 -0.2872158519354285
0.5530946185905322 -0.6307149504055946 0.6991059635748708 -0.8464168354587661 -1.0490373127593295 -0.9289131307049218 -0.07476657525929473 0.3937768200217359 0.40107492774194015 0.23844065951959997 -0.9041871598041721 -0.9422565602701882 -1.0905865471023042 0.41947138287226116 -0.7672524171881585 -0.002233305921827927 -0.6223918431849818 0.18670762162076854 -0.9058685843315767 0.5677951401911429 -0.7310157532704309 0.3976918973408552 -0.16220987119005087 -0.40077922189612686 0.2076344566439672 0.11999421451166395 -0.9308664156663456 -0.8915977806322172
0.5869648366524126 -0.6573172522283963 0.7759201518688303 -0.5721865042512116 -0.5700128880723725 0.5747855496441494 0.8244488802567613 -0.9870024857907749 -0.47199018637616325 0.7759712817419507 -0.4307669548974183 0.6209971838264164 0.8153711917323001 0.6107562113429128 0.7262061426485128 0.05404005175507589 0.6606971996400887 -0.736389013425844 0.5105354828444048 -0.6834083104008991 -0.6371772220630727 0.5483086903430627 0.9327716437485202 0.6220679796498646 0.22320995165841132 0.8893284538512677 0.6769671482143175 0.8847018416558564
-0.020999687638657862 0.9404539277702265 0.7101935670864106 0.1931575379185264 -0.3147349007220956 0.2752646208031729 -0.003957227446818035 0.9539322541233861 -0.3303450015666982 1.1117022185330385 0.46530018236961707 1.0467164758289265 1.0877631325914017 1.3907823587558161 0.41064637105480406 -0.13548242360074925 0.4242578609758371 0.3408003588312567 -0.7236341995877519 0.42984696352061785 0.20798309438736026 -0.47665934301562557 -0.7019924793836599 -0.05261358357505932 0.042890270054614404 0.6419157902902941 -0.2610304814659066 0.097191680310537
0.7929046064441377 0.4879749782720623 -0.6111220949104919 0.9103051571102846 0.06435023476063241 0.183836202621782 0.995846443780868 0.5741510111754137 -0.4550280547569151 -0.5774654275408517 -0.4034821156258734 0.5539456306816041 1.0655929500929402 0.6057405628855324 0.22801606084233014 -0.3530850720847589 0.8766490986163523 -0.5316489462318276 0.45112917601214486 0.0957095412565344 -0.7877601007428109 -0.794803692191006 -0.9774555845933475 0.1596773266200044 0.4472771471492169 0.8557352109553088 0.075728121172125 0.5401885073557618
0.7223626089212843 -0.7736768704575722 0.5822679600701696 -0.4633547750344034 0.16893332447420828 -0.28812415361863153 -0.024889202600425594 -0.530929595207747 0.3206021219693679 0.16305821681674373 0.015754893571072282 0.18330125417383938 1.1156026738803595 0.8127248205927305 1.2323472148559762 0.9683333861096187 0.5630950832215861 0.7993071789742985 0.5234189289504303 0.14553010631680321 -0.8220510975679913 0.41844556480227646 0.08618502402501486 -0.9242964901099054 0.7255764343513437 -0.22303239846396858 0.6634168463462208 -0.18361415709995096
0.19126489449625975 -0.9793363993459467 -0.03550394459237099 0.32649659396162917 -0.4648587615686646 0.8602057770219761 0.04109437556465933 0.6953752707403308 -0.5835201167148013 0.09496005913892418 0.5878927998887815 -0.2051979577623426 0.9875637350243311 0.38990039151359923 0.1503279473842448 0.7511906161833134 1.0161678506739495 -0.3690565443929134 0.6096592752659283 -0.9091323683392672 0.58362913861226 0.5320120405267368 -0.37557447290891915 0.34984098317461804 0.17530085404693743 0.21800233817279802 0.968741469348039 -0.46351083930075787
0.7368 0.46802970088549023 0.1314758923464371 0.2413767977002516 -0.6544680942958884 -0.835016018549025 0.48772998942003776 0.1555696629118699 0.908141625832834 0.6947340853345505 -0.30378786412376363 -0.13528393424854745 -0.08194096570529354 0.6006862197975528 -0.37564912374565235 0.3941785196019351 -0.7866460688949238 -0.801983031029227 0.3452658209966579 0.3506005758697521 0.2454982206233731 0.07185554818294046 -0.8726379092846572 -0.3661790673063247 0.9619670209945679 0.1221832147886503 -0.7550200237073909 0.7001837792586102
-0.9571024001901711 -0.4952923776873123 0.28220234316756676 0.09158900390401205 0.18499404178497714 0.45125286754421773 0.7269787396999938 -0.7918303474448364 0.07195332348067186 0.33468669660618444 -0.6772916448431888 -0.750631530069816 -0.810273017789968 -0.06840851653272483 -0.7142093808844298 -0.3512174175443402 -0.7241785936320574 0.9040987772100288 0.33714981808105166 -0.7502332568696645 -0.7693466200932493 0.9714695763049324 0.9042056757911578 -0.22989027267296266 0.9623223834042566 0.17233559339482413 0.8880568264986994 0.13256294616972913
-0.0948 -0.704773668387992 0.0346077619459812 -0.7419038754026455 0.2667468141221419 -0.5939689235998266 -0.4363102211816745 -0.20431471406261667 0.07038241745549173 0.35306963703468497 0.2764666063804967 0.7031927023937228 0.6372267607274434 0.3288348136671914 -0.6313829520557673 0.8680655838938273 0.42140752049812397 -0.1906989263831873 -0.44699458257589186 1.0313037009716102 -0.08306480621145193 0.39985730437856587 -0.615163181298235 1.0218255608174773 -0.3278785876285963 -0.7072197994855706 0.20272737139158728 0.8489465486510166
-0.1116 -0.9850347191588703 -0.8869665723941088 0.45935943914309596 0.872968960237753 0.24353402539483157 0.2158105612109565 0.6182922344445684 0.8747952014322709 0.7694871741710239 -0.9045703752372634 0.13556086581269355 -0.8661486448086444 -0.600276147540326 0.7010559294791744 -0.6484223907961126 0.04762104776862327 0.9653329589649122 0.8953644722799599 0.5889944807324645 0.4996886867664892 -0.3259812502984551 -0.0017052377397984582 -0.5338346197756584 -0.37608468883828255 -0.09048106343746398 -0.6661273187506758 0.20109998352965758
0.17740476571288266 -0.8706480235560383 -0.18515716596981577 0.5642679240886772 0.4190685346341785 0.8091635197858766 0.24909071110001094 -0.12955331717921975 -0.8397450067960515 0.6866237378884634 0.11675863758482868 -0.5474423008679791 -0.6256101525771606 -0.4211947945551222 0.7280363793894242 0.41184034422317434 0.17640577736007362 -0.2370056401340612 -0.3325826562988055 0.10049067687638197 -0.6127237337672272 -0.00948249302420364 -0.06180164280051992 -0.22864371591914745 -0.04674231876938438 -0.8489409580701329 -0.38350239938180464 -0.5937995156919113
-0.31909538238496793 -0.6759829878834606 0.019281515884859518 -0.9204154429055825 -0.3503206397664901 -0.30320108606775886 -0.10239184095954419 -0.40385649765659987 -0.943592201515615 -0.3854246482225316 -0.050328204364583976 0.17871382383808246 -0.6616134657683086 0.5044392739036666 -0.7556865538974912 -0.4670199727301622 -0.19365853041520742 -0.08470658856634804 0.4210523014640312 -0.17827417353999464 -0.1454052083368523 -0.5929766894224009 0.27884709706820154 0.6353971510867973 -0.4858296570860815 0.45716923324483244 0.8010039956262485 -0.12859910550291562
0.8418 -0.7979 -0.37212040316122275 -0.615814060335629 0.689598144327086 -0.6434108106896015 -0.7451849351168108 0.13120235630420618 -0.8059841821960596 0.022936910748172046 -0.6998170093769439 -0.06771415994127235 0.016497111089517257 0.3997942471212165 -0.026200418615756584 0.8060647015099434 0.775277453317938 -0.4242455135927469 -0.291550981412978 -0.18158425007987444 -0.5847462371629092 -0.03777878594226996 0.8193409937868942 0.07904603619542427 -0.06200379406152456 0.5908117139656136 -0.3357251191032033 -0.4345
-0.666 -0.4642 0.6372106857128995 0.900713967361906 0.6199902923351125 -0.1235641416370201 0.06088718459730388 -0.5273445316852058 0.6264533715167179 0.566854415730922 0.20340089473944217 0.9409768987664031 0.7660075693987319 -0.758433986520057 -0.09954498227711847 -0.3728962000873962 0.6074618606198244 -0.6413352163317502 0.3753646564312601 -0.6111159106095087 -0.2656578456131827 0.42109266116674143 -0.003999602643248857 0.7597936183168494 -0.8524107794637156 -0.7168479157347201 -0.07771003427461726 -0.6322
-0.2089 0.3759 0.13328869350153774 0.6609658616673333 -1.009545693103226 0.34372361837265164 0.6600610072684494 0.20912848980871246 0.5708675777531657 -0.4750059557351134 -0.07287909752981962 -0.2663332147066405 0.16926137239289685 0.5594338605141874 -0.4664995257754813 -0.19127834221001633 -0.19098253029345266 0.7414599002661052 0.09889516007647729 -0.940145907547595 -0.07707500095449808 0.7124262424616391 0.2859590784095474 0.4805914824132487 0.2160564413750211 0.6060844332383797 0.847769229289065 -0.1865
0.1949 0.2194 -0.9825 0.6751750777673963 0.394786800637791 -0.5727278930697682 -0.6757100110562009 -0.47281418777894557 0.673668996816378 0.2948824302051383 -1.0031848364082199 0.13685132899418123 0.6858555652258803 -0.2873514054921542 0.1537938327284885 0.09012543503761025 0.16830423223229243 0.13793567320445327 -0.1519767368214148 0.6620238889288074 0.6375680483606746 0.4886236171746014 0.5103504172113796 0.1375776535836637 -0.6234995889809667 -0.29830056016673295 -0.3083 -0.6869
0.0362 -0.4502 0.2896 0.3104 0.9179965961495029 -0.9584106751762278 -0.3129018462411169 -0.3465408350268795 -0.9311003602921053 0.11425989846636825 0.3678712538293101 0.4823331862250265 -0.9857061208517094 0.6031173811182774 -0.795751925359729 0.2421068855798678 -0.1582297863183673 0.2325261546223443 -0.0928998791297745 -0.14080457406624022 -0.46833952050571165 -0.3520416523052576 -0.38639890462543 0.21902553882867667 0.2849 0.3654 0.4503 0.9214
0.4587 0.1252 0.3387 0.568 -0.8248 0.3785 -0.5773 -0.0052 0.9485 0.7873 0.1185 0.8786 0.4942192118733654 -0.9132579440436613 0.13959998607521523 0.723199999419732 -0.5674 -0.7099 -0.9277 -0.3623 -0.6459 -0.2387 0.1195 -0.4001 -0.5554 0.8435 -0.3659 -0.3673
0.2986 0.3981 -0.2283 0.9314 0.44440000297460563 0.46870065530530347 -0.4681935277371776 0.09934619750644298 0.5844515232455837 -0.5647506507237042 -0.10242100358282177 -0.971100447515014 0.8603539239451382 -0.5747803056788106 -0.7020000280947647 0.9488584379054509 0.7258210836323451 0.8618649793006855 0.3766576441231359 0.0990974398877058 -0.24245041866887992 0.32198630307100296 -0.8596840813375438 -0.9306456677423945 -0.3051 0.1514 0.61 -0.2673
0.7738 -0.5016 0.07950263238415273 0.7991998328485648 0.9995790161683601 0.759619681995122 0.590104420455569 0.3994796286510728 0.13380117738379346 0.19834459804379276 -0.8704082214052907 -0.7108327923473904 -0.5958532384440045 0.1449757808534975 0.3509634029106374 0.39474127858677427 0.7010285607378576 -0.8206506469731757 -0.9542673553580396 0.7284240418370692 0.6088220247491498 -0.36844136427653673 0.5931519080189381 0.058198070235012174 0.24937302896992283 0.8256631286202312 0.3533 0.4909
-0.3468 0.051 0.8086067380870434 0.5442031036708205 -0.3029246516472035 0.3180650103236807 -0.699219898842923 0.21533673617953053 -0.45713747911241964 -0.9547168151848789 -0.44747352681346947 0.4336677978541957 -0.8997736382451541 -0.553158332224293 -0.3825242010190822 0.058448702649683146 -0.022805677605104827 0.6709564097075771 0.963887719077147 0.22780245528009532 0.5739791470135288 0.29553545955715593 -0.7703280532417683 -0.2791146547491199 0.24475097637756973 0.5078821214989735 0.2838299303352283 -0.5255
-0.1295 -0.12949999960853023 0.03619512635103568 -0.9097220586489981 -0.16289618875955622 -0.17581452266823988 0.6401039649616669 -0.7506846276191427 0.8299018788174722 -0.38981399228623714 -0.09980936773382798 -0.8388133386979088 0.7024465034343395 -0.18506435996566853 0.687601308095774 0.7276695553852265 -0.20682797742915796 -0.42256095509419295 0.04369097579393873 0.4376324014731731 0.8855898543394464 0.15003835550372524 -0.34703050730230095 -0.4605350687151934 -0.25504511625919 0.9992408842573247 -0.6193586223502319 -0.595395507630675
-0.1803 0.8826 -0.6754231151109491 -0.6105028078499753 -0.9918561715557918 0.38705067963441786 0.007806053800400714 -0.015492760212624612 0.8461108827509114 -0.814657129653351 -0.25354746398551803 -0.2728025944770326 -0.7726304944325033 0.861063381609524 -0.49836297673692465 -0.035800568120077106 -0.7864231619880797 -0.021411567658394314 0.35280739794814187 -0.19370966581737156 0.5038013549222295 0.3568146850709542 0.7785124805716165 0.8067794629772989 -0.6724514972061362 -0.3866322588722913 0.08812250139758163 -0.28438677949152624
0.3894 0.36480143263123177 -0.4375466372999498 -0.3088388738606225 -0.8350600695200443 -0.7791204360302109 -0.3149957314779654 -0.8130918032578599 -0.4682655330170547 0.6695178268902794 -0.5735714277051926 -0.6477880935135782 -0.02084512170770157 0.19143882921620065 0.5211728463476971 -0.4414022774040555 0.43967296636427566 -0.5238149032675528 0.31800748663471506 0.7152162890471927 -0.6619938681591043 0.2870861621495418 0.09615392233132922 -0.5856436098500037 0.3844570457009234 0.9948199568563559 0.4553940359082752 -0.32376449756926795
0.8455000227831693 -0.3179389804815919 -0.6246819062852722 -0.5003851518258222 0.9724625287340699 0.33080011383298713 0.38344819211334363 -0.6275771497905984 -0.21008759922377243 -0.14055556424627602 0.8012382764762589 0.3065696900496203 -0.7886578565314467 0.7228942999916362 0.36033099440394434 -0.4785112825634189 0.47428229442783354 -1.160160339602554 0.7005262999671399 -0.44291589245703106 -0.21979538616565125 0.6468760448223976 -0.19919298012868897 0.29161091301052483 -0.4703740930235117 0.6963141206081036 -0.4417488819820964 -0.5080576243743661
0.30650009259139316 -0.8969004314540651 -0.7415774028551699 -0.4668630244301969 -0.9556881018808842 -0.6750683854112711 0.8497163598382985 -0.6530227886116563 0.5825184461890625 -0.7939542077100836 -0.7188585707830959 -0.28168717224766837 -0.7705530007689511 0.26644923835698536 -0.28400919245885115 0.7383380682458237 0.10522674743485128 0.19913814349443987 -0.8676727026690899 0.5837461225826193 0.3992157689060649 0.5699352666501769 -0.49333027495150933 0.0634242632567178 0.8496728985209658 0.07537463432325613 0.30231612170407635 -0.15896471666210263
-0.7081999849678058 -0.9136366081323413 -0.07752179471395386 0.5019456345457237 0.20989174372703334 0.13139062226061454 0.284361441380144 0.6699781394603259 -0.6829612926448626 0.616695714953541 0.44423065032960735 -0.20951954371094894 0.71247905097594 0.8075688721793781 0.0999197329238144 0.3457848745492421 -0.8964922469041037 0.3263956020730956 0.43672131783856105 -1.0067449802795818 0.16089182395067542 -0.02159612747189993 0.19245481405281029 0.7922224899917885 -0.7714164733475161 -0.9340846273651768 0.7930799756699601 -0.4466166625467656
-0.762000327362376 -0.3563210048636478 0.9807227426922452 -0.2948202926137616 -0.8612438361578453 0.06227466282410541 -0.39294892363243444 -0.8011017356799345 0.4284265432521016 -0.5329233755241088 -0.09346215734555417 -1.096932341316229 -0.014886784432699035 -0.919303545942547 0.5522728256277082 -0.03918615789901626 -0.126984032147182 -0.8293241324231773 0.47065999194019453 -0.8749715705215378 0.6181030907842849 0.127857840854058 -0.7793100769060907 0.005695175499591684 -0.5960752152235426 0.4913737995825494 -0.16740709191555336 0.12138193713038119
0.6244580398397287 -0.7539702196663316 -0.5246363160101849 0.8257147477977904 -0.9148734574032438 -0.15338847113349863 -0.31611415428573986 0.5474878220432398 -0.8352736318331607 0.1775669410270313 -0.40749096657077477 -0.029399313908159915 -0.611280374088384 0.26715621695315594 0.9725638106881296 0.37483512712564576 -0.2698327088213311 -0.6636059904285452 0.25560888523340536 -0.4783530826390218 -0.6809921961071969 0.3860351432124191 -0.6505188738806613 -0.0039028338581787304 -0.13235441944938914 0.5036400089872635 0.1826340979840365 -0.18486307110048114
0.7553893194812488 0.32266236655916536 0.5809004743517221 -0.1531925418991318 0.15035715916142023 0.5399736624979778 -0.5739461875040696 0.8093420919952923 -0.8938026823688829 0.4895524208644131 0.5778301461691427 0.8339411025545067 -0.3664574981600886 -0.8630414849285847 -0.18208431190841168 -0.5507742338439547 -0.3469058777480269 0.159533115912217 -0.6028780060282095 0.22343845005173626 0.16748471540584525 -0.5245451837270494 -0.5925949121581551 -0.04508814734347444 -0.1791204345618752 0.1595648072480217 -0.05969700767019661 0.42831062162763534
0.026806998308359944 0.6228427632175982 -0.8855365164179296 0.2925348265464079 0.7894689379933106 0.9647476637897863 0.9324851661961361 -0.33236210490973533 -0.5219242083313628 -0.7339895711812056 0.42428917205263433 -0.968109652064215 0.5891749894645237 -0.8284214246138809 -0.15430083800656455 -0.4051259140514385 0.12370500754737608 0.2013129370803341 -0.5216416007491123 0.0540420244035408 0.8563650784936613 -0.13563350780268224 0.09447962018833789 -0.9298137701836143 0.20584397008647565 -0.33090168748952237 0.4278989941931331 0.3264031635563894
0.9885034709997509 -0.8658592503013108 0.7012294540589967 -0.6703587115461319 -0.4798823029611387 0.44842905462366534 -0.5357960485658091 -0.9310476284278366 0.15999799010296836 -0.14651395080903962 -0.7607040443304903 0.5465518310197452 0.8659753691065392 -0.27514229458747697 0.3328246974193995 -0.6870276716544739 0.11495555826241195 -0.8839298293791964 0.7335159553107017 -0.5955434839776639 -0.999041086067058 0.4304157457698681 -0.02311581390197784 0.5844648768729033 0.9510565300872711 0.35800734153232283 0.851644063144485 -0.9635408954264145
0.7966009882249205 0.11760807808131928 -0.08694726825850856 -0.12104992240356646 -0.7202175288545962 0.36992199627292743 0.6163263023848498 -0.07203129813246066 -0.7016747502795062 -0.09643524710699618 0.33412009497936496 -0.056480116496806315 -0.8719275853161839 0.430327749759886 0.983443058561592 -0.17855477591953975 -1.1079722714772686 -1.0345251459867026 -0.4265480392969311 -0.5858067933106758 -0.9294126706183599 0.3743631795014032 0.6160396483682852 0.8473952402866061 0.04070254995782019 -0.7436398247450324 0.6850535808680396 -0.2268147674983673
-0.0407008467353136 -0.5246819961678496 0.5009045646006387 -0.38235391788290923 0.5099476226615902 0.5009554854304399 -0.9728458408753817 -0.9892526724439935 0.6046536924792589 -0.9024102924322069 0.0848806280000931 -0.138674371250072 -0.8038339697553631 -0.8985413134727456 0.4209181434963969 -0.45231931504510686 0.6191704933672482 0.05405581918569167 -0.6019792351770473 0.4573809048787441 0.14455866704778922 0.3337718304711712 -0.11726578579669922 0.7879503843495397 0.8059086104727157 0.15692122422748664 0.43191212079135954 -0.3442412919263153
0.2769 -0.8740938002875139 0.02028870382850686 -0.5865823236713917 -0.8977254426412888 -0.16037659351214095 0.8754881883875373 -0.10968362327095119 0.22115299278267328 0.12716762044585073 0.904092606634692 0.29541704710628613 -0.8311494504691794 0.46186343226253584 0.6294472049088181 0.3887799049686609 0.7938834360886317 0.06337712935650944 0.02714511597228054 -0.6757924800706345 -0.7429817451616093 0.6647374593350782 -0.27165654952909524 -0.46605150819116087 -0.7557993475122865 -0.9082596772913518 -0.13383453269270612 -0.5068999684676765
-0.606804361887696 -0.08889920716089163 0.9308552744403198 -0.6821365117189927 0.5197319727309463 -0.10503877960470402 -0.40323484398401493 0.5596043281167967 0.45825751721482605 -0.42926951925332957 0.3936173903564223 0.6518731730497918 -0.6970963826554699 0.23186398312600306 -0.2918904539862349 0.3070992054788946 0.27427912947999805 -0.8412769671108674 0.6558922634670676 -0.18774380180483288 0.4054149570683676 -0.8080273711711212 -0.8030404869223448 -0.8032424775302804 0.24428792658825815 -0.7778193216800376 0.8642387366342172 -0.3980079175115312
0.0251 -0.22809064494104211 -0.626240575829449 -0.10165589230930493 0.6408979107248232 -0.463275038174883 -0.8212222686813483 0.4094807183688575 0.262940534816986 -0.335820918769419 -0.5795186151585557 -0.8406651337101648 0.12375333500987128 -0.4312172248535656 -0.13950840126398567 0.5840294694441749 1.024238005898203 -0.29371727245464063 -0.3216510872438277 -0.6008894194440293 0.9644995192045374 -0.781980381261885 0.434191115203427 0.29842589834313205 -0.6060317611417544 0.03550984861972607 0.057645021127190506 -0.865008291469208
0.2654 -0.12212500502744755 -0.9982766303597387 0.059966498965801876 0.07378592549188251 0.9151870080448071 -0.4500074872427176 -0.13265522012358075 -0.7681862732725896 -0.3944958512201017 0.8994937372237507 -0.693777493820489 0.3322896553725736 0.5950550862007356 -0.05375254147724987 0.2198203990718625 -0.3526682718395052 -0.407715390471594 0.9909355064861649 -0.8333276084180483 -0.7944852856512783 0.4199129139562992 0.7281271361564597 -0.7895232408429361 0.8392881425190893 -0.22300079858971905 0.48046715021125763 -0.22469975002963039
-0.024399343471569124 -0.976576061409344 0.945811243302134 -0.04081173423401735 0.767320365122811 0.3093285255422976 -0.8894875104217355 -0.325102288052765 -0.18842568953143005 -0.9587258291571769 0.7012517817584756 0.7322271426857343 -0.19621811451806137 0.8343281308833116 -0.41077162682492324 -0.14321931485428277 0.9830808284536989 0.8628306035271818 -0.29778447035905126 -0.5797453636589615 -0.9183645786124953 -0.26362431965799743 -0.608169000759835 -0.7533085644782146 0.049945477128418576 0.9629366874896711 -0.47554116017534787 -0.7637000185998698
-0.12739936387364786 -0.9762979910859604 0.795092555530717 0.9698859648942232 0.4642981020419092 -0.8981366327029123 0.71914572354781 -0.21776925813645168 0.43542938343888316 -0.9204840234638894 -0.9351387716533336 -0.7407085146373059 -0.7887011225228721 -0.749377088066164 -0.0019274523237015446 0.011235465402508433 0.6552087248462946 0.28604076791948024 -0.5512373691952629 0.6641181083263433 0.5022460217877299 0.9496919421101803 -0.9671238318816675 0.22168759750070857 0.6173008690704251 0.512463317275502 -0.400475913540466 -0.09830003435319293
0.8799 0.1301 -0.608912286622149 0.26502253419052973 0.21346397825024988 0.1900302285359447 0.20805896391538098 -0.8806320601433167 0.6076612901141542 -0.35943777925443365 -0.8391409203589716 0.8367215019989748 0.06834839987934013 0.677014177156751 -0.018775835693892757 -0.31937836420673166 0.43623418102339595 -0.39517015718055637 0.7321172043758609 -0.9622857032347156 -0.35884618453629735 -0.5357003840987602 0.923275949237857 0.387227802356675 -0.8042087768421698 0.1386931017305076 -0.9008278979911226 -0.6855
0.9057 -0.1395 0.2276089364323605 -0.15244987853430458 -0.6704607087330493 0.10537604645780398 0.5059444180798071 0.458433890470096 -0.8629547500999332 0.8331197137257699 -1.0552481251598524 0.021441333725437495 -0.6218584736468746 -0.37587777126428984 -0.676722679500556 -0.7984124272119342 -0.2544146086244947 -0.9513507750660671 -0.7139576053504469 0.7494959560126171 0.31181859355412384 -0.637817683902675 0.059652883836034065 0.12447549902670658 0.874680595509472 0.6165379521864045 -0.8522016627425378 0.9811
0.395 0.1457 0.9731378270430905 -0.10626462058168969 -0.4705143199857866 0.1880539132002905 0.9533382787274544 -0.9248190960408279 -0.8451067863004051 -0.7656214127696341 0.4681129263103235 0.025375789550206865 0.3975413985448343 0.5657831112622893 -0.9563552705550111 0.23341589199343862 0.5160417092678588 0.23136416387319453 0.07224285838458336 -0.32024553424339125 -0.05919137602547731 -0.7556878387925857 0.6979884399248923 0.7306676193223457 -0.8103015866701353 0.6340807129268339 -0.4104159723833584 0.3556
0.7078 0.0992 -0.18 -0.9169697589691572 -0.8089647515600347 0.7959810330303786 0.524230720672465 0.36157425069315835 0.9405264697704495 0.6582048241264419 -0.4793472834165792 -0.4377427683701391 -0.6513789063988842 -0.27577916665183394 0.2803254393482273 0.8973881804984589 -0.17251862752486796 -0.7601044640681834 0.5568882492535737 -0.41247365793402396 0.6039904938409622 0.17665938511263085 0.7501131778487093 0.06548188134230845 0.4141000239504685 -0.6794999049693592 0.2187 0.1329
0.0165 -0.3156 -0.9049 0.1316 -0.6770096976546821 0.9529730825199869 0.15905140103522927 -0.9297446413701155 0.3221453032019518 0.5434749471772735 -0.5839625214747197 0.5849749142261811 -0.9779010282592382 -0.7105548497946671 -0.33941950823735445 -0.45573423170379745 -0.9818474688852781 -0.9451315389058512 -0.4926486149263965 -0.19775159873206083 -0.48093033995830636 -0.047245869430405506 -0.5364788028143049 -0.39883072453555996 0.9679 0.6793 -0.8204 0.9857
0.7291 -0.0702 -0.6063 0.3424 0.2101 0.727 0.582 0.4362 0.2895 0.7178 -0.8266 -0.2437 0.22519830691066947 -0.32420570732810977 0.034697774544356026 -0.6761000927382649 -0.1221 0.7095 -0.7769 0.2717 0.9471 0.9337 0.3251 -0.396 0.6 -0.4376 -0.4555 0.0113
-0.2802 -0.0915 0.7999 -0.5305 -0.09779999999945929 -0.6444000000624422 -0.5475066021026082 0.16285068363381083 -0.6854091176396628 0.7009752669288876 -0.7160451060402248 -0.5662268453035826 0.09857588198225653 -0.8288671455202518 0.6040797676999813 -0.08745571327188756 0.7792849147842504 -0.5405553584421966 -0.683428092254805 -0.4140597898003063 0.3492192387415341 -0.23519236629563856 0.021322742490331493 0.34576743493820905 -0.5495 0.5353 -0.4009 -0.3594
0.4474 0.6598 0.10289009534507701 -0.3021994633918017 0.1448310690021855 0.4487873587723077 -0.5618028650681024 -0.7793377408346033 -0.6346523339640432 0.5003373327854009 0.6536771031790318 0.08728642366257681 0.33492004127981606 -0.35024481383875766 -0.6540357924261886 -0.5250438321274126 0.39948139092268603 0.6577234250473445 -0.2591281618694748 0.7978612781034902 -0.9568586500318307 0.40123934966528585 0.9050999120841303 -0.7490600920543306 0.24392774877422216 0.27356384080169616 -0.0007 -0.1054
0.4024 -0.1149 -0.6400206760182882 -0.28580816319472513 -0.1567858303668251 0.8980657738405635 -0.47461308054627893 -0.8869009185244425 0.10144239735044765 -0.3096701019075145 0.26342989632637176 -1.0181436967142492 0.1478357206955899 -0.8634288844561026 -0.9955429637088469 0.6593401043186061 0.8169054273055947 -0.970515736382187 0.4006288414070715 -0.659051069363308 0.2097974755063494 -0.59986412262774 -0.402945309279244 -0.362745781782623 -0.44633835205272443 0.3433290559197759 0.3512964329819943 -0.8516
0.2021 0.0710000001423699 0.7311052340828756 0.42073846064464043 -0.23172670245001958 0.7118271435701253 -0.26543507287569407 0.49628358307488396 -0.02747004256745373 0.7258728935037108 0.029987989068233977 0.06395663393902715 0.3603362969394894 -0.4550432706491956 -0.018282834771612987 0.8705886805796964 -0.688410914892053 -0.46779882029241354 -0.06341338248237574 -0.7299725828232774 0.12077709969449742 -0.816153204359764 -0.5379693129737054 0.50446898083946 0.674078769178269 0.6211917214889855 -0.6427862207749984 0.464192598714292
0.9376 -0.9214 0.9939301478440612 -0.7408402284551128 0.2911895985240718 0.27191990655537124 -0.8453480266853087 0.29576188880348964 0.8680878956477386 0.32510307065837263 0.5901287598143623 0.7083122025917268 -0.6659692510017763 0.22121969001283107 0.5783382934359513 0.048472240242927754 0.694489602712304 0.574746350312045 0.5417274352155375 0.771706628813622 0.32272742384867553 -0.7198090851458494 0.3765834785259006 0.391276906471119 -0.41205969682194205 0.9358017197941036 -0.709955666971114 -0.23444009091526896
0.0878 -0.11459999990956968 -0.7434711404473018 -0.15424911596953111 -0.41598638021883594 -0.5409183654409165 0.767294924815668 -0.16917868696574537 -0.05485324956402434 0.06277839513554222 -0.7871585581211125 -0.3451868102119669 0.2348796174069012 0.11178665803231036 0.3203563778794683 0.26475647325386326 0.02307261422680272 0.7323474329862082 0.800897264944842 0.6790057540720835 -0.012407330531615184 0.35643506055496804 0.8075710589225412 -0.76405771870065 0.45960077247202463 0.5566557297005337 -0.11748676515580225 -0.5729256706820752
0.053596832520748906 -0.6056453297366761 -0.9429749728708907 -0.15105664545411018 0.11492781035171118 0.046480054986504364 0.5361328223302227 0.04470800586008036 0.4099423768757516 -0.5235041545721602 -0.4875300011982081 0.3556142184763875 0.0157666789093306 1.0754932521927694 1.2268055298171807 0.6879641427590971 0.413220477323449 0.8045906213433244 0.7153462931399411 0.503996619358409 1.0567365146081016 0.5626271636003187 -0.869765863125118 0.4429419355092426 0.04175460062823039 -0.12769026615395931 -0.04243846571890609 0.7933418294454138
0.13708712728182815 0.6501198197163114 0.21703625943486124 0.5640627784269393 -0.04545377962117306 0.3857950587097949 0.9060062511390721 -0.2752791432908041 -0.8637808770313841 -0.7302155907639243 0.6776149712434315 -0.5727525730191322 0.6910314594407025 -0.8637431709110166 0.4713706662921629 -0.5550121901906746 0.8782543768608435 0.5526422440178516 -0.06749105101274876 -0.3714987701853233 0.9072448135872445 -0.015064843525191208 0.4774172087900562 0.7975371876104096 0.27977734685992517 -0.5267467608287036 0.7212174567022231 -0.9679986171125813
0.9449979101167827 0.7154165045587212 0.946681145931176 0.10270466470661681 -0.7996704708727618 -0.4443193640468532 -0.6836084376830277 -0.25165240598776634 -0.2745489308021653 -0.5869750649745078 -0.5304709748290612 -0.6671552981692389 0.47834849453079165 0.2127981143506448 1.0053888578885817 0.942964503357738 0.7105922812659794 0.7645634914967936 -0.3371427162386632 0.8340440294187527 -0.21352176466063028 0.23773651704273974 0.8223556398790678 0.5088492920309478 -0.48933966137952334 -0.5616356023570666 -1.003792250998255 0.7093950635136761
0.11249999936451888 -0.15855614405616117 0.17339286778465327 -0.7616166635713876 0.8952277322431841 -0.22838435224187364 0.08011851891662827 0.26119760442475254 -0.445751413194521 0.578154642598755 0.8844170576987408 0.8804765267329556 0.03738847491532292 0.6064890519197684 0.24768068987147226 -1.0320517451605211 -1.0390005908865594 -0.08262876187364333 -0.4433018197336044 0.20553416159795942 0.09400442140526596 -0.11437514937389123 -0.3009823967802694 -0.6663278088599948 0.30035220466337803 -0.41532737316754514 0.8723269924841164 0.08360464803959887
-0.9004006337474568 0.9051541757577776 0.6932602922218588 0.8296281775601182 -0.2525648859295609 0.07231437942206274 -0.6099549720611204 -0.4696342192923161 0.4519318302455423 -0.5345033838760386 -0.6498414707150576 0.1061603807686874 -1.0537016074065342 0.13487890195664476 0.8316241155999952 0.5382644250533162 -0.8919348114913629 -0.40982430041003526 0.7641631251426756 -0.9107504525070376 0.9621954195921573 -0.7460886660520201 0.6816446934212443 -0.6241622216344498 0.2601015095258527 -0.38755719972691854 -0.8157536614262654 -0.8843009998809457
-0.31890433816928054 -0.23014483751401113 -0.7016142324151567 -0.4178796764907266 0.43280536362187877 -0.9448313402979055 -0.15060806381844632 -0.7169261572569804 0.14992871457986967 -0.8135980120203548 -0.02568059024643459 -1.0230731351340103 -1.0574589512677108 -0.19450763224774503 0.7375369144951972 0.5057720784530271 0.541512584869361 -0.6436436730431798 0.19280630653532663 0.2186789101076869 -0.04515133304066743 0.12313291492381548 -0.6598129632375969 -0.7701921968948207 0.8584667168897718 0.9479967542333663 -0.336597630002712 -0.5748277663262716
-0.7612000013525105 -0.9885989221892204 0.7010101683431362 -0.605619288268391 -0.7432318877441388 0.15987624533843073 0.6038157331615451 -0.5607149230174717 0.29865854739052217 -0.07297990267776842 -0.5782006869230426 -0.8145510872849733 0.6656291171923916 0.3159718838043365 0.7616287525120743 0.5181473586754264 0.04491328821427871 0.4282076326674837 -0.6865094425753036 -0.32782764546707743 0.07258047131986592 0.45064956900280934 -0.5049005222498264 0.5121451397469023 -0.8206295806675098 0.33609048933989005 -0.2896524252060893 -0.8942787284169375
-0.9285003550669301 -0.35809528169225685 -0.3407802838561697 0.07295970645779296 -0.6564115848473743 0.7886730723603148 -0.3529086485475689 -0.7639228111491253 -0.6976802644103492 -1.004523750756047 0.5568789196482226 -0.8548403368303035 -0.8673007793284899 0.7845972576154636 0.4563533635809417 0.5744180282417852 0.5057958832154817 -0.7315375635673315 0.5575942244898963 0.5323928867477837 0.12610894366650324 0.03951250710705892 0.17791325190140347 -0.0378067337294703 -0.6705345743893119 0.3352407246129748 0.9634207600526349 0.14781315910144668
-0.21939993287050402 0.7737998713073718 -0.801921389472019 0.2519167052553972 0.5134027314007165 -0.9450375739530843 0.6307991222505329 -0.5896616648166109 -0.05817075828306207 -1.1434707135264297 0.49601498625940277 0.4804822863354122 -1.0590933729040157 0.07798049723767615 0.4337503138671901 -0.136537660857318 -0.2634857998444713 0.7014801177161981 -0.14790546267763485 0.30437330153172526 -0.633937657756937 -0.32618117070785063 -0.6122294834918349 -0.4689386561812278 -0.339337926740773 0.6061512891762594 0.33286420189846827 0.6749982462176498
0.9874010463900367 -0.6815966934132325 -0.8230353627354506 -0.7055164910634342 -0.6590728658071363 -0.09864906530447266 -0.18864893989117684 0.10183486850344253 0.7139193585413589 -0.6135533719302356 0.6240288289078612 -0.23026314702416645 -0.3771829508692925 -0.314285818542906 0.7393337387192914 -0.164352660513104 -0.6384550141034844 -0.07993284844193811 -0.43054835290796084 0.04242336413710657 -0.1731229892348985 -0.790180687392916 0.921047829209024 0.16997419181184717 -0.6129068120447619 -0.5453856017933378 0.31308415040985477 -0.18426938657536826
0.7647 -0.9022001993487904 0.3470265794037293 0.7315159726402555 -0.8134567462131744 0.3921451507177131 0.3354590178396428 -1.050183989832801 0.34845068605323304 0.7529922804408843 -0.41228095425202455 -0.16581441844711511 -0.4104458594245603 -0.7260617965493457 -0.9537835214070001 -0.8693379276410892 0.48740487359946816 0.532010119983725 -0.6414849451134073 -0.10991997347261927 -0.1879713988280299 -0.041049708696534334 -0.8751272467547905 -0.15987526868763155 0.25149624085497 0.5555612264340842 -0.3230939128843322 0.0507753495099978
0.5843000088376005 -0.7298003357061418 0.4751049053115473 0.811333925601094 -0.054787741111363586 0.08394339821064084 -0.35153925610779996 0.3655089478406404 -0.7694114420730185 0.7747494711685664 -0.32213806282760155 -0.9172592878940172 -0.49014787194440873 -0.09610552911511702 -0.7839455085164753 -1.0017472436230033 -0.8182035616374519 -0.7891541210219867 0.3484433597326249 -0.5790590058726307 -0.1619467604942211 0.8359261134391404 0.04003645055981775 -0.8687331886154123 -0.7808657808201905 0.4544021231988843 0.6702510003982866 -0.7118015771879879
-0.4437 -0.15660423374901375 0.8701490543514722 -0.010535332115036109 0.6053754823173012 1.046258771507168 0.9522557952697135 -0.5847837806764774 0.05413985275743442 -0.644196301460807 -0.8464885705596144 0.04758785793135357 -0.8168699314534433 0.25691926109267305 -0.9521914707093397 -0.8831036366199787 -0.7777491610259598 0.7963838559349772 0.7845001124051312 -0.2733918187983701 0.28802273122539296 0.7729605465705321 0.07850640319651428 -0.556327598452873 0.5861719608390079 -0.37815763533899355 -0.696381767707199 -0.9831305401113742
-0.7034 -0.011656750554095936 0.1395368260923402 0.7117775440674575 0.41049743871560956 0.5108682020581147 -0.5765710152248371 0.4814359777436707 -0.9008686720002619 0.4183740456733826 -0.7562654133493292 -0.8526959401177471 0.49303188373176676 0.4390136823020123 -0.09243033529403549 -0.43449350667950665 0.6248963933047254 -0.7821195562933132 -0.5674200857772541 -0.13641197948849962 -0.19686536397545565 -0.5984072366044649 0.7953755702321765 -0.9348087690619494 -0.4471925523872697 -0.887258308146198 -0.014674916506067372 -0.8500000030617549
0.19500000071236392 0.48489658371436467 -0.4285083879570754 0.07527913753594785 0.5756808464665449 -0.32298429658031363 -0.20715312426336005 0.4166369133421089 0.974452907958543 0.41457095865583493 0.3571294323716218 -1.1212105019498668 0.4652094128294863 0.3344903624756598 0.4066602479560158 -0.51575228398472 0.7458021644194617 0.4805697824919669 -0.36738460191158656 -0.44988306198287326 0.7482910297913921 0.06711259147420562 -0.692987096437737 0.33118666439391325 0.808308448209253 -0.9511343248678035 0.8557412984806624 -0.8382991386581985
-0.4173999993097733 -0.3145999856157697 -0.3365243745559616 0.22238544798180904 0.6974972143539713 0.9244768232068257 0.27034904196075854 0.1933366495273054 0.9586398833585733 0.001997329785292599 0.5644115181141819 -0.48829159293716545 0.5382783027371176 0.4874962433314148 0.19709455803201958 0.6079359774642893 0.11794816093292873 0.01788380957126981 -0.3843019988317634 0.3782840647765243 0.09082223355337153 0.8864364875004749 0.356435183264054 -0.27769243984657627 0.2866867927941175 -0.4922014573458835 0.532558884670061 0.35060159086281706
-0.3622 -0.652 0.6409199338095566 -0.9019055134058395 0.05097510041912913 -0.7234684395830158 -0.035908241566958266 0.6402822966682242 0.31978703315237766 0.9065332403786138 -0.3474813922417249 0.7512039348698335 -0.27460759826139625 -0.6466735980741734 0.42893988561079766 1.0246405457254397 -0.4459178179161712 1.0707509453257302 0.3623314661943024 -0.7988118181381206 -0.625575318952974 -0.7838722809644205 -0.9822644589412288 0.6468636641670726 0.7550827923461014 -0.7755112626057966 -0.18162310694258033 -0.869
0.1853 0.4691 -0.20767094836618652 0.9249489847048719 0.4845355107778222 -0.49670048476910733 0.8138288444279035 -0.2592018767939176 -0.4835876719945317 0.1113512889351599 0.9595115750322898 0.767499821558771 0.027633827151909887 -0.6021505917801707 0.4572053563283989 0.8495461659771071 -0.4299989757421142 0.9784711279827719 0.1781608844825676 -0.46593307764569775 -0.3456766100098694 -0.8334457638205081 -0.815442314641287 0.5457286922812968 -0.8530483104090336 0.46011972871216306 0.9986785982041615 -0.017
-0.0694 -0.8189 0.6179154049262888 -0.5462850416164801 -0.8421754779393685 -0.9861196515581102 -0.14502499086165807 0.2071503185551124 -0.7245914574743484 -0.1987401313737067 -0.8306351599182294 0.5544482278379155 -0.8014897622228003 -0.39793640535742963 0.4438293782980103 -0.6208370778452085 -0.7940107420654271 -0.344571882075207 0.6199110946082521 0.7483834494877994 -0.8519233543616131 0.878981534700802 0.8564178809439457 0.6497143087477235 -0.21526623878423853 -0.5522130998290744 0.7249771718965512 -0.1402
-0.7745 0.9358 0.5882 -0.06643829102338722 -0.7736765534012718 0.1448793196733098 -0.21513290666122414 -0.4143192251333544 -0.5075119017600803 0.030461799159102475 0.6042680032034964 -0.8932452095773605 -0.2863945538488622 0.1942504399660776 -0.1179326793950695 0.61468161958969 -0.8772456944116797 -0.13869564570558002 0.5463303105225988 -0.7020389589436886 -0.7239754204788819 -0.4215624787543267 0.9983459887760544 -0.4185320723394119 0.14149987277279194 -0.5752011705551732 0.9905 0.6391
0.7236 0.7954 0.0244 -0.2858 0.9420961155736105 -0.9656452993144616 -0.41264088122893827 -0.13023135882545875 0.96018992794875 0.5659825905736166 0.19814560965561928 0.41762163321302037 -0.3788900813751506 0.8167731407940314 -0.6590401100199288 -0.7732633675032325 -0.26171438051702345 0.22666275586371587 0.2894668442079183 0.053106735402863835 -0.9651929723548289 -0.5033129988740401 -0.44421203083489663 0.956612316753371 0.6683 -0.7802 -0.4179 -0.1054
-0.1711 0.7738 0.2948 -0.2897 0.8922 -0.3852 0.1756 0.833 -0.1886 0.4342 -0.6316 0.8411 -0.5953643470063983 -0.29518761776371505 -0.9395983152543387 -0.29299992979397727 0.3264 0.028 0.8442 0.8798 0.0551 0.5459 -0.9931 0.5977 0.488 0.8815 0.4365 0.1607
-0.3911 0.351 0.551 0.8275 -0.5118999970860867 -0.8042961378643558 -0.06396507065997939 0.6751872109140695 -0.6422887853148762 -0.37471276553082056 -0.7985187612853274 0.25488269616403386 0.44388791972934805 -0.8594553441968189 -0.8573515774296409 0.8923680623761773 0.8233425242368141 0.4247177378812083 0.921358521616013 -0.3669772639830815 0.045138406869504405 -0.8452327645856558 -0.8865387554638958 -0.5962840316479179 -0.2859 -0.1705 -0.3088 0.097
-0.0652 -0.106 0.7775002857890457 -0.5953000198904018 0.7305643285154735 0.06419674940262449 0.8603101189794427 0.7280791561139138 -0.5523386893476785 0.5601770722835289 -0.9080807682444074 -0.04548372836358483 1.0504694623667432 -0.4858289324971288 0.4827441914704701 0.896412517540349 0.603166584989854 -0.9367572952893234 -0.013151321445681543 0.10198083296270395 -0.3565246750703617 0.3151853200609654 -0.1692938605822113 0.5140204377036007 -0.8179450856246762 -0.22664398891326473 -0.7858 0.3573
-0.7329 0.6861 0.24680062958633703 -0.02305749169097348 -0.39814507109942576 0.5128174314812038 0.0015266148951862896 0.15190259112138849 0.5804069765494733 0.32239612095402304 1.063941685586375 0.6210038612558876 -0.06594239880635612 0.799025590486212 0.09094370209877023 0.23589535195564024 1.0834927249215507 0.5026113557930847 0.8002893570053691 -0.03648795363955494 -0.14019747469479316 0.016831600882160205 0.2695619615472443 -0.5966351052601128 0.9180239915235442 0.23017626166804558 0.03996918135838187 0.781
0.157 0.514100002824945 -0.22769779029377812 0.18963931479511537 -0.6898943829522288 0.31614944701053654 -0.7901367926993345 -0.49383276360506934 0.9926857755872769 0.5355630977190093 0.9443910678329293 0.2623967445851983 0.04757164967942383 -0.1082212202416589 0.6988751046647873 0.08543303362836276 0.8875698897842569 0.11800378326444129 0.5303693385699484 -0.5393223647090674 0.6596434373682099 0.41629487968316636 0.1320458767363625 0.9018710569223647 0.7725135075960804 -0.27116541802542615 0.3555347733841862 0.4182887531131917
-0.5335 -0.4181 -0.992395479132199 -0.9504033468661566 0.6335740216208708 0.00027050515277573806 0.2940911445205432 -0.3771423752220865 0.6539407544785857 -0.22285106551313327 0.6252454955156708 0.23261083163149787 0.8200182922220881 0.4838299618774391 -0.3539627423978455 0.044382492499932674 0.9174252642387279 0.9126591931152213 0.7879683911193338 0.3178993889411288 0.1759949236563405 0.2989661387857014 -0.67027499383702 -0.008972645902234193 -0.4026555962142308 0.44450549754107416 -0.9984013577562849 0.22069964876793344
-0.4467 0.4205172203182851 0.002087463041826073 -0.8282152742350822 -0.007863429653542892 0.26646448663336236 0.9145327509722413 -0.12091286891437629 -0.26041306450922913 0.6151806448660028 0.25993218660768497 0.1032056467448619 0.5814833477346306 0.09606689607027051 0.1406624400978451 -0.6599590446967689 0.39015549325633286 0.010152693301749467 0.18594423902251586 -0.7525154158520516 -0.011843882806233828 0.9153623672257866 0.6613915100452628 -0.022619054824307008 -0.3285718456796685 0.5551603442074523 -0.6760909541511995 -0.8207049846652716
-0.4891000999007234 0.9974057305135261 0.6483520012770141 0.8852863612427262 -0.43219418767251605 0.20713381897267083 -0.42576748687970667 -0.2537708488548861 0.783546437544972 0.6463369275642432 -0.7576004790219036 0.14577214495389923 -0.24602659677929742 -0.18367285663932917 -0.21390147845796287 0.8843122998849062 -0.05575792524603364 -1.0355793214202498 -0.9850807066581995 0.8244501118227984 -0.8393687282892911 -0.02022519148404416 -0.34058269304115096 -0.45216187435175925 0.514561488618126 0.5466177803461476 -0.7516679932215248 -0.6873802404642899
-0.6358004059991421 0.6704715843862842 -0.14636394705239078 0.5495377087110084 1.0649740375864767 -0.40732124468139114 0.5260531111878332 0.5514955504548301 0.6864378011759474 0.7626190500481002 0.057958017614769056 -0.6240689302897399 0.0668233784426622 -0.026460744688348654 -0.5336636030035862 0.13821559464704405 0.34176656486152435 -0.8065021477649295 0.39607029909836655 0.2587179757962946 -0.3733839062413012 0.52726458315744 -0.7659342286873354 -0.9927987740323194 0.7080014120739256 -0.7288831421510767 -0.45788228590402974 0.5728072179047501
-0.6480000659138794 -0.2058957839710428 -0.34223430334074395 0.26123842044754847 0.3239459147721631 -0.5828922197454569 0.07022471591592395 0.0389718286255352 -0.41660056767458903 -0.4664502201619065 0.9908493757809613 0.6460109898481416 -0.6563801689849433 -0.5502829334824895 -1.0004753906375037 0.15410880364378615 -0.43173880931280356 -0.0771989499012131 -1.2795053015587379 -0.6822932247418492 -1.1304333815678467 -0.43175079052818477 -0.7152106864140174 -0.34791587436132854 -0.3883240470119808 0.6651991942075022 -0.458313890847138 -0.9201989657352465
-0.9410010622426432 -0.5623369554523603 -0.5758864412957344 -0.14169288891215387 -0.8092459281950812 0.2745527342750246 0.04009491821938132 0.20486160799139796 -0.6256839668458528 -0.3013508662355363 -1.1476732543013906 0.49972508742985 -0.04015841732478959 -0.3305872555828442 0.5945866759517408 -0.7723213064302415 -0.16332537875567676 -1.1440361127390175 -0.22017743102838574 0.18684644135654171 0.08283072686782356 0.012727047935256093 0.14026498283678934 -0.7354024146482459 -0.9702012356694987 0.6656330237830487 -0.3743011368076343 -0.09959183498368286
0.9143632648067531 0.6690303701422503 -0.4340026432031692 -0.7954041821485177 -0.40693716143957304 0.26507431757669003 0.4865541046473754 0.6315304935138063 -0.2875293433161534 -0.7033367964240552 0.5933983204145612 -0.913432826570623 -0.2097392084235713 -0.4300675649720386 0.563062703394348 -0.18245144810146563 -0.9423972161201222 0.5412558219830153 -0.09447596114931371 0.1442360518195998 -0.6629324118869997 -0.24580360276889268 0.007271683974781437 1.062606552687997 -0.1387118878192436 0.2663898645586648 0.9967720901656593 0.24900068810826953
-0.5552889200607044 0.7493242397021802 -0.05949320747039132 0.16702494727544523 -0.45394967544545045 0.7653788785400181 -0.3802026685382822 0.3247863460129689 0.27987840481935095 -0.716758983831565 -0.014570755656728043 0.4826025675632353 -0.3469711830279006 0.5630601685121666 -0.8428718451814584 0.8525121994638146 0.3945347366433941 -1.0601991395208523 0.6661359805042422 -0.6790143982866513 -0.24249599136840008 -0.5524904367869989 -0.08987250738884867 -0.20734314738020332 0.47532944268200555 -0.9483291199298721 -0.6658757117807993 -0.7712778143313144
-0.967298504707302 0.37205652906300196 0.2387524181314939 -0.21861455136069358 -0.1838574949159372 -0.6500201690614612 0.45700055669400097 -1.2923050551548583 -0.31048964485976355 -0.34801406457496187 -0.942428677046039 -0.1672226678076061 0.02051072742936078 0.5813992326086731 0.9715129010992917 0.6089257508232621 0.6769793585717552 -1.074826480603424 0.33332069377759677 -0.6236857946018821 0.8695294132969638 -0.7594120405667378 -0.7841696796578215 -0.831070098016179 0.5475769969518997 0.9896752135515494 -0.24139248199221142 -0.9132826980572526
-0.4369975066207272 0.2728583554737163 -0.601309961025647 -0.5276135397047244 -0.6338812020123693 -0.8831000412517873 -0.2052830741630193 0.46740544618752455 -0.05892467012238223 -0.5021090515355848 -1.1283315749234228 0.41039743099350995 -0.35854487474998786 0.9178714661720851 0.7049683547238353 -0.40142124889511327 -0.03826757092104839 -0.09627951998387252 0.6042590037758827 0.33961537026617494 -0.7191201813433376 -0.6559494841742792 0.03182357753389962 -0.8164144810297743 -0.22985494785733296 0.14784015840146197 0.10253729228917362 -0.3812219066165607
-0.7284976080160895 -0.39383879538411143 0.6284638796518852 -0.928538540119131 -0.4345866320104148 0.23799686007945356 0.7860741620843894 -0.9427499459313862 -0.49192850840894925 0.05602878353665407 -0.9160283788645173 0.756074424574294 0.9961422095788532 0.4718520896493289 0.9095575698478207 1.0825669361396155 0.826389976764187 -0.1257498855966834 -0.27123154238388475 0.8376531339571476 0.38025074607363024 0.5394011915616823 -0.7788284565304134 -0.9591013175983544 0.9929701271896932 -0.632433162003094 -0.977368620353141 0.4333416877743334
0.15269894542106624 -0.7707703749998178 0.20038597573670563 0.8097183516129662 -0.6439126700510125 0.2814457711635347 0.3686955617327891 0.28529283043169784 0.7037349332455729 -0.12859615201743574 -0.35229780366351604 0.3778799258111202 0.7003115533981088 1.1426715203283175 0.928922691811175 -0.8139677324081466 -0.8256019311852343 -0.9300156217354718 -0.7117639533677448 -0.8844655592865236 -0.38729705233008177 0.6473414653216083 -0.7807076527779618 -0.5384137198137189 0.19463426890695532 -0.9349588882169573 0.8049917753151323 -0.9197292797095618
-0.8845 0.6540609234044473 -0.6183851680935962 0.0374044980057852 0.22789343189088693 -0.007791637149709011 -0.22278876746328694 -0.12047782436516148 -0.0647819016134307 -0.9361261523273275 -0.23652279898532455 0.09032617223923209 0.04351718336841764 0.14776385202130282 -0.26634398935512177 -0.02450370348504491 0.6600174969013559 0.8630945852156113 0.4696201865917025 0.7797288848321288 -0.511393475836888 0.22831134849164839 0.32324141024784553 1.013750841642958 -0.5044804244384509 0.6738965160670966 0.8518816441036311 0.45581883438078424
-0.9698026224994961 0.08901437334458938 0.5021089063169355 -0.2488355216799414 -0.1099121116268192 0.5078338578514547 0.2907145810767538 -0.7531087741671155 0.7391437536792755 -0.1473339107623431 0.11079164442078074 0.5062795995227842 -0.30355038519973804 0.636543523571008 -0.4955566890726771 -0.20067790971662136 -0.47622193992084294 -0.7815724604276909 0.36120951995000417 -0.4732627528547729 0.9956486116914375 0.056499109348659045 0.8054640678120873 -0.3621831592697735 0.5020455503135848 -0.705986837669205 0.8250217887734761 0.7875941815123468
-0.439 -0.9338303202293052 -0.7511960276844193 0.8011681881475738 -0.4110704844343394 0.016598916976468495 -0.32019035001453194 0.6628119209457874 0.17873343268596398 1.2597338360153727 -0.12283880072978885 -0.17874313302660894 -0.3710793681384899 0.8947705647415598 0.6855479370184724 0.5937670783429051 0.5055933927165678 0.412644532674211 0.6250202025911306 -0.10384951381700126 0.8732989920477275 1.2152440199645047 -0.6351048510515627 -0.007172388695231086 0.410550366278027 -0.831308877542961 0.1303468536026465 -0.07964767401368979
0.9002 -0.3620408516611072 0.6166923681119002 -0.47568926005409856 0.015603200193590863 0.7811816767396845 -0.047134539393675276 0.6223432798862198 0.7616928774552018 -0.6347725709201805 0.2886001252196322 -0.12811001231014424 0.5489177558369005 -0.43877071729137684 -0.14468520287546516 0.35813001477017536 -0.3463401832567039 -0.30454161265601226 -0.5903259534138966 0.45642989116612875 0.7644690498784038 -0.024968390848188922 -0.7423358479592616 0.39376269755565885 0.7070826534916964 0.8592450792966809 -0.5564240451814626 -0.5601017859601743
-0.977400053921903 -0.5716473688755285 -0.2143125190940141 0.5826958577889992 0.5861439691351595 -0.5370503516097892 0.37355508515200175 -0.22837895384257673 -0.15521141648987935 0.7314619764310104 0.7126174940442953 -0.3790781557606863 0.8692998605366098 0.04672982948135822 -0.06857487175740154 -0.058772414089050005 0.49006711927363106 0.777625230344388 -0.33695451269261584 0.5796475831995529 0.4214665303004062 0.0891749945274674 -0.705756937839789 0.5806192932642333 0.05199904590343566 0.5785908182026215 -0.4394969977990215 0.5424978837411699
0.03999994775375784 0.012187110603290502 -0.9270000823210072 -0.6268155753355028 0.9253410907035284 0.4516929369499422 0.7685991027942376 0.9139769294704664 0.23236282710747963 0.632147099133831 -0.5282753786562623 -0.5143200910541234 -0.3732065932186373 -0.7028905230735394 0.6262097045618132 0.17311969113634668 0.8360763544133047 0.10437272244556252 0.05851230791426816 -0.3668218739000377 -0.6987488325072727 0.7925275091042494 0.8271326477692196 0.4243790769371911 0.4622269321023643 -0.3899857562855452 0.7918755978310147 0.2750960913571379
-0.3325 -0.2546 -0.37904301107138655 -0.8142162861635401 0.6575708297913463 -0.7251255819215161 -0.029573230814052647 -0.6770777958889675 0.7757321248949135 -0.6926482497825126 0.6475323297055346 0.36899532748544805 0.23873387876919794 -0.10824937129432749 0.22187345023486799 -0.8994440720856366 0.667899373459558 -0.2909663591817776 -0.6296745838131007 -0.632729072781212 -0.692743591113102 0.9271067376499227 -0.2917463743521298 -0.34867991985022356 -0.48323643968606933 0.5669059010086942 0.22949355116265 -0.3749
-0.5606 -0.2573 -0.11550519342357125 -0.17639763764713634 -0.23775045338970363 0.6163282241234392 0.40702007556054354 0.7754604724241714 0.11884345081909042 0.49814299037397364 0.31074527714458294 -0.825249474703304 -0.4462598501045912 0.7824101304225413 -0.3848235046685594 0.6358279204177634 -0.455933527799553 0.14917494854094257 0.3293832708831456 -0.8981773575327153 -0.6883429933870024 0.7019429659005632 -0.38404197965962605 -0.15516728784987668 0.4372183164134222 -0.36213049313187756 -0.7805186229488363 0.884
-0.7729 0.6955 0.23872819393094086 0.7879931234490661 -0.5843810747693932 0.13980759087828193 -0.9105825249761402 0.6041968767664125 -0.4227654565875712 0.6677968502238701 0.1232163061161414 -0.7954069761428011 0.9920402985765673 -0.32847658101612887 -0.8616236107868189 0.47330512883966497 -0.8182612739262046 0.3413877481735341 0.3075840418669842 0.34014304698285963 -0.5809928191085276 -0.9854837588040958 -0.09052177440720233 0.006409131969698313 -0.7416973285546995 -0.3961649184179415 0.8706856461827122 0.6142
0.5718 -0.7552 -0.6481 -0.40976212706639364 -0.01705459676332321 0.8318989260833765 -0.2581387466811839 0.3736581372273462 0.5154229284674037 -0.6115787372881806 -0.5949270984494364 -0.6125506265387722 -0.2499815708391608 0.23796992634944691 0.6910932693891538 0.6826250324710978 0.1349795748841438 0.7812143001983283 -0.2292377615823717 -0.30977848038751005 0.18226324329386265 -0.05938009506469352 -0.0007064960136307288 0.6284695048756354 -0.33590000012649535 -0.25740019261295505 0.1676 -0.014
-0.3835 -0.7264 -0.4999 -0.0595 0.4352936082549843 -0.35719624612772194 -0.9918723829621604 -0.021345771183253925 -0.4339818249800758 -0.9937188599430541 0.8005653696017929 -0.04979181310963047 0.5066864851498639 0.5049617013341953 0.7069463236771482 0.199641230580632 0.07799836627242614 0.15046506202236207 -0.6263379781541033 0.19832537739676062 -0.2769996363609208 0.3941456263924109 0.3868647492197907 -0.13824865404010178 -0.6503 -0.2848 -0.406 0.9488
0.6745 0.6247 -0.6356 -0.2646 -0.2369 -0.3369 -0.6505 -0.2731 -0.0854 -0.8379 -0.3966 0.8498 -0.0074017367979289815 -0.5075038056423139 -0.1601000028430956 -0.21820000011847632 0.8919 0.4524 0.5757 0.059 0.503 0.0396 0.7609 0.8408 -0.1089 -0.5022 0.9815 0.4641
0.1882 -0.4725 -0.2387 -0.1273 0.20140000128742758 -0.6798999971381843 -0.784580811682583 0.6356524740865453 0.5956797192980534 0.22967458647289618 0.9756003789906861 -0.07156827954918225 -0.013778098386708829 -0.524808990391313 0.35774965627845146 0.2887765214554831 -0.9884065437966483 -0.803102388770065 -0.6964855071200088 0.8067537167827309 0.673469321894471 0.8923596145519175 -0.028999470566790246 0.6435997451812921 -0.8504 0.0595 0.9943 0.155
0.0939 -0.7643 0.32049318180195163 0.6738445421221824 -0.4588860050922231 0.1449743553348816 0.8258059303700696 0.07616324482968277 -0.9106007911275781 0.02892085405545452 0.09449498736692317 -0.40927270963357026 0.22852693884537031 -0.7901526079341955 -0.24593018978625936 -0.8452673343711985 -0.6612752816631206 -0.882472238840965 0.8051112939354662 -0.7450535591187619 0.1440753244389136 -0.16151039488285532 -0.0974151137254212 -0.15145261617328137 -0.16520987381409558 0.7181390266939348 -0.5357 -0.4681
-0.3564 -0.3495 0.43058513297149587 -0.4384859150648769 -0.8738145289619209 0.5258599439314229 -0.8356515295766965 -0.17529465891817494 0.3623172234351397 -0.9501064630117297 0.7662067161085975 0.6711977194233278 -0.9082484787415038 -0.3381290051479067 0.3735591836784579 -0.7619653479022027 -0.00487830039306546 -0.44554172150407106 -0.40292587809481034 0.32800713654814995 -0.9102053932799312 0.12063622542963247 -0.6065648954933699 -0.1990975156486467 0.30192027506675995 -0.1569948723006295 0.6907866483631957 0.2342
-0.2174 0.7099999686662243 0.9488960023447464 -0.011068811173844567 -0.2678100452461724 0.5357256233409825 -0.7834958715178777 -0.37137987560515423 -0.6602286234833458 0.8539082142801908 -0.05077144561891015 -0.11873626872767766 -0.529424003588171 -0.004817711249985774 -0.2457950036777122 -1.0888558490902178 0.4469751949944668 0.5479501570188595 -0.8916240550538692 -0.6601542459950965 -0.9829904543472421 0.9262636707524357 -0.551748804208653 -0.9163477423744752 0.10564229555390046 0.4394345070384223 -0.8878116899217344 -0.8225446560109163
-0.897 0.0248 0.9269099478371248 -0.36759573194173106 0.8484832649698961 0.20398837886204257 0.4491422403883236 0.3169096851983164 -0.724363177030834 -0.7978260130762191 -0.7308277340036597 -0.11166533242613746 -0.016023119906885774 0.7496349711523462 -0.1857016246357599 -0.6459524118495987 -0.1881438653613306 -0.48659684867143177 -1.1007053866707592 -0.7101421679468166 0.3165604146547506 -0.4420809959416882 -0.516025879346863 -0.17259517393764776 0.2297442241584815 -0.7206974516579048 0.6737846846264256 -0.22048420415537592
0.6636 -0.21220007679972794 -0.24059744101540706 0.9553320519503948 0.47058751382324937 0.6095139509155794 0.9408160867885438 -0.1475552534362867 -0.08274544581322427 -0.19963801638150336 -1.1364431259567997 -0.30635705127443646 -1.0381789657856784 0.6010171212980597 -0.15051331601792442 0.08236030180570741 0.3078758455081553 -0.4202371669660911 -0.39789198786404256 0.38928929101781723 0.38353722271952034 0.13832175091109616 0.31329611214433867 -0.02777432907369629 0.4442683164144512 -0.06129750858050826 0.41683977862923166 -0.3797116065449452
0.8080991346557034 -0.8161083155102901 0.051527755338494775 -0.2650292041989367 -0.38279509287138036 -0.7407436271392099 0.500358005867223 -0.6763301330361345 -0.3217161781770582 0.5760136187225309 0.5550367041330652 -0.6232977447678927 -0.9028975262320676 -0.9902680910513205 0.6357735788075675 -0.09599755434713082 0.3681260487678702 -0.7091050975603953 0.7305738266108637 0.3322769891253746 -0.746735647642721 -0.09334256384920096 0.5369008981166784 0.4128297843540556 0.8871490804269638 -0.4247918283831157 -0.9266359562706135 -0.4952009171008945
0.3466964832182413 -0.42179356856500616 -0.4182801600369094 0.6143731308709313 -0.9737893055535981 0.7093132820630969 -0.1874795196604495 0.2574386662944785 -0.5836631290041379 -0.29890147758378915 -0.5834016124824264 0.4283018111825083 0.20163925297596727 -0.1438634372234505 0.5323737480383866 0.2848000780996148 0.08523336789548437 0.7100951669440548 0.42815878229985893 0.09297258446629951 -0.08348282430661644 0.7468966909200659 0.8060641296281712 0.9269829784378807 -0.6583745857674385 0.22961386621988134 0.157566418544988 0.8953626325198886
-0.46030057094881416 -0.365853877163182 -0.33110851080459375 0.37679932918344516 0.16218750018175435 -0.6380267830693356 -0.5811633717517551 -0.3327998879857552 -0.9308550558548069 -0.16638650108363104 -0.04276233554200025 -0.09196261693823712 -0.49075579464081176 0.7654711325367511 0.970162051777484 0.6136488933723092 -0.3007778548802708 -0.7940029384468612 0.29518947539916285 -0.11196783050529653 -0.8304896762829117 0.3915665969121114 0.31308613671842545 -0.6202845421972423 0.36206792109313074 -0.38873776125270343 -0.539984572067257 0.45380421851718905
-0.04180004151522281 -0.7672888429999306 -0.7864601854334196 -0.2636852521992049 -0.5335330936186752 -1.02674907539086 -0.9658559966454834 -0.5932333950104227 0.3300686709524087 -0.9346311495751862 -0.8979690975067619 0.474215908035444 -0.19661508926309357 0.02364388788350654 0.7585609691084231 0.49467184973216205 0.06916397629278617 0.8582453860061036 0.722926357228673 -0.5075530249278607 0.8639046956161527 0.47305026584015347 0.17440662381949254 0.45473745152677486 0.35426096671075097 -0.28464961462241267 0.08714089881379374 0.4904357222053134
0.03699464787463277 0.31371333274968805 -0.3943812340153952 0.2542369636181526 0.17437794993320313 -0.8189467526706319 -0.443274219794951 -0.1326864322303013 -0.5952691621557232 -0.6142972152986609 -0.6431638295027625 0.4442056177008947 0.17086303675174866 -0.545903070510799 -0.4268575072313666 0.7781074722804571 0.5592207420830816 -0.7681922722863676 0.03116526527967731 -0.5735975163822238 -0.7414944109522885 -0.664597737987866 0.21911687813934902 0.10375958452876363 -0.7198291299798824 0.8555893650577057 -0.4246491124102757 -0.5134767853999023
-0.7015365787225163 0.18434735100461572 0.019750820288077443 -0.5764603193646917 -0.5161126938910197 0.03955371956415272 0.8365458812748781 0.5342991921461676 0.5270311934807749 -0.3232270568263107 -0.12107420138232802 0.6348992593260921 -0.09389901048403833 -0.38172013022070744 0.9720672828989511 0.6906335499274832 0.9780002739397149 0.4359655853126456 -0.35294456350569253 -0.9091881537889065 -1.01501947553269 -1.0352277807034915 -0.24170289880011384 0.5763455257721366 0.1807102749606758 0.05375667625119666 0.9976026632839299 0.7357693141788463
-0.9275994393609747 -0.8990208503372318 0.40102941724277447 0.7617527706545714 -0.9813752076199458 0.36531138731015517 -0.11507832410317387 0.1365255557488497 0.60788768127413 0.6436255611216362 0.6997815682276843 0.4713883485654121 -0.5500859324797377 -0.09994652729589307 -0.15473739529460706 -0.8766199618945453 0.19706330162317992 0.10943722987521433 -0.8575675325425499 0.04502705722558369 0.5327432589881671 -0.7226677278505712 -0.1400657392611354 0.874399387283355 -0.7049853599968793 -0.7610513399540668 0.4765402293173253 0.6551681707543274
-0.16699280845081763 0.804425388382734 -0.07184636676995736 0.010346984035052333 -0.7247526465643895 -0.26338976331903075 0.47328274136975657 0.5590617234025359 0.6660306055419721 -0.025920146032992038 -0.48553235767265734 0.4126758494983724 -0.24945164084255902 0.0640858625012685 -0.8283873218410021 0.2996952640765486 -0.4003260534584571 0.4417100671700512 -0.7297922563613984 -0.9419964801908933 -1.0746689182722906 -0.5564949745262616 0.2991004678145969 -0.9676043521311957 0.07557190979025351 -0.770737314827856 -0.012832767115742242 0.021693502451477397
-0.33049781965851355 -0.3377000060475268 0.4669570900613865 -0.9338823342396263 0.428897281202678 -0.8611757136563793 -0.03376717162921656 0.924060475811357 -0.2075292113067953 0.880244630773622 -0.1969254675066456 -0.30111203488490723 0.5359055643196144 -0.29575732956455447 0.4033836978919251 0.6490314876249693 -0.01771734917688586 0.5350578539702566 -0.02570198607799145 -0.6278361778017503 -0.8967948703224677 0.4134148325175222 -0.6322409107524315 -0.4004751796183317 0.5351035549043776 0.4860869334024499 0.046201514541929764 0.12329139755854787
0.3579990035802367 0.5576116527123877 -0.5982262915293799 0.10675522164323238 -0.5052741682619859 -0.8269741440274363 -0.5656193801747278 -0.6789839672434538 -0.4256220348799253 0.5201130514633332 -0.10886449434251949 -0.08312762724289717 -0.5782265471801312 0.07546039135190077 -0.717671695353019 0.035310126553582614 -0.22795683109503007 -0.6644349691680785 -0.958058664896009 0.22268464147868253 0.36044768808207484 0.6322034385063519 0.3069627030443554 0.4717838913253635 0.7529290650639231 -0.9909079038941669 0.3054888268364289 -0.13231502213972
-0.3434 0.15472448958407406 -0.16736914898057656 -0.5030223399428734 -0.40479408757122004 0.0267883705684373 0.9843866418483886 0.638077905204045 0.3881790878984732 -0.643811473640407 0.026821057199672548 -0.5960057693935553 -0.3613522676598591 -0.10590199523691568 0.7263862980283675 0.14030699035592148 0.925987963534685 0.5121295265878676 -0.9564416203795979 -1.0509465904032762 -0.9387375888987929 -1.077262623879287 -0.9616029332238056 0.810120554259086 -0.6894675022618362 0.5064151694743589 -0.8548735064827423 -0.46127318006738804
0.437604537617214 -0.6740951507576954 0.6813197859086314 -0.6335919117320363 -0.7974961487085125 -0.3910419569182757 0.44102951933185025 -0.4464671330921183 0.11975152508645391 -0.9595163906087903 -1.0383462057353094 -0.32416853418255676 -0.4305537426484403 1.1257579303946905 -0.09245596055627164 0.5899948792979167 0.045086352023938694 -0.11579324917305553 0.041031141347616325 0.7517979254160727 0.09113441434365337 0.5967718688319862 0.839361169386185 0.42226350352083714 0.3296560793253688 -0.0680633846773628 0.15554650103419032 0.5999987477799645
0.7125 -0.4555924718388378 0.5118434948118672 -0.8485117228325773 0.5329669578872783 0.21594947809435305 -0.8922749293204721 0.4858109429062602 -0.4303366411340989 0.816599323892566 0.4610076169329407 -0.008370437874069242 -0.01528766810442083 -0.5972298868782002 0.682472678764831 0.654611653820154 -0.10141823796935447 0.3293955301689944 -0.5615201657479946 -1.074306224504667 -0.10947394099771332 -1.1172212980277965 0.21466249224967301 -0.1965584344226727 -0.9148297048537445 -0.9677460215688013 -0.05321937305198315 0.0626502021641315
-0.1814 0.14645653304748898 0.4661954621463102 0.1203003068456167 -0.3951316013627328 0.26168901691896596 -0.793497589316267 0.7737476114319519 0.011394318551953702 -0.8464371128099507 -0.4948244167995134 0.3937186757871486 -0.7222924276186369 -0.34332511508202523 -0.5648128897314174 0.610010220905393 0.613580651092924 -0.22085609065427522 0.27052337263976944 0.2796780979145627 0.5885098349553474 0.29857149969324226 -0.5218649960696206 0.9949811536563955 -0.14858059367327808 0.6411606517890621 0.6411604002741709 -0.9185996772169757
0.26120633203398885 -0.8460536976563825 -0.8579415787748815 -0.7118272729822452 0.31548328949427484 -1.0228689971168514 -0.3516034295723111 0.7356399736471019 -0.06071366867113635 0.6199760611709174 0.43886566452073666 -0.6460686233316181 0.2731411546933533 -0.8470549811369126 0.5480863719997248 -0.6648718468462768 0.2556387055044207 0.6097990853950885 -0.6247953614219877 0.07001483914228167 0.7447427071179443 0.11334488812134251 0.07278243999362378 0.13510701208891399 -0.7247674988479627 0.11573288803382623 -0.32220159077563615 0.5147000065419863
-0.6897938647383821 -0.24290087515030545 0.4225120268556982 0.07422053163753754 -0.5794592445204423 -0.5528274187562953 0.22317786722336072 0.22562228921506491 0.28164304013163016 0.10043727308245508 -0.08861000634828756 0.3255572262461476 -0.4475587853839252 -0.36082099731063927 0.05547841598719297 -1.246647440132997 -0.9003244057038966 -0.17146483421871084 0.1882304354466452 -0.7974748960268571 0.6306808267824867 -1.002026236860109 0.13067620267876193 0.40992961033348657 0.8353214663110412 -0.2654110358922127 -0.975114716171931 0.2560000120827791
0.7329 0.2188 -0.24795511061356812 -0.1879003763548464 0.38166457734004244 0.3543298771834792 -0.5134853714328466 -0.8382531324777478 -0.34589209867718607 0.9294862501605912 -0.6093837455456095 -0.6732757743229215 -0.047522354104464294 -0.9334684492380034 -0.7282203948306039 -1.1290457579621045 0.5812453606542428 -0.7142184355319855 -0.6744770262433161 0.6501486212982084 -0.17690283908591573 -0.3746761242517718 -0.898960284708559 -0.15656774907036422 -0.3771030166163414 0.8705140585543071 0.556505668667825 0.1876
-0.0379 0.8209 -0.9005178428413193 0.5752955163060606 -0.7593426105016741 -0.23257363467218037 -0.6343458913539214 -0.07581497150180669 0.4180875138609834 -0.6587569881432273 0.9449215312716338 -0.4764680489265474 -0.4399931788512802 0.4735565574676474 -0.22574573274717627 -0.6543580860766186 -0.6875177061279413 0.9479029076306403 -0.08775302994188346 -0.4711678329024251 -0.6475404954827969 -0.3871621183436347 0.4460580137749114 -0.4964765233346727 -0.8382551441284896 0.7086946946856064 -0.7382534849014762 0.0282
0.3761 0.9442 -0.11199420933254572 -0.9360742934914191 -0.13474239855880066 0.6684697119126813 0.6279529007931306 -0.7226285217502612 -0.6495035520809391 0.973132427581655 -0.6460746368612864 -0.6218380882517786 -0.09194722555616282 0.0699034640384772 0.39748505378679444 0.6409951087162478 0.8434735561858911 -0.8636350132459419 0.10738007042528543 0.6691326372026154 -0.736600119480187 0.04369466803045267 -0.23562619184741632 0.3903339960728482 -0.5652124715283657 0.49966884547085566 -0.4329505753824312 0.2131
-0.1564 -0.358 -0.1176 0.4371033262604876 0.2907117884943244 -0.13313229190405915 0.8850172492830554 -0.031148652969198297 -0.48292641335493675 0.5038732852087053 0.1653530686775577 -0.3878590435306993 0.47568270878011415 -0.16172482069712363 0.34350184689308644 0.23597562113822118 -0.6166747015731179 0.5778190515839243 0.3793876424063139 -0.8557923287387579 0.7087242712921673 0.25310554094286825 0.9816110985793634 -0.6372055716983707 -0.8661999945735658 0.1472028868074863 0.3805 -0.9338
0.6919 -0.9343 0.017 -0.9899 -0.39718654746001375 -0.21904697202357687 0.3424988599763616 -0.5541114779883924 -0.6579577458751293 0.5142018420575124 -0.35839558011617123 -0.0517982376352598 -0.38992583025204286 -0.2906502642078489 0.8373115553409591 -0.1701349113814941 0.39836905278788126 0.2931949918823568 0.6880246181847911 -0.01866597459799061 0.29784979108695786 0.6577203323513706 -0.4097953337338918 0.599199478796261 -0.6109 -0.0286 0.2001 0.9928
-0.6834 -0.4243 -0.6769 0.7132 -0.1632 -0.7428 0.2898 -0.5066 0.4216 0.3308 -0.9987 0.9987 0.9808396268775423 0.501546806040023 0.6437977488894844 0.758399906192656 0.0219 -0.3409 0.5102 -0.2867 -0.1009 -0.5022 -0.8281 0.3148 -0.7566 0.682 -0.2903 0.9502
0.7467 0.4253 0.0391 -0.4166 0.677900001728103 -0.9893999949247172 -0.48780006405495013 -0.6336220983004298 -0.816472552697276 0.8622996769368589 -0.22145712925041172 0.8365432790937549 0.3909422984540924 -0.6464759872170461 -0.6701719522244818 -0.8429053591469946 -0.8591918409180257 -0.339668120073398 -0.6888965664142123 0.9225211309384171 -0.6850988468079315 0.3403992771129918 0.369371333930638 -0.5281531489903205 0.0744 -0.3543 -0.0914 -0.9224
0.3174 0.3613 -0.677200016663254 0.08483156946494694 -0.446898108256491 0.6022872188990464 -0.19580800262390163 -0.001595809854847036 -0.11488481951144314 0.8295308753597858 0.011738533581554427 -0.2359705526366997 -0.1899505598540397 -0.3420224884220808 0.27380046182125595 0.9726294151717894 -0.5115630935234884 -0.17800042967672994 -0.35641973069323285 -0.7171114946855778 -0.7142632249512306 -0.6187710359674429 -0.584500976097739 0.7403495120689574 -0.38258266609012515 -0.1817077070639266 0.747 0.3921
0.7484 -0.3507 0.35559926512988366 -0.4227158702906121 0.6627265953159733 0.4962164848442209 -0.6621517910882095 -0.9228346000304901 0.26457218213582767 0.41556217235634535 -0.44585752986994165 -0.04086676586584128 0.9268171265363848 0.16875609099021643 -0.06273707206467075 0.16562733846122973 -0.2121970997342334 0.5058608771540708 -0.998971360028734 -0.9665918632412683 0.1876714332768019 0.865552612033394 -0.6328439041532005 -0.25943921820003857 0.021729539358213958 -0.7603714615615109 -0.6250794762324898 0.1401
-0.2066 0.10289874204670973 0.17578401758460044 -0.7333047504981373 0.16003759709780727 0.40656572886329095 -0.9343033479923897 -0.6723653565928629 0.3510481133838283 0.931176309508769 -0.8402614345724287 0.8144753832909991 0.5716909787884593 -1.0283851694226378 0.5988188268701811 0.28256753573760723 0.5529333992029994 -0.1717346085766953 0.9295324278919035 -0.09381332541541365 -0.27686569706702213 -0.44794250214687714 0.2593669177958386 0.8184536277280923 0.9322273787673239 -0.6998472090404221 0.39078153366897367 -0.4081031828770511
0.3 0.7044 0.376703939567862 0.07732852936079568 -0.504345295706798 -0.46917687381514617 -0.7314677939988877 -0.27528048929801824 0.2315390573658207 0.19742715963866234 0.4984177462160976 0.1938734285604049 0.38651968593662545 -0.2824716991490464 0.19806164344450908 -0.07312899305953541 -0.7203551580019724 -0.894567858427218 0.8003221477761331 0.38900279226916046 -0.2784556721212002 0.09509377196321439 0.5893890391542398 0.8155610022002129 0.6749025482597193 -0.26471837828735995 -0.4794193679131469 0.9259907654153956
-0.0873 -0.017300008514838153 0.8609060201537247 -0.5594028947823563 0.20540286345642528 0.06091135831412183 -0.3716481024492956 0.23108087215884077 0.19439718091323946 -0.9771098785824673 0.17462222776637987 0.6778574908219652 -0.11658665251539198 -0.17888043163105755 -0.35694852391047505 -0.921751523259846 0.04969763777821339 0.11299484891901039 -0.7028793716599977 0.5917783882257569 0.4798355197379893 -0.914396654784902 -0.009357327796632866 0.36605125901218427 0.2383055604226136 0.014337535194726553 -0.35551226907482375 -0.28782392374344307
0.2142993669229431 -0.994885270289876 -0.9781167199793313 -0.0050166964707143635 -0.12150887748417755 -0.6318992062287851 -0.225059568680701 -1.0328623095340674 0.08813307642482057 -0.7780032835739636 -0.6543144103421152 -0.14982786630700956 0.8046843183869172 -0.593106580585004 -0.6766479879063257 -0.19300622443180765 -0.575465247647264 0.8594938147312028 -0.9157409661245527 0.13068135208032985 -0.8688733013280658 0.45106909740009676 -0.26226349532650617 0.8402820354938603 -0.32207655149767744 -0.7174526394197226 -0.8119117842981206 -0.04965754068767529
0.5446974271583527 0.13053394779129607 -0.6484711439683534 -0.11029227319692084 -0.2128900672903783 0.20419759177785765 0.7444167755622138 -0.3709665242675589 -0.4229584151794753 -0.15471508246499624 0.43921567623475294 0.6182800449983481 -0.015519735494336063 0.4710907166114457 -0.04064117266936128 0.5717558570748963 -0.8787140353569669 -0.4550397010827753 0.2737644840452569 0.5185820825802168 1.0220112752417798 0.8390219102737385 0.559032670621893 0.8244615513264925 0.16852781284539836 1.0252917824041534 -0.6549278807610883 -0.9746061219847612
0.45089958229967386 0.7078792996803696 0.35283425361190757 0.9704892417685926 -0.860634934972664 -0.08614954608731383 0.6600671038297183 -0.6400552465367405 0.40391162262492164 -0.5275645862531433 -0.38704963643103163 -0.8910236153314074 -0.12120028153665384 -1.0735436490032682 0.5089170726060657 0.5961728673655553 0.4047430371396011 0.12504984915922127 -0.6166415678679543 0.24194715332569117 -5.9898310024403795e-05 -0.0689963290959658 0.4478991090477876 -0.8684202171725519 0.16588451378350966 -0.48840422607989625 -0.607321053267741 0.2999302466799148
0.35619741571188185 -0.781287284786352 0.6366580232262531 0.7326787549299283 0.927179177384995 0.4683908234526823 0.12541419993839764 -1.0272857071142847 -0.20134321644383574 0.07142682943932889 -0.33068927651080365 0.49146712795527353 0.3800323495275783 0.11225001146029086 0.21987622149481234 0.07326730072582578 0.9397075552649459 -0.7274054823868844 -0.1383625425702336 0.8123597817956357 0.06553539327525919 0.7634660285726578 0.04316223055362079 -0.5948664376585429 -0.700937474905247 0.33141450365317826 -0.29783538448594754 0.637087736988122
0.46616742805643646 0.8887577102410554 -0.033590994949215816 -0.27576598734792723 0.6945831862001718 -0.5687089483699642 -0.6641415679116639 -0.5443114406550799 0.6918560125310029 -0.956610757895239 -0.468086162015049 -0.597379983619215 -0.15784567209669215 -0.8601405210613475 -0.5580213248263648 0.017447823909007183 0.5544295246556468 0.7864164442347097 -0.1695555630619172 -0.4541377162786727 -0.944074567923786 0.16474990391876965 -0.6806952792192515 -0.9387075148685826 0.951826524878856 -0.27967317813077536 1.00321772182055 -0.8235957633142929
-0.9407008619180559 -0.05150382478133498 0.4243333897602805 -0.9536916083705393 -0.40454976109689456 -0.8818118203211993 -0.2880307956522961 0.7471445956615611 -0.9102302439398705 0.20011785192350184 -0.8502623185086804 -0.4055126524165124 -0.7404729336092359 0.6801333423664055 -0.0284317657498266 -0.7757134195765967 -0.28590376544082874 -0.8475136783192718 0.07606158642720695 -0.4568925214733193 0.10543058655432135 -0.22301292638363931 -0.5743151714436243 -0.603163697432724 0.08366027181320594 -0.8933641396201004 0.19136395947031412 0.732932043980731
-0.1649991727163316 -0.759845757983064 0.08811522340128128 -0.5606323001505749 -0.8306503696515561 -0.9055342690306285 0.571488615584648 -0.7741733755618311 0.9455016749698243 0.8899119221097048 0.8542149557552138 0.5343679421370437 -0.926017641412943 0.1264196364761802 0.67816858888814 0.18067235336220344 -0.28670396678358 -0.14268275742917863 0.25867787451581126 -0.362768146939037 0.6992170126384323 0.2552001160253058 0.32469969205076415 -0.6662629248297414 -0.6972282273036299 -0.1890858089424191 -0.8511540450729861 -0.04753467496232189
-0.22459793321867086 -0.5869420208845081 0.12822357763865416 -0.6115303104058708 0.16545087537828962 -0.19202447316074855 -0.30267005853276147 -0.17970334029587157 0.5337338468986188 -0.8255098375907182 -0.6249362616938674 0.6160196055047374 -0.6369876012452521 0.4862693026730159 0.015383721056097976 -0.12425270603578394 -0.07156407270057726 -1.0482154382243034 -0.060467784653602 0.7121308365755749 -0.5963727615514008 0.0731934072942284 0.12202926547358256 0.01546243683490745 0.6169089975921588 0.9358500952604929 0.6665399844472244 0.669948530021803
-0.9165005961166136 0.5904058596381957 0.8598307823577862 0.2273452057283842 0.38749884747622115 -0.1263529038640821 0.9310323910716772 0.1429745983890317 0.3839782261304008 -0.8988409067734014 0.08130399276313018 0.3976198787797299 -0.5740939268567763 0.36379349687772894 -0.3437926953942383 0.9578093237555863 -0.8524380099005173 0.2938416387361142 -0.8354867898911273 -0.5696351503183789 0.786796489516831 0.5382206795839886 -0.42325577127412256 -0.28045357303972185 0.636971963902135 0.6573608576989957 0.3888301849117165 0.7000534428426228
0.8054927374335262 -0.2391298509404755 0.48757589985720995 0.545447629160541 -0.13699280801578967 0.4683009215601017 -0.6452263193080542 -0.01464507689938916 0.20278951607215123 0.24417837912795637 -0.22120466935081692 0.5553323044745848 0.7367064334062441 0.03228988767182677 0.7722101716981927 -0.5165497024472774 0.3364766350818413 0.6655538355764177 0.29739417689930775 0.8653988174028371 0.895898041361929 -0.6436618859284818 -0.5450459771696079 0.5252270243076549 -0.12986491054984675 -0.22656425172395678 0.9966345406528722 -0.6920612945068452
-0.3271 0.18219482802170103 0.5540728000552283 -0.4058010591079897 0.7783566350471107 0.9215326990381751 0.4192049728896313 -0.09022917284622793 0.5318727066432349 -0.32063634920184386 -0.8537001232216275 -0.17251059641381694 -0.25118161934104366 -0.7058766737758682 -0.38847548815676064 0.35409441676791964 -0.5304252289472655 -0.2533764246631167 0.32632253769306774 0.4768627939387005 -0.2274746589366052 -0.8783117336862891 0.19956546055189622 -0.8696257176186141 0.7332337584285059 0.9288402205593794 0.2221199583199304 -0.2592605121262415
-0.08859999046973106 0.9629963010108311 -0.5031420739382473 0.6865595614916566 -0.41262224918888657 0.8216665159703957 0.3312364941008624 -0.13668448363143954 0.14139431750508322 -0.1367255969125248 0.356505096594076 -0.6303866211576161 0.039833886127619345 -0.07800758028298126 0.36637336301455004 -0.6405511645332058 -0.28866290515373616 0.0720825676299431 -0.9641979998136906 -0.18448006294459765 0.5868912706436252 -0.5740660157512674 -0.263310045003589 0.46267606945633427 -0.2152042016695429 0.7339259212725814 -0.5945163876866921 -0.09354183602751698
0.6613 0.3067361273177025 0.7057689357313534 0.1588602365599884 -0.13842466426981953 0.13599632739107054 -0.7907415171786581 -0.8964844466685067 -0.738506987295636 -0.3289138156529147 0.557483146435473 0.4750449079367628 0.10335884108125022 -0.5198929095853355 -0.26129327283605963 -0.437407726265114 -0.8208356396826405 -0.011368678183125543 0.6855088600231345 0.2984309447958566 -0.8830527133638244 0.335370277925328 0.02391800253088712 -0.26480834839646256 0.3916892979332383 -0.05054361625204735 0.010453676109177794 -0.6519772560624949
-0.4014 0.16501659265732874 0.7563708326667928 0.5039501068202906 0.943755709088306 -0.13140047640632457 0.5412404746514264 -0.61426570078215 0.5846252583206516 0.48646916411747576 -0.8900585874163932 0.03105976486134498 0.3137647063120534 -0.7925396675277043 -0.9969471264802596 0.6040523996116994 0.22003171203434885 0.2699504801298454 -0.1470264010782893 -0.4566250321080799 0.6406088414063839 0.25134352761401996 0.10305319590413842 0.27878627067233247 -0.2933865821660568 -0.4610177293916381 -0.5707736035172132 0.702503024637726
-0.2935981341003753 -0.14148973940554038 -0.15368579046485062 -0.4982424116484179 0.6477431567879064 0.2929612029633261 -0.20521663514684954 -0.4933825188426075 0.9876083006740245 -0.7763017490156001 0.21424394136702585 0.26602265061058006 -0.4234452569870187 -0.46110989132750885 -0.07905577721974326 0.2923287869961998 -0.19748947009856624 -0.21876894316829962 -0.9289805442456146 -0.17565407647229295 -0.39966277560241087 0.030395629582311925 0.6239004744986609 -0.30142992588714507 0.9285740347054362 0.9230483663062133 0.660323396932763 0.6954003819048202
0.599201807915493 -0.27030163770721627 -0.8891990859729778 0.9276251704134595 0.5179199908439485 -0.0714533492165789 0.6239220984515113 -0.8053284045457162 0.6099586971307004 -0.2284451753319511 -0.22588277918692826 0.1716632331651748 -0.2763469684192024 -1.0078150895428195 -0.08454497252030455 0.6019545612257818 0.5235845678971615 0.34888373314413523 0.7261022929603201 -0.5396885830070473 0.19449807127031193 0.3268782999519715 -0.9673102492905398 0.992400005870267 -0.375984676797623 0.49375927749380166 0.668754332867987 0.901700705362467
-0.6819 0.3745 -0.11216551511281787 0.7708438388752537 -0.10219021389887742 -0.3646241582116416 1.009150264852828 -0.08825470899482858 -0.08166171513102521 -0.35099001025937204 0.015657703426085884 0.07729257605744076 0.10297550905243225 0.5273351909258892 -0.07300191234683776 0.00921080455093044 0.7539069093258607 -0.7874378724642681 -0.7863372178683264 -0.30701251754817727 -0.0789614045908419 -0.8006048938088609 -0.34094944173208314 -0.3593301373058081 0.9423749143828508 0.24883652197147382 0.33962081712240194 -0.4207
-0.8165 -0.328 -0.361365525473707 -0.8614440307149328 -0.2388968431075693 -0.05476962111848991 0.9142377190358236 0.7746103307579043 0.21108028452523692 -0.9057454846353172 -0.8706707102233345 0.5275736480087335 -0.46122410970074873 -0.3792963210413077 -0.890859389649069 -0.06117154393531991 0.27971932778883735 0.6420799291598445 0.1417271424737363 -0.6752932488337515 0.8067441790341364 -0.9085886840517696 0.11343743945436911 -0.15844189004232279 -0.20232947045948088 0.8151813812607752 0.6651107071062249 -0.3987
-0.1968 -0.1247 0.38813605290370345 0.9390058714092068 0.8465154112957591 0.7203173529883851 0.9744576469430655 -0.324450762894859 -0.1018378511142403 0.5895461218778247 -1.0284864935780695 0.6615827879470451 -0.4365052410305779 -0.03160093205443929 -0.4468381700759976 0.209593329760269 0.7576466857842773 -0.7664778956547594 0.9445796492019107 0.6379160202748005 -0.5895349379625748 -0.059747918350987146 0.6341694885246442 -0.8532587245947993 0.5431443408178466 -0.3872630537052379 -0.9482885430463494 -0.7445
0.3198 0.0059 -0.4795 0.35487921630120745 -0.25352224787637 0.47815255824639424 0.41833238632162345 -0.21644602931016207 -0.10220682441716639 -0.5019263595716101 0.7756846188216943 0.5325381272344883 0.5774733150128843 0.16145337231996668 0.7605627149296206 0.9201351273936113 -0.5119317040172877 -0.5288811847860945 -0.9971688564777911 -0.4943154333108388 0.07876996049560972 -0.591153280893201 0.23805470747472443 0.8128716622562604 -0.03999998092758261 0.5216050894173064 0.2368 0.2642
0.239 -0.962 -0.0539 -0.464 0.5075141597503668 0.028821110901129324 -0.4058392144983694 -0.2418241498943085 -0.5202256237520277 -0.5157410495136144 -0.044013881372382775 0.8593478372487716 -0.5443024510515756 0.3855196634698724 -0.7562571077087878 -0.2485452041043798 0.06722444358508951 0.7129384311680607 -0.11732948058245217 -0.16428708976192852 -0.6947018844554577 -0.9002478187336194 -0.6039294656656506 0.4249022099947873 0.4495 -0.9188 0.462 0.716
-0.5413 -0.5193 0.8588 -0.1709 0.8145 0.9301 0.4863 -0.6514 -0.0581 -0.9937 -0.1872 0.3987 0.838300008128815 0.7284000179472275 -0.21799999983590906 -0.4268999999931621 -0.0535 -0.8577 -0.6101 0.2462 0.7108 -0.6628 -0.6923 -0.2218 -0.9147 -0.4555 -0.4241 -0.2329
-0.9478 0.0963 -0.9664 0.5477 -0.23740000005500198 0.48579999966535886 0.9043003943503377 -0.41249914380162267 0.8599048876027178 -0.25348199512084296 0.670655284308386 -0.9214366050383926 -0.5394692831075956 -0.7405725990963129 0.7602416602195743 -0.8114764063214958 0.13431733263326928 0.7307189757969815 0.31840267097838126 -0.02139819273929313 -0.2209999257267232 -0.6787999784339558 0.6406000370178493 0.10360003847706252 -0.7357 0.5446 0.3723 0.3448
0.0367 0.2673 0.42710000126856296 -0.14880000007118374 -0.830099999748655 -0.6390999996012289 0.3660004964654817 0.42373077552555133 0.11997996760576606 -0.8879275131530688 -0.6609773162471692 -0.9373976965577963 -0.08209824811811839 0.3169544611680551 -0.4163404147418182 0.007383919840128539 -0.32682083709001214 -0.3477164166660535 -0.5508380450737026 0.9829756308409535 0.7950651471019763 -0.5725823141809261 0.946001817360136 0.9682999307069794 -0.8252000916049973 -0.9274999970208546 -0.7468 0.9821
-0.6638 -0.4625 -0.5795999971645412 0.14369999993705296 0.43649971663355885 0.14300085196483528 0.22982092405945195 0.3802741162529393 0.3915881486766081 0.4744406487596954 -0.44249650354083614 -0.841696867155681 0.8220233358360929 0.7495476211286303 -0.8643471154407105 -0.7435980424347974 0.4789992359180879 0.1629800386472839 0.7791642265406878 -0.07599939581634074 -0.41027013691171005 -0.04408562136892134 0.839524911589958 0.9948038924710222 -0.42499921682484487 -0.4499993886951296 -0.511999913704846 -0.3899
-0.9731 0.5252999995726836 0.028900004568855355 -0.5903304126356217 0.2008740165157234 -0.07430685009613214 -0.4657853334904119 0.320742205841582 0.03105904914594104 0.806908885589457 -0.6336717559477305 0.7207083383091335 -0.8280501633606643 0.47825820731927576 -0.30789786307127254 0.24935805785965834 -0.6731877183291903 -0.013915615786362823 -0.3346298419774777 -0.4380329987075525 0.5412365802291281 0.4264107333696159 0.40035361275210263 0.15214163233576303 0.18386919279391548 -0.7957378937175569 -0.7294098733337826 0.12738900947213172
-0.5045 -0.8792 -0.7516054983965073 0.1260875104904705 -0.9447906909497215 0.47943505613306225 -0.11363303492514135 0.8570023388464485 -0.1575045819804407 0.5238490402252038 0.9889627318710356 0.1930848443985445 -0.6039064564342737 -0.5264709119233413 -0.32513780303035117 0.7734854945056999 0.40210051702793453 0.17907205823263708 -0.9060271533498859 0.6389890976081054 -0.34351350054669844 -0.8517866531231985 0.5647422920244697 0.2755014862368536 -0.8989694898581961 0.22384503335123263 -0.5202000389447115 -0.9095129632260809
-0.9417 -0.26300000152812525 0.2397756193496573 -0.2536363491707369 -0.3276837283783963 -0.29153447262305704 -0.35836636085848267 0.3411062071833331 -0.4904808775304576 -0.505652182228939 0.22911921835637905 0.643538507548669 -0.8044398448427089 -0.2559466595151736 0.5627612361583125 0.3149601020629065 0.20439546352333876 -0.7623618925303576 -0.3416569112128588 -0.23706187725682953 -0.6682287391569467 -0.14745852537796716 -0.5190728495623489 0.1901378688588626 0.3069437254092969 -0.81965214576557 0.5496822408151935 0.5282289682894163
-0.12450000032742108 -0.542301924950661 -0.02758889172888405 -0.9160262155756522 0.7428372060396465 0.35393988771269325 -0.7302703173589558 -0.6173091933898057 0.14563230470813082 0.48028376411531004 0.42434986473968817 -0.12500073668657158 -0.47628711816117825 0.4780840178769948 0.1447663591829399 0.4828549535030342 0.578402942860948 0.010944418572113689 0.09093229172677998 0.18704264207045457 0.7060691754854762 -0.7398240592859989 0.20475947031847594 -0.35307941038356905 -0.12155521542611235 0.39180703387967847 0.1928908110475771 0.18912124233883307
-0.9804000013306478 0.435792903614043 -0.5768002059099131 0.2529729420345375 0.8196459706520177 -0.5372348532345858 0.855300631933129 0.18472872356267603 0.541912947474558 -0.7645908970334173 0.25200665446110204 0.12471501627982977 0.6835673242445196 0.00041461142494478585 0.27380993193665504 -0.21242442847584642 -0.6319082650096468 0.7194072901373804 -0.13050535677692662 0.04363928688315047 -0.5977573311925877 0.23880630651512103 0.9249243412768056 -0.816869113062253 -0.3998134796582699 -0.059653037198939184 -0.44800488230227464 0.18907217631693873
-0.5834000002160304 -0.22131392599538435 0.6347318593423665 -0.49768783838986064 -0.35333373412898156 0.9570665547597637 -0.8990443433352112 -0.6821518040154002 -0.08127568439000954 0.9566990877902026 -0.08324685079336432 0.39410195492541505 -0.03206891809471163 -0.37787640372462444 -0.12296058439750059 0.0786005753476375 0.44010342675740965 0.9121871292075695 0.21843175504470222 0.8701281059180405 0.5353759543396407 0.8584802240831501 0.4485779078892751 0.38634162738938804 -0.1605510804518344 -0.7828578826101632 -0.6557979478056162 -0.7767808627539241
0.3480998108863143 -0.07041360475613975 -0.5913315943708011 0.4141845549935659 0.9606891077363017 -0.21633649408171718 -0.9053892218730037 -0.24902822360557558 0.40679725649286624 0.8272346039375292 0.38173465686997465 0.9352298642083632 -0.8871660302824171 0.2859306460357972 -0.5946403866427705 0.479978043650154 0.542326340122396 -0.05851807048733377 -0.011169483198191834 0.897931881289168 -0.12531621295170683 0.41158440816426495 -0.5251539514087739 -0.245777609303619 0.26058359510154766 0.4307747405121969 0.001874609926082132 -0.6582946774153734
-0.6293243424460073 -0.02503904038649563 -0.5005767268412514 -0.13403067624493858 0.32357572847210336 0.5556074915310717 0.8237079971622264 0.3393623926801341 0.04807182460399845 -0.38472899825788626 -0.06945101356287532 0.5986437914085458 0.8258720654769165 0.5209469129233577 0.5329764002180589 0.38099771384613046 0.9928813676990634 -0.7978161756955513 0.9630772209784894 -0.5183473780376378 -0.608441743135652 -0.9152331815218829 0.21024486829516434 -0.7417073522408455 0.2478997559273191 -0.5664723434663004 0.5077821277473312 -0.33399930180103515
-0.19040003485983104 0.019792985142339698 -0.1235816005144004 0.3655785285621976 0.7414581856358802 -0.6937737534917887 0.8142629023051865 1.0231188410782681 0.113385025913001 0.5558911093431659 0.7397255845283931 0.6348864646482776 -0.6998842580154542 0.39808986902739407 -0.7770487556877186 -0.12207713383616553 0.4191519502404726 0.1526515213932828 0.8861748719126679 -0.10571903089087459 0.5186520235068185 0.3016143080527269 -0.32155691191861563 -0.4252187795435759 0.9204985144935384 0.7503421474011978 0.24966753479576065 -0.23740186732555127
0.6526999999964442 -0.8617010180444571 -0.4489647314195387 0.5096869603737771 0.8416731390555823 -0.8300544508685093 0.7112816629382527 -0.316374435690023 -0.9302544178144664 0.8540184225398958 -0.1597815871089535 0.7977840840164789 0.6365898374468884 -0.34146010863199855 0.546536807436225 0.6167660173872953 -0.8321646066449321 0.34795228294379077 0.7510454484459719 0.2202187554892654 -0.3224042683680285 0.7735682646057424 0.4497131688228208 0.691259440670895 0.6570381666761262 -0.0790875697566754 0.4177178654766065 0.7737836564011388
-0.8614999912906552 0.8865999150550669 0.671585816549849 -0.12240357954200708 0.2645450008077732 -0.16438281976951027 0.13594114175894484 -0.7683827753320951 -0.3849007304575389 0.7402883664031753 0.3057657789824914 -0.10585419117629921 0.3461009189995269 0.35903728736000023 0.4199895527008774 0.7883165837029585 0.8549022991907084 0.867775199676991 1.0285853717466233 -0.09754615032866758 -0.22014650703131136 0.9953850595117238 -0.22089103239249888 -0.923660644942633 -0.1747029012811129 0.6389980001527432 -0.8538670904909879 0.257498948618932
-0.5556999972203472 -0.06750004100204883 -0.028652648475287944 -0.7869845234630405 -0.20379543944283507 0.22782350506976703 -0.6309732896404436 -0.47107079074500885 -0.8249871501339581 -0.5092920941281659 0.4456494698968979 1.0188409112158705 -0.8408175942696863 0.5843714530711444 0.1514569629746204 0.9415805705613587 0.24071337741664695 -0.9522163025878966 0.2549394152598951 -0.7287021698249638 -0.2852100328967386 -0.7912664825846993 0.07736900673110782 -0.8494475629240287 0.7162070159376182 -0.42685750665519 -0.20893254841076728 0.690795562968229
0.09059999958716476 -0.9502000453375975 -0.14700030865106664 -0.8179706539729312 -0.8349358180425187 -0.027159591135485463 0.621151148831627 0.12985027758629847 0.6921258695410528 -0.8182730643132415 0.06383050156645076 0.1585328370215323 -0.7475160273578895 0.08129243759181698 0.7855656380042825 0.008188162587576103 0.6708051575127932 -0.25590279005196737 0.9763280361377094 -0.3791577310895014 -0.8651343513480659 -0.47789682143073164 -0.18431046192585793 -0.07463270431629297 0.3928964675179521 0.5607860842919277 -0.2040192287405728 0.4252988066538154
0.3512 -0.8625004150444842 -0.08678777132212846 -0.9521283956361105 -0.8496935767919704 0.5086393086373872 0.41919151969105756 -0.06518333861510826 -0.013360145815098765 -0.32509831226953523 -0.6921736826929893 0.12342396117255024 -0.44987987262982154 0.7203008231251784 0.9830969357191385 -0.5353639845886523 0.4539231036151617 -0.09048330931321207 0.42674065128002303 0.61686053042237 -0.8657464027701341 0.04285727252608817 0.39964730187283465 0.9458406434365725 -0.03667265565523761 0.5172272179593379 -0.3618330990183667 -0.7962313156945936
0.5393000000005368 -0.14970013142857017 -0.02425422880100159 -0.10935348465588927 0.5746118434822114 0.6579821084113389 -0.7198907192494609 0.20467655284228117 -0.02170647808698278 -0.08866332854503096 0.6189528272378693 -0.3745251020881154 0.08866665330556497 0.6873509564343708 0.7397934625135046 0.8515546021634128 -0.3501470463680907 0.9103704873846543 -0.5590773632605168 0.5290581799360695 0.3786841767226562 0.4833759805313638 -0.29418881685944 -0.3750534186383102 -0.9462166877805914 0.3650459264442111 0.109161564972906 -0.7256402831923641
-0.3776 0.04839912861014389 0.13937612024823146 -0.6392125311933966 0.23142534067898468 0.2913207125406196 0.2975983161802205 0.26150216246443075 0.7945413151198125 0.5878115055435967 -0.60094822675533 -0.021284419239778446 -0.2038172224238112 -0.01824376683315875 0.557473498500934 -0.4812491626560385 0.4341885372989903 -0.047366017683363466 0.2533453104671104 0.6388957043772083 -0.3368827313275285 -0.12336712190156827 1.0131969702773136 0.5642491647732594 0.320898660183708 -0.9828120043501906 0.3581140812000369 -0.4462021821138723
0.318 0.3159982875689936 -0.8973818895607059 0.3420874901267129 -0.9795215455844322 -0.8764180104556556 0.9585217107380438 0.43196010893291314 0.703925073261688 0.245282942954075 0.3774584948544967 0.14773967949701627 -0.49638998373211957 0.4395075491880965 0.928564160638281 -0.580120712793252 0.8556405649059652 -0.5674742370436575 0.5055172197403862 0.19462026508291166 -0.7510842448210372 0.7695443817309974 -0.6165593850663914 -0.04376650160111723 0.8139111161145524 0.7093683296087069 -0.7677868564454154 -0.28159999993564194
0.6591000010537009 -0.13580002447433412 0.719183536379328 -0.5056291831786819 0.8992350304168469 -0.381369817626668 0.567115181297102 -0.22061107010828035 0.7324614819412378 0.7531943896777196 -0.37138924313482413 -0.8101358163043958 -0.135181553353641 0.9782768191531692 -0.16143135304062844 0.9994566414427797 0.44207553408367695 -0.4286309269142313 0.6744304417984239 0.508146588546839 -0.4943806722161196 -0.4071948264683878 -0.8832543372972003 -0.06516906465451873 0.7802548779142485 0.5089459511204711 0.026606485881174303 -0.8691999999838611
0.28420000102095644 0.8632999961365628 0.49520095153928584 -0.359909663064863 -0.48824516998194384 0.7927339684670069 -0.292668162235822 -0.969321119000402 -0.2982543485909824 -0.6143925971116823 -0.8282358947274924 0.1283485789139195 0.976228927915982 0.893391755499741 0.4742058261922648 0.2533645716833566 -0.7044472475004262 -0.3553309383214062 0.35039555934484173 -0.6542001141974513 -0.9032223991678305 -0.17912649316436355 0.4299177240276459 -0.19161777560843704 -0.9735356533500632 0.8875709942017438 0.7490000154763985 0.9456000000298078
-0.8013 -0.843 0.28339837009088964 0.7688093802647022 -0.11878422384366852 0.7627586094076643 -0.9226364776584881 0.8594731870061019 0.6773070626715532 0.5624057521512426 0.07701163823065463 0.20122275255831093 -0.6358353008282122 -0.2091658080559495 -0.6989601780715257 -0.7324819005054116 -0.14385523267904507 -0.6110840206798048 0.3848593002694675 0.9819992946925609 -0.7951830896922465 0.02634104086013683 -0.11179448580580541 -0.8596609277576768 -0.8215982938381456 -0.8671408368736523 -0.17240000015889484 -0.2698
-0.6896 -0.4401 -0.2172545413463911 0.04042065859820791 0.7141053538129069 -0.26066550142528155 -0.31674556421070693 -0.6033938027844226 -0.9510122240961366 0.5101438916071025 0.8457920599987134 -0.14191613334283504 0.8902575902542543 0.009936467290492858 -0.3760720090020081 1.0040824378652806 -0.8626616299214769 -0.2818115719912669 0.8914102959169453 0.9891875762401109 -0.6462639652384272 -0.044005902595812905 -0.8943507653003334 -0.7030717799957952 -0.583559027221697 0.10210930718342094 0.015200104031942564 -0.6364
-0.2491 0.6286 0.7619999994936727 0.08558784858158071 0.6443057645643037 0.773757399091629 -0.06631656611916914 0.866432414602364 0.003527335476952407 -0.09639166107165072 -0.36647589113425805 -0.06826706719554006 0.4621538725490022 -0.7302526286571155 0.8976523487698904 -0.24541727786769357 -0.07187800708096745 0.0643857202012045 -0.6650099654600065 0.19850852885027673 -0.5364133369820128 0.07103487950471093 -0.4217741799670312 0.617380181331558 0.7214494711108141 0.960899995676538 -0.4883000053769983 -0.3751
0.5057 0.6446 0.6211 0.4038000077739532 -0.9430030971604849 -0.042806873447932776 -0.8013069254883151 0.19749888931172016 0.9744968293567137 0.37649855382907493 -0.06595619567461554 0.7558424942589714 -0.5458415502307803 -0.6089929674767419 0.9655417403807116 -0.39571457105380764 0.36278130178767093 -0.2956466567204785 -0.5417631498564294 0.6133517273011527 -0.5328042550617827 -0.33176325082758584 0.0503800075148239 0.7333804001384324 -0.1960999999959178 -0.7896000000198574 -0.6135 -0.8842
-0.2363 -0.1825 -0.6777 0.6983 -0.6296000062091706 0.9967998830218244 0.9794999101292536 0.8547000649149237 0.3667999430838846 0.8687998157282503 -0.23340513187068773 0.9903674217604038 -0.3953739648347456 -0.3823375173424974 -0.6557319222783697 0.994093435424397 0.17195396330525897 -0.9622055731629636 -0.7002755269921142 -0.5242156840949107 0.8668172677429331 0.32530628882223633 -0.5167315499621482 -0.5239379995840577 -0.3594 -0.2512 0.3277 0.4482
-0.75 0.7569 0.7218 -0.4736 -0.3069 -0.9369 0.1459 0.6031 -0.1131 -0.8509 0.7812 0.6668 0.5784395065456118 -0.8131728438647758 0.31398190055125896 -0.4573007542327241 -0.4287 -0.3747 -0.6544 0.3195 0.5136 -0.6767 0.4224 -0.0954 0.6612 0.6746 0.1707 0.064
-0.0356 0.9786 0.4644 -0.0102 -0.567299999256347 0.46630077894155575 -0.683088855301005 -0.031073242672933377 -0.36968753244075736 -0.7886351877278764 -0.9222992905320603 0.21544071535088558 -0.8029222769472855 0.21482324980766299 0.6340862032214297 0.6241075246394071 0.7523620705024362 0.3060816472669679 0.06297606943827182 -0.6997244696210788 -0.589737893283781 0.8509795903519475 -0.6077706766254247 0.17635160535197555 0.1274 0.1959 0.399 0.755
-0.0745 -0.0246 -0.18519999898122277 -0.25726771662094317 0.2044975717477226 0.5998311966278007 0.07181193318214832 -0.9209528945935073 -0.8568321479275753 0.7589763369420511 -0.04593831833797275 0.04044145260081208 0.5120003818948563 -0.2657801429948268 -0.3119206093071057 -0.8279431971141238 0.8392010409619562 0.5793989202555093 -0.8912430139408203 0.01623613461228665 -0.5064623595244404 -0.5111454042846744 0.6529378687163723 -0.20566891335614274 0.8008254421594718 -0.07961083166623899 0.0268 -0.6575
0.5909 -0.0911 -0.2222002847736445 0.40744584656857913 0.8783331356626776 0.6629574880379664 -0.3693069197013866 0.3510950671120168 -0.6765215964378667 -0.08754439975674673 -0.6966984494094512 0.011681177617631058 0.08967466548143017 0.31433143630945287 -0.11934034061249466 0.9202384209462138 0.32783261503912214 -0.12446726613152403 0.04979908619146703 0.44423219915724355 0.719048340774092 -0.09591627166389002 -0.43144723922035305 -0.7574713018156908 0.6191828158987446 -0.10335093021022837 0.949033963755259 -0.783
0.4227 0.8433983665569996 -0.2083228179175769 0.8259243202962104 0.8458393246138378 -0.5507929486656826 -0.12484844312470213 0.15104405519755257 -0.6543164693693788 0.7123625079118364 0.7206935737722011 -0.09575839490548699 -0.27873175008456036 0.737083470486925 0.07202337762010619 0.6960672764342879 -0.4983864987723692 0.29527723465728656 0.4392551467487958 0.21194627690656984 0.26269105150129696 -0.4395280294808107 -0.8190322708547951 -0.9116393602801394 -0.6000198778698402 0.3025200512717075 0.7233215395875083 0.8770460159900841
0.6927 -0.8134 0.8052144210645947 -0.30350654620573647 0.5804712388809544 -0.9141568335981411 0.45416114197431184 0.7428419309525714 0.819946395387672 -0.08125186055457896 0.5396095161084101 -0.45267907968748683 -0.08931849874502773 -0.13751179203763556 -0.5585435419901346 -0.6106824509871747 -0.3113593277789088 -0.24983333572964192 -0.49236036167683844 0.4248068565656373 -0.048622618647835236 0.6559784815270848 0.3622655314379706 -0.034281131185018666 0.16636231532590307 0.8798104481568424 -0.4506956965198573 -0.8235264087917626
-0.8754 0.16330332663392658 0.22692871539404447 0.02406112952336515 0.4181029258350721 0.20790911297810655 -0.1225603600097692 0.06748551126615904 1.0117596421254056 0.16666092845791938 -0.5299865870459776 -0.7667415800338337 -0.1455584030406881 0.7649480026969363 -0.35458735667336366 0.49932944989442385 -1.011547012528883 -0.7368862066764834 -0.145680431594375 0.28469274681928475 -0.38550012569789915 -0.8035188956633026 0.46023496042932666 0.4127408471734852 0.48308920106252845 0.2171366282476838 -0.04742164243439412 -0.5930907327912451
-0.9065979780502077 0.8827750353664545 0.04903696724840941 0.7157164193854553 0.2503826303813104 -0.6570030619708016 0.8160138689614768 -0.38896961485636833 0.17765948806640144 0.9177736715086625 -0.015515919137599464 0.40945976390517796 -0.04455590598848692 0.6218452618600977 0.10643213079930787 -0.3072977279122055 0.5358618450311585 0.5458555162654083 -0.2924296749395963 0.7089432845809619 0.30788384048989303 0.016670909037836582 -0.11655044509206444 0.8783160408990813 -0.5801543468195648 -0.09884242858046909 -0.9757881939143761 -0.1908020378636569
-0.6104917827433838 -0.9552960367208927 -0.8571664730238671 -0.3105787388599926 0.7249752828721755 0.43717833572812936 0.34922529844820405 -0.7920645450969686 0.8811077171465249 -0.08484121821037774 -0.032563634588862356 0.2310889947665456 -0.9476262507676635 -0.3751783259995095 0.6508169580754257 0.5264088451219582 -0.5301706605023925 -0.5190842321530034 0.6738633533073504 -0.06655145813954207 -0.8323397071546864 0.1927024241019404 -0.7735772999258764 0.07472673463310178 0.10718179817642534 -0.0686932489170788 -0.8459946516705132 -0.40115386188544294
0.213501334069966 -0.7545469136339401 -0.7247773022055418 -0.7339281867343619 0.9041629512277137 -0.28096988503074066 0.338856282450204 -0.26594431979362504 -0.1893207500950446 0.3051265411326648 -0.2826277210777329 0.18007792494081135 -0.33313527461312753 -0.37531702732426847 -0.428518394084179 0.7646878695308569 0.33499605671319355 -0.026199739869923775 -0.9385700244119671 0.3299182483601284 -0.7577880065461038 0.15025575177446346 0.23547800602544594 -0.8873202506017532 0.6927113575328067 0.8506583720736318 0.8076173622533807 0.7097258914949223
0.041300024738677485 0.17295080591373585 -0.6308001871395083 -0.3763981805552252 0.616013817946242 0.13718310847335954 0.7319288779428268 -0.7633967048664381 -0.09285950422152199 0.25554890867599406 0.42958065920718264 0.8911747254822185 -0.7744328690253126 0.14398625132483497 -0.25127956694037207 -0.2504591640172479 1.038985689512323 -0.01888361737033626 -0.4476764150766614 0.2882976657490859 -0.4392957161457125 -0.6830457319541299 -1.0802575040116684 -0.12697391380335263 0.19834347608328845 0.6888660591001688 -0.41794830139755074 0.3183976689417096
0.8439034575407462 -0.6307414790484462 0.20298323939790566 0.02262788433173425 0.022202831761473227 -0.22980296851150184 -0.022537554522397783 -0.32477554588163415 0.32420092539026224 0.6879036156684383 -0.8713572334670343 -0.4994315796397503 0.6597567928212678 0.7348992720753682 0.6478481685511613 -0.16677542030280174 -0.6676924898909892 0.18241191505369123 -0.5506205383536659 -1.0487840084526152 -0.3076926872902643 0.676914409065915 -1.0556975875544812 -0.8364831002623115 0.6030572876151241 -0.5808129789297298 -0.8510643122509058 0.30391683342607007
-0.5397769912930731 -0.349135432006479 0.4987942946493594 -0.6493242972853318 -0.7034505314770355 0.15557473574846145 -0.3799996920176571 0.8170332556769457 -0.5475091213085077 -0.2132920138421761 -0.8625104502580134 -0.675217273582681 -0.5103058095259092 0.22721738296068886 0.8866721040368498 0.6205634426247641 0.6819216588120137 -0.30472326835063196 0.006492234893070239 -0.9928927684486957 -0.7815337343359022 -0.5974758304752045 -0.22239905947693905 -0.3969633113188055 0.07165762766444492 0.510731603414841 0.43968077822043644 0.8789746328169489
-0.2295963091573694 -0.9553631709418805 -0.40625305712099896 -0.8493972381678443 -0.7754119790461896 -0.4881906511199778 -0.7302125581015306 0.785135139731056 0.4582572709544666 -0.11657464448594453 0.6155883802569628 0.917795692637993 -0.23767081112859542 -0.2880780335028745 0.14524015130200643 -0.36873743539517134 0.8923810697633865 -0.697608859921982 0.17935738992655148 -0.08658724555047649 0.6954453420737576 -1.0984479735974912 0.2936139111171096 0.867201530744081 -0.42819185488771877 0.9567927715382449 0.8622478630624038 -0.6403583361865526
0.9122991854953552 0.892191243061819 -0.055515471135544635 -0.5129253291458621 0.6231148636131643 0.4393244221697093 0.10966927095047631 -0.19946440168806276 -0.005987282884035281 0.9180772596384192 0.06788413630409411 -0.02518019880166023 -0.6485465404847541 0.5594311431256774 -0.17136910160304927 0.30568468899582446 -0.3106683514510006 -0.04376397428769007 0.7154762488158383 -0.9076251196063623 0.3095521773290121 -0.01574017036617193 0.16755239919723688 -0.6154956219445278 0.5584261247844599 -0.12453544390858687 -0.4312128133050597 -0.9923670211779937
0.8761997256261325 -0.5378869545878839 0.12841464299990277 -0.06332044517701178 -0.03624452423503157 0.7589651398519582 0.3316077309631909 0.7336242069913043 0.7888351523010534 1.0234651375087809 -0.45919445872336023 -0.2837321958785969 -0.2687227575334845 -0.09201440138301745 0.5918762707500942 -0.9716504748991036 0.40406910843654964 -0.08060109404587011 -0.0366630337371242 0.8910511892098977 0.5243359436102838 0.05958324569782597 0.45934790821751054 -0.4036800457007072 0.8723044484772623 0.05312922689457869 0.43299331639657085 0.4619666121571969
-0.1612000436560207 -0.7715881625254424 -0.4948023882860931 -0.0418284189702674 -0.45971084964827563 0.8827019939323097 -0.5769265611223199 -0.8736048632733825 -0.43793391559430717 -0.8376740966470124 0.725359735023418 -0.0691569326831378 -0.38163322435128305 0.5065438643204276 -0.0005997617894626808 0.45921034916227793 0.8693743459389426 -0.9912469297886479 0.7946068316816801 0.3147003279434033 -0.6979949353416871 -0.5914615156005733 0.7791426109160601 -0.40982866416079466 0.59720041515186 -0.932674767458311 0.011986892427738849 0.7785422369016565
-0.4752 -0.38704104387046745 0.7228559037262657 0.5165801481869678 0.7639727656402097 0.14606117674003033 0.4547448260931691 0.7148953584040242 -0.021887687835206806 -0.49025066578463394 -0.46440401623699784 0.5055627776776234 -0.03766874230622523 0.19286603705339536 -0.011272800761711985 -0.4703670099938658 -0.506719041731472 -0.3930286303663815 0.2308557123224663 0.7199587166919055 -0.8577321522282519 -0.2820614836068713 -0.6701032122907673 0.25352037317780873 -0.6913458563171844 -0.11498202242329295 -0.6300269891087323 0.696238283143247
0.33489972858099964 0.06098158258307204 0.3920232196950794 0.7390741400744086 0.8731532238496774 -0.5655871392182644 -0.01884657763168116 -0.5053731329275825 -0.24790702689938915 -0.7797503533327609 0.1091402634454156 0.792373406332636 0.17778779486511823 0.9054629318491537 -0.17635730280832046 -0.26307242100881983 -0.6990503365393158 0.6447678216588957 -0.03975036880537588 0.049142474724293325 0.09643848153239444 0.6998184104379435 -0.6944848745882635 0.35024596632020255 0.9024171601923563 -0.6415119682884383 0.015457459502262185 -0.5214527118598508
0.2924 0.0008353167792388123 -0.57302547969272 -0.7628875233736505 0.7244340511005315 0.6222357805263348 0.18927472361875555 0.5991995883085842 0.3188265816699665 0.7295059974482645 0.38378353653742286 -0.4559635411320713 0.4962194390558779 0.18817782421591722 0.5747933355921737 -0.3428864847877335 0.8534380221553237 0.7056494168024743 0.5620552097190593 0.22365280149888256 0.682780510529897 -0.7560061873336741 0.4087483784246026 0.48667289177193634 0.9493641573943697 -0.4740028040727921 0.8765147987942734 -0.4892166692865212
-0.207 0.8112905861777513 -0.9245539644987185 -0.7371168990956236 0.9415296951954131 0.7363880780602835 -0.6906372964392569 0.23758111449077013 0.3365093656640663 0.41685922178281043 0.4829530338120479 1.101592650495265 0.29966402397303726 -0.6069609091265619 0.17278632008216255 0.36527465176724716 0.1131380000344642 0.5639543017420864 0.12254392803405983 0.7972807603640959 -0.36144698386334845 -0.771378257077756 -0.08660500786259351 -0.7683313725639707 -0.11621189824767926 -0.9336327774530844 -0.6114791978570591 -0.9306987580049126
-0.5510889852276963 0.43681061469111965 -0.9443375140948239 0.8179853826562548 0.03746609589055264 -0.6594187315132415 -0.1924492913712317 0.6390679937974949 -0.4411877729347363 -0.2730420355753136 -0.37939339369711705 -0.10780290992501614 -0.2514190335937535 -0.3784794398596691 0.1300862597812727 -0.11159748960767192 0.6567596039992785 -0.6280468017557773 -0.6939273314595703 0.7705963225263028 -0.792346360678449 0.32558235682720466 -0.9548699138657667 0.7614481604297072 -0.6993808079201593 0.400007510439719 -0.828987489912847 -0.418001866302894
0.6477106724805748 0.20311909159628594 -0.13681253230128862 -0.1591821632747507 0.17461831149916043 0.7226002596161036 -0.4110949732932058 0.7526408963497621 -0.9809820446355861 0.8226176776615651 -1.0220064250685628 -0.015288747953303287 -0.7208004624813312 0.043829513504893315 -0.8825293281935668 0.2594602827172296 0.2352098800604218 0.7314112263610484 0.6160291485732653 1.0877863849131952 -0.6398232601894054 0.129539010058684 -0.7617167023077198 -0.40417375685191015 -0.34531118028807883 -0.9095876387035695 0.2946986246790365 -0.9039034469845474
0.4041 0.4715 0.18385991467403634 -0.7559317058923943 -0.40308187337256424 -0.05035159907886928 -0.6873931294279342 0.07414465605972288 -0.6059123865093452 -0.11162548493542752 -0.3714411138554074 -0.8042015529075967 -1.0412976793024824 0.7231921971694533 0.7404275217916194 0.33686983176808083 -0.4081750356055814 -0.3926605862596929 -0.12053710710953347 -0.1656685342794546 -0.8478763667448354 -0.46481706441217285 -0.7985705208384227 -0.7793216105085459 -0.38085133714298763 -0.17236501493681677 -0.25588148542593964 0.9088
0.445 0.7731 0.24689657277403187 0.21161601257099213 -0.2718058893958326 0.3758541938160081 0.7725722211135088 0.17448358076383028 0.21109373461194958 -0.48997542485655665 -0.6040067606820012 -0.9892621973020541 0.10993165309144869 0.3432749354604764 0.27665049117144125 0.7732938401468517 -0.17363633975269518 0.7595031053204218 0.8470804391128808 0.05597321645198698 0.4182448016924746 -0.6155136504643279 0.8273083749291769 -0.7965181054248547 -0.38240104461679053 -0.9568723234049797 -0.5026928027757128 -0.2659
-0.7235 0.0152 -0.5783943589585329 -0.9864340026205145 0.8335551981926289 -0.835234859087924 -0.09311952351756753 0.8695325500159368 0.8556571659650486 -0.21479208691609797 -0.46056593280979935 -0.13049966353576056 0.778434417328198 0.8907793612877642 0.6840022345938623 -0.9425172401149808 -0.9231033254783048 -0.571954040008367 -0.21139101884889674 -0.0265751930417211 0.95141517289211 -0.719679511261335 -0.9155816676203925 -0.7958219218020924 0.44187972201761966 -0.657826967050171 -0.008593242098171472 0.1565
-0.3907 0.8728 -0.935 0.9800419003984453 -0.898859415403029 0.18463901020645918 -0.23707093151934971 -0.880787937125778 0.43528073176248644 0.8613173183662217 0.3011216647582151 -0.3470686247735099 -1.0229900167963109 -0.01962493988907231 -0.5037499236227927 -0.54360551191266 0.6928071776222863 -0.04005775727325411 0.9937838709417259 0.2597538355483264 -0.5015409791310842 0.6513858002135582 0.7943974118076534 -0.5866461010461161 -0.9301995733712327 -0.7583993664365599 0.4742 -0.4221
0.1062 0.6711 0.0053 0.4419 0.08426980909747085 0.0029493666715141222 0.8181434782972454 0.22790244396776493 -0.473738637934261 0.09376404138439673 0.31045857714333513 -0.8328732252716639 0.6654952471601222 0.22259369134508414 0.21510769284351877 0.6168637965969754 -0.26565311031667715 0.8684357703017306 -0.30933837430984684 -0.6930253329473068 -0.17348716558347269 -0.42147196136840315 -0.9018753210153777 -0.4743365635826492 -0.8337 -0.4812 -0.6611 -0.9633
0.263 0.577 0.3068 -0.9318 -0.1128 -0.2163 0.4447 0.5421 -0.3918 0.2695 0.9043 0.9871 0.8258003104272004 0.7755006860547858 0.5649000070199437 -0.8871999997074678 -0.4327 -0.3843 0.0059 0.8604 -0.5711 0.8454 0.2932 -0.5854 -0.869 0.651 0.9674 -0.0386
-0.902 -0.5269 0.5812 0.9953 0.913900000001344 0.05520000001224558 0.11550028403213389 0.5604885082545878 -0.9479338406450047 -0.4189592325247653 0.7202060589384378 -0.737831195666694 -0.15749481575141583 -0.29165518771563037 -0.4375581214378134 -0.8159036413459443 -0.5464836568391815 0.8539887953298247 -0.6197148815717088 0.07039189760273372 0.13811301130592307 -0.1335813072211212 0.6228268547175669 -0.7935976444745948 0.0452 -0.5919 -0.9794 -0.9482
0.926 -0.7226 0.9439999530326513 0.4176877353369742 -0.9642699559505264 -0.0682994568065443 0.9718652394525769 0.49347252533657526 -0.8671671801383586 -0.004053080322288308 -0.03033461006313494 -0.714552617695061 -0.569743111905614 -0.6625712954928559 0.9395694338810077 -0.415004179992096 -0.8259600507680661 0.30579429393253066 -0.6644010106092753 -0.4031439494250755 -0.21326732123201875 -0.7372737679447593 0.5298228379973252 0.4380388674001994 0.4242119885717661 0.908881480813292 -0.8668 0.4941
-0.8528 -0.4743 0.9139000222997363 0.9643541424703922 -0.0683975409166016 -0.6881838097574242 -0.1417074281776028 0.17155442245892627 0.6493557200685005 -0.42601031847895804 -0.7231557231046395 0.9394858256985246 0.6524526563343916 -0.5553453046850619 0.6390856811333825 0.22986844233635984 0.9606804974252878 -0.6004130963985129 0.24469515192946376 0.6804511797905124 -0.41927098921281875 -0.5928203715892124 -0.7352763378447048 0.8313502811363398 0.8250328487172569 0.39360798472320324 -0.07368036379735063 0.4772
0.6703 -0.8390999999798274 0.15878995059755982 -0.5194745679018354 0.7540607713207343 -0.009273484159084784 0.7439140395551275 0.24041959220480885 0.5389178350298008 0.5809766579028335 0.517496917075612 0.4340026034903975 -0.030019634786822385 -0.3611876333165172 -0.6671384292325581 0.4356116193012192 -0.9856412096606243 -0.7018895264492827 -0.27502752341067005 0.7223596617557623 -0.8596863152792168 -1.0638341675697593 0.13112891625489292 -0.0072960151113580915 -0.9502028533620852 -0.10455356717283364 -0.9903908916467192 -0.836287674559879
0.9793 -0.3756 0.23282050676236063 0.5578711012032751 0.4304028867807313 0.39760090555194705 0.9536885681589984 -0.8514551161479708 0.3153303865991002 0.8748732568325751 -0.07106189735952936 -0.567486020704492 -1.038458333284463 -0.2621272926586719 -0.8282784618355038 0.7498288885719222 0.21302814720380164 0.29638650875735273 -0.8318956920238814 0.5445332677626208 0.734158607607801 -0.44696762364461656 0.11016528665269977 0.033775374110986835 0.3084318278320919 -0.9043128396550912 -0.5724290063008635 -0.8353227393548153
0.6023 -0.6594974153079052 -0.7340943304885627 -0.5911461983690369 0.1706783833211079 -0.9365496288751549 -0.5868919863421733 -0.23373473343118376 0.9194806019767319 -0.39955735523302305 -0.8918482005326639 -0.26853618092595954 -0.8976642509352182 0.8552783467822478 0.4234911876895391 0.5510685698099419 -0.17457323493822735 0.6113319540002575 0.7265175198015167 0.23175985574854768 1.022051957139424 0.30266851912060405 0.7678457138016437 -0.9386559020985329 -0.10946408768661851 -0.5862838370312065 0.7652183022912554 -0.9272132347901493
0.05750007022343907 -0.854678550296435 0.45353464732371934 0.4786710260434767 0.8519356118182149 -0.6664304767922308 0.4008396757699572 0.01632697424489266 0.5634129806502651 -1.0454894059114777 -0.013469850362433092 -0.9878869410442457 -0.977137628096535 0.12896109278842174 0.05716307279930087 -0.5107285944355456 -0.47826999912802043 -0.5594444871166301 0.6703207320833952 -0.5199815825186775 0.9875478695601914 0.6641540015507524 -0.14791947896195196 -0.3973185025297346 0.8708308105917104 0.15265621160734855 -0.45845209457897695 0.36004046261639067
0.02870028538988531 -0.8985826025897456 0.13102078283700003 0.028511668304842745 -0.8609090513614711 0.5602802759259016 -0.3616388048252864 0.715502917570585 0.01719110514432571 -0.2713906389170879 0.00787152259978828 -0.1020325353162688 0.2296351019062742 0.5516847851170426 0.7993400680135703 0.1295898777748724 0.37903265846641754 0.3158355864798024 -0.008942727758757506 0.43954088342411124 -0.9323114730344054 0.7385156596214925 -0.2197025161121123 0.4589865840123809 0.5969000280850366 -0.9150227040393021 0.5339638637601055 0.8541597446839156
-0.13679995366700928 -0.5529367083710871 -0.09463679297627312 -0.67991461302484 -0.49899855689453704 -0.3345627361509772 -0.30424568551599884 -1.0261487621337393 0.03396156452174006 -0.4309717008263271 -0.3073557174452101 -0.038874361766788 0.10512061945465437 0.15093097133641648 0.6259346587169424 -0.335028249226758 -1.0303927389413563 -0.965011475526611 -0.7639753454989325 -0.4847229452697912 0.23547705306147504 0.111529458041261 -0.6764563725523979 0.4307693199529818 0.6901691948953084 0.5097902596104238 0.913255251047322 -0.5307636412684223
0.6602000246307733 -0.6884454988428277 -0.31848963682076603 -0.08643611034308027 0.5580103466264273 0.15747417950509948 0.8646496573179525 -0.9111884470064444 0.8195075815843211 0.5884823426544901 0.45379555687961576 0.8256442681152053 0.46598984732390314 -0.6741977299638016 0.5651471137921363 0.8961546955878485 0.3056961576118899 0.1647919871909584 -0.3156974859283374 0.39819809690677244 -0.5179686442476614 0.1883301580390909 0.1178290266369416 -0.10232109765906797 0.9730414766726376 -0.4058008479307587 0.6149003544446994 -0.14962214520067213
-0.5696968126227336 0.19812350153868616 -0.23451973017291164 0.06300437709043925 -0.6714051476887667 0.1587941351893667 0.44722657064335086 -0.690335006979349 0.8184477790401006 0.7529834429848424 -0.016299731816053407 -0.1384815046988737 -0.7358359592476422 -0.1485413462982842 -0.9009892159315774 0.7370829118035667 -0.4771493630475218 -0.2473749962924724 -0.3025946188127358 0.7840835060449349 -0.9831651144322633 0.07758445445043295 0.8670112879024131 0.6553620184201389 0.6977556164750779 0.9762766913569038 0.7185314401078106 -0.5741475768090749
0.1760000607988535 -0.6036962278790111 -0.47461137635652795 -0.05619222620558468 0.9666955572493086 -0.5835269616592443 -0.6596564879584768 -0.6760571698984206 -0.5137859170816219 -0.9725455142280798 -1.0097605541618355 0.1811645923643231 -0.3847602589963879 0.26522294236185207 0.0021236644022509738 -0.4688500160776003 0.7290690091536707 -0.9049021818626275 -0.6271522226516695 0.7296758230198402 0.8385964397937816 0.776722635721139 -0.5340445839142912 -0.6429250604490101 0.5664257265594655 0.12161347674489588 0.7698371636010123 0.3667293557655316
-0.03939818527672364 0.9353785249228814 -0.5798426673605461 0.13892112638661036 0.011837669229060365 -0.7490291330393843 -0.7275618624273807 0.45186731636916894 0.18806927407825785 -0.45491757438673547 0.13470684736920258 -0.991857546182771 -0.02680360970278262 -0.5674169993061247 0.016981591209449486 0.5482048544555896 -0.8446505962116416 -0.37235084497802223 -0.1338977318565734 0.7808460015312221 -0.8999002143004384 0.19784304823752638 -0.06146755907275632 0.23532876976072756 0.48730577176955764 0.8266345678769085 -0.7258874730293836 -0.3970389225853169
0.7089999898076899 -0.04486501076754534 -0.6948793363800344 0.7803022070359924 0.7441812988368817 0.4031144724537492 -0.31206232336878026 0.30524951493646296 0.6950886894954253 -0.10255713386687533 -0.7120666903525579 -1.1259324052954889 -0.17251582757548703 0.15190435466512822 0.48780293255176876 0.08554958950238062 -0.011528777856802605 -0.4126412952670064 -0.8060839506234735 0.7911346950093919 -0.5145253817293153 -0.9505567309376819 -0.8038592461011723 -0.49341297001510825 0.7750546269188245 -0.7278369393954034 0.42646730537912914 0.8408198210684733
-0.826299783489521 -0.1431873168483916 -0.2015989443920963 -0.22861850113207674 0.17872698421536612 -0.05982676358069648 -0.3602237451336473 0.5807774539945486 -0.8171927905061839 -1.06325944835128 0.0140248441286327 0.24346740279204288 -0.9156074450125996 0.24049356045596587 0.6528447728106577 -1.0152065127914434 -0.7019751569325051 -1.0229122242919646 -0.17587455975863064 0.33987913615352894 -0.6433959341806057 -0.03242741419501492 -0.820215974869383 0.43805588611963014 0.7438068706508137 -0.6410018813395402 0.9224468976678432 -0.030689386854573897
-0.3440987456666014 -0.7495993031839947 0.10544461094019734 0.1964655913928585 -0.422740398788337 -0.6957583920303378 0.7092981418181781 -0.5790305586607601 0.353855987878616 -0.7374310257575943 -1.0463914987371281 -0.5263383878642277 -0.29217203682343457 0.17553537857841756 0.5143079697417758 0.10530991828175393 0.5669321155432177 0.03896160629231855 -0.5442334962249111 -0.518222490441521 -0.1920970708947437 -0.5074203922435203 -0.006226130555289101 -0.954471198873672 -0.11096588419195472 0.2354663338956517 -0.3820351839515574 0.09101498127658134
0.4512 -0.1957996414264779 0.6978778648725611 -0.5523061231664266 0.3177439763913267 -0.2354407430483696 -0.2337099188824934 0.4352379937344461 0.15856186502083264 0.2870290142539067 1.0082801081481398 0.9086494837644783 -0.5280265399749102 -0.5066388571861588 0.6284031069781805 -0.16394844240136602 -0.9421110099248086 -0.5317173264066709 -0.5524387189909364 -0.5958474404286956 -0.3539443894602681 -0.25334346263405755 -0.8398345275805915 0.904841442881167 -0.11295433177996407 -0.9317568782451773 0.8294229916149348 0.9227447842172328
0.8190013936309279 0.39070022390189313 -0.8961278498839707 0.8566326741564305 -0.9176655227988354 -0.950689055325923 -0.6674417086587162 -0.23650046279509093 -0.19166590931167068 0.7826696253741735 0.390687677139022 -0.379094699824727 -0.6689373580553554 -0.5440411587922547 0.31563777672000287 0.6108519401973281 -0.4890552980286296 0.2842729465890291 -0.5618757088372995 0.13690616494490165 -0.5047777008262136 0.1796308663485399 -0.07165932428429847 0.2107705755196575 0.048010947098063396 -0.23618952707744026 -0.03662469884907263 0.06104054177188961
0.9604 0.9584340694331798 0.8132248006827894 0.03910581071461609 0.8177947874320021 0.10982641894024366 0.48126191000003954 0.14584178237845682 0.5861469919289422 -0.20034954288093423 0.18944657245556165 0.02659307644231504 -1.1002585675299528 -0.012200224590702193 -0.7445008326196374 0.154089545784882 0.4529976243112322 -0.26563866396895847 -0.5670463903621631 -0.3416479848549105 0.3071828899958817 0.4957118061280533 0.34442777624372756 -0.6232767825238629 0.6382518028616475 -0.4726787096771978 0.42154882463983 -0.26157861011216127
-0.6985 -0.5866136535861225 -0.5123600335607037 -0.31252608793824843 -0.2668251111402269 -0.4080525413239407 0.7921949498435078 0.8096948929287114 0.23176061056139682 0.6125757680279926 -0.44829702261378457 0.6086247917409401 -0.0407448588001562 -0.10613833371715434 -0.5454424529098527 -0.36930037131645516 -0.7011952875238201 -0.7735559386880859 -1.076971240601542 0.5787529418216492 0.7541861237881499 -0.8798781646718348 -0.4613235732954857 -0.8379176990072985 -0.545260460623381 0.13257958976224282 0.5513253831919263 0.1571993730793591
-0.2920967183883926 -0.90108829031977 -0.18299320971072514 0.37565744256152944 0.8737788210839875 -0.9808736004286226 -0.9086175583117169 0.7189589686154221 0.796095430637167 0.298890651595375 -0.9797770800086282 0.5221565026750534 -0.2968899706636349 -0.7795701299213526 -0.4156314331450064 0.014999826124893905 -0.20382178241880863 -0.5177391200103191 -0.337048859343392 -0.5998087799426582 -0.30238729988828555 0.36237163496473435 -0.014945577024983128 -0.10409743570003839 -0.6882386118496424 -0.8416609658992414 0.7846348676755736 0.3965999999887229
-0.8809968203667611 0.7516010892792744 0.8756917463075565 0.3176928734581135 0.7335251551086729 0.9369002745986428 -0.641632869476469 0.943462821353317 -0.578316995353804 0.8641913520838942 0.3004259107833576 0.7189067344719392 -0.8390050518096522 0.7702155331743291 -0.7784576492056731 0.24352325116861437 -0.6809320822850914 -0.6866133075260439 -0.6749370610932535 0.1858624480378933 0.10297787483140385 -0.37657974005649814 -0.4737246963405072 -0.9862039024620937 -0.5297894271981404 0.3718898342793049 0.23146888794870618 0.2485999999791716
-0.8295 0.3373 -0.15959365397053937 0.25566033580215625 0.22207351706541129 -0.686994119306938 0.531792967954925 0.3854775718566084 -0.4441903460204382 -0.21405684016107493 -0.5081969337200559 -0.006553390474340094 -0.3935557203953029 -0.35581424913616355 0.5653660291118029 -0.9500718170066489 0.28976528816106517 0.5293072838508339 0.3898806572592931 -0.2908404268573603 -0.9354180717270096 0.492444476922863 -0.2432760601473122 0.23714115697474256 0.5556099961571787 -0.14906157608966142 -0.10885841494744573 -0.3644
-0.8077 0.638 -0.8324204344572912 -0.9921970561751782 -0.219605907813996 0.9122834705450901 -0.9222090323265216 -0.6447681877666215 0.11474880567717084 -0.598349310130882 -0.7850828395178304 0.16880852875204147 0.301157919512129 -0.7123062998197911 0.1588206176298009 0.7365941005153239 -0.8650225510593598 0.15417682983351402 -0.45241550093464544 -0.10652947177585134 0.6386803833321244 0.9700853708350505 -1.0067394171416353 0.6224899475353829 0.05253182674700076 0.2359964888195456 0.7027365553671191 0.4735
-0.6982 0.5946 0.548207585549706 0.2068407530755312 0.2515448126316131 0.4334686283964473 0.5454942732299534 0.5348243906741713 0.31793645891167077 -0.27622578037588164 0.008257627680745463 -0.3730647794601901 0.14388006627376376 -0.0355655788097815 0.7146299959924175 0.21379818519857563 -0.8334867607421084 0.8187049596543096 0.9609268240261855 -0.26802045446848566 -0.6071842109745886 0.26919063642845636 -0.4572567869416154 0.26945470947139605 -0.7643489647786939 0.6759434174268523 -0.10236762708202184 0.5238
-0.8784 -0.5807 0.947 0.08680650899047983 0.7635633042650047 -0.7010642087442231 0.6921756304485751 -0.3553438862501232 -0.2114412377337533 -0.15482233810467513 -0.8986999639821637 -0.3740870104317786 0.8494184622807591 -0.13270538984705024 -0.15072654264950297 0.9477582010740355 0.9605656637131629 0.5301085048194437 -0.9109480655054487 0.07563712356292411 0.8441925604171845 0.7365731237066286 -0.09092130379701328 -0.8322240938843408 -0.0690000082627109 -0.9520019118151912 0.6511 0.0338
0.4231 0.5683 -0.803 -0.7595 0.8549892729932245 -0.8565093104224589 -0.4150148259061916 0.20570919044180466 0.5029687161693521 -0.8577783371004838 0.5710800549286816 -0.8794568671617522 -0.28985120002862325 -0.6332857431488517 0.5768091902582624 0.5386530952832237 -0.8769581768056081 -0.16965865912939732 -0.6277499321980377 0.1937100406104671 0.48293648619368046 0.41890865946722683 -0.5415276101986269 0.694447683778354 0.5306 -0.446 0.0866 0.4242
0.5245 -0.472 -0.3896 0.9539 0.2843 -0.5956 0.7994 -0.8252 -0.3706 -0.4471 0.406 0.8322 -0.26657307442196543 0.08573898226413447 -0.9821050575129882 -0.01390021075458444 -0.0116 -0.4249 -0.8481 0.2261 0.2431 -0.3969 -0.666 -0.9955 0.6337 -0.3733 -0.3895 0.284
0.9996 0.5223 0.4907 -0.6411 -0.5089983159693541 -0.7745925771472495 -0.4913609539441163 0.08749502906695725 0.7483739824036975 -0.22547446683313574 0.0638352312878435 -0.600024516662159 0.4167282318883585 -0.7294652501860316 -0.26067716885099645 -0.1745502468946704 0.485328032628131 0.7008142362833435 0.06026387177495752 -0.8898011991552778 -0.3383891957557349 -0.5658515294856509 0.6195064307123188 0.76302839728131 0.1799 -0.4666 -0.0316 0.3941
0.6796 0.1986 -0.2006994252077022 0.9835390653844795 0.4237058861519921 -0.3326852237004293 0.526995251955143 0.13434550537646547 0.6063934196789599 0.6664597033666624 0.7008976350166184 0.6758445910720148 0.28039380239144107 -0.6856364859490929 0.869661801504897 0.49630441087173033 -0.29464912313698455 0.6952282312256577 0.4535394780251611 -0.14778605358438568 0.9294145128586779 -0.7397799135264815 -0.4951709378030231 0.760534474325618 -0.4449399278262592 0.4779521779365617 0.4145 0.0815
-0.8244 0.8787 0.8906001748199184 0.5215720263022143 0.23132728973704852 -0.6108742657410643 0.771336398395062 0.10090970899251174 -0.26408155565139335 -0.2572673933947845 -0.8933792799673135 -0.5590947992766454 1.0313293042919018 0.5563829482694235 -0.9222636787276725 1.0442166105419615 -0.32105120982791896 0.8180956666240999 0.6859857011761926 0.8993084450595566 -0.7325055102160387 0.5691386094481866 -0.02205326123362943 -0.6505960767493678 0.04746627532112393 0.5173429771241532 -0.6715089287926921 0.3761
0.1273 -0.023891506836959207 -0.9732089177021574 0.5978561927088496 0.16675646482659745 -0.229381588032106 -0.34423219373464303 -0.9837653674002893 -0.878651087762162 0.713391212610359 0.3009677774890344 0.45605599490630255 0.7405148829435497 0.831107048154194 -0.38093616322865953 0.010639711797822013 0.544544706202639 0.6970122970252252 -0.6726715950918987 0.9921339905367114 -0.44980255442499045 0.612572138090032 -0.17722075213047248 -0.08389136187960461 -0.6830907916919606 -0.3296838693382536 -0.707791889870707 0.40153866142140604
0.0026 0.4501 -0.7043528411366161 0.915158110172152 -0.11188758912224742 -0.9222651516233026 -0.24643172099903482 -0.2779332464492037 0.5739733804902643 0.015773084590634014 -0.3238921590735152 1.0659881274060268 -0.42609591298082927 -0.5683575537931449 0.27385603876167053 0.7618327402997266 0.6037795745216458 0.593062963928573 -0.5878730300618616 -0.10183975409620048 -0.6547015321327251 -0.3520527533422564 -0.25804725618919466 0.960001346781552 -0.7360399927693144 0.8230433925529017 -0.6189991343430182 -0.13202000822195992
-0.5323 -0.841200407031321 -0.7033098797217884 0.278326646602777 0.016475710901991666 -0.19924407944799566 0.17083259852862087 0.6025288501427918 -0.7966125238449343 0.38981881834662085 -0.008061162423270696 -0.6586496379552819 0.5438242381660731 -0.6561492328158645 -0.011590028545723701 0.6633251508656152 -1.0059739797977765 0.38981150630438105 -0.10855040661699455 -0.8976085973486935 -0.018654163374939827 0.9679989247625892 0.7016946607448606 0.09402322263836792 -0.6199986921642153 -0.16679733065991809 -0.31879904333301246 -0.7120852741105529
-0.6332999998705536 -0.045290238041664994 0.39945173909296533 -0.6425427243323634 -0.8692249332186032 -0.3101459060080924 -0.5041933394235306 -0.08781560135951733 0.5378901093279383 -0.6086238349228131 -0.3172961122094758 0.8673822740962863 0.23519627176294955 0.22157972145384494 -0.6110018499027136 0.13055544660189816 -0.11956228007783455 0.25351886547675273 -0.6335586673220737 0.49043592233787 0.48778944042135974 0.9886843175289702 0.48975545488733385 -0.014994732246407584 -0.3983843135941631 0.4422156789970549 -0.6017354090832328 -0.8396594637023775
0.8153000005260733 -0.4070223568863408 -0.2869798593587665 -0.9687653148845021 0.2842128851455728 0.3609072021620489 -0.40346121958660763 -0.07255394860549352 -0.7433167298511625 0.5379594133652186 -0.3948039397001914 1.0000224128698547 -0.7159413257793383 0.7982104353429915 -0.26136310118227796 0.5380773189719564 0.1771802210683105 -1.1510017013761247 -0.6161771087416937 -0.36310317353889215 0.500750444264273 0.9156507307993175 0.7039637548735868 0.5698293872144121 0.7323359551152103 1.038712439967855 0.8238953238918381 0.07117804607498766
0.39110000008540785 -0.6485556695332078 0.5874685859534554 0.5490927482022209 0.7422776476356973 0.40317519981951866 -0.5990358742643301 0.6339876965704464 0.9174537295285302 -0.015605164563367151 -1.003646776935341 -0.7383321241159677 0.49023118992458303 -0.1446805835496469 -0.7457674613230826 -0.7906099274994638 -0.8709181811241585 -0.8384326654575267 0.03934450605943174 0.33089905481733656 -0.5268489608990716 -0.8228827982251412 0.4709011961851899 -0.5606329386103474 -0.4011974638902037 -0.4576998468949531 -0.3354486861788469 0.9917949757552609
0.16869999803156596 -0.09573074841804116 0.5628914491556574 0.02870964815505567 0.18588059528710807 -0.7493097295785311 -0.5383212907948273 -0.03461146406248219 0.7888435109311491 -0.00023543581901236358 0.45037583208841425 -0.8434783687609533 0.8504829803172259 0.5256367112439185 -0.4910056544762883 0.1581292269395489 -0.6148051662129347 0.370443884276472 -0.4501305626390832 -0.7719999606657082 -0.13630789904144638 0.052948042955523696 -0.30546342372818397 0.01828836788913805 0.7345143316287274 0.295276360596979 0.7892567083236015 0.2715438629382812
-0.32460025336503706 -0.2323093352042124 0.3573391377486431 -0.4082685018659092 -0.9379898264878711 -0.83276076264909 0.44258755075458645 0.18436667621550507 -0.8084210228631291 0.8106551245744626 0.9939383927732266 -0.7459902104976903 0.4778009368751506 0.6392322433586685 -0.2852530417370011 0.6329161666629368 -0.12112058051026853 0.47704772988208616 -0.05624562038249793 0.5148502602206081 -1.0817692048366978 0.48839776539820556 -0.16294491415361304 -0.3691570714133697 0.5961395542351836 -0.24156108010767446 -0.03220091818847813 0.08766756482669695
-0.1560000064517685 0.27567325363944756 -0.9556535178144168 0.1432051848024182 -0.9041625200380199 0.7163857509301788 -0.025878555500346737 -0.5038772389088987 0.16321756600637619 0.12719853949756055 0.43432325074562145 0.5123324496836376 0.9096808726654709 0.9666453039713943 0.606439821654361 -0.5994560532551503 -0.43627384856353046 -0.11078841094338235 0.005900613321733562 -0.5068517105737789 -0.9445315893383941 0.8183970083365036 0.7680600902369001 0.9088844184498935 0.6397315419332347 0.6707693535671299 0.7765717751035179 0.7115504287134394
-0.9281972249103468 0.6295049449727735 -0.19642484961328824 0.6299234590041739 -0.6117471404354828 -0.7739077400325326 0.10324358280239873 0.4993299151370589 -0.23978940092271223 0.18957256545965673 0.1154348674433102 -0.10235849562130216 0.014940518733525884 -0.7017952132904112 -1.018814942479934 0.217832781668015 -0.32761463846865796 -0.09605982083394474 0.22025398399813478 -1.096937936715744 -0.4517128257947214 -0.2320550596794809 -0.054781248584132435 0.5199652851542431 -0.42890137662477035 -0.9749688454973011 0.015766572618825442 0.10674780861980848
-0.7221126630907414 -0.6955153136681347 0.09924156410542646 0.5737458843035377 0.5253282329586166 0.668466165977524 -0.5689883110696707 -0.1876349642642535 0.09236272518491646 0.24124166594495705 -0.5012953137792419 0.9413871251756023 -0.4005274030752825 -0.8597286154478798 -0.06844175541116651 0.1677501079384028 -0.2546197712571322 0.3812540732228679 0.27690889532446344 -0.8168813665452666 0.5217362757816216 -0.14937930466930432 0.7638502325309273 -0.03447111476488393 -0.8219224070118604 0.3405633646280855 -0.9806566413382877 -0.7096256716624568
-0.5748065084466684 0.2205092938187284 -0.248362524880963 -0.9337303381664562 0.44560035004583876 0.16295106348593516 -0.1049294154176818 -0.969257940822296 0.8773219460205087 -0.4856987550282361 -0.4361071790631011 1.0332589334317657 -0.6107490055076625 0.6232921038915856 0.5522303040818127 0.23897943503391264 -0.8454682877420646 0.08659324418466786 0.25457833128221186 0.7464610279736811 0.70573828436393 0.4158623789275165 0.15166843016126325 0.6493026982662288 -0.2858748925300288 0.09513029056682636 -0.6355622602032128 0.6142101326973252
0.3868965687665195 0.9759836936470646 0.43075498508735366 -0.9188936548086474 0.31925443801925973 0.8983451793196082 0.956016515139992 0.6189185767010468 0.0016711212824145909 0.26187714602302986 0.7930915833334358 0.7785920528728861 -0.8547212030130029 -0.19248905120010396 0.1284335339517784 0.31051870779724733 -0.8132992466573413 -0.7805055295535537 0.23396366086289233 0.8614058010449087 0.16756643434650673 0.598918596940946 0.5724669296360929 0.5232114465316786 0.8221771957880887 0.08778754368581267 0.9112283718767766 -0.718529139175068
0.227 0.11472158680196591 0.9374376048871518 -0.9707334944525009 0.9472356231874866 -0.6730643840778081 -0.7157666787970777 0.43293299212416986 0.20911675877382713 0.3596044619690688 -0.39009658758303334 -0.9981575012666459 0.05176751167208351 -0.28810833523991064 -0.8281687542293523 -0.6655989736868748 -0.5028964508455683 -0.11892452246475474 -0.3201694495194795 0.06622529806868424 -0.005790649726882224 -0.2997713074494697 0.7088368187981152 -0.15308334060770118 -0.35995391958376016 0.03386972944513043 -0.13228373171318406 -0.7929785675845803
0.9659992254459084 -0.13730994852325645 0.024097874457483483 0.46562159762281635 0.7895834654537329 -0.7888388526810076 0.4633784595302299 0.24098440378352037 0.48309405398755767 1.080733783066675 -0.36989373353132804 0.6571388623148232 -1.0148899191348706 -0.45400593444564386 0.8800707177728697 -0.30670276266424557 -0.01955447662432078 -0.19194367735231996 -0.4714121568021489 -0.4338459428667322 0.5402015086379948 0.9020183029201989 0.9043381099699047 0.5881504736156715 -0.5980410671288566 0.32528348641505184 -0.11603648938987246 0.7513386869942614
-0.6795 -0.8635807144940392 0.09403443180767924 -0.95749602764398 0.560686913632151 0.8285881300903148 0.303588398838897 0.24337510854450736 -0.2226071117338612 0.16498257036883548 -0.6752154890552712 0.90492156589878 -0.4896306648992905 -0.6234246746842348 -0.32489515884943215 0.36109304718721325 -0.0054562346686951755 0.026108354812408707 -0.752525258123356 0.46781130701400697 0.21101216604430914 -0.600096258033233 -0.4490929547744518 0.5454256377950705 -0.8858659870681362 0.9088787246136727 -0.036469310603810694 -0.5976743040460737
0.5504 0.5611218856262824 -0.713594556437317 -0.4888400293723382 -0.9026419187654078 -0.4740360764506115 0.8220736810296776 0.6361873793258566 0.22684706028586613 -0.7025945206313811 -0.14407417926703509 -0.19082811156946744 0.6749514307478786 0.6217045362585939 -0.45098620554312796 -0.6074265727785284 0.2783451158270414 0.231140570558873 -0.6901880404574355 -0.21134103891309275 -0.9685991547278373 0.08703993543088116 0.6969322898382481 -0.6308965266856642 -0.5586152612211774 -0.8720491852301921 0.05238195380822725 0.827800132212131
-0.4146013162963349 0.8496888878069793 -0.7814082562280138 -0.545602776404943 0.6235327533191249 0.9396855313033013 -0.27255216287119755 0.8897792529874466 0.22281628963968642 0.9926190664191408 0.1156256767617853 0.054372736843988086 0.13595647363829383 0.619028235806675 0.9494034322347337 0.27537541405651395 -0.6760211928167704 -0.7425018342525354 0.6680118770125808 -0.7238780231195763 -0.2224551724188561 -0.1600855972098277 0.15966881685247938 0.021315970288043516 -0.18867965390761587 0.6684542938938145 -0.936023813819152 0.3986030893670117
-0.4521012753915086 0.22590571358792927 -0.08671387651215669 -0.6518927964632116 0.29176966316764125 0.738216946088106 0.21387970030002174 -0.4574955634967614 -1.0107482418759262 -0.27920665240113307 0.25316630925155986 0.9416652789501683 -0.37112906282957037 0.4671393718128906 -0.7677923629076472 -0.20979219356527082 -0.7761304249811597 -0.2743088241727261 -0.8360716149133356 -0.04588297453029633 0.10427870225040968 0.2718410581668911 -0.5486057049590592 -0.4067657417800894 -0.8194526050981371 -0.7841652579012981 -0.9892679896703033 0.41830570593357824
-0.9494 -0.2137 -0.7801830477162247 0.9607759543693182 -0.8924378375053067 0.4189316495533451 0.7242518013168412 -0.5856378333662449 -0.3206562966019351 0.358290238309849 0.6613325415854477 -0.39019874657901943 0.41726018468276704 0.33619875241659336 -0.18001063054339472 0.2565967180584134 0.7162501126658471 -0.9461689758601743 -0.18960598450836383 -0.384194375334808 -0.09258191378597383 -0.2300573504235469 0.33789006779550934 -0.24153672375682064 0.040281576464927464 -0.8220942876644117 -0.4607476850475302 0.3115
0.0229 0.8455 0.41226164583357544 -0.9632940459366168 -0.9571304670843978 -0.7732480084279181 -0.5394530332575875 0.15285600688413378 -1.1209670747010747 -0.24982970813119226 0.278457778341911 -0.754305449480095 -0.8154346738054057 0.3025434871746113 0.624461971674385 0.4333527519844438 -0.08844635691796357 0.4342299351243119 -0.45506287453703254 -1.0199021015833245 -1.0241144462863323 0.38996401740346276 0.5355019439336174 -0.41641167145613045 0.7524078234929247 -0.712042983381988 0.870067749494686 -0.6798
0.6674 0.2267 -0.9206373424866919 -0.8767366833391177 -0.5682677210346544 0.20105038350875964 -0.9006655570604785 0.6050450644435149 0.6792568053403489 -0.25703046076435726 -0.04195481246648094 -0.008508882471924446 -0.33225537153072005 -0.21201945928482796 -0.17455609124878127 0.2098075667034021 -0.07998038336057409 0.20234448633961405 -0.5284111197259506 0.8450829913869398 -0.06352097794312038 -0.020345930098894616 -0.7897921892085781 0.07949759220943617 0.46756020585574926 0.33906121784098997 0.7753732529494171 -0.9332
0.7716 -0.0996 -0.476 0.2023844491409918 0.7942322357139816 0.7078092394050141 0.35262140136661657 -0.18622034779358493 -0.36050397888193 -0.6893404894617632 -0.20577378850778386 0.2658826972079324 -0.9202416803951751 0.5477041734625762 0.09927079321744699 0.7668068405591906 0.09373119421664311 0.36929763538853155 0.34228657126436524 0.46527716451136863 0.3840969514859571 -0.14760441249763226 -0.19978891748518904 -0.4714888548205253 0.010596887027966606 0.2640999752087529 0.0298 -0.5267
-0.6157 -0.3611 -0.8812 0.9537 -0.8627026968560001 0.3833671487030297 0.8291864516637706 -0.6446129867836428 0.5673982702916107 0.03187046604672398 -0.30417017239975735 -0.13437685348786907 0.19761368749636735 0.46752668549620874 0.010307173906423836 -0.7533636197228494 -0.6686944999965143 -0.46488854285493325 0.8428220823776605 -0.9316043458405816 -0.42421460733009386 -0.15712642505797444 0.3380485079136684 -0.5889068233763816 -0.0029 -0.3911 -0.6129 0.3167
-0.1964 0.9025 -0.3214 0.1947 0.3952 0.1884 -0.1228 -0.6716 -0.2637 0.2163 -0.6844 0.7992 0.8540008340502296 -0.0839874463342559 0.9449119369033021 -0.3942995025703145 -0.967 -0.6336 -0.9714 0.451 0.4234 -0.7177 -0.4605 0.8903 0.1777 0.2198 0.6147 -0.38
0.9872 0.5077 -0.0389 0.5596 -0.08029835519149515 -0.2458869575573992 0.06702138324441674 0.3241780011479816 -0.30518121185735475 0.12476721423163166 0.662386915881459 0.7353073242679419 0.8008183424659107 0.9817833113042257 -0.3096780314295499 0.7408539336096377 -0.3920440276087918 0.6482066401845503 0.26021424910762087 0.3988822673536435 -0.24241093282892928 -0.9536537549481234 0.5280476583320911 0.10033182627372125 0.2771 0.5588 -0.2896 -0.1098
0.5435 0.01 -0.31209984106212124 0.7452635347550172 -0.6051910924732291 0.947375057734369 -0.16919333108715215 -0.8871072960064867 -0.5432963231382509 -0.6354636749255835 0.5740095884041418 0.7179218253313984 -0.24906757077437588 -0.8033963035931152 0.45695702204469024 -0.747416969990131 0.4389966050880427 0.2686296012735363 -0.28826963720665016 0.42024263003766055 -0.5900776542247302 0.4934380783050094 -0.7914692946885108 0.34853212135299855 0.8871865359069495 0.9321110089374335 -0.9503 -0.78
0.9476 -0.8435 -0.23189964922944553 0.3034857241608255 -0.1512798454536262 -0.30532306513933993 0.6544119939581613 -0.21272444326016962 -0.08093943240146294 0.6963238777525571 0.040997620516945034 -0.02415074430818934 0.10940735116452663 -0.3714506870209829 -0.3525251099309527 -0.2403628435913147 -0.37219565481510136 -0.4300627051828001 0.41236182454376274 -0.3183562491684122 -0.05243994856706046 -0.35558710682262284 -0.012806646795342292 -0.07708920663531547 0.42497371336363965 -0.7491836803315656 0.18290344340204462 0.7372
-0.5772 -0.7686002120962899 -0.1636059929998681 0.6617133208447751 -0.26482132667761915 0.4263873736328973 0.26748754928373275 0.26531477582301694 0.515390721304566 -0.4682704407615257 0.7609532465349775 -0.3586426853032119 -0.17486949644831282 0.26334926903665473 0.7591050866747817 -0.15767059365927863 -0.4987689699867427 0.796377554600368 -0.7997958303572248 0.10440215010404152 -0.5162355516088472 -0.5426742071090613 -0.3590928662562909 -0.5468167245423446 -0.21089953976953818 0.40890008636739295 -0.7081289965172001 -0.034906723888748166
-0.8539 0.0321 0.6269635917784058 -0.9173895577504916 0.546371449688525 0.3665887430755759 0.3607366511038565 -0.03794444171920182 1.0252152181425007 0.09767079075284192 0.9985976313250506 -0.10717651485767579 -0.4802286224194983 -0.2592753623156266 0.11449957690131984 1.124320128134508 -0.10005715165199663 -0.3230907299704488 -0.6289650416603041 0.1994971499003271 0.01255623157557987 0.7416734538565609 -0.31151044082473195 0.501916582323702 -0.9409690180428668 0.5922799840512213 -0.43108673904870587 -0.1811712383029562
0.7623 -0.9260999289830579 -0.23839673937617506 -0.33393638478545484 -0.5327267670067455 0.2807810114100229 0.5743419919869411 -0.428454528479856 0.5828135904975679 -0.8693225947815797 0.8263016792931459 -0.3008306101739764 0.6109261005296984 0.5702105474952297 -0.20580416692904646 0.3315086706239233 1.159552605446395 -0.01722574530246189 1.0921893717798874 0.3285419039244322 -0.35045949664322856 -0.30156405257740126 0.2695611867206101 -0.17271214333088894 -1.0666718884960649 -0.3797836292556966 -0.7738127113243437 0.8376418820652616
0.9502985034884996 0.3685806793795198 0.21255439563006193 0.5345086738644461 -0.7723002716730569 -0.4113890230920415 -0.6348564051537255 -0.43924220747981213 0.37774971533008533 -1.0669038811292186 -0.2530971120605601 -0.133078268463344 0.8071889778889842 0.5096456196229714 0.3039182394750644 -0.595702491498753 -0.7508332420352003 0.5828730648329141 0.380793132699049 -0.7901593080988433 -0.8358802582047183 -0.7382535689115187 -0.7367336516837474 0.7273330287924619 -0.26029698323522105 -0.526963955658324 -0.888556015327018 0.03108728049779437
0.04129391813828671 -0.5110948897380383 0.7926114133352702 -0.9571575581247581 -0.6154444435152265 -0.32299905462084033 0.7678956311000729 -0.16383918981471207 0.8759657619459436 -0.6959563973642312 0.39011243749093505 -0.5798492950075556 -0.9330391439029327 -0.2366826164615845 -0.4234035210796803 0.18408063649515155 0.15650153106200196 0.016627018760698768 -0.2485015918107035 -0.35614285254276606 0.12881103658805027 0.9135382259537221 0.4735381433347917 0.21808378935475292 -0.07316980849586842 0.3917928245792558 -0.9839151197990488 0.6062164571822406
-0.8930009873890312 0.10064989104412785 -0.11778697011139641 0.8962797743110189 0.7010441415824994 -0.5757315418214428 -0.16555098424867595 -0.07662100070391349 0.06086182703151541 -0.8915763663324509 -0.17495161589400074 -0.5507497978149059 -0.06510839236261014 -0.46293959280234015 0.33020922813771303 0.39916099511264663 -0.5322224763929618 -0.8282065089722285 0.24871441337886596 0.22710366868537757 -0.5934260931862431 -0.8583612208459058 0.9464681137617637 -0.5993400088921849 0.3909525346919271 0.4192865541104328 0.9206079820244611 0.8833013866084961
-0.7492035433011162 0.7146398214721107 -0.634594656314975 -0.16693720346494603 0.8229884181345899 -0.8312406911650703 -0.08671671160182885 -0.8483251766800619 -0.8612690982448513 -0.4347549895693792 0.17074816303307536 0.28820038137695564 -0.009693799783908049 0.8506085305545409 0.571675853256891 0.04043606709786589 -0.1920225242327135 0.6422977597541955 0.8644057986188811 0.26021378991835425 0.11939218745935602 -0.4371490189817172 0.7451962493320332 -0.9520180741146901 -1.0040864286608173 0.5846088578561728 -0.08168296673197885 -0.4872777479354648
0.55064361858486 0.25641602861750085 0.36312596127209446 0.3768558906103102 0.19199716885107548 -1.0759163971763648 0.2824470766079337 -0.7756039763134677 -0.390438930259008 0.5067933986131016 -1.2061378031580499 0.23046766629494603 -0.5726804595435215 -0.019933237444527414 -0.38610777739481283 0.9484194838966393 -0.7925608215955056 0.6857684211684172 0.7367778686050444 0.8994125307609957 -0.32360528875271555 0.11509944417423007 -0.558092617156442 0.6319615079966158 0.11249646182086598 -0.27734747984689084 0.5429161768728584 0.9453529077468652
0.8308848443700186 0.06395565726734916 -0.5189102561050724 0.5084198860964714 -0.9148069383542692 -0.6846108111672866 -0.42219631854788253 -0.07801566991638743 -0.14553574956124085 0.636715500193897 -0.6126921127614674 0.38534484121689316 0.570484288033465 0.39830585349602 0.2941294898064798 0.523293450797329 -0.8985879825560966 0.0879345041166227 0.3872946774712706 -0.18045484183925173 -0.6123572795830085 -0.32404690978516054 -0.4335641113501518 0.5950085247966999 1.0159233369702232 -0.38521362340583704 -0.4013157652032592 0.6728466471613683
-0.7248961923829249 0.9123839766877281 0.651520492433364 0.030717334821150685 0.6920143359849198 -0.3895893620078473 0.8332210252848324 -0.40733716926426283 0.4566793875013655 0.2160832046293223 -0.6243593998349908 0.23233437659261155 -0.14859994664862983 0.3391139395797413 -0.09685735396834559 0.3539461022614811 0.2626978071517165 -0.7622179522717423 -0.41770471311075635 0.5703542710097275 0.6584666392545342 0.12233264332966283 -0.282469437673088 0.7669612678544006 0.9055719458185023 0.7011677502309195 -0.8577807345382259 -0.3417210842307634
-0.7607869634571077 0.46163144687046626 -0.5310181228399237 0.2001937152251459 -0.7995117561241061 -0.5587448214733912 -0.2670413434594263 0.385552698735356 -0.9360375164581677 -0.5131540595188114 -1.0009770343175726 0.535402508150955 0.5030986677027035 0.5142885764409628 -0.8553877290102199 -0.43983743615056375 -0.3120324353683439 0.18698217529534747 -0.8112265472069657 0.1809284647705792 0.3213329492472419 0.022801849291804687 -0.1426192986753241 0.08165230962018692 0.4089421784242249 0.8353772172683424 0.2665515717308817 0.007418188778848741
-0.5528618133696306 -0.7831630811259805 -0.3925280103277369 -0.36404598930598353 -0.6693743191529722 -0.7493304180889088 -0.5926503312594613 0.16427670079833645 0.35620384908606567 -0.8314867077460348 -0.40172061500629064 0.4996900952342249 -0.7265578273658007 -0.5608228855666414 -0.010128497006661637 0.0867810642531274 -0.4039935579366853 -1.2675647099795053 -0.8660533304709773 0.36765229018791523 0.3136518628333085 -0.4405913410708526 -0.20533880266059906 0.7758361011226028 -0.20844623148353267 0.02048202153857876 0.16131571616657253 -0.5759160216203987
-0.5264033620650459 -0.25452850386812786 -0.10449572563199575 -0.6127909859340511 -0.5742412912123178 -0.047888978878747324 0.13519267822403577 0.08023166174227532 0.9277760432598011 0.36714886485303394 0.09014683565994275 0.04054152748262333 -1.0945203303996103 -0.06704864524825649 -0.5106368193544967 -0.2700520128342898 -1.1835230686358809 -0.4808387374211813 -0.9507389150086538 -0.7970503307526526 0.27644965173939223 -0.45950387353112815 0.5367508676572784 -0.48622592460829933 0.10050069086920566 -0.2207981389125216 0.3400711255020466 -0.17914583217663593
-0.3079 -0.35157154952777864 0.07312887819193892 -0.06014171888827607 0.3321596360738103 0.12671416597650484 1.0160856763508666 0.45137623406309896 -0.2467676565826181 0.7712013486971043 0.25945375229324125 -0.6571595496363732 -0.1809585024578667 0.8200245857798 -0.8939714393926322 0.7570117248662188 0.7215219485073578 -0.8093100488793282 -0.24326444703232625 -0.4365106900279828 0.5050631051614083 -0.3787210087441278 -0.6657231842435507 1.070219749585363 0.34279854540582183 0.6767725893799025 0.41575670516607527 -0.4263363031885043
-0.7979997927603132 0.7674015724997147 0.8637356480467605 0.650275431041853 -0.11604840478174593 -0.0029352934558631266 0.0011505732733846131 -0.3285557450793394 -0.3117075559668333 0.9755753758802795 1.1070339388464687 0.6071673250286714 0.4305500195913377 -0.5295950826212507 0.8155654367853109 0.8835992900374123 0.3138775448592151 0.5567141960438895 0.5351198893695539 0.9121474359231706 -0.2867124362659013 1.1653218325972279 0.10582065369041928 -0.800109450374978 -0.026647614589161542 -0.49963421139135394 0.5854873855257976 -0.9918883791592746
0.4624 -0.5904018314046946 0.008536840586290477 -0.45712196767837004 1.1070170647475504 0.3082918638748582 0.8783430238149021 1.0014899681107494 -0.5604772145849367 -0.3476907152610056 0.713009518992861 0.20430801830016618 -0.6315850066017905 0.6737678712674589 0.9179854976547247 -0.5062843221968718 0.258449891373393 1.0575909726451895 1.0954251809668125 0.07951085181958986 -0.3888608652411089 -0.3041225819266615 1.1671533210757943 -0.3031543125540842 -0.5206203966116015 0.64160056748291 -0.554007064378769 -0.03665232866209395
-0.4526 -0.9888981001623777 -0.44595118555502566 1.0296936658415556 0.17927238044051044 0.5990081168912353 -0.374881572585879 1.174873937296189 0.575876315818318 1.2108743258414234 -0.2450781322346448 0.3677499094640588 -0.5114035637273012 0.6457872693263761 -0.18007145818730305 -0.47035140581332563 -0.5861186547827518 0.5558587484862761 -0.5723504296755361 -0.24333629573378682 0.8210775843774034 -0.5678410592555804 0.025110051572202762 0.077995003141084 0.4046214393189403 -0.5779040212966208 -0.7791678204491084 0.7192999619000727
-0.05509732851482682 0.6103390822387305 0.8878495245457697 -0.5884968701841186 0.984887053691132 -0.5057530806459613 0.29716954695364745 0.8442458625133291 -0.05763747450221577 1.128122267040792 -0.3334491267812239 0.5529102351744801 0.0844970847653803 0.28257821253189985 0.06897364081387015 0.6669910127844741 0.5410732145575915 0.8509341925448239 -0.5519948025796504 0.529885064117591 -0.8190991738651586 0.5676249487616953 -0.8417808172366317 -0.46115915415304065 -0.795021703205278 -0.7309672913408761 0.6885118480190225 -0.8782999813302372
0.15540258846690885 0.6117093935148673 0.5380540706203218 0.9462268815402143 0.7993639352821452 0.8662532721809013 0.4319468594343429 -0.604268838798953 0.7873421925020354 -0.194894935204294 0.2005100268223304 -0.773995996022875 0.2379213477660123 0.515913523861547 0.6371935297788696 -0.07404003099199716 -0.11714125906507021 -0.21290697393581812 0.725445052271081 -0.058549436584666714 -0.7369111967866169 0.05082349892289794 0.8291674943276471 -0.5141659090372961 0.3783996178082953 0.7649403316066806 -0.34951282267111783 -0.5951999655177171
-0.5744 -0.1985 -0.5436319467857457 -0.5276923396963495 -0.28319120823754096 -0.500245759373604 0.862567162220415 0.11421973061805908 -0.39360497517212395 0.8517736623574784 -0.6928212829684666 0.5488124719146066 0.40770844780353305 -0.7064047432557449 -0.3800395740589294 -0.4132831425900055 0.28539838062817663 0.2130420641684149 0.9102663023860811 0.9772517598045053 -0.20274061860049514 0.983473185494468 0.6736711998390877 -0.5022251327015359 -0.08892079245783234 -0.03332886434362764 0.8212860211876518 -0.3762
0.8062 -0.5382 0.26403576699548253 -0.9449974852394198 -0.5576025484979156 -0.546268129592083 -0.8740628546362945 -0.11838725348829159 0.19861978415109238 -0.8280370607345661 -0.4349454839135774 0.2831019237259324 -1.0456940353997062 -0.8033318196746964 -0.21753592517643203 -0.14017905087243204 -0.24540126639798573 0.6490183204286195 -0.9150074778205057 -0.03031666898623932 -0.40108641771010334 -0.765434386357226 0.5873419386557811 -0.9522965771068563 0.5645746170515797 -0.8829832229325346 0.6347852331386 0.8431
0.4702 -0.8139 -0.6661074575195275 0.1487645833484463 -0.8656755374094008 0.4099018677731774 0.19339350330848695 0.8530427302348187 -0.7984933679114651 -0.4052046163122411 -0.2766486958719834 0.4940152983002569 0.16231084149221975 0.862975553798495 0.7145093273806631 0.22256079017336364 -0.08840799580865873 0.4330526472667248 0.8764276865919639 -0.2884365666067363 0.6304184901662397 -0.3647264041129889 0.7328870438685381 0.026465576948062765 0.0016760703406919783 0.6116919237419799 -0.7948731313799685 -0.5026
0.8825 -0.0879 -0.7755 0.12882295237602698 -0.263199582265072 -0.8467318134128724 0.3908100494558656 -0.396270552753781 0.4840934530046776 -0.013902341133102371 -0.6059778464817868 -0.6225133386563736 -0.6585273343053588 -0.33425855663783094 0.3282339743969602 0.19551055119910432 -0.9083374887661093 0.43990708947423224 -0.1688945347843245 -0.7291284961047686 -0.40341034173548 -0.9303910543557871 -0.6085825024636811 -0.08921458498659521 0.07869123210600532 0.4276992367148936 0.4823 -0.214
-0.2247 -0.3863 0.8559 -0.6499 0.6927673584726043 0.7653853168013441 -0.5477581222052694 0.32343653807691114 0.5357417681916866 -0.809884859055931 0.9898224156171307 0.700887117877778 0.8842998802043779 0.6029584262849468 -0.286827174503693 -0.9217083599705592 0.011360618199055358 -0.016945303044184113 0.891820827307275 -0.15783101048851944 -0.39877537126932594 -0.4461322540600002 -0.3607853894438025 -0.8011235200840998 -0.2368 -0.576 0.1444 0.7218
0.1616 0.608 0.9557 -0.1509 -0.028 -0.6612 0.5836 0.5521 -0.0917 -0.3956 0.2634 -0.9919 -0.9368206657956049 0.16360525819921176 -0.09482823558345282 0.5097988233784726 0.1542 0.0896 0.2716 -0.1363 0.8235 -0.2305 -0.9173 0.9772 -0.5055 -0.0605 -0.8909 -0.2519
0.0737 -0.2414 0.1422 0.6407 -0.32079999972871215 -0.05589418096574916 0.8749183213911381 -0.22719084982402382 -0.3315425238929076 0.21969176413637076 -0.3876317762098512 0.1747922926735457 0.9824468136467311 -0.5383498781555076 0.8673419372561894 -0.8898411126717352 0.3008082366229747 0.0556253190120646 0.9207246237002334 0.47688534594738397 -0.28743886424311893 -0.7461011730681232 0.0054785244135251545 -0.8293285575572374 -0.5193 0.082 0.7155 -0.418
-0.4169 0.6867 0.11280007379484183 -0.9473137731589018 0.053524785858576084 0.9710434004154587 -0.9528391545636982 0.5189693637443566 0.22912174694689738 0.6312816345799309 0.5750640695242306 0.905371634956245 0.3744681545273017 0.6463070785828029 0.65883876974786 0.2834434630733397 -0.8765957635136028 -0.9875143102724997 1.0046038671471884 0.1305179417501772 -0.9403785449305809 0.8002401985762991 0.9655958340833516 0.3005361244942944 -0.4846225651038268 0.6853600491541387 -0.6875 -0.1652
-0.3147 -0.7596 -0.8893007878467014 0.0547567844059952 0.025546634966611092 0.00901459513820712 0.9574280517565281 0.660558360951591 0.7110630956715396 -0.4078044163197652 -0.15065966607223572 0.24277755790303027 0.23904077149109954 0.9278891459402159 0.07774225519574843 -0.07656787109462217 -0.6204873734357342 0.15019264840192625 0.30481176886387734 -0.40811033504327177 0.3067414859332133 -0.32180723252427146 0.6184428928967444 -0.42777531932695617 -0.36361260679153934 -0.746224196452213 0.6583610879903983 -0.989
-0.3192 0.34339997466998823 0.2762997275009246 -0.4734610869979783 0.45593540975151553 0.25656444649545507 -0.5106329906684689 -0.8744790428456848 -0.31582902896111836 -0.8052465411708195 0.8091247456551879 0.7200268194334815 0.13694186878945666 -0.48823021330804334 0.537352169973739 0.39154660881646847 -0.9386558537172555 -0.5340741562103044 -0.5092626780163749 -0.004941475575853698 -0.5141859798504121 -0.8127866652217037 -0.004863490146075258 -0.3463359980276347 0.32724790232421846 0.8449400599132151 0.3239747014193448 -0.1245393399519815
-0.5464 0.7379 -0.06447264030339016 0.05203081465684226 0.129467516224808 -0.1870792899172431 -0.7094245680706457 0.17824577053132326 0.1955265060221065 0.2610445145146491 -0.14877321416401235 0.3439254278593257 0.3777574666551626 0.246061425239038 -0.19830288155854903 -0.39620737388004323 -0.5753512127866104 0.7017034527744929 -0.2966134390648969 -0.6993464098892227 -0.0994048582458217 -0.4018509493788348 -0.09234567627362243 -0.29045827467743063 -0.5380332993738157 0.9876839073134117 -0.38901454930151563 0.886237534825728
0.1744 0.534200018751495 -0.743069751758128 0.989015275952947 -0.23269319539881717 0.41515044842207616 0.5764634859386615 0.2480759024864974 0.6393514630721331 0.3510723750516002 -0.7203076983307187 -0.49323941355656864 -0.17232499157270537 -0.7314021144221122 -1.175024181014549 -0.2977830681255922 0.537127320307976 0.23986349855015973 0.5391990714878344 0.06388478585296208 -0.695503446056308 0.2968886631661829 -0.39781213576634566 -0.57692959482103 0.49505267418611043 0.3458285244166111 -0.38962444722995254 -0.37073864175535526
-0.5487999998775146 0.353628084939401 -0.589365243821492 0.33190628349371665 0.29149714428699386 -0.35745375009202 -0.7119950344709247 0.23403492658463307 -0.41078567648008735 0.010378751748519311 0.8345315387109831 0.15280956482512215 0.7802696877884638 0.042728240431782166 -1.4617694397768257 -0.8416284461602858 -0.26176016449064654 0.13331927717723174 0.10967258632620129 0.07696092631617771 -0.9024685543716595 -0.18903989791388898 0.936700138852377 0.6299346941203975 0.7246022288713038 0.6498421497177649 0.8055025360324793 0.393467194283965
0.1653000004977837 -0.7482340314213357 -0.8769404714409191 0.4518402271588895 -0.8658770618137435 0.04277037876284616 0.812045949275234 -0.8323023065443513 -0.5630280233102104 0.6938805292150031 -0.04899767974285765 -0.013030868533544234 0.20797891898398246 -0.32146850159162044 -0.954247837064191 0.6137026899579787 -1.1435657908293968 0.35023385607301616 0.2758780341859558 0.10668196310385812 0.6281948988005087 0.6013151591088665 0.916445538160805 0.05837610514253074 -0.09354877764013723 -0.7355830408885048 0.6209664248334067 -0.36604321856975475
-0.751299999919185 -0.9315669112328552 0.4943303218906115 0.9266812807173905 -0.5943558030050979 0.2904778894145952 -0.5134365266858371 1.0925368852315622 -0.6890931071090064 -0.819188447480782 0.1879815673109441 0.7595557686503388 -1.1257227127006397 -1.3774018750986978 -0.39811519035164067 -0.4130402798158492 0.2559582020961342 -0.19433545184763254 0.421565068120307 -0.06692655012212338 0.3952412728366436 -0.2812666480635963 -0.625069614392201 0.8942929658157405 0.8292344669769232 0.7528495799463667 -0.5634664067460441 -0.8196200601151129
-0.9771004334453209 0.9489746884099469 -0.293157428413915 -0.7676817881953187 0.6992343846332246 0.10347597911445375 -0.9365808154874863 -0.7910779458141235 1.1193347765978914 -0.10306252671441378 1.0716120836373257 -0.3072402883945387 -1.0173712174834275 0.42669396325070613 -0.46971129630851854 0.8559944352663389 -0.4590478467634083 0.029524774404475384 -0.12536714320792236 -0.13216780336557743 -0.036970053211799137 0.19077485367438365 -0.26400348610085106 -0.14374917665039907 0.03158429226290013 0.7712944696766986 0.5943707470433564 -0.4841603207250264
0.6248442089856068 0.7825910644901187 -0.32492808104864046 0.21215367561124082 -0.9149092263021746 0.5301603340171854 0.8015976334596007 1.0924577372424047 -0.4464250055889723 0.1887835162072595 0.6847965326573214 0.7734318565218271 0.10194026875218876 -0.6697411367124761 -0.42590359998301863 0.02978702596795204 -0.5308860205718382 0.36155185114914634 -0.5854939165461749 -1.0845820991579773 0.7507887958682177 0.5995215545526672 0.6963387510905553 -0.7204066380429681 -0.5423093382987205 -0.5522443237409349 0.8169982608608606 0.5897458887222695
0.26699985864774384 0.5763268584145099 -0.12103395372955641 -0.25498391619124916 0.9104542890028047 -0.3075630027851392 -0.013843781877165997 0.40515513879154147 0.8163114984740869 0.5466406812352901 -0.40476039226901955 0.962190289858691 -0.1981090391851936 -0.18789677771555252 0.589680834019011 -0.4241399698311194 -0.5976818458127958 0.1325253838191358 0.5508957211030517 0.25073982261789013 -0.2941071942578592 0.6004688251663098 0.21272227789842427 -0.0865807068890215 -0.22739572151848056 -0.6375421111834197 0.6110195968765926 0.7763270109887787
-0.820498896597454 0.19115857187569318 0.14773336383463861 -0.9796863314950877 -0.5441514803725509 0.8438385849794604 0.04390851332940718 0.9896181724776669 -0.22308395365491898 0.23105277333173296 1.0182215409932798 0.6315193008675648 0.09811212776537015 0.2261669015503167 -0.7492934091765238 -0.15487809427284818 -0.5409192619570155 0.6721149572473962 -0.6616343585187168 -0.5017953255573994 0.5136818748210433 -0.3683142291110512 -0.5231953529724361 0.785998936129158 -0.7434743840917787 0.14861519004421253 0.2610163609884694 -0.3477819145800261
-0.8173585889353477 0.31592933981573285 0.1541889484840003 0.3594497621959852 -0.5645024214747324 -0.0006685090497042138 0.24665190766871803 -0.39251715040286106 0.24062476106737704 0.4892670374172208 -0.7896032216691452 0.4300924201723282 0.056170763936888336 -0.029791833199831107 0.9137444040410279 0.3045011907442827 -0.8030906090595111 -0.02418883628859305 -0.9910810941600675 -0.11240731842931517 0.9566831571556141 0.2616582927224084 0.8016659554243571 0.5506524999917728 -0.4590195924302094 0.5111827214182091 0.8912590110735792 0.6890364845340357
-0.9347864468398932 -0.9612521389056714 0.28275290657364366 0.2495199658446476 0.7024332607279621 0.045541923492092636 -0.727699013812779 0.35070421655612105 1.1332546016883591 -0.4353573569090604 -0.34597031202596945 0.09705224674420117 -0.7468132342829452 0.11725418957265919 0.8470959568216428 0.03831303695026595 -0.19695772471776962 -0.13685217092397858 0.012230235882765532 -0.9773406996501176 -0.34715893546378773 -0.5738824694965557 1.0712368318043284 -0.7502381213506532 0.16939951009432963 -0.243725258077651 -0.8973348973619745 0.26478782372693827
0.9572999569903526 0.502678508144921 0.6487600862324365 -0.6544120268419683 0.36029632082771906 0.31865075608488347 0.3692607335807529 0.46891923597005997 0.3697087563040054 0.2128019919720516 -0.3894004059875839 -0.3669566056629492 -0.44375132000839324 0.23381439508731605 0.2709408244445368 0.3277621914521103 -0.2073104798196721 0.4062246623888306 0.12755600271689282 -0.3689371795605032 -0.7431995994958485 0.5099928697529001 0.7308088456653377 0.794416938592411 1.0089614297509024 0.674217669827276 0.008750254994366432 0.8161225533981488
-0.9784 -0.8044171934877892 0.7285387385184715 -0.9623971085309371 0.49948175291287267 0.8703002118301603 0.8120906209008515 -0.8031944615990462 -0.11611521855336684 0.04184956676146862 -0.9425605212462667 0.7171723970664264 -0.6588081511802754 -0.5058347881421602 -0.25709936009995915 -0.7151145135327223 -0.28417591274649645 -0.6094426274926907 -0.6973867385693872 0.5973200754626117 0.8251492530833074 -0.5708073639187692 -0.90690315887826 0.09202345085574687 -0.6209454166480903 0.5532641664967838 0.29559065958714276 -0.6327037527336855
-0.3631003692353871 0.2960977335976188 0.43610226721095985 -0.011418470348954799 -0.0021356521177788483 0.7664059182031042 -0.8162168173180673 -0.6972368298411666 -0.37937614743636205 0.2326782221052812 -0.06676490580503884 -0.07022419821661814 0.34576674980471467 -0.9593195950853206 0.13772817258671635 -0.8079913238678219 -0.4013337012444513 -0.0756497065497831 -0.9298090594954512 0.7132009213858173 0.7013522952424854 0.19478724305445133 -0.7740880626600414 0.9816958929149947 -0.9748187079870326 -0.7162226310420848 0.2860195612310981 -0.10190537176463772
0.7869 -0.3787197056428659 0.8084774948275534 0.5482344757129092 0.26140983752087 0.8132585620970961 -0.32519316980341045 0.34357112240515414 0.9144974396817585 0.4642688610560578 0.3875214060859743 -0.15921961726690648 0.5672765856875599 0.2588189761886023 -0.16128827195789336 1.1029931100518853 -0.04768406622560296 -0.7407848908286382 -0.7742820813717121 0.8294696514429564 -0.2962586996495643 0.8792726442705823 -0.645988327585292 -0.07519526894401855 0.7448748197725855 -0.06822880365095951 -0.5765669602426384 0.0474595079277813
-0.0478 0.37616841353328145 0.08224191975267271 0.7633217435949897 0.24035691223549138 0.07107616029192415 -0.021996138599785737 -0.652678558169797 -0.04974589027788736 0.7253214207343137 0.5861255421856656 -0.32250544542884885 0.442224162593794 0.3321913835790281 -0.35017300490139247 -0.08076729058612635 -0.7512912932635187 -0.5598442393712596 -0.2605857661951704 -0.43803230713321184 -0.8065439428905283 0.6196827832960086 0.876181706544956 -0.9304376793551941 0.26663914665944355 0.1670037261443604 0.4265633100095224 -0.4307992167350913
-0.6577954746285716 -0.04971204188306344 -0.886628865357524 0.4660738299377678 -0.13687433089025153 0.2352023971368884 0.2704870859607844 0.234397869063783 0.038393768554639274 -0.7038819892348793 0.22656442416241573 -0.4677157336718402 -0.43888959809556205 -0.0703964464574661 -0.18497290832291038 -0.40595011608228404 0.14152060943101366 0.9260570594202208 0.07710963184377914 -0.030052241690952504 0.2020366367798147 -0.9770615379344831 0.46581636800832854 -0.05209864823583007 -0.7753355569657876 -0.49410694429951657 0.22963578367102475 -0.3588968451853211
-0.0343956152576438 -0.5669951570077238 -0.4437202410230274 0.923970612230909 0.5538248509197842 0.7562060212394813 0.4009295162157213 -0.8527145947892638 -0.5307793824746009 0.2547401384992702 -0.10333354549995302 0.0214492202413972 0.06656325158085416 -0.32712447751745655 -0.6829566754150737 0.06072144620923369 0.8127026472393295 0.04501980950180523 0.32086109394765017 0.8092656251849125 -0.13299725976070437 0.43013801824598913 0.4611740988672811 0.5170826318223656 0.19457983035401147 -0.4634896141377312 -0.051550605213013447 -0.9943941731872772
0.1595 -0.4911 -0.1524930460833326 -0.4054764562308974 0.15031030545222082 -0.053722416466451484 -0.7284512961382996 -0.8463855710050866 -0.9098315796040279 -0.6011349303665219 0.3769303319004206 -0.8928446657837422 -0.12817999692092277 0.2984058114585431 -0.22442771591856486 -0.8370999975763588 0.5994037531278859 -0.19131771832638603 0.4874729212994267 -0.811606473513468 0.5445385956439721 0.16894192930586888 0.5701353480135434 -0.0635222624982536 -0.44884564671957955 0.005656748813972593 0.45576776957999127 0.496
-0.7619 0.7746 0.4050736082013133 -0.09347554228908747 -0.9989367528842067 0.6099237266348561 -0.9977066933120147 0.7400269593427279 -0.7507411188190538 0.18160651583365067 -0.39410700596039067 -0.5075047124920545 0.9121656539227898 -0.6074773170759622 0.6335358533749742 0.7172977575917528 0.11993584626698915 0.05304441235094871 -0.6637264685305473 -0.911139471460487 0.08930059771099315 -0.6739165356952529 0.18861696250107096 0.9521971127923741 -0.512460049544031 0.9848103986219091 0.6901990211437781 0.1111
-0.4233 0.6396 -0.9524192256291971 0.09771775872251734 -0.6208778349528796 0.8609675001277909 0.7147106268477431 0.5860185124810728 -1.1626213593176131 -0.6045196925347349 -0.04362932074026758 0.11511939741906689 -0.6215022563283199 -0.0344214130643901 -0.49571650359471015 -0.8085353611303999 -1.051502405133854 -0.31053694953148203 0.8390139271442154 0.7219495242716646 0.6404308680565415 0.3716049247025646 -0.8928067551524728 0.5270320032301183 0.023038795020611985 0.6808951229075939 -0.4803012608752894 -0.5659
-0.6282 0.2726 0.4738 0.30078935820111324 0.17392782880603988 0.7328197915828939 0.7281799711952385 0.6014302485885136 -0.350272833900807 0.45469264752564115 -0.8430367236242794 -0.9976254478338088 -0.3361166365855733 -0.7148827749248539 -0.4909190602404712 -0.603995738196525 0.5718690553064817 -0.26935512366339887 -0.3747049648722366 0.824981097927019 0.23010935931012613 0.49931873941754995 -0.808828117835444 -0.8774905710621437 -0.2888947719443273 0.33879772292884985 0.4781 0.2285
-0.392 -0.9939 -0.5734 0.4309 -0.07043585488514308 0.7245004966443783 0.7655887992632169 -0.31110226952330844 -0.1859964020504664 0.6646461159500173 -0.11036428294964415 0.5820732304962037 -0.22890873788958266 0.38415762070152437 -0.9415341845824808 0.06447437841685455 0.3259901874956332 0.6810547563523641 -0.37605813224174073 -0.20222944947884772 -0.3040972814851174 0.8168975182541621 -0.616207309900681 -0.6024673890675207 -0.8706 -0.0091 -0.8159 -0.7421
0.9874 0.4451 0.4844 -0.8252 -0.3607 -0.0246 0.8147 -0.2531 0.7801 0.5686 -0.6236 0.9143 0.3638484438512134 0.6188241302983736 0.7112989773913759 -0.5451000426137226 -0.3117 -0.9903 -0.376 0.6503 -0.9881 -0.0019 0.1665 -0.4044 0.6447 -0.7878 0.8531 -0.0926
-0.3323 -0.8336 -0.9614 0.6054 -0.9529999999987279 -0.12540000270619422 0.9825815019873058 -0.70701514536264 0.690491043941498 -0.7860501437907674 0.4835782050151438 -0.4179760173807876 0.46660719333419254 -0.8687493471847426 -0.5000560309257346 -0.5766127354329385 -0.9704117529580589 0.9654944949786083 -0.4334023081316701 0.802196711470485 -0.3025119562425903 0.19674998849353523 -0.10800586277118539 0.7751994504653957 -0.9464 0.3817 -0.2304 -0.3262
0.1614 -0.2656 0.5388999995187084 -0.15056510148338242 0.9182409116210707 0.6603048849247475 0.39309788056121997 -0.5540308885934988 0.5263464241750107 0.25932943058740154 -0.5119385904892125 -0.2544736589501321 0.19171606183694745 0.13568305764593763 -0.8627798447942816 -0.06250072708915211 -0.9684913427739302 -0.4265231954915193 0.4223525278941651 0.8646748128381808 0.9368825090698799 -0.4736134026237297 0.6495784509731772 0.2726401535132422 0.9183791380027179 0.60789997795839 0.4922 0.5379
0.3932 -0.5756 -0.4495000020754415 0.3342011038965061 -0.04195989484123873 -0.7123589707948288 -0.428663695802444 -0.36559567945597354 -0.4165146662969777 0.6370528165538907 0.9750317547735381 0.6023877338974035 -0.5593110656920228 -0.2430286257122916 -0.5973791397224137 0.5499489026886101 0.6756222237369665 -0.8248002917238363 -0.5137981529176741 -0.18942996834529607 0.49226021756549826 -0.23323017551563535 -0.4856440597651174 0.5042874625356462 -0.4676307982591801 0.5381514916081014 0.3580999924375048 -0.1811
0.9363 0.24200000379116665 0.9285193143404638 -0.4745678467604624 0.2530116569979168 -0.013970130859884657 -0.5584001185946198 0.21789091867248225 -0.245449211514352 0.61282545235291 0.8529390507996009 0.9563786390729047 -0.5152457713447647 -0.42241275988593274 -0.578138561885927 0.9278303397560033 0.6607695984820882 0.6791388726129755 0.9075924652326677 -0.7257720713181912 -0.8652060718737848 0.9150626876911201 -0.29183834381711804 -0.5201908691486409 -0.4668995091470547 -0.7080643867878734 -0.35659340126101075 0.6866032350035531
-0.4915 0.1456 0.4949345203968931 -0.33832452158860693 0.5080718600603235 0.8708609635780352 0.06517019922637549 0.5204077087659787 -0.45596418205251477 -0.38172469970387585 -0.5840544695012221 0.6901733039694644 -0.2983763547942429 0.6413712924598965 -0.9916809520139749 -1.007233181355893 0.4414725667883726 -0.3182595993224303 -0.5839065046018347 -0.59257374196768 0.489364748019511 0.15562733053361955 -0.8874744269979956 0.10607887017409574 -0.17337869235295533 0.0742295236513919 -0.10679107539569205 -0.8272914984944644
-0.4135 0.6632000010669098 0.01747247999797244 -0.07226681752052273 0.20573516671007547 -0.31197123308714336 0.2825902022270856 0.07985085842204588 0.3914455050376636 -1.0570782110852284 0.0136259081294688 -0.9022859841778701 -0.3676690450330514 -0.5009974131892231 0.2704896157358712 -0.8006452208020628 0.5271803681944202 -1.110709995395545 0.4510468736878528 0.03554871409203279 0.7859511969263504 -0.0009131161878348714 -0.5212168728168858 0.4607749720796104 0.414452863971012 -0.9193206072106839 0.07204231752244263 -0.41155516394066693
0.2912015734641874 -0.37157993365085595 0.7228927505641174 -0.20252993617227114 -0.5614421470227575 0.5203837126051267 -0.8175451773230503 0.6291338198419336 0.19113265116765388 0.11938026708830839 -0.15669443973570182 -0.06693188200504113 -0.8978029805260034 -0.24195346898543763 -0.8810508662326454 -0.5052929905780008 -0.8177207558564143 -0.5447041464411744 0.6854349586950238 0.5736652343241829 -0.9541365161458725 0.10852099749086706 -0.3239633551946396 0.953413734978389 0.7665829893646607 0.3159632315577241 0.10111219888784118 -0.5518051059829681
-0.8017936054005624 0.49559661747681716 0.4680995496885932 0.21706343477541715 -0.1834957581804195 0.9648056160765197 0.3984683046034566 0.6205975563475699 0.8327686841830244 0.4468063945948333 0.08801172994441976 -0.6347177750290446 -0.06153189774797963 -0.35664750549239965 0.17706705297751413 0.19277242993792557 -0.395063563459708 -0.40141915808949036 0.24808990965678207 0.06796577595221794 -0.20220545986121166 0.40792915885473635 -0.1639377983494466 -0.17008795236491747 0.7301301879981118 0.9862531266612673 0.4769982591349155 0.22099449279489028
0.2526010381619381 -0.844299765150266 -0.41076547910748673 -0.13876342375336884 0.5928099373167635 0.8088734076347023 -0.07264498279527691 -0.6094905761454633 0.3785194313815244 0.6078131632517978 -0.31142038072062983 0.881463951286518 -0.5283540671770733 -0.5636689580560179 0.5130487945547062 0.46043119281792483 -0.3067116874064225 0.867870018059695 0.2247370985643667 -0.49723668725917775 0.06873488493407483 0.7877755320544453 0.48283721122653195 0.10944712423912493 1.003646507197188 0.6614190934107578 -0.06815541184909946 0.045761145086429554
-0.5088997215823994 -0.7667666101963028 0.6970338715447654 -0.13496436502310108 -0.663769068099563 0.6608337946448678 -0.0697150379200844 -0.5607688432297839 0.23066351217201161 0.9834535544332046 0.7960402988879358 -0.38891315551043415 0.07525066400798541 0.05932992774208772 1.052911118657504 -0.02939222021226711 -0.6866264943500267 -0.3600906290171524 0.5723068175849295 0.27985306115074815 0.5013475635137513 0.5870877624353935 0.06519622554666464 -0.4729240960593806 -0.6693902428995324 -0.5234925477857095 -0.20217117021292189 -0.8941860060208531
0.916337163886671 -0.07791145919243048 0.7054458904953281 -0.6243626384434473 -0.46339620216342786 0.5046966964569182 0.32128338701535136 0.28022193365606657 0.5344653711958856 0.44426398983261817 0.8432450196314978 0.7644823700051053 0.8771964394627108 0.6218938807431627 -0.8869274461179989 -0.3621104437579501 -0.27855385496709245 0.4060338722216102 -0.037283284747636564 0.736209426521572 0.972283681804806 -0.17859591190474752 -0.9794279493955229 0.5127160131342706 -0.9508559690395664 -0.4136634533012242 0.20178798877461632 -0.9727810112033335
0.9027046801752505 0.8613139447421276 0.016174084536267227 -0.5558808017814661 0.5852920192366177 0.21282075023477534 -0.2411626123829181 0.8462424161565103 -0.6957118419353896 1.138894855607661 -0.5032395395635918 -0.7015434668642642 0.5097914068773988 0.5518065642116647 -0.1490478219776821 0.08332684991359937 0.5424978624779473 0.8071315931074907 -0.7874700934320212 -0.6307128239957347 -0.9543278528718924 -0.8636195206190029 0.6451570634112873 -0.21051796813371168 -0.34192190975018455 0.892206515113003 -0.8601982540305037 0.3095939433521676
-0.060299996416451326 -0.7247758944631513 0.1006920540657532 0.8242135584741871 -0.10616534791183802 0.05628883421972302 -0.2129354338763165 0.6158638869581968 -0.4407705841247267 -0.49119135013188786 -0.7022565319311217 -0.7774325641617257 0.5712152051974623 0.39863074700203993 -1.3497122691868066 -1.0746711284149848 -0.5697037157959097 -0.16034708665661096 0.7184060195441189 -0.1543330245484808 0.5380128105866138 0.7295534075396541 0.29260208903079105 -0.8807200718140391 -0.9684939433765101 -0.882216451707995 0.2309923140362973 -0.5950074492792127
0.8547145556300937 0.7291235781091202 -0.5122115523547083 0.39165167545415697 -0.7184813096651855 0.5930733300433807 0.6316922586854455 0.42856102445441824 0.2861647281175689 -0.2689121056439785 0.27651597457501753 -0.37701243183010524 -0.32252380117663104 0.10218274966137239 -0.7098302461461106 -1.0694987506542213 0.146978731560371 0.31479782226843606 0.2584518522058426 -0.34169325548786533 -0.23482384017558858 -0.5403496613738032 0.8951370384656044 0.19532115503316058 0.07690983423042322 -0.7412164528762176 -0.7017761341045641 -0.07439327945616687
0.09120700042093216 -0.693675555619491 0.15500693178151942 -0.9128144947374319 -0.20243382165931975 -0.4154462442042617 -1.0215252427975148 0.7024037107667855 -0.8060152451330306 0.5534293718513159 -0.8808168865521688 0.008920852249367214 -0.7881649180286768 -0.342418525923064 -0.5321128093032143 -0.16976258385169615 -0.7148544400903888 -0.28809297025253755 -0.1683333008324627 -0.7831398335259078 -0.20144257239206134 -0.3954168594870259 0.7348097015550218 -0.3800262372339526 0.3129823798724189 -0.42282449482584306 0.13369682451543133 -0.5474279183734575
-0.34598725428251953 0.2841381510576837 -0.6350141759401325 0.4371979051946258 -0.5306696787603112 -0.875375585089802 -0.28561085340178566 -0.4515581444418644 -0.29311633253368363 -0.6741440134322042 -0.3016831004911306 -0.8048651987615261 -0.7086198614139997 0.4566250718203767 -1.1350869778467785 -0.26373819099082363 -0.35663752082354344 -0.3140077511667419 0.5954584296928016 0.3427132936849179 0.1310137703908387 -0.7436712434905126 -0.7586828603342557 -0.5263773005234496 -0.08789470344333071 -0.36697450217274635 0.023374368581571093 -0.9056019096441059
-0.2906 0.21409045980942465 0.9723796199504331 0.5169806750481152 -0.28926835514301874 -0.8962662107681625 0.7086943668835542 -0.034441656650689295 0.6798697436589092 -1.0395858924732366 -1.0546775365092127 -0.3637410093453768 0.39002161991981454 0.7897086934139707 -0.7812571971808759 0.8136636870843321 -0.4742173522813718 0.48073615581073303 -0.17419669697154597 -0.43195315617811814 -0.21213279500841883 0.5857329453587736 -0.8971272037361081 0.6622706023323335 0.13001211730037018 0.9348946675225678 -0.48212251454271937 -0.531505480617355
-0.5554058129760824 -0.5899969034455581 0.4109416110809357 -0.3250181051895741 0.4655167851309865 0.8994045969277957 -0.20313351744856994 0.17124018130037275 -0.5031140356337693 -0.2912553355913207 -0.9661303763179004 0.40731824006389544 -0.9349401094549264 0.572870868054967 0.8624858901514428 -0.03996884989213511 -0.5472870798600031 0.37926129644209794 0.36213388805031016 0.7227734062086769 -0.38278856630821506 -0.8474697892890851 0.23780730175107986 0.95370470371584 0.18496997175608929 0.3313424878368279 -0.712154133149046 0.7510958923748086
-0.0722 0.6316467628147784 0.12596298941217715 -1.0035498038481738 0.7178376381543101 0.8012702766763133 0.020343130121761335 -0.354669635846873 0.05869189018708785 -0.5124471055000411 -0.5546505067259369 -0.661250857531343 0.4863084746632696 0.4812049541897635 -0.2586481380419111 -0.32577677813045924 -0.7038413036042758 -0.4932739098828647 -0.6962479075451614 -0.09149698325102482 0.43369100457503273 0.16071071962575567 0.6984930733083297 0.8207543010853601 0.6744051484725766 0.232417723167253 -0.999217214557654 -0.21500137621038498
0.6008 0.5254847399848307 0.9850106288522944 0.04785108056018864 0.1837748902442829 -0.8911259539197444 0.7599393914161571 0.6575731522175445 -0.9633062088102955 0.5259713765427867 -0.9718274100020451 -0.8798614867418337 0.17872611115186535 0.9702879117096382 -0.71069351699682 -0.20994252990229753 -0.21773212007950624 0.6744337653943333 -0.9025570954337913 0.7381103787992965 -0.6093025419076878 -0.8754495570792632 -0.9637303251219328 0.6339178216961078 0.5684901568172215 -0.7841349571298857 -0.25199130359720445 -0.5005999954542056
-0.5333999708671193 -0.5121500042126261 -0.29778293058124244 0.036582749840426275 -0.49274960484790853 0.5946066714031975 -1.0238158575088552 -0.5736645231144377 0.19943343458735102 0.22629617052386455 -0.6408491675746114 -0.3943335494423289 -0.8949914342370032 -0.7025787482824919 0.4231813515035771 0.6067970990122794 -0.44531171079864074 0.6507663597117159 -0.16633385208111065 -1.108165211335135 -0.9522855286417823 -0.7388199466229733 -0.5220995748466607 -0.16335929911320646 0.9654994086955163 -0.0802438748070399 -0.8058305239122927 -0.10730000000642334
-0.586399971772444 -0.45909785840874434 -0.8552506008796701 0.523719287445786 0.7557492078313528 0.6639001655828488 0.5755697242909074 -0.981908320156645 -0.5728160018180017 0.03349730896628494 -0.2629188976486818 0.18019190823888007 0.4558361846209468 0.2844158953147389 0.040761240983204466 0.48010989116661573 0.06837788350415161 -0.665594704585241 -0.10130356411800123 0.7846954231556486 -0.7558672617249153 -0.23834442237408643 0.7929588403412918 -0.9217082763679931 0.993315134603428 0.19783209109478403 0.28583422086525845 0.17379999998813636
-0.8962 0.6053 0.5673027486971509 -0.6092935484497205 -0.38826638586647755 -0.9575782193479624 0.6891200593464354 0.7199781680809612 0.13828169918137304 0.03788891400610728 -0.4491815181349748 0.3554123086406326 -0.3685034539523121 -0.4553331647450036 0.24012990020710745 -0.7830725002060479 0.42975628008150973 -0.18716234589154968 0.6490868193885754 0.7345545887756296 0.052156057779140216 -0.3482616183010511 -0.2719945563576953 0.8820096282752481 0.4872071764065499 -0.48214814944722134 0.0032021624805279544 0.0165
-0.9127 0.1841 -0.9219814852905791 -0.9473668857581746 0.6881203883880699 0.7581385248396718 0.6718562317729594 0.6212207324386338 -0.8257337368285426 0.9077177026466007 -0.05942125180379543 0.3234789322335318 -0.5376716441727853 -0.03478150542094606 0.8077553046829823 0.8728412807941967 -0.6489450657081149 0.445970755272413 -0.16252295593596144 0.5652026892323573 -0.1826840450631279 0.1579223614709362 0.22192662268340754 0.3249248081013786 -0.05123467014093298 0.7157954596062297 0.4630900275644145 -0.2407
0.9386 -0.0895 0.11652453035415788 0.662828532807 0.9336533707415501 0.5785353414550322 0.23686244355262973 0.96592567948632 0.0660826693921071 -0.9077350054314789 0.8250222240463407 1.0716504676229492 0.7374364841640416 0.7220677230841328 -0.2677764382893558 0.24168412093237926 -0.530023571060576 -0.6753967263760843 0.23260694190324072 0.6747097346322012 0.834844623954844 -0.879321744334774 -0.6194255359571645 0.7850295653757141 0.20100992347337987 0.4086900192210658 0.8816999942195413 -0.7228
0.1953 0.8804 0.4921 -0.9219001427417177 -0.17317910029743475 0.015810714213539582 0.043520927159873296 0.3836827315244098 0.6817659349358189 0.9960399009625863 -0.14924166523111226 -0.6690841780723225 0.9717204721939765 -0.5689248858140498 -0.6320268528886506 -0.45933819187389724 0.37683121767458627 0.9314688098826885 0.7501657066686348 -0.4277940870332773 -0.48119208800516783 -0.25691046147769303 -0.9408415668455179 -0.02617935122710294 0.3439890306015779 -0.9309961274311117 -0.1307 0.4229
-0.1773 -0.6567 -0.5254 0.3582 -0.9279922810629619 -0.5179393891802856 0.8349589662117242 -0.37519038436042373 -0.06750490173216261 0.9791599242385433 -0.33289151339004164 -0.6001836861297292 -0.5634142050196947 -0.37221449283049146 -0.26565752164529516 0.6580765042931985 -0.3817157640441969 -0.1470671184464145 0.6110848029303599 0.4996416332747642 0.9601136101678965 -0.7253928854416833 0.35034037075244984 -0.5612742982249656 0.8221 -0.9319 0.2976 0.0432
-0.0791 0.9384 -0.6472 -0.8192 0.3526 0.1525 -0.4119 -0.3164 -0.7392 0.188 -0.056 0.9148 -0.21339962488826192 -0.04127160961178486 0.16393067756129343 0.8500012783826156 -0.97 0.2418 -0.0454 0.2815 -0.1295 -0.4446 -0.3315 -0.3144 -0.6932 0.245 0.7576 0.4105
0.5832 -0.6119 -0.4751 0.6833 0.11189990895501421 0.5215958272699437 0.3906430705233533 0.5583552303963698 0.5969061560348987 0.9443775997771343 -0.5407602310389805 0.0484218107839356 -0.5407486749476086 0.2338274519461432 -0.19936802772404202 0.6906094141726192 0.555469619857354 -0.5132315974064807 0.25268312192976783 0.33119908017577293 0.8207967190522566 -0.22978321333597518 -0.5561699599763543 -0.24796563347557016 0.1111 -0.185 -0.1177 -0.7007
-0.6361 -0.2449 0.368299994324953 0.30760020390813536 0.98992602268502 -0.6632262798783775 -0.871700222180551 -0.6833527984679371 -0.8817658824404974 -0.532414720948446 -0.007299111598438763 0.4628537261058592 -0.43921382419019195 -0.3108923825057567 0.8292711134363939 0.6320282264236918 0.05476195408370115 -0.2566808875002519 -0.3403101555926045 -0.8086914217076098 -0.8550452451154616 0.3839115744459585 0.6541880546268053 -0.43756906702777215 0.4806787128036406 0.2408252643958185 -0.8382 -0.6752
-0.0884 -0.965 0.28741209523071537 0.5043268156038526 -0.32553029889180385 -0.860286874855918 0.013054090326019192 -0.08203360728639 0.06931378616032202 0.7755751815759062 -0.30120861654812825 -0.7631495285711077 0.8580994990409139 -0.09641737283161318 -0.485263990684927 -0.4862818211505035 0.06856610272882921 0.5754549340404613 -0.3041504577078887 -0.07852658226447365 -0.1307289194776097 0.12170011065701015 0.24898253278415594 0.5308691596314891 0.17090529084083073 -0.6893360878982797 -0.7352114454802458 0.183
0.1914 0.1983968587682008 -0.10070403336617834 0.511482036870681 -0.4971686344008284 0.4027499513373166 0.0983730535731067 0.441599132576245 -0.6208866713474661 0.22870455734897166 0.7057480278526315 0.7453260194091628 0.6222521986892456 0.999194399687337 -0.2403064919642152 -0.5270966534155054 -0.15326357022994494 -0.29402063150344704 0.8790929854035009 -0.1317924540105482 0.3851425719111564 0.3108823574526898 -0.8064544686354533 -0.6233890647520105 0.8098862792466353 -0.880232934402578 -0.4565235541586961 0.7784255420617792
0.6497 0.3115 0.14542444211479122 -0.5241222140383458 -0.048610294747248935 0.870001799078881 -0.6088860796478189 -0.8214104263668933 1.0305380884360333 -0.12864590250353605 1.0783902595976458 0.24938228389935033 -0.17297790436764596 -0.7033336194359409 -0.31582337872425303 0.8838897581888814 -0.725172133309615 0.44478692914850926 0.7587744351677641 -0.11774458384370419 -0.31061418334321983 0.8281095262481669 0.7247148558784507 -0.7905647540146329 0.12611910131088064 -0.15891363920909427 0.2808439922507904 0.4609826805214838
0.0878 0.14710049740672448 0.6804247464819116 0.5865953728499745 0.06993064848147765 -0.2015191446956434 1.0491049454059866 -0.1597156968351356 -0.2943428986212463 0.29958977279684323 0.19477989915766164 -0.05097069816931893 0.5052229913155947 0.5290647386863293 -0.21049807746490914 0.5281516879490633 0.8400064649518061 -0.3794774707647952 0.6203409511702314 -0.028416692958176604 -0.5895396176056418 -0.9427893984969911 0.1382470642419769 -0.31928668731627713 -0.28718230275565615 -0.3202713908598499 -0.654527375084915 0.39904243333449385
-0.43499934590803635 -0.8775825907679905 0.9353174071178408 0.9705109682712038 0.5299737349008621 0.8334011751854573 0.9031326576639378 -0.1547183524138045 -0.6912820000402247 -0.22331638083133576 0.16172219002632787 0.9812122544454946 1.0663625637806575 -0.1325932137676101 0.06020130159453764 0.1137633918543872 0.16177801823012627 0.28120860365912453 -0.13560919016262943 0.36277511602229406 0.18699226264209778 -0.38432028153217646 -0.388357907411646 -0.3062744458440833 0.2149279147384932 0.4951045962174191 -0.7172767271623873 0.3706894822580775
0.24430265824677544 -0.5837157152062081 0.6329689886516522 -0.5745294926998499 0.17965786239405557 -0.11998654544211836 -0.368094941248284 -0.48480281108504375 0.7808696820985594 0.0785479706873076 0.9643565244695864 -0.545748652530997 -0.1075968830300065 0.8569089880454199 0.344620111831308 0.918196855210642 0.28894698806300084 -0.03138823503588024 -0.5399266323551954 0.32263587383104514 -0.4240334120621916 0.8186733691168473 -0.12529502537037868 -0.42639907918934294 -0.5523592280158959 -0.11938681875211399 -0.03191389642383355 -0.7172066546271351
-0.05569956843416837 0.2813015724021454 -0.0752854894751353 0.06648508982990424 -0.2086677860309379 -0.690919033283949 0.9522505234861189 -0.6321264287237592 0.9631014340661521 1.0653849901043404 -0.1933682983907276 0.2883528484746603 0.5975233503791466 0.12941842642176682 -0.6780721554487813 0.6371524307045412 -0.18863950396165788 0.5004654543275558 0.42933283899908214 0.05395410339402927 -0.4615608472714342 -0.4891075871701758 -0.8020679200634651 -0.18851945085550872 -0.4724453240795761 -0.13985361351978062 0.9302502683576457 0.9703062523549268
0.5078048066814637 -0.05428974937383493 0.6282581987514101 0.5024035944120399 1.0539063921522256 -0.011801706173576693 1.0614499548241867 -0.6121265848435672 0.7395348975201393 -0.5068258178558852 -0.8206012344080853 0.3709764647476235 0.33587849690710414 0.53980779942763 1.1301450552110317 -0.5036858018885548 -0.20395380985143163 1.4332615664120387 1.0042260000614587 0.7927030498395399 -0.8105084101705671 -0.5305693789308508 -0.010550451821312479 0.4588129735531482 0.7139499384048312 0.3944028913437916 0.3752925692842357 -0.030545441873768512
0.9371187239249082 -0.9718429079650008 -0.5093482850976261 -0.6722981304196491 0.26100237862649706 -0.653076123896563 0.25512503471825543 -0.03790362515330624 0.6823410346026233 -0.539008046868648 0.40339990237657297 0.26038353667868286 -0.5358167917198251 -0.25868717670771113 -0.04980405218297902 0.6850033237437573 -0.632073929788613 -0.2117063722616346 -0.1702849291093137 0.33844268749482315 0.8410525537454768 0.6145724233172244 0.7543868660474621 0.30608409942320214 0.2802776518077588 0.45764804308658863 -0.7974691451322088 0.7580534505608985
0.45123278854722393 -0.6341601828524766 0.06281589718331558 0.04497552412605928 -0.2101320332058516 -0.8169478108044808 0.8268408858738857 -0.7960040550885713 -0.449343388131348 0.6910080296513611 0.19251646186639276 -0.5480857365154188 0.19787103281296406 -0.7213920546693539 -0.6752262741081699 -0.866275964175588 -0.5727937302065617 -0.4052448255440814 -0.1741749745606992 0.801289042034901 -0.30916366891533703 0.19722820698636573 0.7451072862274413 0.5878151529406891 0.17169547687398823 -0.3269377256374092 -0.5977821580859445 -0.7879748906651889
-0.7508045999615685 -0.31742371926203744 -0.32610095253855015 0.34196675374931035 -0.6161594200146084 0.3169012181985879 0.5439562673522328 -0.7817260346306626 -0.41334176451546 -0.521509369108514 -0.13928096402284154 -0.03060449682793705 -0.7832504754530285 -0.7690977935874204 0.4443161724821143 0.06912774478790114 -0.5886281478826 -0.1040754440349286 -0.4804397096311712 0.8055556363980055 0.35678163531809176 0.2893194478541466 0.5526046720482654 -0.08519305829359743 -0.6245107159676301 -0.5175729457891723 -0.5859218498238297 -0.017153535339992775
-0.05432294243886961 0.28909756672434833 -0.6953514800760682 0.18755355158195092 -0.03453745332672947 -0.8582032114014045 0.09340766972543066 -0.48661968591612753 0.6660068445685715 -0.47588272246829394 -0.566083649412819 -0.6284619795563136 -0.1906858923074567 0.24799822711481043 -0.08042119454566 -0.38935817039907883 -0.7293316466627504 -0.4150494121873551 -0.2955699723049997 -0.0247257689193123 0.4926553946051138 -0.5592257457725498 0.2694896400019474 0.31790938606075897 -0.40518678836194855 -0.8042589716554154 0.3293272442453414 -0.594598640631873
0.13189250316380904 -0.031052630681184766 -0.7787504565749314 -0.3974314136565793 0.7379080266010232 -0.18458999564678355 0.03698950594729984 -0.8041096317084481 -0.06904467211848629 -0.703219094869412 -0.6483480195981829 -0.898824110771474 -0.5890747442954546 -0.9053295414027117 -0.06382206741229372 0.7250197669198697 0.20418698192392076 0.3502759596338344 -0.33149156385184814 -0.14607461289670556 -0.729820692060421 -0.6744227274730065 0.4642717055221156 0.5947345090437536 0.03569512501759917 -0.35469967775743416 -0.18385156859370103 -0.8358643097741617
-0.6748999085818562 0.29019386798270536 -0.286679090809298 0.27909042871658585 -0.15012288825404835 1.1752543483529505 0.0297490195197238 -0.2997494363861898 -0.22125792639585767 -0.4607024530777821 -0.19743477635405363 0.5160253499375012 -0.1806906543674817 0.5298642642815926 -0.790002245737172 0.5375189011184294 0.5705119588004679 0.9859247116499278 0.829532239201153 0.6241827076439092 0.6239911334695376 0.32630469284062996 0.8499662479773024 1.0641571344655212 -0.05691637410686672 -0.8099135276710318 0.21803947424184772 -0.9644312645130053
-0.5747 -0.8003740857017936 -0.5713210380406231 0.793448106930068 -0.16194061484196018 0.45954063421134494 0.4847309084970202 0.6215304286843661 0.42484703042938315 -0.2755016017676426 -0.15376524003532516 0.35896390750245505 -0.655671900032679 -0.344985696492587 -0.44952023111161793 -0.032667967571347586 0.808207752240674 -0.751497429143658 -0.4369729778193281 -0.6729187506755527 -0.27655482864094827 -0.6940024216501333 0.5915313155360558 1.1529150909460733 -0.3536440811610163 0.1988704549549067 0.37608378907029744 0.20055336166466428
0.27382823371950654 -0.2780448024112814 0.65345150402724 -0.6730326231532215 0.7150528226838083 -0.4959028721050261 -0.6790936598701023 0.5343529441635221 -0.017391256744290772 0.4597910790141119 -0.7058460910549091 -0.828876410688184 0.6699731209785136 -0.2752618293308226 -0.41021781942523583 -0.8007256030638087 0.5524356521527459 0.36015208290805284 0.7068692903269477 0.7211943355262699 1.147329505931658 -0.16273983328245745 0.038235657552607265 -0.16624831491628728 0.3789187465295539 0.6611885142440189 -0.9210215489342939 -0.6819581216470786
-0.5452 -0.7573659789756999 0.7066471805095131 -0.9146438614474257 0.8015449493788953 -0.29904799557329087 1.230456714599475 1.1702587223876142 0.8235020986582513 -0.10193744787817212 0.7393776269067518 0.7062676728171091 0.28911097514286993 -0.6879461273910858 -0.40229954826853614 -1.0142142390014952 0.24405525004533207 -0.6045288518081631 -0.7111644419339918 0.5025391948585183 0.0775195355915055 0.5849900653214686 1.1953132958322183 1.0321606687337777 -0.27493283119901774 0.37013891853283143 -0.7819194043917335 0.25344836341763916
-0.6853 -0.25141675061366175 -0.020621391267874514 0.4185691109997318 -0.6022043783829752 -0.01870793366144036 -0.37770776549641294 0.786139274731094 1.0029939985814478 0.44421230920387356 0.23453653781223577 -0.8677353249891592 0.0037430261946502772 0.690766209982223 -0.06928892925564338 -0.1862677164499899 0.08124346979849116 -0.6768184441996481 0.30238246604546076 0.4958840553345141 0.09174937001444648 0.4665291702213623 -0.7673956108493475 -0.04782294127060838 0.7704107195336192 -0.9083637470070898 -0.36186867495156244 0.6828001327222455
0.9628825022982886 0.3628655521966153 0.30215352310987575 -0.26889810333487185 -0.6935128783617313 0.3408243105638071 -0.04854803189644218 -0.4286082786928418 -0.6892300078992645 0.7165259286832606 0.3566576539797757 0.45233568005970426 0.20843079693445732 -0.9925060298004998 0.06717909965031454 0.504693704369284 0.6316563191820251 -0.35138209144401045 1.1120439350777473 -0.17881297779004085 -0.26341099723553735 0.5675721207151566 0.7393948574392987 -0.4968060555594542 0.13334076855032126 0.5318140785833042 0.5411820299434096 0.6656004680901301
0.7055830460515689 0.029484716190384223 -0.5785335602012949 0.9620953668815116 0.504154551847618 0.28972121914885174 0.4177060803525114 -0.25737039162039543 0.5894706808617348 0.4418748574942159 -0.8695968396156559 -0.3022511635960235 0.3301954464262316 0.36083506441627805 -0.9210578127558519 -0.5405505167435628 0.4686412852012556 0.2254049603010268 -0.5271023277448151 0.24492631813991056 -0.26673332618927853 0.11312462061152147 -0.4259025355924694 -0.2567606923780848 -0.20604211903958514 0.48531563627223323 -0.33842706624424596 -0.9250991354568167
0.3781 -0.3411 0.9388055665727616 0.014334515523296794 0.035669253017978866 -0.45269830999305677 0.9066879309551512 -0.05698954219700973 0.16106856255723953 -0.8290462617539637 -0.6285959011191463 0.0393947011653973 -0.783038408003336 0.7572264374477898 -0.19493346416941823 -0.3654365046772126 0.4875760609336451 -0.7161265129638091 -0.406800510918604 -0.6348476935269591 -0.03176460359836282 0.5533609113892732 0.7688080316948218 0.3622665179430311 0.5086486211045368 -0.641515448741318 0.8777074116252117 0.5306
-0.5743 0.7984 0.3080567403002123 -0.9804238000069154 0.5252351040326544 -0.1954947461694758 -0.4296036412243385 0.8815790045427955 -0.34728354773430825 0.7786128673140017 -0.6169806195737741 0.15161608541905883 -0.37892782195473756 0.5005819102261914 -0.8352606648039412 0.04527812759632454 -0.39148676228733276 0.24155864467758295 -0.4305539432990405 0.6983301787754391 0.13926472356854577 0.8300980049735035 -0.6037050178339876 0.5707366189750704 -0.40259324407735847 0.991477615587092 -0.6287120212446028 -0.9797
0.0009 0.6755 0.431353519318434 -0.001515992807226712 -0.24673139651653117 -0.01569285684071263 0.5802538700211237 0.3806873933114321 0.8881982902123772 -0.24095159880565586 0.3667856386469126 0.49284082471702045 -0.39924374442369165 1.0384176992338758 0.5883816054378457 0.3400501912634766 0.9363428311834834 -0.8078162132621369 -0.49042091728953935 -0.36509394324859434 0.6621588365828126 -0.4531790769806791 -0.760967941109198 -0.42524642467361334 -0.11221540812202249 0.8916107975008394 -0.17239932822360482 0.6082
-0.561 -0.5377 0.4978 -0.5780899819868834 -0.21625530663370196 0.2603975690033776 -0.9869115272286497 0.1775995794352785 0.3198131994190195 -0.1339679659324551 0.9783046130555222 -0.14823539626436716 -0.0002564890577057024 0.5926576221134007 -0.6177484715978824 -0.543439988370474 0.1228262455105672 -0.7979224022793228 -0.7564198816035077 0.24839953756013658 -0.46048094203130563 -0.9736895728174376 -0.34200261530164844 -0.26094486357149393 -0.013510245318187522 -0.2995999373059999 0.0367 0.9478
-0.6665 -0.2003 -0.0709 -0.2132 0.8527005118548924 -0.13399162868911774 0.41435078647041174 0.919157334846779 0.4875743947254727 -0.7124296936751654 0.2538784275705255 -0.2262117101948274 -0.49791087294453573 0.7893165589400009 0.48263535291729115 0.7629362956494782 0.06793160998761008 0.7469755574694645 -0.7878910205908378 0.6232102317979932 -0.5806245699424588 -0.142658735594849 0.08827377010603446 -0.10988006305594013 -0.8106 0.6131 -0.7104 0.5876
-0.3495 -0.419 0.8531 -0.5543 0.8213 0.6047 0.9825 0.4759 -0.2622 -0.018 0.7422 0.875 -0.24829312344519439 -0.9973850322022039 -0.5083001000110805 -0.1798000041676203 -0.8662 0.8377 -0.4818 0.8551 -0.1967 0.1055 -0.7152 0.5358 0.22 -0.8686 0.6499 -0.0746
-0.2743 -0.9026 0.9799 -0.0921 0.050200000021132625 0.7265000000770241 -0.8779000328844251 -0.672100079538415 -0.3849008203948233 -0.07372842287986776 0.8878500181404688 0.9108980687396461 -0.18441987290967563 -0.3892785714054901 -0.2198508385003833 0.586014913259047 0.7266715042029075 0.2878664587330484 -0.6233999920946217 0.711339590390312 0.13309551097447564 0.6325100214518895 0.9774989140243128 0.9088979301413069 -0.3629 0.8663 0.0648 -0.8366
0.9603 0.3193 -0.8387000000010478 0.31349997842079175 0.16429982769032933 -0.6785002313257575 -0.6877910258662383 -0.03306825381719062 0.24309999669921475 -0.6561009052122763 -0.7453636497800344 -0.17460950342281314 -0.9876355367088423 0.912681002973344 -0.24176028355124135 -0.18679514602861674 0.16149910972453624 -0.613862969148793 0.6842632779880642 0.8234296408956883 -0.16769067092708037 0.7266364820874236 0.2550341709773346 -0.38548862523731753 0.7860055472371638 0.19249775407894518 -0.1448 -0.9919
0.8987 0.8048 0.4006000008489073 -0.45360006257044044 0.7845154334503148 0.5470066691221739 0.7368829427382003 -0.3396172330666379 -0.277606368044254 0.4600077175115769 0.5221324822436975 0.269621922857057 0.9397224025666767 0.7977228859029402 0.37137682458737875 -0.8683511657022934 0.08484479174542234 -0.02783527742106482 0.33124660030303976 -0.2878467644137751 -0.26755195877776117 -0.9336644777028887 0.8861743198293426 0.06263111118139086 0.4400128405794433 -0.558601561649585 -0.4111000103926114 0.4801
0.6233 0.08639999999418756 -0.7070999932557347 0.3229874080778199 0.5822794810280258 -0.7272303390069846 0.6440840158150524 -0.21670787644364725 -0.7282121413452299 -0.9554808700916916 -0.2753649465130386 0.7140135884044315 -0.3970372554636306 0.7395503491632098 0.28438682495587764 -0.426265387802603 0.6447080400114531 -0.9620518300858716 0.07321538040421391 0.6092689499527728 -0.7581812763349808 0.5027772765420908 -0.8262306002480723 -0.4619922726911802 -0.08123810663625863 0.7447539925490986 0.883177208945844 -0.806691242737806
-0.868 -0.0748 -0.5390000178257082 0.9888839808212653 -0.673644363195866 0.9194467818000185 0.785719979556611 -0.19942852532292984 -0.4838372004474542 0.4862947227237926 0.6159100131676791 0.6872065486877332 -0.48049135722300534 -0.9021211578125302 0.22014598020608195 -0.6812725491808523 -0.7046562121795898 0.7180646626400857 -0.8513328053787582 -0.15037505905112858 0.10912355306538395 -0.9133423278549408 0.08931352229155258 -0.15064991212050247 0.61612571890772 -0.46076785202273746 0.9497786904341465 0.7692126249157912
0.3986 0.4756999825553321 -0.840325354240689 0.8797833681052112 0.582086502331782 0.13837414881023258 -0.5195096860711941 -0.5345068477230477 -0.2566310516230827 -0.26926100485559806 0.5374825818046604 0.6328184244311522 -0.7524423982843639 0.18176711965740383 -0.9865143764394557 0.3532139695837077 0.35720866951048896 0.5117389148281623 -0.5209543131611987 -0.7548929909384947 0.6311860850894766 -0.5549198782633132 -0.3551664777357744 -0.8599015004151652 0.6325571232872033 -0.9884104894769501 0.4794048757868483 -0.9709170270202585
-0.3112986636720098 -0.5240941020521303 -0.2039020654650617 0.08746757051211056 -0.11327236249109691 0.8122069308880516 0.17583466484194732 -0.16293175414357533 -0.9713011999590312 -0.8931084992185415 0.11268390554979948 -0.04913576104835103 -0.3174891079089384 0.031929027954821165 -0.5041071411951461 -0.691022661300152 0.4561163188744872 -0.5774113696499344 0.7111127602484062 0.3495284885531203 0.11287107618513978 0.6110513526845209 0.9190270733194693 -0.6182159533623752 0.8129052477658241 0.8774283801531209 0.26986017271490353 0.5918184421110221
0.9049054308717562 -0.5173856506592492 0.30872037588693085 -0.18983338967133684 0.25116222263266674 -0.7202188416991414 -0.3950926069356503 0.6100922536438729 -0.4467620911538821 0.3229568311138949 -0.9071964479715126 -0.8277773461702461 0.6355012928331689 0.8162448072240251 -0.8812390644301571 0.9000457951150572 0.5699409051606855 0.25772903154920923 -0.5514610874909929 0.06851273295284833 0.9166092660736753 -0.8632082698864396 0.13671811364662373 0.777835423700121 0.4656494115271419 -0.8245880352075209 0.43937002208427967 -0.8756313057111517
0.617000881700942 -0.9776125006543338 -0.2915509994149113 0.786564186385709 0.450508421970266 -0.8593756009030316 -0.7810539076276418 0.79309098766124 0.8427613428797556 -0.10140173150865217 -0.08339430675208251 -0.1067275988276295 0.3532751720583786 0.355186666602869 -0.3732637487072681 -0.08930366707445887 0.9820836953402335 -0.26516371396631505 -0.4556569950367638 0.722616983982679 -0.5401116544147037 -0.87844379330817 -0.9074157666374505 0.5564530073630978 0.24216188243107614 -0.5887955373917508 -0.9436868744339876 0.5770207013218911
-0.768999475130899 0.6761242978638766 -0.3842683440346813 -0.9368558639502087 0.9650292238787301 0.35663773612307675 -0.6518544564199069 0.8458991623845216 -0.9751554771974684 0.31598708694341915 -0.19753857499993036 -0.8595322365073897 -0.11840261063976817 -0.24286812773500582 -0.7524536401507287 0.018415168703230265 0.06597910447653295 -0.5395056605726902 0.11679617171259385 -0.21792150200905835 -0.35569735542189024 0.7410646134822699 -0.4143097742475351 0.13056567309572747 0.5910967306245704 -0.20842265658848935 -0.5975999338396316 0.09471896814173038
0.9406680684286883 -0.09332311014216851 0.3774367203506263 0.840067285906225 0.4378032980320717 0.6026589552470045 -0.63906145722097 -0.813444517554614 -0.8963032688627971 -0.615143898252184 -0.8007176525400792 -0.9314824507823258 -0.5610737686557514 -0.08571013044331378 -0.48566945257325855 -0.3482649513067615 -0.7042296506572294 -0.42625117236552285 0.9303291305612857 0.5553756372776862 -0.9156272919926496 -0.8463310236698273 0.3929209650584554 -0.02091234144711443 -0.1759163109388195 -0.7418867753671323 -0.7096374064164666 0.6385996057006983
0.1404162626583245 -0.6289137693336292 0.4459958489859728 -0.5614081635541062 0.8284653988313805 0.17068014940914097 0.815789804915093 -0.1234434995050189 -0.1251128003222747 0.46134416348892504 0.042727844529398644 0.05469554767134362 0.25113307363488435 -0.9536852899456197 -0.09614216610041978 -0.2961414128216309 0.7897889934319272 -0.5757677430479508 -0.5648426881015632 -0.9625476476545154 -0.702703418666393 0.7424141604105321 -0.2172730294704255 -0.6665871272702419 0.4250809868744005 0.3321551005657113 0.7854357182348185 -0.9004005857763534
-0.488900017110899 -0.8121685395013456 0.16863459763607322 -0.33018285815700077 -0.6975263499932104 -0.4719200931598183 -0.7622013183988131 -0.9086214485135578 -0.4348776187490903 -0.9935671482518165 -0.571402463117447 0.3035937097063366 -0.6885313811795 -0.5864359343947197 0.35955528036503365 -0.9122116365512947 -0.11467728471258228 0.08951485410604212 0.4484749233406599 -0.19576275314432157 0.24875102171880778 -0.9338906979847468 0.3327489680145479 0.9827414123771131 0.7092557011620441 -0.23827286739611775 -0.22430661708098928 -0.9103025698117694
-0.2161000165751454 -0.6988981011691199 -0.9207252185805375 -0.13781125733354796 -0.8226540080716847 -0.5826217374770337 0.9326198511740068 0.27732239621582905 0.3572993031408814 0.33390307278159875 0.9224220663629703 -0.5130589090013911 -0.09928077864166641 0.10564316739509505 -0.9373700762121021 -0.19631273071474348 0.45214570994110126 0.19311576606905764 0.04923981474722777 -0.6443111239569298 0.571246353583367 -0.5953655820923378 0.7185289596650637 -0.7297098284791939 0.1766470524368339 -0.8441844434094146 -0.8137902353427432 -0.9334084526328722
-0.5432000032996568 -0.6226004465790943 0.543490275355816 -0.18845253139876206 0.05593618811412514 0.7722488461443153 -0.7217938687947648 -0.9411658875742619 -0.39716588557352767 -0.5931354511649548 -0.0040662724645486505 0.8600854137892949 0.40622993688104686 -0.3999225884046844 -0.9872819035352993 0.45999217812598164 0.1343249817597769 0.07314386641211028 -0.956230059794929 -0.8490820817395401 0.9307256915484742 0.7185346522908483 -0.7224226639417197 -0.8829294250776862 0.14710807345883228 0.8693984539578177 0.7088438757845976 0.7797423512559083
0.7854000121419655 0.06859636659319239 0.08291080460000758 -0.7905283230410716 -0.6671780930433142 0.7969775930128912 0.03585386624704924 0.14651748808407833 -0.0919766000185677 -0.7139918224689092 -0.8735930034785983 -0.35414835771679426 0.38725257698051613 0.9609370239939095 0.6627066288399925 0.681329587664194 -0.7814996457363047 -0.569746915057082 0.6147530191062656 -0.8730425124138051 -0.6236658191086336 -0.33898769141415713 -0.9010791842094081 0.30764253938705066 -0.07410135487933457 0.698176009192957 0.771024231866375 0.5766658104306975
0.1033 -0.1202992022957763 -0.7402225444442873 -0.4186835608222688 -0.7623508326979254 0.9123038712019694 -0.4216190246435928 0.9184737253707669 0.10566605818018202 0.5075726136640489 0.09785951884564617 0.8613767146737569 -0.8185813346948173 0.2800741639852351 -0.8051795773419544 0.6151325724934701 -0.15251256225415388 0.6735857834520768 -0.05473940103604168 -0.06734197463987238 -0.6157777031602957 -0.8350262363332219 0.7110946355123648 -0.3962156129721389 -0.3568530156404339 -0.5010848740396924 0.6791746992366737 -0.9402387726521267
0.406399996457631 -0.8184993370393427 0.29187010312596023 -0.00819848935556708 0.8037091106995099 0.8127266160621053 0.17843293864048546 -0.9701523523757472 -0.6638762236055302 0.029977670696070723 0.5119976385485527 -0.45882370047858895 0.4949561242270398 -0.17980258367570412 0.29263017323869117 -0.1333875563468744 -0.9697495372289011 0.39924917433533663 0.872515126801781 -0.21433272379471985 -0.33683908395891055 0.4990450472308203 -0.09629430808941619 -0.6122828109164528 -0.9480043507718912 -0.17790214437319052 -0.29271014594270217 -0.07710189493798093
0.6423 0.7034797893324127 -0.06654029511283785 -0.9037281790636018 -0.45257482699878493 0.49226854871445086 -0.02334378966538895 -0.7924439439790025 -0.5597409272188117 0.01571812395723575 -0.6828184205287462 0.38010531821788035 0.14592058707301717 0.7006993986615131 -0.09145056590918317 0.7919683055031237 0.6165205897814142 0.7424504336393372 0.6027446564888792 -0.5688963588189139 -0.800669487106339 0.5880682061457836 -0.7172987428179202 0.19813083177189728 0.10733414317105586 -0.532712353156064 0.8636707284771469 0.5262014250981124
-0.1919 0.6479489303838726 0.07830658917648614 -0.33845460193745597 0.7759616885910801 0.6059620241833464 -0.38617052372874366 0.5217134591340172 0.776710240260718 0.3840619138857251 0.0199617784661876 -0.46164788682459607 -0.9581373061139645 -0.9272687570098955 -0.4032693314304353 -1.017507667401477 -0.06260955879001849 -0.2872091261435194 -0.9331626126640241 0.2176544040072395 -0.7222847925304973 -0.28878610147045364 -0.7003306057824895 -0.546621063389221 -0.9513375330056926 0.2789566705941115 -0.21268664997922793 0.2576000056184371
0.34510000496613824 -0.891200197099266 -0.08752264584795347 0.03542484407769336 -0.6967460935536764 -0.6231705985614432 0.4591599314605964 -0.022353627485264864 -0.13697264354926159 -0.06128183681301051 -0.7315140717769805 -0.7730197770997593 -0.37423684959347037 0.01208553633317471 -0.7308001908325191 0.253257377138649 0.8693506791083443 0.7549417050098592 -0.49307300308445107 -0.9262803801139056 -0.09655858696855255 0.9002799147728612 0.07317389218008868 0.10820268225043024 -0.7226947662751025 0.9588535961939358 -0.8462993044508391 0.3920999999999914
-0.731599995188188 -0.5574000062799792 0.610793310445809 -0.39271785998157327 -0.15304303631438812 -0.8059668562084634 0.2323748629535531 -0.4867990635997689 0.22671675350827666 -0.4191722702984844 -0.7284627882807244 0.03590127525612803 0.8527856271100636 -0.9012523516135664 -0.6419101116086191 -0.20409167254087732 -0.6985811204588088 0.7689929963011626 -0.91696794225898 0.3206102398012705 0.5561859869072728 -0.07164968149795109 0.14234360299250035 -0.8013335039977585 -0.49576648056575895 0.7909111003219607 0.8052007558911032 0.4568999999999841
-0.4306 0.9877 -0.5380267592659511 -0.9803793518665891 -0.6262790294547872 0.9659748145100382 0.9699047548642129 0.5119622852388327 -0.7647237408324471 -0.6640128469897254 0.14712914113744288 0.31376369211085015 0.05709962164348122 0.3254155534821204 -0.8350143896161851 0.27174276200030606 0.5216941566182266 -0.4467274207442756 -0.9540430253058773 -0.8533454326371837 -0.6863424174967361 0.10261273153681635 0.8659297417825944 0.4187042853137904 0.29601372408712734 0.30487974482312297 0.6632001357454254 -0.685
-0.9003 0.4221 -0.6010081247873889 0.6157827458643383 0.17309603435924611 0.21503861103390973 0.7489675768322663 0.2748058855632763 0.12002917584343209 0.07099236127136392 -0.8662854322655092 -0.880355891455715 0.607457362395553 0.2199287920096093 -0.9985669976723291 0.3031658119341299 -0.06753796926285256 -0.44103538307939877 0.22552394679302512 -0.2049733277390951 -0.8885589808949761 0.1406729193218451 -0.4619651704537573 0.19750195417241936 -0.41442480177148827 0.2191023599428657 0.3754028832458489 -0.3474
0.9502 0.4724 -0.6264007807806253 -0.3325620154240597 0.5372856891161376 -0.32225391079724486 0.9222491345873822 -0.41854349305524197 -0.1685166581364051 -0.02334097117088528 0.5858314030858103 -0.7865908239425368 0.46074509933676316 0.9077390000833591 0.029148821288907483 -0.9309184175232141 -0.0719153651457423 0.6326527913352809 -0.07173498595421982 -0.21846488967946895 -0.5511960787706045 0.948510809468052 0.4853533883854646 0.6766937589578167 0.6597296215351596 0.4974025698163883 0.32040305973456706 0.9908
0.2232 -0.4909 0.814 -0.46008995047100615 0.15722340076848554 -0.6728215791813436 0.7829124283337378 -0.07676072941984846 -0.2393830633535811 -0.6964415711251188 -0.2177534876950519 -0.5688654830220725 0.191334152502469 -0.42121861204499267 -0.1172831739247292 -0.3308444147441406 -0.18801234701968672 -0.5719045646478566 -0.8240294394561644 0.06946144251272034 0.48792595107396974 -0.806997007765775 0.25461014056961073 0.23659572057626127 0.26419999534411465 0.36080001769579967 0.6051 0.7727
0.531 -0.3951 -0.8541 0.234 -0.5859999980007004 -0.9002999840217331 0.23081680712030367 -0.8796369393672467 0.7617152334870742 0.6527335609627439 0.7558825065630673 -0.2720112672199227 -0.5955525787562107 -0.6010765762519638 0.44550984671439847 1.0006444805279493 -0.5103214113599988 -0.7983621988264964 -0.7864883382031792 0.5552989453942924 0.16279979969855513 0.8789198635621223 0.16526095337777139 -0.5453996696225716 -0.0033 -0.6201 -0.1619 -0.558
-0.7521 0.6463 0.941 0.5682 -0.7886 -0.2284 0.6607 -0.4369 0.1241 0.549 0.449 0.7481 -0.6087082402313255 -0.2564972325998939 -0.9529036766073452 0.27769984678994303 -0.0364 0.1815 0.3144 -0.2077 -0.7474 0.9234 -0.979 0.6384 0.9502 0.8317 -0.2777 0.0665
0.6284 0.5336 0.2228 0.9541 -0.8025000043029245 0.3564999875559469 -0.6694976154962345 -0.6626615944307067 -0.6584286328893438 -0.9091613437789263 -0.061628148278423195 -0.3308661282914638 -0.6033934927806359 -0.2597177527300762 -0.7219200661038808 -0.6797462327754988 -0.4917343630544576 0.013460122666268615 -0.6231981548514384 0.9065238657640392 0.8447156058340863 0.4845464827097656 0.32829549905972016 -0.78840714384163 0.8974 0.3036 0.5327 0.1368
-0.7562 -0.1908 0.49981396739028366 -0.14797129617022156 0.8397374945894862 0.34445374537508844 0.845157286822806 -0.3854506849880517 -0.2769300497176905 -0.040850634976364784 0.25107680826816053 0.8408724611708912 -0.9744796397013458 0.23578931190944658 -0.46546282126137545 0.5852286297301416 -0.4107399783375277 0.6505262071394448 0.7681903126976702 -0.8875064273314243 0.38983125176203737 0.734094203643067 0.06006156843632988 -0.3254853051523662 -0.24873199342092334 0.6008042132676641 0.5113 0.561
-0.3976 -0.0832 0.962330282446832 0.6689017288881911 -0.4476136863488943 0.20971637776931007 -0.2701624251047945 0.7296114838594108 0.2937819900221735 0.2026126771711405 -0.3797066618608078 0.49838228527314815 -0.5911094449383543 -0.5602215305950703 0.0775718654778171 -0.1349668835649613 0.6230760071537451 -0.29544244944633674 0.27247321114897183 0.993971267996322 0.1826708257985038 -0.4845265830460133 -0.6106187930651489 -0.10150999014467929 0.9050714071145028 -0.5778064008839784 0.5393698871238066 -0.9322
-0.876 0.6739010318011659 -0.39999074197379864 0.4434975097634786 0.2622552873871655 -0.043404150194136695 -0.5577220477358933 -0.03512489249693765 -0.6445082093065609 0.28458468835337836 -0.39286887354664934 -0.9530260233440306 -0.05293391095297212 -0.877847173808347 0.04635061248742163 -0.7972495033325221 0.7354608067566267 0.32751768216097993 0.44889335136725356 0.630060468993307 -0.5801310032268788 0.6749346037220469 0.7069471555570364 -0.0039041740564196466 0.015451253378818731 0.7222937448262546 -0.43836859086989405 0.979742830763504
-0.5891 -0.1575 -0.2981926427519603 -0.39681971333863175 -0.3399888502506319 -0.6103714367010783 0.7303539173382406 0.2298470343518488 0.42833039905323056 -0.2978786233920711 0.14039038919732355 -0.8236544466490157 -0.34264258997689623 -0.07438711636285437 -0.5916501280175233 0.3128238263186452 0.34154664113763783 -1.0817294941738684 0.4713086477215049 0.6310651772005745 -0.5284949111018095 -0.3524123020456959 -0.5210031203825926 0.19647010707400472 -0.3661823954217505 0.6693150029227037 0.4806745414500022 0.6520440860745553
0.7384 -0.14670000303523656 -0.12892684542122734 -0.661526863391022 -0.8681926341517984 -0.2075048094358643 0.27492940265844434 -0.5261575196545848 0.16587950452911052 -0.8018260164181694 0.6418293659872347 -0.4115447437223098 -0.4316559827322695 0.42614397361656375 -0.3588037054235436 -0.8001172977525222 0.537766249210506 -1.2003458808690213 -0.41980681791528696 -0.059617419271129776 -0.30895051267670454 0.6332342846292678 -0.4469213274073197 0.10307517197367608 0.7400121927844218 0.24634964098717727 -0.7152474406035926 0.0938456088970551
-0.9515003004267646 0.5528154234357543 -0.16447555615174875 -0.44869853039798735 0.23104572890654962 0.019429677254255595 0.03246109683554508 -0.2919449843992735 -0.5351206278594808 0.47103092746709035 -0.738511178644433 -0.9097878254220437 0.17687698311166225 0.3076798164515442 -0.4469529503346086 -0.0029534806813482956 -0.7053337649778093 0.6910241838735537 -0.18667633911477766 -0.21761143922632667 -1.1522010540534848 -0.2435485953653097 -0.7450334223360937 0.17396780508462306 -0.7325196440161093 -0.04090956840954212 0.17773554033434927 -0.30400071962943165
-0.8591012209421958 0.30754744059746736 0.24509049309728764 0.05858994735264779 0.1087301579939308 0.6277580639072949 0.41694384669346796 -0.6171977967090785 0.8356431078897928 -0.28902667309246693 0.07553827997661199 -0.012414601157028214 -0.15907794805536346 -0.464934550286253 -0.8501507740499554 1.0325627221913105 -0.049775912404289045 -0.25402446763217024 -0.4476140711119279 -0.5039848602067909 -0.8159353515374135 0.32944837867986665 -0.07544584441381576 -0.9532413275986538 0.6986784984689641 0.25342454347545323 0.814950057571825 0.5076447806127113
0.6256998017802791 0.6928521776179586 -0.09420991702115981 -0.4717355267479913 0.7356485474164602 -0.5454627460246737 -0.6073330260208546 0.37328898792348497 -0.37658743945612505 0.31475381086080884 -0.24069789439973785 0.4025764555349261 -0.8189444300679394 -0.2852721932238368 0.3321636677836969 -0.44480350765321114 -0.5729987529545852 0.09614737868511437 0.2761594817030865 -0.6521611556328472 -0.910794700807148 -0.5858428548060397 -0.811863618070767 0.14838136712399072 -0.7632936506418603 0.8324335691223326 -0.6252910072282555 0.4729383809363929
0.42170007143514887 0.2834064596347564 -0.9883740894703199 0.9634511919672276 -0.8844242387483413 -0.851346377747341 -0.5079723162809772 -0.1376451680019042 -0.9392717255599023 0.597794677020535 0.4487100620880956 -0.753853652703224 -0.1225567318096067 0.8769029696786964 0.2912747939610336 -0.38668725072704335 0.6801548762820335 -0.5596145438779234 -0.15911301989083398 0.2658030529411704 -0.7854309576126692 -0.30114776863092146 0.013049895807349532 -0.7819906862307004 -1.2079194486815508 -0.25543224169245976 -0.5235771875057429 0.5523542823853103
-0.8389908038349401 -0.883081781721023 0.6687772872744836 -0.18218894058520227 -0.7644557819657904 -0.4100252890151498 -0.6105552244752327 -0.18332756784775814 0.8302272258234357 -0.625546523089219 -0.3391712929982881 0.6944673528556496 0.29500000796648773 -0.5960364801228605 -0.19583771455548588 0.4550429635082186 0.6424654350769207 0.29707905357022135 -0.40295451294057516 -0.7040910025183912 -0.6799829852376577 0.5464655952323403 0.3365181219561059 0.782528957891134 -0.02224726300551038 0.3772402378660635 0.1709553854881685 -0.8721899475141053
0.8121041626805157 -0.15861797359636484 -0.35139056309624245 0.8319508661900868 0.05101183125086987 0.59594152013743 1.031095217684006 1.1987647847347491 -0.27059688858432096 0.8418529383810228 0.25419400591970154 1.0697337754569416 0.8859935653993756 -0.19914943376635835 0.42004949240708644 -0.35872050318433596 -0.002194873205265115 0.22267369306743476 -0.5980618968391602 0.8377592362174965 0.9402393355250882 -0.07718297651321808 0.46651209461883086 -0.8217355628302943 -0.01312795194201119 -0.9171385839571389 0.06045555335157591 -0.6574610618123083
0.1453968107881059 0.4712454667374193 -0.060203719697876086 -0.10293025728573979 -0.2807195756411005 0.5564153399809953 0.38275678599607044 -0.46256244735878765 0.9566579527284614 0.10941679749807103 0.5995742535258202 0.6294721161701182 -0.7138819072157049 -0.5115655674725773 -0.45715760670316563 1.3301886782867454 0.31480790265225983 -0.15482096535808682 0.6453689019775687 -0.5449837743690755 0.07251953063957274 -0.8102641705600425 -0.31873629245642343 -0.6741588094149262 0.09975675331224558 0.012288595748318669 0.30211449377228766 -0.6665192481932153
0.757361874444112 -0.5285314064583864 -0.8285331750826698 -0.44767727345303066 0.9266576057937422 1.1426322337358 -0.08819863987048387 -0.6295521971428228 0.8220259607225172 0.5744844941064632 0.2411112099054164 0.15713917548862572 -0.9268858098390229 -0.3989239437819138 -0.035535107721273426 -0.5512372697637745 0.13853416880364458 0.4983299028105977 0.316163273702378 0.004967566454181152 0.8713284346706113 0.6234672050234072 1.0111007714191909 0.3538184798378695 -0.527676820797703 0.10635591001652489 0.2784020573274821 -0.9154235050755234
-0.026077378061446665 -0.16407440490037453 -0.2072765130907315 -0.08554428249108743 0.6231125365173974 -0.5175884113104442 -0.5547446395832953 0.8112192287499546 0.9569040493216132 0.09663300023871477 -0.017812938883310134 -0.07036786917369092 0.1695877097120913 0.6095198464491057 -0.17648587630646642 1.1937715301965346 0.9854982081029534 -0.041169891731967986 0.43692366150355216 -0.06825111507804174 -0.372193072054892 0.7159165053140625 -0.6716685325771728 -0.6559541793081505 -0.5669974449888846 0.7130642015835933 -0.39395969770668077 0.7791436541758886
-0.4566965775110183 0.08614574413994948 0.5209529034118089 0.16545649548204588 -0.5172748980048046 -0.023213308706097148 0.8587492047806119 -0.5024278211812102 -0.4425621177912893 -0.6535980442553067 -0.44527709845127295 -0.2835085821184796 -0.1441234821959254 -0.4647230218418752 -0.15853504476868663 -0.7288208037920803 0.9140134172286242 0.8048752904834606 0.11174450530213927 0.35681415619456125 0.3395752779322708 0.31824252060530644 0.8704115596531912 -0.06018708337703663 0.12781572596451835 -0.8706828516730779 0.9481918438684878 -0.5919372008483584
0.8152 0.7029552581956284 0.21952549357460585 0.6046877786393557 -0.5608591644081423 0.5669476028163307 -0.8861291341793402 1.0860698630088839 1.0313026602629172 -0.2938812892104201 1.025033959587345 0.23196214635051454 0.4372159681699589 -0.4761885266908289 0.3923609347109476 0.5106441079341852 0.6012593705773281 -0.12666073674957634 0.15693942602487826 0.23685279741031146 0.33536866295473317 -0.305260492308606 0.8685543185393393 -0.736017572201863 0.8171472428810435 0.11351764528552859 0.04470572012322116 -0.6368529724484122
0.5969871275444038 -0.7347881658656357 0.8931737846221656 0.6396631945203795 -1.0600974147145763 -0.6240406877687634 -0.5473003852742088 0.2685430603786069 -0.26803765520210093 -0.14390074850569073 -0.35265018492546757 0.6926905439152694 0.7077224238052652 -0.39998802432968655 -0.19607765230401286 0.6556814738401877 0.8782077634364811 -0.3381768404286047 0.5314990933921021 0.13792569391372328 -0.7180331416653715 0.5349375028251465 -0.8310567495527904 -0.35451445567501033 -0.003517784802674284 0.017644864588132456 -0.5929395034840065 -0.03828151891427222
0.0016 0.7190141875950815 -0.05073787943868485 0.46019730105602613 -0.14367711231627922 -0.3831704240773397 -0.8303356588147514 -1.2968096155851192 0.03417304798005136 0.19084983753889975 0.27736477000688364 -1.0643519438998443 -0.8015540294241916 0.01653907715809561 -0.40118016810292084 0.017167651455757 -0.20201957271247034 0.4744997245626367 0.116346861309903 0.37036944466004706 -0.7911137127332389 -0.2486478144955417 -0.212406087623508 0.6336935282256637 0.13073238946231397 -0.3540908596156518 -0.4737457429285912 -0.1986750369647791
0.977 -0.4060416131793719 -0.00978501075532562 -0.15088062874975144 0.17320345793759545 -0.24415987735030362 0.49861213839871826 -0.7128963687469609 0.429505811065313 -0.16494978917851938 0.26770939641086905 -1.1038620411254956 -0.08967073399922589 0.44261454844306103 0.6450246778490161 -0.4166454484346798 0.8422215699297265 -0.9458060391926822 -0.3919850243807742 -0.19559685860098 0.6311154891069881 0.39688110358020984 -0.5752184044486048 0.0037295091020937395 0.8690615594211419 -0.8907760472291084 -0.5498530780348372 0.3926999890153551
0.8898995181431484 0.9125916637615913 0.0007631796590442148 0.7422342205463124 -0.5074348336276466 0.3201821198666667 -0.5791713708524112 -1.1688683885078046 -0.8782676027983898 -0.8069548474045714 0.15888438758218662 -0.49971782109359236 0.6624748741621168 -0.4254661980083994 -0.8086769187926294 -0.9568062740470902 0.31302746160484823 0.5185716628253166 -0.5441833531062404 -1.010510555319087 0.3936461445467101 -0.14663590724207812 -0.9272256006224558 0.0994293278452628 0.18871109698214017 0.20230539010968007 0.7149106705723627 0.7808998362591772
-0.13580046688281394 0.3712057628638775 0.3942435803290539 0.5857071573440507 0.7379640238496412 0.8727021276157696 -0.23433273024743007 -0.2644965683796803 -0.6541688752633426 -0.8437808027671021 0.24482508581474408 -0.8083851520603916 -0.5151557501119465 -0.19972150639690706 0.4581599084546217 0.39411815017388324 -0.7610842177544517 0.12842313739445307 -0.5230990236774978 0.029439066013452857 0.09201066635806297 -0.9218981233804859 -0.9183890268404235 -0.6282252594021246 -0.7633117588890984 -0.7837438562800939 0.908000425612188 -0.08470030242255294
-0.7251 -0.6991 0.3195710359825379 0.24131621031489017 -0.7424666845590282 -0.557017400659165 -0.9698500235601513 -0.4298934171953761 -0.1410545410429263 0.13484936006661588 -0.4357711502018781 0.1323978244345346 0.4916028843227575 0.32773930316198374 -1.181091182679294 0.5336865389872674 -0.7680887523427158 0.38472121020008865 -0.8365145589591567 0.44768324617578464 0.2920616685315199 0.15973807182860075 0.03091250533519145 -0.22520069649754995 -0.3449911909286936 -0.30758288398226113 -0.5555384734951273 0.2144
-0.3667 0.0498 -0.6193353662296646 0.004027352298311614 -0.7466618754841032 -0.4800281847613669 0.7005278229736432 -0.13056999974594313 -0.4726376483085893 -0.7903066399843162 0.5452214500856792 0.3278370517117022 0.6287357137606955 -0.1254893694704213 -0.5737350738787972 -0.19664849448482086 -0.6522977740268229 -0.36804807398786965 -0.2620993579814727 -0.1426524126241559 -0.6946501366534261 -0.1224522683339698 0.9746361383881669 -0.8953393700161983 0.5359541018871237 0.12345771670966654 0.6978128137163855 0.046
-0.9991 -0.4808 -0.771078012318566 -0.0932421632468654 0.4351179229757412 -0.28532542576378234 0.5676062598612682 -0.9430777435453852 0.7721698481363406 0.32656594561924845 -0.14300200839702273 0.060919494594846704 0.8594738068253959 0.663221649851661 0.6523074713521969 -0.5473419279175306 -0.09079930355674068 -0.4232534086837564 0.5684064756199502 0.9426523323366349 0.8306379648106184 0.4984751589897014 0.937917486784486 -0.12093071972393432 -0.5075017306904335 0.20850311352420653 0.21585296250157845 0.9496
0.555 -0.1514 -0.5492 -0.2261822269317112 -0.8512830157243648 0.7342436537431047 0.641181130494469 -0.4816396614997276 0.8354105653823322 0.5234802760915356 0.20650071492561567 -0.6857131258040773 -0.8980613411677424 0.7657801332137365 -0.022981952583354257 -0.8302518063610214 0.2900203990416865 0.10609842654835426 0.42656681354827897 -0.6695164894804441 -0.9295263151005754 -0.30959664095069056 0.042789256552429676 -0.9117135952846293 0.6587002447269625 0.08410000932862077 -0.6438 0.9931
-0.1488 0.667 -0.424 -0.304 0.34782843228598603 0.303075377841394 0.24601149029718308 -0.22946626109340043 -0.35427015270003764 -0.8414213954284746 0.5420486532486145 0.1715256404200233 -0.7844855303057169 -0.16841518149332105 0.9612404808304708 0.3823801015788877 -0.37917249321952623 -0.06772361122521879 -0.6917711478073686 -0.8782308449369732 -0.5918999775250501 0.06805442537591573 -0.724989050227406 0.8428540922730114 0.0533 0.7067 0.4219 0.206
0.2785 0.9758 0.0625 -0.1889 -0.0349 0.1354 0.1137 0.7576 0.6196 -0.0739 0.4676 -0.9299 -0.4202343803502021 0.04354289722726222 0.13119911991162184 0.3030999633253219 -0.2319 0.9922 0.4672 0.945 0.7902 -0.7036 0.4953 -0.7607 -0.361 -0.3333 -0.0164 -0.9812
-0.7928 -0.6864 -0.307 -0.0763 0.46560198244805023 0.5248059065273328 0.9978785015860656 0.49231497866654783 -0.19898096419296502 -0.5015148981241633 -0.4269324646644002 -0.9933269801733025 -0.6429160185877508 -0.7245831821855632 0.9670382951556403 -0.9475273233433839 0.002732528073098981 -0.3840116694286763 -0.9602970654659657 -0.8920080049977854 0.2990384634318696 -0.2623848979705234 0.5431033542532594 0.5294071306322355 0.5679 -0.6759 -0.4239 -0.4804
0.092 0.866 -0.18598015760015477 0.17159922469250272 0.6865821479543057 0.262840438739432 -0.5762679214684193 -0.2278916488034184 0.5329418113886251 -0.72645273184178 -0.30601158485676583 -0.5876912026850338 0.6591469665277345 -0.695171755050624 0.4505285324388056 0.9203591298820069 0.6703891204563805 0.15957866077123134 0.3383318201616509 -0.18814784607968016 0.10948361289139884 0.7251255650698297 -0.8424202103110038 -0.7162004091483047 -0.5175194287507963 0.13323073209492434 0.3451 -0.9212
-0.8552 -0.6134 -0.12985628278735092 0.11070187245557554 -0.24249474704320084 -0.6655769104422313 -0.35075045780243064 -0.6601474771500664 0.37437102362107083 0.3871518233720402 0.5931705001755238 0.0422516517452317 0.4894660291676096 -0.45037418216705566 0.4925828801060866 0.7751999796779427 0.8228271886097042 -0.7403602398282481 0.1972828927182143 0.5494360367615039 0.11164857616186172 0.777996578610728 0.042357331080391 -0.1484893685749742 -0.010055011713811953 -0.30357798730593144 -0.6652813005382331 -0.0331
0.8781 0.8307999958019021 0.1636465119152486 -0.6535530270083802 0.7396692466775553 0.8031810589134722 0.36871334027561237 0.7572974437898111 -0.8193349498645673 -0.8542961470025459 0.2879209694950089 -0.3934468465223527 -0.49326508409218256 0.06857975797912257 0.4247491409451267 -0.3227202763109271 0.22132081951106827 0.5157225575058839 -0.15943465857190312 -0.3904881496887648 -0.26203095840819224 0.7361292884737765 0.8869193429439161 0.02726079587874572 0.5497294210472707 0.47808083602633855 -0.3210515611286748 0.7973281076279822
0.7963 0.9644 -0.6028019787067045 -0.23289594613006098 -0.4036499579502667 -0.7373739882786599 1.0115191409359678 -0.37571666184482716 0.1205404208688687 -0.41604243720348544 0.01654567013774374 -0.8892689369297437 0.5482312267469617 0.6427188832933737 -0.9277461980421134 -0.5158892337864316 -0.7703251943201808 0.6346460297270589 0.07177695055304818 0.5851888588013563 0.03030372818563138 -0.7064252775876253 0.6574064307873977 0.5435940433509919 0.5396932491468156 0.809526662093412 -0.6557626528172706 -0.8328506501955047
0.163 0.5313040187960262 0.7044832490179858 0.825469153352446 -0.2227723784451153 -0.5389415463704558 0.8125029480231757 -0.7768069106842119 1.0917363850207311 -0.7911409125503943 0.6914995393481913 -0.2477644850637803 -0.5864618165897962 -0.3412100436586137 -0.9825073888911753 -0.9801629896622726 -0.10734730425147758 0.3882915882624945 -0.17734101628423726 0.07413033837612056 -0.41115716551447484 0.3071490754144213 -0.9443357443233399 0.8378925964083609 0.8722888690535134 -0.91302138095115 0.7837388214401053 -0.6683400016965501
0.30610161326303115 -0.4787028111277979 -0.1728780540185876 -0.767879593319294 0.39336484376850195 -0.8762065063298103 -0.6385312212056551 -0.11284571821021797 0.6038900167491207 -0.4489114953313216 0.05905247071160056 -0.5111610237723562 -0.5542966773632654 -0.6840405885999904 -0.4993396806124083 -0.7697965543772455 -0.3208898404700659 0.8555404084361936 0.26095162379739617 -0.20566108032107316 0.6695859057911944 0.17390211745850578 0.10884721236017147 -0.2665920503200655 0.4484372057520956 0.15756202683337317 0.6924498119651152 -0.5321129763358673
0.3949065563429752 0.6414865764270814 0.6831407213317202 -0.18762149416016452 1.033983966173579 -0.4260536351914421 0.46893932830585183 -0.7462607275516336 -0.7746768118401368 0.5362959476074988 -0.301928331288319 0.26229263606519226 -0.6632508005032244 0.5485251332046629 -0.34652937931742284 -1.232089204575748 -0.3218470991260791 -0.3005563568730579 -0.3470954007242538 0.6805931283205156 -0.7688750637415603 -1.1951529542976673 0.6340941764364034 0.03967847108596094 0.3744953301930978 -0.30351207025728255 0.458320693612348 -0.4363203221236206
-0.183098935579031 0.17871432178750193 -0.7869370391067418 -0.2426473565485531 -0.6130439246134946 -0.9412385030740361 0.8318090150340651 0.4344670976904305 -0.3563708252637993 -0.9814481016700152 -0.8372205151345414 -0.71277317390402 -0.8167630116579254 -1.1643154401839944 -0.6218599473510195 -0.6380503287399536 0.9201189614617717 0.8546813122746838 -0.23984065615559902 0.3364311193809863 -0.42865979816197874 -0.2673365193133511 0.20710156577239755 -0.2964236368135317 -1.088240434805648 0.39178385086336065 0.4766478877347889 -0.13524206854065868
-0.7046988179150133 0.7959819266968389 -0.8320104082741826 0.20642661511903523 0.3063837793843804 -0.3172635446949378 -0.44187866962869693 -0.37268002934860833 0.027242411789842096 0.1264260992241686 -0.6293158344977424 -0.26800353909326574 0.05136537511025616 0.31939933664073267 -1.1174859438199938 0.5869949262159545 -0.125142042444877 1.1247648490873932 -0.18986857169850477 -0.392664820077614 -0.5262426647726592 -0.2194911593480788 0.13258089116503863 0.5631909134830764 0.5562058346989882 -0.9979236926262774 0.8368295281815021 0.738649948217124
0.310952176109269 -0.936745745978679 0.6618319004532146 0.12978458909370066 -0.6364917226072188 -0.32068538838879546 0.00305445095344636 0.19050089281701207 -1.1230977654893457 -0.7046879100533394 -0.6886177798539055 -0.0319977209813661 -0.4596738167705854 -0.8695400869687696 -0.004011906185194236 -0.6018230883230669 0.9313317199756663 0.607849054377263 -0.45267488297585895 0.26899537012896285 -0.0697984502996245 0.17386534112191845 -0.8180530541532788 -0.12924696228816723 -0.7590511295450609 0.4419251518194757 -0.07950788184383284 -0.9772206369704585
-0.29080773660827164 0.48995240585251953 -0.07907131135514618 -0.8535600228629199 -0.9436763809866879 0.9150581584527516 -0.37126056692674625 -0.4957760860700583 0.03683785157251236 -0.3382069210983387 0.3348233574610655 -0.5067524963013437 0.45226477575774443 0.36369655922599986 0.2773339775347572 -0.01055472740567775 1.0935655312610508 0.6441257751940912 -0.017036120000767176 -0.9251260532669863 0.5926552201072985 0.4002717078669009 0.6829785564753582 0.024021010203668734 0.3090503610863946 0.688922230220673 -0.4365680265652732 0.1630076326594505
-0.4220999715461347 0.235594190915144 0.8480985192298608 -0.6142558124231516 -0.8672859464220672 -0.9859551740124016 0.15150765015782952 0.37304620510348546 -0.1801960494237341 0.6790659956051074 0.7070356298096041 -0.21499197621096106 -0.1775604399800164 -0.5975913261239649 -0.21606875458030655 0.015062320749506175 -0.564454663329715 -0.6171688987312292 0.6919570530441788 0.4893154676991117 0.15052903429159797 -0.009729554483171837 0.8213315367982956 -0.698668515082474 0.8829446544889397 0.9156231778073208 0.3311475620093512 -0.5694047176500652
0.514464867267856 -0.6502905046320537 -0.7277403386189024 -0.22783317552482313 -0.4262134782213543 -0.8748442058501117 -0.424528662038964 0.7756007844985582 -0.30278670714092654 0.9710214503595551 0.17118468449556168 0.7219708632076148 0.02277829592776 0.22120649708253565 0.7321029692941436 0.7837281848700693 0.4170259344137399 0.5007899938065592 -0.493752203495668 -0.05316773842520283 -0.051779803900005736 -0.23848446310619842 -0.6844328291187615 1.0919508270647016 0.24398899918065056 0.18333766600717558 -0.7087312562934873 0.8459930952962185
0.5260885070347314 -0.11666156715997487 0.13020823458712086 0.9541429609760044 -0.9311511562483983 0.2996221688119024 1.0312289783234476 -0.19901192027908032 -0.3874560669105709 -0.26844052080076647 0.34623976013297947 0.5567621966847802 -0.33084543977423964 -0.5612699971631869 -0.3320276692893388 -0.5356183667566575 0.7178111720760724 -0.8018818405869174 0.4836275861060199 -0.23234664643695752 0.5326882529706963 -0.15739148572499623 0.05785193621078256 0.2683456434623557 0.9525182661876447 -0.9738621212471075 0.32012067420779067 -0.4827156809832362
-0.9210999327021158 0.8851377863194438 -0.17876381107140854 0.16745310974748934 -0.538297133594449 0.8040284205735267 -0.31188144280391733 0.23812256420067396 -0.8459208186277579 -0.8752044667049594 0.558460799752868 -0.15917172577716054 0.5351656271319624 -0.3915286387318409 1.0316650247976986 -0.5152468330938533 -0.4534348897108131 0.805005428006787 0.35877354658494026 -0.6415804293605535 0.3047051198800042 -0.49264293069500825 -0.7557785442581078 -0.010374239951396752 -0.8987704372069664 -0.0963671866280636 0.40970665014434104 -0.36300982315656044
-0.3137 -0.36860424230788685 0.11213869272048993 -0.7270623346287513 -0.24605049214416475 -0.2974723428947287 0.5145012958209906 0.20831344701710294 -1.0163810278573648 0.6113674161064612 -0.47953562694362306 -0.10697298991944505 -0.9688366225733497 -0.5669541983571129 -0.7393571228512438 -0.4339483884397862 0.18234999099444238 -0.22974653251997404 -0.43002526378926326 0.48655260946791457 0.0054935913151158864 0.9432256072197877 0.053892987720280894 0.7139298874308493 0.6855602302516242 0.18331683793989487 -0.9236649995331758 -0.2907165066661816
0.8742225446930371 0.5789051990526761 0.23183116233607595 0.72270175235903 -0.17016365785783696 -0.9194267595375115 -0.00665964633062704 -0.24838023793626127 0.5348220445340351 0.19840509777817186 -0.11602942088546027 0.13308564349611293 0.8608361361764235 0.6585658209426197 -0.8789045941341062 0.8795989545693893 -0.6915785098909788 -0.4480521295726112 -0.6538094247488516 0.9446422686414775 -0.6072857628159887 0.5410832548608541 0.33413537206786764 -0.8888983740354013 0.6678411470294848 -0.7391067965107707 0.6942961166467466 0.5743419517487582
-0.7068 -0.9362570919671757 0.5929740356085749 -0.2412479584416495 0.05826451118121606 0.7954381172945669 0.6208514911368028 0.2776839815161963 0.16332888652395056 -0.644390959454409 0.7061866783479918 0.21092822939834727 0.910647068527526 0.6381781461676406 0.2861760685151496 0.29439737219294926 1.045789751861362 0.7944303622860545 1.0562328557470375 0.7290700715246562 0.21537116896619643 -0.056090755909558095 -0.6873078818862005 -0.10297401229465629 0.24230071655380983 -0.27373103762741735 -0.36265920310238675 0.39069969607311733
0.6495 -0.5136980732825781 -0.31332951019232463 -0.23481240422066524 0.6547102536458872 0.36632000700275696 -0.07506748863862872 -0.8278885660134637 -0.12290819571072696 -0.8263672865444922 0.07522378985898048 -0.5895470295266616 -0.787341346879745 0.14507944609290985 -0.206766382128203 0.371247200590307 0.42395671425524495 0.6756296800309222 0.14075951265269543 -0.6517905986504441 -0.1846233478070241 0.6878069686390954 -0.14148346111591667 0.6367735385692912 -0.8709181478031263 -0.8724181318686215 0.003213349042018462 -0.6495993868887705
0.96831434229616 0.64051461558722 -0.3062397806551505 0.16797570227239758 0.8890095121399891 0.2943256049048975 0.6619122396589002 0.07060669330480528 0.732886713001395 0.21334528633639482 -0.6837086083923253 -0.7057104039470131 0.5900236711471163 -0.588796884402093 -0.7036522785621003 -0.018228288027577984 -0.6412808833192143 0.9366210108006862 0.8649807215998707 -0.7455159427475468 0.6574581189610172 0.7725403651210715 -0.4429783249294298 -0.6460190211818635 0.23128881625936926 0.5029826618005613 0.3577192695894587 0.17809911536741752
-0.9980861034006929 -0.9675640357151316 -0.11133012888114925 -0.10048161294926586 0.8242990116744012 0.3017982775559906 -0.14625290560454457 0.03664410247163449 0.08234750387899806 0.4454980317274214 -0.045233152086882986 -0.684424649200788 -0.0946227107781706 0.6582299522436467 -0.6411153684190819 -0.8514869591721188 -0.021186656126308302 0.6702693374129357 -0.01389441121541306 0.09451037761814683 -0.05504507478679007 -0.4354141673722358 0.6233133771291847 0.7019357945503176 0.32548762781475915 0.14296668173216948 -0.9500589521292466 0.92689836612007
0.6442 -0.0348 0.7493201356720953 -0.45702511776932764 -0.11049286097081105 -0.33655066444663967 -0.3372584067810085 -0.46969052900831726 0.794917545123865 -0.5162215337482023 0.6767682541496423 0.08568943277544452 -1.0721157368586465 0.741660584691829 -0.06130045059751975 -0.6403977184936849 -0.18922270586796613 -1.040255412907981 0.6018186983399746 0.16125642946113686 -0.6722401493641567 -0.33686114818109003 0.631763407386439 0.8963902774584714 -0.37786790292197064 0.292468329300106 0.3704675584079813 -0.3663
0.2628 0.2396 0.18438125836125843 0.3324811266312159 -0.5996719877994685 -0.949564116145083 -0.25113229703902656 0.353268808740137 -0.5468526099335258 0.6354753188634754 -0.7184871720047475 0.7358621734579 0.789723802412537 -0.8654763267118047 -0.20576378977096602 -0.21829398822419463 -0.11325350404377647 0.15281824559004323 0.7911917724014654 0.07732976093904864 -0.10209461976190547 0.09836249220998036 -0.25164480063571426 0.5257920830575471 -0.05402019693200677 -0.10499600991068736 -0.3832101006873233 -0.56
-0.5166 0.4884 0.7978038861807417 0.6584920854244499 -0.4208158298801758 -0.6082572492037798 -1.0067813991706387 0.46253250576875826 -0.777809535243463 -0.045058580548705 0.4095508529935476 -0.631075819870866 0.6409036115948719 0.729166317148184 0.8802513210442953 0.1260585801232953 0.8271212574105034 -0.025519230595890337 -0.08579504391127353 0.7381938839329253 0.26724515585711694 0.45326909815398997 -0.027182034153278623 -0.137526824400522 0.5357014904988355 0.468056249703534 0.18679537582363182 0.4039
-0.2426 -0.2868 -0.97 -0.9449082024714953 0.5060181601946193 -0.02478873474191317 -0.6518576726942681 -0.11678609945452627 0.7725502297464013 -0.8325803258456209 0.85553363686852 -0.8919136988724399 -0.7259730152068327 -0.5864907901983385 -0.6538717210505351 0.3090330828924081 -0.8139823563584826 0.9127009002502643 0.8279867637857096 -0.505423460266937 0.4543850858974616 -0.3374440087222643 -0.7963550879728266 0.5537067329621154 -0.2614999688707271 -0.5679999748578726 0.8224 -0.5814
-0.8571 0.6023 -0.2953 -0.9549 0.08350011024401034 0.9405018785885334 0.04293696823584388 0.42387909985380934 0.7020086510338253 -0.40955526052232527 0.4083126404133154 -0.3689214367636087 0.7677329455405084 0.01933072018014388 -0.10135694291470218 -0.5117175023553473 -0.9336902862374358 0.22635474536162817 -0.6432864312245953 -0.6862519006566771 -0.11772881455492933 0.5480635022594217 0.7146015204757434 -0.11570734830436556 0.0195 -0.2472 -0.1741 -0.3533
0.3963 -0.6059 0.2353 -0.7892 0.8637 -0.1564 -0.6368 -0.3045 0.6902 0.8858 -0.586 0.1933 -0.4951594060318395 -0.9408504006798475 -0.6986014992992449 -0.6014000624781766 0.0564 0.0813 -0.6509 0.2151 -0.5137 -0.1391 -0.8944 -0.106 -0.8051 0.2632 0.5718 0.5722
0.1522 -0.843 -0.8076 0.8952 0.39389992973159904 0.37629857624984475 0.3210319916911093 -0.614199381894667 0.3354753750014977 -0.607309564098688 -0.8901706338319375 0.34249176580096513 0.2486106743208479 -0.06290934719919726 0.5319881763664775 -0.44357377101319795 0.14040446718145144 -0.6526912761554268 0.036296326548576 -0.9419905097654472 0.2777356831430699 -0.7697431575948361 0.6844440311045934 -0.818406065047012 0.1493 0.2442 -0.6061 -0.211
-0.5997 0.8199 -0.06450753508968897 0.8448999340876424 0.3138406536219654 0.9646471550873372 -0.6322716593257803 -0.09913323591129765 0.7184217398759843 -0.6066378334980507 0.41677739978796224 -0.28941322719929 0.5586657899772945 -0.11367741563145715 -0.8527940503361422 0.32511593667542593 0.16408202692668025 0.5608006963495914 0.5650804728942629 -0.38121632291269797 0.27928982504979605 0.23847712218811057 -0.7103383292258841 -0.23950557069639117 -0.7469094462347329 0.6449442794939533 -0.6046 -0.6337
0.3954 -0.4574 0.4720832007252856 0.1293699187557636 -0.4474135414125211 -0.21022571143075533 -0.6815514928385179 0.6584026440372449 0.6835360109019631 -0.37292332558810964 -0.06759749228257739 0.4948174976732477 0.2957210167502861 -0.15363830008408738 0.3215424521746203 -0.5715104755789568 -0.1188737350924918 0.5520469522241752 0.4580294024345401 -0.923603630929168 -0.4130141586902148 0.7848338665842622 0.8445909336797912 0.6511800578001117 0.03357852390408076 0.7612196268498445 0.6607313332383824 -0.5017
0.3862 0.8047609383803377 0.20678033773745846 -0.3075845865370898 -0.9881496095230741 0.2967682973880836 0.07643402495209214 -0.5709031457918844 0.245472267642656 0.551557337491041 -0.2854100679571672 -1.0842654945436878 -0.3140876517874194 -0.1759155085530785 -0.30748957295511414 -0.8264155503255315 0.07854499001866665 0.26773978483503164 0.7616425023982202 -0.09919672011624119 -0.05262569960525205 -0.4492210296243878 0.2609014005111379 -0.960487011659886 -0.47595845060638264 0.4316761875959286 -0.7920252128058166 0.6999732614476716
0.3769 0.9062 0.6842905556558563 0.11952732097231841 -0.27361431750604215 0.3193981045466206 -0.03117522301531731 -0.9657152660294676 -0.0013895831560715346 -1.1157051247174592 -0.42798546904818147 0.5714821793994576 -0.7338326461355369 0.3800316464182483 0.7368175666246412 0.9583661248979997 0.19688892870067773 -0.2562750868517891 0.9963901202213822 -0.5586058384139971 0.46445978761495954 0.6305756287832573 -0.6568924053387425 0.5526906422099764 -0.5390312285340177 0.0605763641879746 -0.8260695655080914 -0.8470837928245422
0.9717 -0.15301106195167063 -0.21029646070417962 0.23173111648204822 -0.7949037232412921 -0.21328524073534091 0.4059270794678247 -0.31056276984092795 0.4576876554710504 0.38385093769520884 -0.6452175696279089 -0.27608572285532323 0.09586888559564485 0.04589923310947048 -0.7014263165232719 -0.6316449497326377 -0.3619322697638131 0.7863551072743772 0.22805992329709648 -0.041166376524301565 0.30750297328721116 -0.5232392480965364 -0.22969318247857934 -0.4368721655877225 0.4497023306628452 0.20815521089168967 -0.6780316415693696 0.1572017903064199
-0.6346999996124199 0.7947232034099306 -0.803189604376756 -0.007151370131296122 -0.2503327230293726 0.33867279064043293 -0.8162281742655807 0.08609120474413298 0.0958219621781715 0.7352682987466779 0.013528381257760463 -0.3049813899301861 -0.33168205118486715 -0.6508134781308154 -0.6083692228298153 0.07523749704520777 0.2358910828018368 0.4475892825355999 0.10283048728114184 0.5847739033294296 0.8098233817185532 -0.3693450329205271 1.110734159833273 0.5617459212826353 0.3583548588628286 -0.028774045191878355 0.8675871347163686 0.4009929618189542
0.5342000015751361 0.6278707899415031 -0.2924575912224629 0.7495366716944822 0.4981377270235721 -1.0539492165106676 -0.3820162109879917 1.0300131870946776 -0.2634337600883823 0.3366105881840083 0.7421206259165891 -0.14224101568653147 0.8911335114657509 -0.46047969537010375 -0.951496737417215 0.5785216008748926 0.243017285396494 -0.7008269613438877 0.48187140117551946 0.6342026112110937 -0.24535388607913153 0.7744252163202447 -0.16760719489220552 0.3621699371521403 0.4765313188005897 0.5005236132558547 -0.5637862120319855 0.11459976042095729
-0.07409999974427696 0.41684666062398457 0.2619742292125851 0.4522186683479902 -0.8409148395989962 -0.008291933375128414 -0.5505354152668103 -0.11327870339969727 -0.625392740091145 0.860766847499177 0.589265583653408 0.43848029319074083 0.9977295704216201 0.7882147548613322 0.011026542532560057 -0.8719626911353445 -0.3224677308627613 -0.5251325262782026 -0.3751592912881249 0.3514528584206627 -0.4945094212555519 -0.3624700336737681 0.7549223155112419 -0.20687143804360988 0.050402137845995454 -0.8064250231424211 0.5549152381067953 -0.24520057783944457
0.2440987127100312 -0.22010963114681073 0.5968395289343841 0.5451102710809639 -0.896889570278754 -0.27089932427784863 -0.47624139848318037 0.4365908057168804 0.9123880396698908 0.560936174853584 0.3845690855767937 0.19033259377811887 0.9976454315592321 0.7747554053253745 -0.16724341737236248 -0.1827880477731194 0.2672300804951978 -0.7542873548764624 0.33286879828600324 0.13749313869510515 -0.538804363457463 0.05439582704884249 0.9918295871350328 -0.27881868577102387 -0.0305193292616318 0.22428032467948214 0.16619141858459438 0.4198946419810253
-0.300165681258156 0.7426891544559974 0.19094367542906127 -0.38124746808092974 -0.032055733973867594 -0.7939795497931322 0.06707245686721218 1.2980864949960629 -0.3366261144270012 1.042846301911928 0.2469182564160886 0.2955530913854064 -0.059807764959817086 0.08779799946364616 -0.596196549541051 -0.725206674771174 0.09232146853895262 0.9197190545095546 0.294765671389043 -0.6043270957478785 0.41896688667343956 -0.12102946200467249 0.461198558023091 0.9607697106540973 0.45796622384751073 0.6919109782546599 0.0952574000038382 0.6087497720835123
0.3814992444131392 0.7517657473232103 -0.7681518569678197 0.04150767590699454 -0.8246082147622055 1.1444555561596612 -0.5065623225903748 -0.48825216697483387 0.9035348494327547 0.5222811629620852 0.38700281101805784 0.7240184309704915 -0.6041908796622446 0.18895342210977756 -0.7709729519639952 0.08208871406371726 -0.5292600246253231 -0.29372049274846695 -0.004340246597161672 -0.21809063220158098 0.4161475783630749 -0.454082349937381 0.21382459170691545 -0.7201010797177574 -0.4326966731491741 -0.9164549243766967 -0.7011094132857381 0.8043254275752486
-0.5418002432908587 -0.27932803168281595 -0.20630176500867645 0.519975594473763 0.9411166629337013 1.0579299319628288 -0.18795928569424408 0.550890361904879 0.19771542651928878 0.2204727310728688 -0.6995358759715381 -0.7796980380849098 0.6245782935899996 -0.8645534946136326 -0.471641457281717 0.6334629587945702 0.6993729489879569 -0.32922085852618355 1.0635002494218755 -0.03283681858894527 0.007706462365356621 1.1501668342857088 0.5870838278658489 0.8786093538817391 0.6498315124102316 -0.6599923336541268 -0.6384966757752368 -0.41900010298635415
0.9694001078536646 0.24896150870703865 -0.1704751239807411 0.6205250666900524 -0.13843610927452515 -0.6274694393498386 0.2375035433054826 -0.5223569492079829 0.7718429068749691 0.3350536545127007 0.14539272896994088 0.6540083850127425 0.505609230403933 0.049274406382384756 -0.5430382963889356 0.519326813146717 0.16270828188932426 -0.07615713459364302 0.3711753285589695 -0.2432685905565016 0.593801227284887 0.006458825291006398 -0.8536450952051394 0.2333978868990456 0.023384649531002343 -0.0959566406817017 0.7386844992029199 0.8950530525065649
0.5641655276906584 0.7526490409423234 -0.6759459863816285 0.10495754833013347 -0.5185323920702214 0.4301941553433563 0.28269548012461804 0.8794347671591874 0.15654517002155097 -0.7226803445387097 -0.826937569909204 0.2003576496004444 -0.08244338334796421 -0.1918952769124653 -0.3548510271491921 0.36807455226124164 0.5709161277586361 -0.2773190987384234 0.3954864664087508 -0.07940015540346297 -0.5019987514331088 0.31248816793109185 -0.8382304382760428 -0.6592910163688988 -0.7204304220730479 -0.45287266949342536 0.10780277583126452 -0.5968413505793054
-0.0969000042470423 0.04812195325019181 0.35538897218976107 -0.7916764662579444 0.12585846210593402 -0.3449826855757824 1.089346287284014 -0.701957776210448 -0.2528011717653997 0.8429722180884605 1.0492104981342167 -0.7680836212925778 1.086845787393415 0.20182833601517847 0.7157851922553552 0.018528127193899045 0.7902847830828588 0.128127730014342 -0.2804066648305144 0.5725422251861962 0.31402820708130913 -0.2684318935753761 0.4240259774709481 0.9453048451187677 -0.3624113491488818 0.040256737656914544 0.5905723108158804 0.7078797917643032
0.1841 -0.88057618987055 0.47394198427331946 0.41010007619264405 0.7714574486174566 0.00749102252923474 -0.6224997250728525 -0.6962963066029552 0.055776586073584114 0.5157542491057593 0.21893345502072908 0.0773106321819895 0.6550755680421995 -0.32695437979102937 0.5316536436739502 0.2828075980039093 -0.9288480284054708 0.888267138311294 0.9729952560764707 -0.2679729450808735 -0.38253926539370203 0.36343908171334915 -0.6122252713541708 -0.08932162719785264 -0.2556210179875684 0.6114394530140699 0.923330543009308 -0.1261464881211534
-0.7221009388599277 -0.7253314650617286 0.7133463371614895 -0.42786269404797433 -0.25707422444654804 0.6187732588827494 0.8560491856642177 0.5956637705649882 -0.3540907059704963 -0.5521658304173314 0.7187408360232934 0.48329741589855457 0.08686361652261122 -0.6956071002733124 0.21780579103010136 0.7852933126497648 0.7688524736419355 0.40592721636662304 -0.7902968829935559 0.6565889013968944 0.6680854116606324 -0.7577915170943593 -0.4432170914138161 -0.8041542023332189 0.8776484491871294 0.33588924779106766 0.24785139197637512 -0.17343229390508227
0.8851 -0.2976298569364271 -0.46621938938948865 -0.5049791796606182 -0.6470587387157128 -0.37636796495226055 0.8353382101239621 0.7120839908556086 1.0293391825416187 0.2447224541376932 0.8735738588678459 -0.3044911270645059 -0.4057282288588752 0.4343853774795744 -0.6413898193657098 -1.0766301719054054 0.08974051120687279 -0.3557883516246566 -0.5202593724419016 0.31618645432259007 -0.21314737538230272 -0.16451842363063998 -0.9497769614748652 -0.480630360818842 -0.057344078770316276 0.32287361713553336 -0.9150436188459605 0.7206285737333926
-0.267 0.12053989254420844 -0.2721364770810461 0.8719693253864166 0.04873309146921967 0.5740844021366626 -0.23432646909256044 0.3919316461891905 0.5483236952610135 -0.9076273725792362 -0.1508860759506111 0.047658293518368935 -0.6179188694645411 -0.30913873611349857 0.28163545730702777 -0.9481923930289159 -1.0681699990245705 -0.285741361113587 -1.0334227577093729 -0.7283465000150215 0.18861772207812985 0.2654348065964283 -0.273482475695878 0.7253359933868584 -0.21047029195341457 0.15620649806002498 0.7806957604863073 0.7059999847030529
-0.9705059397638149 0.8087678256314339 -0.39560915316509976 0.8003508530749932 -0.43557935413485993 -0.3296960602312296 0.7917598625061535 0.16309729958142694 -0.5849225039457517 -0.2058631482674677 -0.6774893455219667 0.41918549308889475 0.47877671592663423 -0.044497743058060736 -0.5958400592789797 -0.8579894804022069 0.6019412636213172 0.08366224009325106 -0.8578386642222713 -0.8216362646393384 -0.44375663048956177 -0.5153297418117725 0.6079512148790609 -0.7747143672345328 -0.6163192722423028 0.23841516627998646 -0.486883505396078 -0.6484989839685049
-0.7963057551815129 0.6104474289608678 0.015931308794060427 0.5719387889608503 -0.9231849811047423 0.5221168386643038 -0.7910821500278608 -0.8732552176583805 -0.33729322067235556 -0.5814315122295681 0.5904594346737656 0.10202777360244047 -0.4516021827372183 0.09355566143039117 -0.07104885946004608 0.06969362956738975 0.2039798465616146 0.18555258891583945 -0.06164690180310898 0.007864751985651177 0.5729876638706405 -0.6607474103291305 -0.468088576489718 -0.5870729330666585 0.776848117775204 0.20836590346976036 0.5599799381421328 0.6129018765683075
-0.8072 0.6438 0.7954975062785853 0.26015933705281186 0.5103834216338893 0.09019532749157427 -1.0008062262084878 -0.35953884269959013 -0.6940667252238911 0.04838322111380848 0.22469330866138176 -0.7825837232657823 -0.07850815573424676 -0.35007509270148635 0.27682013102007447 0.5876307826145083 0.48128922718839784 -0.42219882214197524 -0.6131835074617483 -0.8895210393930416 -0.5986701705587256 -0.4326445115242831 0.7903888407056506 -0.020806043599675885 0.19705893896864407 -0.41852891107244017 0.03289205495081745 0.5072
-0.7949 0.3713 0.08220701764195221 -0.7186369652217006 -0.9827412957848075 0.5710003473979883 -0.13893530834345633 0.056869276210995495 -0.5632085511226019 -0.8326350438731722 -0.08757758201375998 0.8915588036712637 0.11665565035122925 0.25021164748571584 0.433604295310286 0.738735055757033 0.7548634614149389 0.5145024609599305 -0.1260886031966149 -0.837154312551221 0.9659509651187748 -0.8657307409363321 -0.8873869400810386 0.6076711916260151 -0.7081057081392433 0.6315310140315057 0.8197946459028225 -0.2731
0.4208 -0.6377 0.994902533813676 0.8398482552124997 0.5087390900518904 -0.9356091733106191 -0.4678156770697114 -0.8600881366192018 -0.7378459640321797 -0.38181987779908894 -0.859764043556179 -0.2802691329477076 0.9131514426431647 0.24955632122654334 -0.8898075070179189 0.8521462993790414 0.4510623039180609 0.5857781687898058 -0.3897396978626809 -0.31350843926323807 -0.06989522605930085 0.08172728204767767 -0.8137632992900791 -0.48000360950228776 -0.3006443424925304 0.5979990191124858 -0.7202015394648069 -0.0669
0.7131 0.7828 -0.3611 -0.039357716369608935 0.23641717296856835 0.3410134062464515 -0.33256523384955267 0.10558957206287264 -0.9229031782324472 -0.971585750247191 0.7217501899581362 -0.2774760711057354 -0.06397084299219039 0.5153411402039959 -0.41300829095393043 0.41273623224977063 -0.9242812712548581 -0.3785351947291855 0.7995050240139493 -0.20843881139098672 0.9263093617616255 0.009887923090692585 0.6388306674538904 0.08779468223983926 0.01000000013230983 0.8122974938655164 0.748 -0.731
0.5034 0.1348 -0.2256 0.4469 0.9121903725557067 0.2605350775998897 0.7315287950012191 -0.5076795249399015 -0.012260341253703653 -0.08353859588843623 0.5959334054388657 -0.4273830663209255 -0.22631701147587166 -0.41649956925815346 0.13853287191941885 -0.324880225098805 -0.3069218449710994 0.8062411775833033 -0.7558388807692011 0.23539922392823626 0.5838780313129718 -0.8234941391560691 -0.5789119536092358 -0.16751448482386758 0.7186 0.7166 -0.1129 -0.0387
-0.753 0.1211 0.7408 0.1315 -0.3285 -0.7438 0.7595 0.9078 -0.0964 -0.1786 0.2205 0.3211 0.7393995659916488 -0.5645016288587567 0.5715992449892482 0.943199968537505 -0.9553 -0.9429 0.1324 0.401 -0.1545 0.3444 0.4402 0.2236 -0.9463 -0.1858 -0.5421 0.9973
0.3729 -0.7712 -0.3334 -0.3468 0.633599999999899 0.44799999998619905 -0.5920002254724861 0.8339993777635581 0.62818738798932 0.1642225461889272 0.09351396905452272 -0.715138427247607 -0.19557973801096942 -0.773997014819509 0.8250149717132608 0.11747552851375759 -0.15905371308121635 -0.46653077867801085 -0.8550004347858696 0.5170894544701405 0.7703783128943383 0.165693468022709 -0.7869021363593055 0.1485974968612585 0.9604 -0.2544 -0.9076 -0.4693
0.4757 0.3699 -0.989300000070686 -0.7085000540369946 -0.4339010695901919 0.19948162556984014 -0.3121157084896342 0.6647564630606059 -0.6563758018307408 -0.06853585614241542 0.8024188836406653 0.2183426421824121 0.7926134997185447 0.5706494167424596 -0.4599085486304762 -0.802117859330114 -0.16823419260042294 0.9301940603150036 0.6773216987018765 0.9750160175032413 -0.08410741540000749 -0.544450828124652 0.20704866498684724 -0.37883148194694233 0.5722044082719723 0.6922986764031763 -0.2396 -0.2161
-0.7153 0.5244 0.30178849519851947 -0.21380015308323871 0.1647116962689049 -0.6690442663367664 0.8771375768267138 0.7725159430654754 -0.6468858377230537 -0.7423719147056419 0.8129000134079046 -0.8506339234201018 -0.31623248148169003 0.8909289406787776 -0.4041599414809675 0.3253059784179135 0.4567592854864248 0.3435004286091586 0.11404576760572066 -0.8224652127369502 0.011586344874671004 0.9755069839161077 -0.9738653600494827 -0.49503196214280953 -0.19492244943670153 -0.51818120910537 0.6993545935534673 -0.0344
0.5677 -0.9476981156885219 0.13810933823517996 0.7866987732813018 -0.6535945462122984 -0.7385771138265321 0.05231114348955237 0.3022218900388422 0.48950845606302607 0.7908603697748485 0.32668491098645186 0.1866132740025967 -1.0923064642148839 0.17120674509726364 0.43959631285662476 -0.10208451758459207 -0.2545798012449661 0.5803454823806123 -0.085960986536209 -0.6725153394398705 -0.10930201370448564 -0.22742138269136777 0.16572017520303245 0.7980242392165436 0.9908926141484387 0.017902513748585383 -0.4251375453796423 0.7517305380530251
-0.5389 0.8232 0.9501381209022063 0.8611568222687344 -0.010448362122354591 -0.9081945652465414 -0.6193692673051382 -0.2796381751233836 -1.2151596710817796 -0.15024478215142273 -0.915629262767294 -0.09963919335099818 -0.38046008056821656 0.6958895108738578 0.7228227323069798 -0.9687014955105256 0.6776256513042759 -0.5001326650166396 -0.9513989469385304 -0.6132960102645437 0.8250402215277407 0.41064897338925865 -0.49793807191522427 -0.7497226297882703 0.5289146934889234 0.9915959424908356 -0.2911280325054091 -0.6443803006575399
-0.2485 -0.1969048058238186 0.2410507965511936 -0.8120363542560473 -0.4990047146875137 -0.5931598378737232 0.7208050262795337 -0.047611260254084894 -0.7409643015468839 -0.8873210798583285 -0.8948908015674776 -0.4754092294932013 -0.3515463617974864 -0.33905537813911873 -0.1624191053004139 -1.0525476237004325 0.7134201156691286 0.3643131031521974 -0.05063681734873009 0.08996885358996722 -0.5310597651361977 -0.6505421435970256 -0.7656122498582503 1.149994212659569 -0.47770780702896043 0.4198256947065817 0.3456027570170914 -0.17131158299874896
-0.48320004573935604 -0.5647579472359731 0.7104275765999738 0.7366446317331311 -0.000489312138063243 -0.323930714308536 -0.9549234836395619 0.533304686184612 0.7055558796975283 0.3460495728094857 -0.5467598740998448 0.25534331634108254 0.3346350061189662 -0.9625577521492791 0.2901478873677571 -0.939105724855711 0.17421565137916514 -1.070320925713328 -0.026419875122386378 -0.7118249837462647 0.2492964840769568 0.21153663533017578 -0.2742729049989758 0.40630705282802204 -0.23832272850997194 0.9423387951694986 0.22063337685257015 -0.06803763181664062
0.892199814114066 0.7957550781763687 0.023200306157519633 0.1433287055345545 0.6956846923974173 0.21072466712240734 0.6424650157923809 -0.2675502479892157 -0.24805559167253252 0.1318685272835805 -0.2591388031942544 -0.30725964489285823 0.4161694707117588 -1.0069840140092094 -0.25027622118148035 0.25485802849305156 -0.6270952085470227 0.6015766298099392 -0.22624670691428378 -0.8257824044909418 -0.5763048817776831 -0.9052403560940373 -0.43338322004730817 -0.7108539942427788 -0.7427262677801785 0.4139334306402719 0.03777563854778514 -0.20508471391958039
0.5094999698214557 -0.6721678928038802 -0.7823112699523939 0.8261691557362597 0.2481173175762089 -0.8586234687758005 -0.15687147829909534 0.22531271818988374 -0.4737634375506089 -0.040339796087810256 -0.6194099171711637 0.0650631591537646 0.8774578282572398 0.9740552186118383 -0.6176122316450625 0.15952887934894588 -0.17143409328161255 -1.1160294383374525 0.3354970832785395 -0.4946222482287861 0.8881021654546369 0.9439786150838994 0.30901476279767837 1.0713565490995014 -0.6023341604222072 0.7851422221644692 -0.013569186972131653 -0.6494631216175687
0.9667000001561246 -0.7501413757204426 0.5318089815295897 0.6042322740405349 -0.641939033075042 -0.8306913237298642 0.6631521301513496 0.41703435590802135 0.13557674617325993 0.4913967193714495 -0.07080991909519929 0.3651403426978947 -0.2733729277818578 0.7897076684941388 0.8063076419423837 -0.1694639282953611 -0.784188756752863 0.12770583128790036 -0.2769291188849315 0.11817779328113552 -0.24451453872809595 0.8733390445691229 0.21727076881572804 -0.29519383416331957 -0.14830060124471559 -0.25083377088435216 0.32476424319944874 0.9739674080685675
-0.34370121544122584 -0.5731643913688967 0.9764498052911862 0.1752729111538658 1.0061945368535308 0.7346558025663105 -0.7045019202472396 0.735740579161812 1.0774821215689347 0.9817501759588254 1.296978201198698 0.4191099082131141 0.18157732745270067 -0.22633462205955662 0.9561673169442976 0.7851025935636614 0.8152801055945333 -0.21309368476456975 0.6942635119502512 -1.0425511258157945 -0.975479056015703 -0.9608298459037169 0.7837543351217624 -0.8528557101146104 -0.22566716013878674 -0.4701769868274831 0.05490529950385786 0.7637659643352847
-0.5882982673540109 0.19547297979687472 0.6533221746533434 -0.25005230280009144 -0.41787109592640626 0.7641484452026852 0.2150565726343727 -0.32104531447068846 -0.06773992194511676 0.1696753360627683 0.4833724080121811 1.1195995173058662 1.1275142795330126 -0.4304224965855017 0.27660434633654324 0.7359570876180478 -0.22312306731955348 -0.5425376065427118 0.7076812626238616 -0.2707706424420711 1.0205704566960951 -0.1401977851128858 -0.259272787700963 -0.6585613783868598 -0.3307564318434048 -0.7668859599603081 0.980507452726372 0.6272588222710733
0.691800072208915 0.16557838383938153 -0.8541113263101845 0.3956327701453942 -0.8597305230206217 0.27957088863303364 -0.22087804127535024 0.8281674000016642 0.9230227948047888 0.6188042060118571 -0.4165376106235327 -0.20240354552510945 -0.2527055340900699 0.823331215543294 0.5022065283247403 0.9629104329770916 0.027460258650465166 0.6862874747189706 0.013499245362787139 0.04344790903655064 1.086982163062008 -0.9037854606946405 -0.8386158379582721 0.32558336040232727 0.7617754882410567 -0.18931813587245738 0.7843721338173155 -0.5498204967909406
0.8777247670840784 -0.30703618860187476 -0.46143825326609306 0.69014421768762 -0.9014275044621658 0.42657489157298134 -0.26304711177189305 0.37574681586635317 0.8768831426616478 0.2531537769361548 -0.7562618189655014 0.6167083502841517 0.03136647666403148 -0.3169911565434335 0.2637690388831166 0.27205542198366867 0.7657745867576071 -0.23519976019090355 1.049580554205119 0.8232097230238525 -0.8465978125333603 0.7705676392910994 0.1318583301404248 0.24875818824165397 0.9206984433186375 -0.4595718378762691 -0.6168860160871696 -0.042405621313886054
-0.27545896387898544 -0.5377458578369824 0.2786929816870297 -0.712744107891838 0.004422981844720248 -0.4803247113363273 -0.5421295690786401 -0.40285645548881643 0.32879039496253537 0.1800117089532769 -0.9972557176825996 0.2869945099827447 -0.2698136552331781 -0.21933772608010094 0.0967571833777127 0.7581253916632551 1.0604060465088574 -0.7055405035306158 1.098033221709313 0.49602757865265723 0.4349062678387264 0.10957858566638704 0.18989424775745778 0.625952302450195 0.08222565052535036 0.3478454364304401 0.2488757545457396 0.8316427607384174
-0.9431989776108497 0.078157016217648 -0.755217065448048 -0.9149151328302646 0.7224795293889713 -0.8141550158717583 0.76825382664755 -0.7275962376337104 0.8220870386021879 -0.390102314751153 0.5939832226127183 0.18056614681966643 0.5857867633923173 0.5451215092678696 -0.20876347559942512 0.46150089996081134 0.6888681507513242 -0.733572460278592 -0.4586353638583102 0.5018097368002317 0.7895746024114866 -0.5800180472042424 0.2374223481061049 -0.5665385204374874 0.027539327771717314 0.9172261354800976 -0.29627152240685395 0.3221419209478213
0.6386 -0.36674494771273736 0.09383678267353382 -0.37235710747605155 0.6069287897828992 -0.03671529713320551 -0.9843159051528217 -0.758655508314753 0.8575611812489693 0.5604735080048863 -0.575338377516767 1.0856677665794667 -0.10628425464946999 1.1160337559859324 1.0076827184154884 0.4729214992224583 -0.2500302081804868 0.32812649135218824 0.4168533326438811 0.641421807002746 -0.38517572506323794 -0.47708414380754394 -0.35423660550536107 -0.3582875198653787 0.9844518856172669 -0.3148189768333894 0.1887690776665431 0.5305050872533669
-0.21320011896267743 -0.9279098930661697 -0.7903028418779151 -0.6047770405537555 -0.8644537098908651 -0.8671433623546505 -0.807547694205188 0.3604180759742492 -0.6914748973204591 0.6377616025540469 -0.46297808750800856 0.689682849862391 -0.38038049842014554 -0.24681312681135667 -0.7091519052067015 0.5156967023013878 0.612112401078736 0.6049368797442162 0.7593831572936023 -0.737459158852002 0.7065562218914834 -0.0503080756161441 0.06640520490596492 0.9258903969403243 -0.8025472612501685 0.9603147862719932 -0.38190678247254234 0.6964211922205028
0.4335 0.6229716249313804 0.17695070284549025 0.1576056337136006 -0.5079601577232794 -0.0260968498245412 -0.7713170583373806 -0.16054815582353474 0.8353637583873701 -0.17059942319749263 0.44023685403555646 0.2748727395695226 -0.49173260457787515 0.10354384535937539 0.45032700559864813 0.8409387170429145 -0.7774851108796335 -0.011914740566057607 0.033456300301063197 -0.12866240806694745 -0.8446299932372652 0.541980468656177 0.02991266399442394 -0.45705568446349115 0.5256185286931966 0.11673411768204783 -0.13076872828337835 -0.588126124203764
-0.6087 0.1399585741892341 0.8407291484839217 -0.4216381487907384 0.7434780899200512 -0.5278437646982079 0.32408941794043256 0.9320490872850566 0.49598174284473545 0.4108490750028306 -0.3652109730361821 0.5103346098687658 0.3012829940133814 0.24180951986387877 -0.17998034515596045 -0.5322027296620069 -1.1019840257142137 0.5218227399742099 0.10085504383125896 -0.25089489347227945 -0.8932198884657695 0.15728844591672386 -0.29630136376883254 0.4457023581356591 0.08149959049131135 -0.5884636444715247 0.26778706254326884 -0.7236012866435211
0.6781001788025175 0.12799343105923264 -0.22003233667840558 -0.25960076215022715 -1.0464842438884259 -0.4233113708581187 -0.8515743722404456 -0.2695305277180757 -0.36911037344258346 0.18481688456703962 -0.9948047122723721 -0.38851833746623116 -0.848879366842149 -0.18350898991473288 -0.49153260520192804 -0.5075640887886953 -0.5644387519831188 0.08926281553714363 -0.36909828000111994 -0.7550305240925093 -0.7123253638882242 0.5001765530115319 0.5044988553669659 -0.2781065724034895 -0.01613712579480596 -0.5130606746505242 -0.44659899740134407 -0.9449020099433177
-0.8144998267538952 0.3357158704781409 -0.7456841200873314 0.19936794301369337 0.9418381903570247 0.1266889422588514 -0.6074722821129359 0.5660888567338807 -0.6077603773712451 -0.1535875697321798 0.5556271703164731 -0.09845065214370469 0.04239172146710842 -0.0571763108151578 -0.8759028006898617 0.20394766002961504 -0.5948873433005899 0.637512331029069 0.579469912605848 0.7527413491165246 -0.282560585061961 0.2897469399148735 0.634715106895064 -0.9402813076468381 -0.6778834099298667 -0.49934221742333673 -0.22190828182921807 -0.9220037122824914
-0.102 0.2899 0.5147525944470722 0.9854349368210428 -0.8366802145003458 -0.5736154029947667 0.2551195749029466 0.1877610988307687 -0.13078153863609213 -0.3961373175566086 0.59028935569155 -0.1266049169508364 -0.01601293865060734 -0.17251098421929476 -0.44538357010207075 -0.22502608840754781 -0.24107032697919295 0.5975825396687023 -0.05991511056705418 0.7245782849794473 -0.7557509550359731 -0.9562648322479124 -0.33001804474531804 -0.578946167745974 0.7312454666824109 -1.005412209258954 -0.3745542511330709 -0.0149
-0.9133 -0.121 0.8140497813087096 -0.35718845766166574 -0.8204987427305208 -0.8166754589742408 -0.2885678810320718 -0.9481745285619679 -0.04491668534355588 -0.22700297205584608 -0.2689640991631455 0.1476319668564359 0.6023053445520363 -0.08267644861900779 -0.07473990831564338 -0.7147965345933796 -0.4272060015976427 0.44825990004819793 0.3332608495753212 0.1731277972624875 0.7009650324921373 -0.42400456161424127 0.5799860094379947 -0.83179533126152 -0.4240662160494997 0.8260662658037209 0.598595934130233 0.7222
-0.84 0.8457 -0.7071045583323136 -0.9513355831612179 -0.5866226694732982 0.98935249722667 0.5852393949881823 0.8127247043649096 0.14158951776598877 0.8610739890656789 -0.7487317461731919 -0.9871577936593989 -0.7570659610133441 0.37486323438919283 0.34410875747195846 -0.4442619043754185 -0.5779039429867183 -0.1938726447574803 0.0895143654318163 0.022249093268268773 0.8601760335468538 -0.6231076673399784 -0.8065448330086638 0.8775643200925071 0.8278722602097833 0.15942127458977476 0.3481959630332397 0.3963
0.8944 0.4319 -0.0715 0.5049868532938022 -0.8339032817449719 0.49300503206324575 -0.5914240219598886 -0.8982580531708036 0.7948091550176173 0.39014143758321074 -0.8165105257494166 -0.4196130994554036 0.9928135991155137 0.6671047892942981 -0.3338106509589079 0.39085727880412474 -0.21728089933405154 0.9333883158925179 -0.47599701301514613 0.972399015527547 0.2793481343899352 -0.2049626325767808 -0.8737162819521769 0.19107260273761634 -0.1378999884918879 -0.7449011169240316 0.2999 0.1357
-0.2871 0.5696 0.2072 0.0323 -0.791799539258839 0.7934094619773229 0.07111748135733428 -0.3816538765648179 0.859358765038608 -0.19879058715790357 0.832515893661374 0.9013540152314976 0.043690544784223684 -0.4686758662061639 0.6642829965717016 -0.9184905274141743 0.4938203086700563 0.3068563049637576 0.29635255146061074 -0.5372906441304438 -0.7390794918335235 -0.3261893767009109 -0.7186308137571166 -0.7023748132150855 -0.1569 0.443 0.9503 0.3423
-0.0067 0.2583 0.9689 0.3873 -0.3203 0.2174 -0.6612 -0.6504 -0.228 0.6508 0.4737 0.4781 0.8505039553215415 -0.704348287168074 0.13300568552674513 -0.7871997630750867 0.123 -0.1636 -0.7404 -0.1155 -0.033 0.3195 0.5505 0.6992 0.1316 0.8885 0.3138 0.208
0.3971 0.9113 -0.9139 -0.6637 -0.02469950207758173 0.5542016761260203 0.8373418299838183 -0.4694727981350683 -0.45932652759544507 0.205307375745574 0.05813985511480383 0.09456860178574762 0.5643547441720725 0.41669056001088645 -0.8736159682125346 0.21837561384983006 -0.8419885771958397 0.94183805338253 0.5594426038523524 -0.03129352766887526 -0.6146085600953919 0.7472877240305217 -0.40808340640083784 -0.08655821417592098 -0.0433 0.1023 0.5014 0.6812
-0.3814 -0.747 0.3735999745874684 0.7170000062125947 -0.5258753941114651 -0.5540851578538317 -0.8929164807729529 -0.6709652056076427 0.20397716672656716 -0.541774793239796 -0.009868038325615525 0.396666785212446 0.4243663649554911 -0.7222523480296245 -0.1929376227901319 -0.35130179852540067 0.2146093892582809 -0.3634901527686444 0.6422600462417231 -0.9556012098864598 -0.4964593813004408 0.34167295058830965 0.9735426234000932 0.9590657441426453 0.7519568365128562 -0.6427440289140461 0.8007 -0.2048
-0.2709 0.8892 0.2578999440592766 -0.18789993248490083 -0.6077499825461345 0.1438317804547341 0.5598415287982694 -0.22885563358873606 -0.7306458931714934 -0.7979017423558294 -0.5269697585297342 -0.454782312210928 0.14298315386724597 0.9502620849812632 0.9671103816077651 -0.25822769957456443 0.19149640872419985 -0.41894818567944975 0.08824388776308986 -0.17684119652850092 -0.1964055622544074 0.16598670750666428 0.10942893045948672 -0.5720453915106332 0.24762423398872718 0.1265590639910301 -0.4213011361221227 0.1003
-0.54 0.8582999437033493 0.08338463244966973 -0.27871701316671293 0.17054226042201023 -0.059950361051085234 0.08253212409079824 0.994556529444826 -0.43625578010249844 -0.24448277556054535 0.4848443932937898 -0.8090786641504643 -0.07473923579555504 -0.43626915904894753 0.005100023473795579 0.11139227369964926 -0.8238807416335341 0.8107055083600715 0.6175626076797428 0.5890043822685013 0.44222533650469326 0.5608270170481756 0.8083418589545647 0.978276300605737 0.22009229570564764 0.36345086987456354 -0.9258259640540194 0.71461265650442
-0.6468 0.5132 0.006749014485523769 -0.049355498573003656 0.017792721721701772 -0.6565082724733319 0.7148977552350951 1.0055646790325394 0.6384389656325262 0.8113260489328221 0.49214885076683534 0.6807676417032996 -0.49046662366266425 0.4236475598987803 0.5533800830926121 -0.9706771325801505 0.37352877144259083 0.11555247768818756 0.18464796391874957 -0.015617017672180902 0.25235344733616505 0.7149938921441515 -0.422664127551565 0.10051260017196442 0.3882773866164274 -0.19785299617151358 -0.13287408855296434 -0.16850161392400095
0.1723 0.9511000221023175 -0.07368758107096125 0.3767040485270505 -0.6617063117474807 -0.9307895194235519 0.608823963816838 -0.3136335259923561 0.738672574563954 0.6756307092919352 0.3763174329653253 -0.205914831671152 0.33042375465366347 0.014929358805627692 0.08915453753996098 -0.3508611852591159 0.8910905736763646 -0.40375609072577007 -0.4919229722767771 0.11131892848512599 -0.665533827275702 0.21773248373081072 0.8017654423236658 -0.41874544777128314 -0.7025054309763664 -0.8178938803850607 -0.5278584415365908 0.12937594647558026
-0.40000148972445276 -0.450107656945995 -0.1614609821010387 0.8734302155931397 0.5017390651893977 0.12285557837563613 0.29005668415488267 -0.44193978145457496 0.22847804778518335 0.6025137290799497 1.0358773817838718 0.7095572474652395 -0.21120846023027157 0.931484789905076 0.8605543802307377 -0.11686232628645353 1.2451047952891285 0.09869335940205452 0.8093446851472023 -0.3305727304656596 -0.5912387150186155 0.5607087516092225 0.6390371779749588 0.45451258358391133 -0.675215567980165 -1.0316590943277542 0.1420249407922063 -0.6329558897004864
0.877193945721025 0.8476428889291963 0.5790064292303111 -0.9759754561426435 0.41779313883688796 -1.0275153529799814 -0.32156596795530074 0.6192466839668164 -0.10477665665982491 -0.6167678441797497 0.7810127310260979 0.7064674389648287 0.947307708009959 0.575316088931671 0.8212244450801128 -0.5471126430175981 -0.19770825275656914 0.20510565146841866 0.24276586079309484 0.9462989766281198 0.6504245178629794 0.05396573005268071 -0.6644357765476745 -0.2277333351814997 0.7813673854139577 0.5615109896599516 0.22415326511892303 0.6618196888998568
0.7852990170890208 -0.43390287844323233 0.5067210009094959 -0.7274453607031165 0.1452039299883303 -0.41138094896701355 -0.7420892145418965 -0.40702013565731143 0.3738023005781996 -0.3356561771682515 -0.6125424508536857 -0.808773549413335 -1.08378102805175 -0.731156722324061 -1.1593072619967135 0.1380158755431697 0.09211446346275666 -0.7212105757640707 0.0016510658975461138 -0.4111394956647455 0.8087896320405538 0.5766282913603303 0.6398866082960962 -0.5836422119679745 0.22725143509829615 -0.22115013738626088 0.3636761675875748 -0.3062415392584803
0.6625932965037854 -0.49317698585289715 -0.04306428358757224 0.2532847306715098 -0.9674054311930121 -0.6191693816859376 -0.3536107877771458 -0.6684278379167554 -0.4893845794497895 -0.8693628085875779 0.6393976746420628 0.15648232941515364 0.2297179328233616 -0.004998273477984656 0.42204348042058953 -1.145250230550563 -0.5623931212580338 -0.28430432989801996 0.1300921567688283 0.3401626528459758 0.028944947036368712 -0.8130742422257687 0.6289850677497494 -0.2784824154674848 -0.33695485960193994 -0.38285704939978926 -0.6267365276999375 -0.8473781743188654
0.2613371078864329 -0.35364198124062673 -0.14801933067816306 -0.9299378514746864 -1.0547800016861226 0.1820998529795575 -0.7671830961560246 0.6973194479067722 -0.7528723725310672 -0.11950695010914751 -0.2654738166223113 0.7238549928599165 0.11456088335334491 -0.32341445916678263 -0.05700840151125794 -1.051869815947919 0.5042169410337654 -0.08818008056236673 0.8447740672845238 -0.45306977318986236 -0.37960008729010575 0.40640930894909183 0.5067634576567513 1.0744619645878035 0.30552681616531413 -0.8323115066515946 0.2729550509880988 -0.310910106471133
0.5974968297691113 0.9599864647113182 0.005416380591879187 0.17834177601290643 0.8233494257549925 0.05436601544577503 0.7775082652761719 -0.18103199870865627 -0.606653206719421 0.318590100417584 -0.41314707697478753 -0.429927849087045 -0.6414303376246914 -0.5364350976963556 -0.9176324195068711 0.3124943756233283 -0.18954298413274395 0.276255290133976 0.3500138731942379 -0.7777286731726445 1.0474006964237954 0.1760702778419609 0.2694085962284946 -0.5890490978659225 0.7504252352855962 -0.7070551793577758 0.8998030779324607 0.9082595125829905
-0.2910023177667936 0.22899356156154466 0.05775620641628128 -0.1448914370228114 -1.0192246950821553 0.22449943345528003 -0.10563203900073914 -0.7841140704603742 0.435465661562283 0.1460240233853398 0.14172678607524092 1.1324706308446675 -0.0715384438131207 -0.0003569458026062253 0.7347923666695257 0.6628970955308616 -0.6191484895349045 0.4981052080567088 0.20984016155922078 -0.7764381580455637 0.02595179316055616 0.6391557715825262 -0.0403964839548429 -0.31317514055933177 -0.6277479372513829 -0.2867363390817976 -0.6171139136898892 0.353370735566942
0.9629843223156808 0.8012978431589324 -0.8401049792280691 -0.1446503501685225 -0.41296870040624173 -0.6577939172490865 -0.9333174888065996 -0.672498737159025 -0.9052303251589613 0.0034203200945001917 -0.4508223168393155 0.7658684507541601 -0.5194361420878155 0.7264109629665952 1.01132919819825 -0.3605295298494943 0.6338489871975054 -0.7985086723873049 0.44914118049773805 0.8152615260572075 -0.8466963232525647 0.6556161883010097 0.350669216847026 -0.3012231328269375 -0.7922747565031601 0.43222782678170346 -0.5706429987680051 0.6828364926297168
0.65399154666793 -0.49479691950044097 -0.8372227845043088 -0.12839639899146033 0.9367131866935202 0.24202818493793418 0.9385252511548149 0.7465784114510251 -0.1696410235608096 1.0509550729806454 0.029916626369290187 1.0963478658374692 1.035442770255754 0.7387626931135195 -0.3366428917651283 1.0516401377463593 0.3287585612461025 -0.9295998486057144 0.5262731910459134 -0.9500767843663881 -0.12536249274550815 -0.3834424767267683 -0.353459212051718 0.653848656786861 0.661617303398358 0.9026673463553391 0.17612040967329204 0.8256654990306717
0.5870810611428563 -0.7629435610061505 -0.47915519603370055 -0.34690144875840484 0.15307987063727488 0.6276322276335242 -0.13814019285324614 0.4109472624340324 -0.5414888466562567 -0.6842621430428566 0.9259040459552378 -0.2274537796194616 -0.4540735228748395 -0.020062245548789878 -0.6756402777871784 0.30078990165182673 0.1689077027514084 -0.44882933122286467 0.45045241150058773 -0.013777552119050846 -0.2740129091469253 -0.0012993669342155408 0.6606629394314417 -0.5696034410310593 -0.7370526891029263 -0.38975856868446124 -0.9885815215474892 -0.598842053909912
-0.2881 0.9490188709897408 -0.9989041612741096 0.8416533427939908 -0.9536317489533227 0.7570574632848167 -0.5817913871113404 0.4732776827819985 0.5387144539143487 0.1815963555949789 0.4256691491511086 0.6253834025660354 -0.37655822130843175 -0.28633196595606986 -0.5836742629207002 -0.8480101681917713 0.8200931434670601 0.4154203179149409 0.3324507693730264 -0.2022211561832689 -0.39638131827497514 -0.7918010192825182 0.4615338276852683 -0.7448241343667841 0.8088584874862118 0.6022743070023875 -0.7895707719614407 -0.7304921737176939
0.033844686120157334 -0.6410964543840428 0.18657879579607237 0.10833755641315487 0.74606807676287 0.5574954298755279 0.21553425056892997 0.5717665168059082 0.49003252886906157 -0.14163968630643323 0.9156531197998072 0.5576905348470287 0.717300933131106 -0.08251645314424295 -0.1538647030502465 0.8198709627961345 -0.10361613795408797 0.7461278960227059 0.14131216788555961 -0.7337322099757022 0.49655551144238014 0.12359795208571639 0.4464546106166544 0.10883260918948436 0.8204324500231481 0.157579168342656 -0.5811669673579692 -0.3509166362204947
0.8436 0.9939192577054347 0.9547345564824382 -0.9906559842329743 -0.8312495076486722 -0.11025266871995901 -0.6897841694757111 -0.41928589698624863 1.1511412577621638 -0.5966252450923829 0.1613466973431468 1.1700778580171178 -0.3476792821942369 0.5351319047219125 -0.23353147238703204 -0.6856048167155875 -0.06536873277154653 0.3637172942291492 0.926865326979749 -0.6216289296453934 -0.465917066030749 0.45819273568218827 -0.6836126547113109 -0.0912080931661638 -0.4953160791599989 -0.22226774809856234 0.36181879926181454 0.4476114709891629
0.0749 -0.5894616716675223 0.7887606511822133 0.3445176147556317 0.6223423949432074 0.7768785224146363 -0.39395983953235464 0.8284236283285645 1.0583099807099694 -0.2761843499058928 -0.02760743553107897 -0.5227954654501793 0.4118671909431958 -1.1651576582992624 -0.47386470929797153 -0.5723941954367568 0.641554995184945 -0.6493902418674591 0.736972194060799 -0.13498240613683465 0.6352646002831557 -0.6097615488970441 0.9044129082041401 0.274990111954898 0.521327583342116 0.23045387261948364 -0.2907022410254174 0.5261997414728233
0.906497040277265 0.17341504068268856 0.4516747870026847 0.9025177587571874 0.3823975071894878 -0.04685454205946341 -0.6695180675747705 0.09747282181478725 0.7160923422004256 -0.2992970443790171 -0.2846581927105253 -0.06283937293017625 0.09746413839751349 0.2636412118405676 -0.22523130549881207 -0.2762722068633039 -0.6268811660709428 -0.6118523453041775 0.3101867855402065 0.4470971808123715 0.9972827502455222 0.7311051175154335 -0.606674357020446 -0.9118340054209191 -0.7224461931790465 0.7476334529649016 -0.36292997084988354 0.6732000806693378
-0.6066028677472873 -0.8178053753985348 -0.9293110023203508 0.2314210158831642 -0.39929774572807475 -0.4678621403723603 0.18587665460376518 -0.5123575174530519 0.6988845357225548 -0.5206153705599486 0.3299468587178399 -0.4062191613640887 -0.5941053383552357 0.7600393201020137 -0.33759359561758795 -0.0233786708578864 -0.3634963497254221 0.6675053036701026 -0.3169169238964011 0.2747262514591203 0.8030779740034395 0.3272884524814758 -0.702754737048817 -0.3062880441245978 0.10014105043880214 0.6978576772670593 -0.6848002282310939 0.8729001489929429
0.6902 -0.1141 0.06864250400805878 0.2079100714306183 0.29941559836382226 0.8208037412305991 0.7442595188581507 0.43730070609570804 1.0030094614722727 -0.49553862759933626 -0.7094086541561841 -0.047554726799413534 -0.24073096061244148 0.10983957167752892 0.4865639961703861 -0.8351869262397547 0.011386581450000191 0.6657491642586264 -0.3531820239608772 -0.726483094796815 0.7633754439751705 0.4802158184899037 -0.6476301102704697 0.21405346068765232 -0.023532039476953384 0.2683930360374501 -0.8058565884511514 -0.7933
0.4154 -0.3453 -0.5775775538437894 0.6200533765458208 -0.9216848441058512 0.2651684105592756 -0.36456391948470346 0.9505921640137887 -0.5380122095052358 0.9039071315754837 -0.5216763025541431 -0.7234855219199153 -0.17002368303917392 0.11315111863288205 0.8326121398960831 -0.7311099347510375 -0.732253850652643 0.39771599880059894 -0.6855412972247995 0.8623419618189899 0.36759131027767156 0.16597533650527868 -0.10171625848803864 0.5528402903211719 0.029554964196582004 0.7177786632627596 -0.9138101265796849 0.4644
0.6893 0.1688 -0.2853816424408136 -0.70866575809644 -0.6202218582889454 -0.8300735925553164 -0.7356470434577647 0.024128544142755292 0.9264472993089584 -0.49941863295412736 0.2549164182964168 -0.12366249473211073 0.3848159746755152 0.7966040359697587 0.5071877625012833 0.2567390765172827 0.8798876955288752 0.04800658933906314 0.8776286532052407 -0.3774410880808663 0.45492527462905774 0.705818142110043 -0.9684858964292659 -0.28737207801991876 0.5857993962555763 0.6649000358061246 0.5413999972327389 -0.9718
-0.571 -0.249 -0.2274 0.22100760934827787 -0.18079898948393622 0.07479899383292267 -0.47980940870072436 -0.6554170599662763 -0.3133179289075835 0.9285859738286356 -0.2629554415510263 -0.17955839211918107 -0.008375884577326485 -0.5176793283463859 -0.27036728048680175 -0.004868517638562226 0.6971721453591627 -0.47340765634886617 0.6170412659179362 -0.9664575483545839 -0.14465325930330822 0.13433560244799003 -0.697289192549278 0.13124090319290882 0.14969987666121487 -0.6145084202094091 -0.7454 0.1736
0.7073 -0.4581 -0.0266 0.7011 0.16255494486134003 0.33184879101945797 -0.44400156055310785 -0.05078850913234146 -0.28226677743592216 -0.6585494755064195 0.35299404545492613 0.2395115631458113 -0.49777910971519357 -0.8042332594359363 0.6800917226248956 0.6624923455124008 -0.6948878121962471 -0.6053794883963587 -0.6132622721295339 -0.9767090929874361 -0.3761717173796536 0.03538712173046855 0.8358218950031913 0.9118872339950209 -0.323 -0.5288 -0.5919 -0.8286
0.714 0.9824 -0.3132 0.7808 0.9885 0.4283 0.8639 0.2853 0.5641 -0.9074 0.5493 0.1871 -0.8413974561140768 0.09280814288011265 -0.8476971374333764 0.8440001192876894 -0.8968 0.3282 -0.776 0.9437 -0.5878 0.3244 0.6335 0.5986 0.3581 0.2234 -0.8742 -0.5944
-0.5386 -0.8707 0.9848 -0.3588 0.12870000003894275 -0.897699999885511 0.5395000011365629 -0.8578933216129954 -0.6649286185548374 -0.48070074632250664 0.8151757498900309 0.5008750963444957 0.5141886235912689 -0.2478524706216169 -0.020739684561481782 0.1299544054135068 -0.7615087671433803 0.013363853563336277 0.3906002742165307 -0.773307463757017 0.49694324891115627 0.16854114840566442 0.6091145003933558 0.8157034138715498 -0.2218 -0.1685 0.2262 0.2227
-0.4687 -0.4466 0.22180000035657552 0.9063072106870472 0.7653025283801632 0.7081998282807459 0.5329401338011738 -0.07121921445674702 -0.8630088423775957 -0.40971637108366576 0.37611535065650475 -0.7111042300626575 -0.07363914520082122 -0.19300212733783834 0.24790213780132392 0.7975109181337224 0.7846089193729515 0.7458119610247808 -0.6012885826765606 -0.1897740894308357 0.7289206079869592 -0.26855049997266367 -0.47908373709585106 0.9803540680178211 0.23702462383899525 -0.5443700874379385 -0.161 0.0435
0.1038 0.1584 -0.040898522210604075 -0.18857901803269578 0.40451965783712485 -0.11758688476598311 0.4662960919492891 -0.8465803374086407 -0.9098972177628625 -0.14404207486022236 -0.8677558301315386 0.819505482179947 -0.29891170384717225 0.852848039177204 -0.2978632422970097 -0.31177956919293864 0.34126913594546926 0.19423603937799122 -0.17110958724022596 -0.525069249176642 0.7145607500390208 -0.7899053598147263 0.5979672997761574 0.9466492966727897 0.9653299354118086 -0.30102477479248 -0.4719121235338364 0.4753
-0.776 0.10560025435036353 0.22190568301996752 0.0329431490922773 0.8269692716739732 0.8315888094917382 0.4910769311486114 -0.2898232959821801 0.007889333662059041 0.2577906055724421 -0.6882354890710927 0.4882542087641782 -0.6358094171289812 0.5598199478487262 -0.8579284345186204 -0.5074967348032812 -0.08507898620943788 -0.6186863865326426 -0.14328572029445877 -0.35452056031269386 -0.4535697024523127 0.928855285166447 -0.38331436347165043 0.516881619201527 -0.6081478210331972 -0.7091789872859199 0.47651408467132045 -0.8650198810093872
-0.8105 0.1994 0.38841657502769017 -0.008845544017868962 0.4943885650295511 0.8553476608775059 0.08094125931693956 -0.4893964849710143 0.6351454079685123 0.13100279627199313 0.8192782876482654 -0.752290342185521 0.42394825099854705 0.5215409408077716 -0.037756853667725215 -0.8930412173148651 -0.09091529108075312 0.8362532706736524 -0.8091057887241022 0.27399281152837274 -0.5684183326513839 -0.8733027274028023 0.3481943429143344 0.025926494046533643 0.7494843075888732 -0.9216905618674562 0.12356966863814642 -0.16769090193547193
-0.8819 -0.9582999989633146 -0.670362122897 0.46822970041516077 -0.1316742560357999 -0.2168008377977331 0.07906127802687123 0.6760300809889471 0.16651263168987515 -0.021404644078793354 0.1995126649221125 0.5963453306203707 1.0880347728252013 -0.0654715991278061 -0.14104805350813887 0.315679282307241 0.4015477958166742 -0.29777807188102556 -0.3291284782867417 0.800167601633726 -0.030857582444778573 0.48686578511666007 -0.6941707090093857 -0.7007679765083685 -0.08757414001553077 -0.6912406830136932 -0.6571217340797568 -0.4321565574096791
0.8263000003366697 -0.04372797396239356 -0.20973713413764652 -0.253965781687098 0.04753391873594925 0.7528844516976514 1.05066625547828 0.07498024632620447 -0.7713572775072534 -0.7764093272119167 1.1144561989458186 -0.13012024283304846 0.09821204549075072 -0.6721852860943395 0.1952332554796193 0.34393169893173087 0.6686292979004327 0.5357436739947836 -0.7085302473026941 0.6444378725959768 -0.4533754474692919 0.8721705493107159 0.1687587868405178 0.8217577760630764 0.4039415404649038 -0.8706404577604091 0.8859504655543825 0.9653907669605234
-0.3533999986317656 -0.06345143469403224 -0.96878223712083 0.9005638296137236 0.8602090449467767 -0.4164815184229755 -0.5616623234163408 0.5686304839516266 0.12414092885508775 -0.18257582351218338 0.26050585297292644 0.8802217496204262 0.683497758652129 0.10995120110988349 0.36479249597493046 -0.7483570548015741 0.5812058017727222 0.8102979654062753 -0.799365503285231 0.2635984051058718 0.942098672559314 -0.04829654085677975 0.27191670643285515 0.7491663188952402 0.7139749740495205 0.40186517561406754 0.5755073689214076 -0.7217837551644599
-0.4327999997778675 -0.06172024454212562 0.1402758909781694 -0.4779336004671762 -0.3502844750385271 -0.7910874003394864 0.5050566555570024 0.31901042351045555 0.999600567709335 0.19269665457182103 -0.12321658874586293 0.4745444104063903 0.2784412468573383 -0.4286083551144447 -0.37796694171772277 -0.2694744080907729 -0.4366605483776588 -0.1315228817530344 -0.6401116806806706 0.9254424620674577 0.6962720352629388 -0.7955661241295378 0.2539664413010314 -0.4498758688907372 0.7384232285531526 0.09081904621043783 -0.9734899664845473 -0.14761668241964532
0.49230075470941403 0.8772081278092894 -0.5578715230262576 -0.7216977919399489 -0.8480517883149524 1.0096061880181748 0.28701873041196524 0.04932956177636564 0.7154246287355915 -0.7875283631352219 0.6910576973904329 -0.31630990312802393 0.35831100584803854 0.4719081126346225 -0.10856571696050957 -0.9456666398401408 0.4234672188666402 0.7183530283612224 -0.8734427277080499 0.6705064028517023 0.3471842399482374 0.42646687889234847 0.009159974648320007 0.09790774872665574 0.814739840430825 0.38260560506504854 0.3171148711954357 -0.3218936982271399
-0.8566028536717556 -0.7861201414810056 0.47569352952984717 0.14940618126212998 -0.11472789375846076 0.23205336352951353 0.00023583887921775718 0.17783571601641449 0.47095439981032133 1.0236475089663826 -0.04024025788231844 -0.573530609850728 -0.4639216850804753 -0.587505199735132 -1.0257693444056717 -0.7010271045596379 0.6961177403224398 0.6688653675214082 -0.6514314135656918 0.49028142058276686 -0.6414180080138908 -0.5222417842405338 0.1939223316974628 0.0700058514131955 0.9799868060127216 0.516942271518146 -0.2765390148676857 -0.1630627151019602
-0.3783022697352329 0.6378020553159546 -0.5472224476475087 0.23069097877637884 -0.4579195402603368 -0.924159573918123 0.16237732389833073 -0.11394448288029221 0.9092996801784683 0.5851581734916976 0.40727212850951106 -0.3322345323120956 -0.39635828157294456 0.7516630543361202 -0.9271431037354128 -0.24092205719883822 -0.89735975458174 0.18330367579782514 0.35440328314889485 0.37966872879302554 0.5002303257262548 -0.7084214545525781 0.4758895276852853 0.4312763370787721 -0.5648818044598358 -0.5531746299877685 -0.7769500185422817 -0.9919160871783685
-0.9540001146450573 -0.8165929444890744 -0.14939785423374455 -0.4694191398816658 0.4300007593584989 -0.4173221355789421 -0.05423260846922456 0.13943717592771754 0.8473538516261511 0.4772718858627414 -0.1921555338866758 0.5296501407034457 0.7534428421625383 0.1220556036962016 -0.5239260860495262 -0.9754006078405603 0.5933172487181212 0.29958523919517754 0.2701136221464773 0.7366871130328 0.5612965453915303 0.7976372197985527 0.5642673320067852 -0.8003237692353283 -0.38309778215563595 -0.9120311805418863 0.27715757606704594 0.3017234070354539
0.9999999989183094 0.07769781066855869 0.8870532219612474 -0.07752128443607141 -0.9572271469358773 0.26842507524601833 -0.7809140847989058 -0.7905777968824395 0.8169065239758775 0.4795761147047597 -0.7425283131030301 -0.08875676322137117 -0.7180486686483013 0.6041708520434843 0.1703698207002263 -0.823831691891933 0.7430525056094688 0.8610998152495972 0.3717302584160233 0.8111792528202367 1.052234776550135 0.9977993061160565 0.1886822450017893 0.1677675386645134 -0.30982794628126553 0.4063285041398313 0.8156686123675071 -0.6430561381413796
-0.3332999999618238 -0.19799987284466544 -0.3157854731392385 -0.5654997641970105 0.2767145895780428 -0.4621546158726131 0.0018982773930275342 -0.04837543018750853 -0.5768587160506211 -0.43429887256903604 -0.388346988345706 -0.01198652362269101 -0.32435095916188217 0.26016070760778887 0.7380595886800578 -0.510392573285082 -0.03878461742978445 0.48064372278492296 -0.0474225644436382 0.6632114756047509 -0.2327502604515982 -0.5783248723620839 1.0756219427702742 -0.2936844732221583 -0.8240240787356593 0.1763488445588606 0.30573372652401426 -0.7346335159407088
-0.29499999776122215 -0.8818043737634047 0.5370292457751535 0.5065283706998757 -0.11854338595888347 -0.3496954541210688 -0.437739166222242 0.4485743849581693 -0.28107883782390103 -0.27349562288680035 0.4845463745152061 -0.5899004505769441 0.3397040955426735 0.2843087873378961 -0.8952171590622892 -0.9425296337315352 0.528705384108246 0.4068368152881297 -0.14215390284765017 -0.16562749909030156 0.18431856703539168 -0.7486380386547179 -0.39839410638773415 0.8121655313712569 0.9613598064783955 0.8753631647436142 0.25113189224011606 -0.7099494483150334
-0.6246 -0.4333128785729914 0.464633980768958 -0.6992546681256273 0.8518885453604281 0.6742645126927914 -0.7049959854307737 0.14807235072953281 -0.5600334461944514 0.36117442644941744 0.7102996846043584 0.8207563590766397 -0.6579891096005502 -1.1634045526243764 0.6850071864948069 0.5090443131012663 0.021770347554706554 0.44778320946686917 1.1394796000384186 0.8887564386244529 0.7685863392050281 -0.4467703218914741 0.31129300588842557 -0.8679220495889394 -0.07356645492375628 0.6169842000761641 0.10881373260048789 0.9347974635276176
0.42654626043039334 -0.06509653003426949 0.30027842262941823 -0.5621642521123944 -0.6969075140171289 0.26695724985269775 0.24197761262532205 -0.12697848788410068 0.18531454898017216 -0.10344741386112398 0.5133982030614154 0.7407961635248278 0.4116408507112598 -0.3655750874829771 -0.2865077875745995 0.18184683906077478 0.14615613270901703 0.4711603243270199 0.3882070671797626 -0.030685554886627213 -0.05333803579485422 0.6929990290718568 -0.14810101636475453 0.99874280465829 0.6455805414260359 0.9101146772554055 -0.38219465971899735 0.5277655617438933
0.2905 0.054234471600376796 -0.6141473574257779 -0.9261220193015075 -0.7262982283558197 -0.06762503532925698 -0.8578486611070144 0.7085472385898823 -0.1534141536791935 -0.3923436572115632 -0.6796063658080028 -0.9048764650001949 0.6288998943090249 0.21111885564376054 -0.8266617637534552 0.43035561478658446 -0.026665042694913394 0.46097217255303413 -0.31475948221505073 1.0913693272838936 -0.5490357660066755 -0.8946700577542399 0.4999802002983635 -0.4894963734586124 -0.26173375336811827 0.4789998952059288 0.17049139940573926 -0.8254650687035053
-0.9667 0.1971791285102313 0.2143505551533546 0.35573241033249325 -0.29824652024861625 0.15205969585227985 -0.07435447915262447 -0.09621586069870336 -0.8541284558428814 -0.4864522737594774 -0.18155902031757623 -0.2481506739031099 -0.3029158919589357 0.42680943612112154 0.47181372250969017 0.4721283864974492 -0.038673563556433636 0.31909962210068304 0.6906704488970716 -0.2658675637920063 0.4932538270915966 0.9314150259196372 0.033584462334337935 0.5021729053214229 -0.12993468405795028 -0.15120710854587688 0.44556140635342917 -0.7522000002232136
0.25629940511231686 0.27590380826350747 0.5183862554199512 -0.10606165273637432 -0.6501426348495078 -0.8350856409664088 -0.902190778103454 0.048280227681071444 -0.037452905926419366 0.8179807215908919 0.6539949391157102 -0.04602877091229252 1.0917885815952864 -0.07709987054621613 0.3291174412562271 0.305027907510977 0.6691285499833286 0.6869673813111867 0.8381638660142073 0.7711699495667697 -0.283133982790328 0.6344949605206721 -0.6103474454569591 -0.12089251364575307 0.6210074532092359 0.9527974282370602 -0.20087703138856136 -0.532299999784989
-0.7421005764011336 0.6643008367338539 -0.5295766333979489 0.9965664288284942 0.7428354782251955 -0.8828813409694628 0.22722435172028965 0.7465989058983504 -0.8554558523878212 0.8912998496999848 0.3610359291963575 -0.4966546907135353 -0.5411149669240785 0.6854669833940489 0.6816743148004235 -0.32307018573081525 -0.34417992047070667 -0.4467415094243883 -0.3053812522930115 0.45292117025301537 0.2620976075475257 0.7086675164999032 -0.0016611996108608683 -0.806497836911532 0.5334857284221332 0.11952409386894511 0.5131894596254943 -0.8098999996028835
0.3331 0.0278 -0.8920413768749562 -0.18768633252331318 -0.87064748079816 -0.3454633706798353 -0.6269998040138822 -0.7762732423937934 0.912633359782347 0.7885673983477016 -0.7732115034074266 -0.4485963582518741 0.21827504885604188 0.26168489826926467 1.0219822968539563 -0.12754976895607256 -0.49726134881403683 -0.7265513751821615 -0.8343186746976811 0.020611725512761737 0.5129878583368905 0.14893761689560264 0.5488038904438094 -0.4913942251492097 0.8269288298261465 -0.21314994910247836 0.3366922075107434 0.6738
0.6908 0.1638 0.5826012974299809 -0.828245977290976 0.7853685526537119 0.8237089900293517 -0.11177790730580997 0.5225288349325632 0.24399316958964107 0.362288494085858 0.6398541379397238 -0.3439718119748495 -0.4882763697365976 0.7818815582090896 -0.760172995118168 0.7417741881072034 -0.6790558075525189 -0.5263448034127237 0.3130025392863967 0.9751622739330229 -0.49027670234002313 -0.5480285766143757 0.07906934551566566 0.29327754516243665 -0.669285528925311 -0.9320872905749252 0.2584943940772797 -0.6376
-0.2792 -0.093 0.4060000274212878 -0.4394715117060961 -0.53083985736266 0.3065517520041284 0.32984653165066335 0.019378292981199034 -0.7651008596383425 -0.8262761169300148 -0.8754028423882628 0.33013479965909714 0.6818903745476762 0.42265557122570224 0.3003398777174196 0.6408308919739573 -0.5514163017732197 -0.5452670043921757 -0.30652546173724193 0.9418225700561718 -0.8076139886864773 0.11465687798850097 -0.05693387392661707 0.8192091156787344 -0.37921714650767846 0.9273998019229264 -0.3326002368034259 0.2716
0.5623 0.4265 0.2238 -0.8651271607925808 0.13998252922850885 -0.8638586024062163 -0.05387750834459747 0.12164213803874713 -0.9711565189371707 0.9927954062257848 -0.5247801100045678 0.9942772681559617 0.137373127165103 0.18215095879033777 -0.6349380116338895 0.33318074418132554 0.0842075911833327 0.001510126202601415 0.6398274022963037 -0.5446562312014885 -0.42984211367049646 -0.4198479256404473 0.8152751801386436 0.6755968627241925 0.428099999997144 -0.9915999965242994 0.2898 -0.6332
0.8674 0.4356 0.3074 -0.337 0.5560002248578338 0.6754006131919694 0.8233536043110496 -0.7183958156519442 -0.6371921477403439 -0.6351349821276381 -0.6759777781848694 -0.5405718084936433 0.9990644538521687 0.7573980764584095 -0.7789057221913231 0.03432639489196437 0.10903181798833159 -0.8081304551686835 -0.5028568402315342 -0.5931395414912978 -0.3384544682907252 0.9287251427591852 -0.3968980239948763 0.5089264056481769 0.1855 0.0008 0.548 0.0525
-0.8782 0.07 -0.9556 0.9565 0.2562 0.0541 -0.1649 0.6894 -0.3193 0.0498 0.7054 0.1855 -0.7053812797947168 -0.7438454287324394 -0.6601002757473227 0.8309999885091719 -0.9116 0.8329 0.7916 0.7304 0.4175 -0.9023 0.5603 -0.0572 0.1264 -0.745 -0.6608 -0.2426
-0.5153 0.5117 -0.1552 -0.8848 0.44730000482327276 -0.41689998541567963 0.43080589678927395 0.7595274398991054 -0.648678686557765 0.06826295127939182 0.059242940774958855 0.8323229644482534 -0.8453694140711987 -0.5187595194533671 0.648146389113833 0.1863863258859445 -0.36263626900068263 -0.3986561335121361 0.3122004922156146 -0.6637360910792238 -0.1429471250854254 -0.14924870906255774 0.7130672807964987 -0.3666867888169496 -0.3245 -0.9682 -0.638 0.0474
0.5034 0.3018 0.9707000033662163 -0.4484755137502286 -0.3247775281159696 -0.050794779275841744 0.9323101057472517 -0.8654902097938262 -0.4324548183146878 -0.6938839559367577 -0.7131569473012322 -0.8067866503949054 -0.9362128781861635 -0.4756436632288267 0.5136042503300057 0.8307541005251079 -0.9684560210368093 0.6042836781860037 -0.7064180538075042 -0.15799091228218778 -0.599191778315277 -0.9057598712652793 0.14952256232423197 -0.6937875399906951 0.6267649607054075 0.2014396908276624 0.7366 -0.1165
-0.8333 -0.8973 -0.7808999924943459 -0.16431159789097927 -0.21247151418362567 0.47196189841028346 -0.835193856810879 0.9492986929856705 -0.39516155788260454 -0.7477456888273875 -0.5260127201286742 -0.43059211931332103 0.1873433051011604 0.6329533197964025 0.8057883694598642 0.053661763790446765 1.0193580510114046 0.005946246082997184 0.9651889698546493 0.5413363300570545 0.8114772385026157 -0.0880867959792068 0.42996548352007635 -0.009382678781939078 0.6644520610966923 0.9722973572102659 0.006154657765367622 0.5953
-0.9398 -0.8612999975721346 -0.5094860617408167 -0.15241264167515534 0.11747165618522246 0.3212404794244541 0.7173867856016837 0.7155648073562693 -0.5117219881361259 0.9422074920186089 0.46121936975573313 -0.12537859020619038 0.19363321478526918 -0.03823999161273631 0.7853534062349582 -0.8922284228762491 0.8008159416445593 0.4877049390725783 -0.15622963716141258 0.23885446816377515 0.13914126245351055 0.8608838022359395 0.7963653438190605 -0.10636152562423117 0.13584911654485096 0.39379198741203525 0.6149551813530708 0.5784746590723988
0.8203 -0.3858 -0.7491992960361458 -0.27916457380903487 0.6311891760420565 0.9487119834735445 -0.946618809959073 -0.9743702313148244 0.9434554554719682 -0.5343464407803011 0.02049664549361669 0.3754401316541547 -0.6869025908946428 -0.6235559488357098 0.5661113957556453 0.874742177629544 0.41778978774740105 0.2846696890759729 -0.019536328758191272 -0.21077077267539618 -0.12791501519458442 0.24067678100382678 0.6132651553518196 0.5072292239070294 -0.2112748357621201 0.3591259722939878 -0.5933742322361796 0.9145234984803159
-0.7155 0.22340035894562482 -0.5065207029825292 -0.9014535958352156 0.7473500959182716 -0.32122094473012697 -0.3145564249446444 0.850439590017223 0.8927177392715417 0.17418778249898842 0.9503580172340386 -3.0115353863468356e-05 0.07219735397524828 -0.06811092857637555 -0.12288242251941288 -0.1273426674937381 -0.15763982341903018 -0.10994642839875549 0.34155012871219037 -0.11526977054943721 0.20523256659615383 -0.5741249360754495 0.7933427744969063 -0.09826842900847815 0.7027672922740983 0.37717853799677514 0.3900417722511591 -0.8289493022207232
-0.6807002405736202 -0.5774520743209541 -0.727860235788733 0.03749580559269858 0.5158202056765934 -0.7593321630693535 0.5384282078418613 0.2775772790691998 -0.23888980158779866 0.7617814998103819 -0.7405560818456379 0.9408101926843131 -0.8080659855024774 0.869977656336868 -1.039070852790088 -0.7311770437383132 -0.6830963973296413 -0.798244156958013 -0.8297670635442868 0.5586555279400083 0.4095533819473931 -0.2702946386047867 0.018468259027993705 -0.7929083082632287 -0.8192845302325668 -0.6342681099543678 -0.5269958532730017 -0.16684547259455335
0.08339902230254136 -0.47426408889192817 0.11387225433643394 -0.30431404811564894 0.707191448396197 -0.20233365840483108 -0.4518175931491316 0.336202389639247 -0.6517636568766808 -0.28179884362986757 -0.10257024386514874 -0.14189403353312963 -0.6986825876773879 -0.6905686838353875 -0.13990620344924762 0.18165206195301992 0.055293893632280336 -0.7997389045609002 0.6718106090372855 -0.7117712449003609 -0.7226818344296642 -0.6756560403316655 0.1841741220541729 0.8323149101476334 0.7579792282206458 -0.01689576446040708 -0.7114387311932827 -0.457289375716296
0.05039984127101339 -0.9664283696713462 0.28612171638551537 -0.2617812098813066 0.7265166919972086 -0.8707785935773431 -0.32310350615287287 -0.7037639980507698 -0.5605018979106803 0.10971462760146501 0.26146460662987314 -0.21430625712268025 -0.41306656012948195 -0.24378308151760386 0.5584489659504368 -0.01545056229791641 -0.2620215446317602 -0.7560231514167809 0.43942907686806565 0.48625009124780855 0.7609153406643541 0.11910605127501403 0.8357621734442027 0.8323223533655252 -0.5351794839362234 -0.04823017955903095 -0.28469976056819357 0.4024628129415368
-0.8142005022217731 -0.5352244847824669 0.06656958504143008 0.7385813729971653 -0.21168710351627268 0.04458051962573949 0.8258932290049665 0.4986672150735768 -0.18569436782459733 -0.15722599604061951 -0.7361413986287276 -0.515193824925936 0.4040478500438366 0.23545374095305144 0.07948194811626892 -0.8034449345609745 -0.7228181438237571 0.2988979927650241 -0.2902225866127252 0.10465939962903341 -0.19681233253386707 0.48531244794714 -1.008762369329078 0.7955725933335797 -0.8740125588752722 0.593967487469347 0.9849058606903749 0.29207098668080067
-0.09446534744349364 0.015826983123165786 -0.35436204270448185 -0.6270846629441649 -0.020046113956225603 0.5892485880179633 -0.08340481352406338 -0.7473379103555159 0.3268615194383789 -0.0023143961939555415 0.39949623479892316 0.7341056642888506 -0.35141091272943037 0.1854109271830537 -0.9733335362731941 -1.0114185194494323 -0.016170919304037256 -0.6910290404915521 0.3279386654608792 -0.43414194203091194 0.5499813250562613 0.7955015370273235 0.054332077372801484 -0.01738883665059509 -0.19161812052332813 -0.7354486107562198 0.743985879291428 -0.5698612368115156
0.05620018779290465 0.8214821895852931 -0.09128252363835056 0.6472703521992746 0.8572277345682493 -0.869168840511691 0.33295983241845883 0.04858899836285782 0.23962782299627983 0.6492749202947944 -0.6875655875650892 -0.6905391280185563 -0.48995820207645774 -0.06897355894799222 0.7461772698257247 -0.15489789528726483 0.6990289476721234 -0.06856672601912533 0.8732720416627866 0.6545030900607344 0.8511721469565695 -0.25317262693990567 -0.6717471415472541 0.9040537091415677 -0.2530855039740075 -0.9192221754796777 0.3902662974349153 0.05342272576479635
-0.8550022989876584 -0.8612142924415958 0.6060778016203077 -0.2659926135113955 0.3346080689487184 0.18524671607715346 -0.12660020507502753 0.7797746528011126 0.8683845627642062 -0.8867917627179114 0.9251527005485853 -0.14432177690755466 0.9120437610928518 -0.05019614494151386 -0.36873071693607884 0.7010139795171472 0.7821553080769295 -0.7765916298561601 -0.018637730424291406 0.6460769947280295 -0.7547143993933829 0.29118199545894996 -0.44559192407766446 -0.8335301054922284 0.22187233122328484 -0.24755334074304758 -0.6597925074272071 0.8293279614197157
0.8583379688805177 -0.4463236534665187 -0.5237333512128682 0.7124389749090212 0.5753922188308175 -0.6381942364996979 1.0636619371331613 0.6124996645835141 -0.548482508615442 0.43226643551330307 -0.13342285665298817 0.5235883576189784 1.08183315435171 -0.34449779694470267 -0.032073721577809765 0.17483211054125977 0.5414140541896323 -0.426313457833017 0.7047240059625176 1.0498195416989369 0.7430602004577228 -0.1037905393373983 -0.4271066626992172 -0.6006021494478361 -0.26188493509328387 0.5191657029416399 0.49405514153808255 0.20249043957503698
0.38971233687685863 -0.9054000847693366 0.4502532532261473 0.8799075975933207 -0.6746697466718857 -0.2736690657555456 0.31417131472901977 -0.4726614465830194 0.3150516702230413 -0.8142344478996388 -0.6697957407584216 -0.2972009964084312 0.9124557708168027 -0.6490569376562596 0.29285555614632874 0.24622613482653855 0.06443488987531878 -0.3817626202842544 -0.3490823395033267 0.08602544412224816 0.4018928589776524 0.5997452492085633 1.0334193339471356 0.671219343659442 -0.43226938403275555 -0.890870565715426 0.08987298685958893 0.6402389197731323
-0.1206005512881232 0.02590284129250923 -0.3454279076550488 -0.5534500788834446 0.8942027618184848 -0.20936471301696913 -0.5621862182366979 -0.1369103957860232 1.002340594858741 0.8490149993617481 0.39619489992057816 0.34941474864906397 -0.6582910335735035 -0.356548034710491 0.6172206884018062 0.7895408689284821 0.1960936701054462 0.8197216290306836 0.6083144268768633 1.1122147448232005 0.4278579639843141 0.007218387084610695 -0.7938514366844042 1.056446795925498 0.8887241446923235 0.3467325094696352 0.18598244893636326 -0.9523561505263912
-0.0371 0.32122018653936923 0.6667365713601896 -0.4124377809027397 -0.8749647692068813 0.776843432312717 1.0717380445239593 -0.6883954948737931 0.49779402642349607 -0.315366251226813 0.02367079526494587 0.006207213398975923 0.404628333736139 0.5588013703235211 -1.077204641739888 0.524896616089932 -0.2368908448473538 0.4669644349890784 0.7876537345273036 0.04217091232386707 0.33167974004009004 -0.36290005372687045 0.8303042500341264 0.5838615783391553 -0.6800718979027728 -0.5382414356914978 0.15531405928296424 -0.3442664681485228
-0.7435032079464544 0.3080056160512344 -0.8531716306449357 -0.32551001571370275 0.9369126530674783 -0.7396579442486472 0.7143045107654512 -0.11333414084726678 0.5754377338947873 0.9833196996831636 -0.02270411545985309 -0.613533467711491 -0.5842349313596931 0.6609580149998917 -1.2191006986557726 -0.6042995495699073 -0.7307975768230326 0.5180905063152349 -0.3083549928851296 0.2199008454002512 0.11064705720315925 0.09052522732467065 0.49273972497932317 -0.5862927566765563 0.024538689218708765 0.3781543574591027 0.332039778511407 0.006444427900903488
0.4308 0.18472204729955338 -0.19577555863580334 -0.3129741210537928 0.45627638756880534 0.3489386908715093 -0.05081950067937881 0.11023282084090566 0.10549548610129489 -0.8116030193312321 -0.09431548953127969 -0.33858772169387613 0.30278490478842257 -0.7229890830369265 0.8254995890205022 -0.3117783582584235 0.7814462263948729 -0.02043028049242417 0.29220319471777395 0.3115539889558116 -0.23993197880122266 0.40087080523329754 -0.23615690863356045 -0.8837497988432765 -0.6349416858905583 -0.6009165813574008 -0.37203562279630276 0.9675116767661972
-0.2389 0.9056282515481471 -0.12073470519820392 0.7360560911777553 0.8523511652541073 -0.5594372511151534 0.23251941447784963 -0.22124621830809896 -0.3579205674133613 -0.1699579739940349 -0.45852474530551873 -0.5392060073060095 -0.7153808377257753 -0.7005268512663855 0.14459371473359536 -0.39174208668577876 0.25584975309496066 0.7053815167261107 1.1433220940376279 0.6246326447952449 0.1728128609352804 -0.6474254498045398 0.106396815504675 0.43538555867967854 -0.24689102939094948 0.4268038258144433 -0.8861622604489555 0.3162002827770997
0.7502998431004408 -0.9095113781270199 0.655619858976872 -0.25738847598340037 0.42838607762804964 0.3396447922992863 0.8998869192559865 0.5728203980818601 1.0061192620430917 0.341304201394101 0.9702725888422419 -0.5130953596089514 0.5301121253137926 -0.6285226011392118 0.6123563199953438 -0.4208694859149752 0.6370727958587779 -0.06978493656587546 0.5606886878038623 0.657160299510675 0.7784778697312127 0.2513309726971582 -0.8164862086975209 -0.787671508804788 -0.4306038072253631 0.5535248430917424 0.897562299294985 -0.778399549611273
0.09489984797620404 -0.39968140629094323 -0.558202392346006 -0.9098610565021619 0.6416611850858004 -0.6500653292399662 -0.4861650551465111 -0.5793826506233802 -0.6329099246802345 0.736114947113736 -0.23815346260596915 -0.38586623346722776 1.118639218459116 0.003237246635439398 -0.7375468599413747 0.24501541496112433 0.7449123959341605 0.3722319344670348 0.21876684733621107 1.1378694338229358 -0.43989472165764393 -0.18205290818192427 -0.8509939138613721 -0.02563483745178149 0.040356837237540306 0.022936273053388332 -0.4873499537363307 -0.8100991681505786
0.3105 0.5669 -0.477769229996046 0.014329039485589836 0.7209993880262503 0.5333690984613935 -0.24825891058730862 0.1410702524054247 0.4810530195013082 0.0766522208961428 -0.7780419671968671 0.06256109363329936 0.11963061933664655 0.36204948697570577 1.148472214121462 -0.10719373345474832 0.8727404466106494 -0.4334533496329987 -0.4525315503601448 0.040689264256324735 -0.5129440688100236 0.08919611248352899 0.722227291419254 -0.7632075161693117 0.2072110197978444 0.7123187472867907 -0.9932355098668079 0.4311
0.9506 0.7037 -0.19229412734724963 -0.02685911683657475 0.6912110068405366 0.950209055253307 0.28543465355276054 -0.10532449638409001 -0.8903357206454404 -0.7688681283740557 0.5669386183365068 0.3347400673902984 0.7286601374362285 0.5658965965483198 -0.17711087769360542 0.6926805691492878 0.40854752607905404 0.02192425769631203 0.7514245787123427 0.19520265742625723 -0.3396156728755584 0.5489072542442572 -0.6873432560629802 -0.6718472196065278 -0.48295234734891246 -0.07905292105666183 -0.16275606356481853 0.3536
-0.4417 -0.5912 -0.7288691033256841 0.17136006432079884 0.026367806453069437 0.8939281873705672 0.3388032011153164 0.6788255860831441 -0.984436667125875 0.1876892725214996 -0.07574788672426992 0.6031537856804031 -0.6791739755755963 -0.08669593016651807 -0.01886439585050992 0.5221189233815116 0.06804364972316804 -0.6920114753387063 0.4162577910968704 0.5607434020166345 0.8137208159529716 -0.5823749600620699 0.3918335999272367 0.29167451828518054 0.3986504371830011 0.9607725730585996 -0.9064157430074955 0.7293
0.0374 -0.1359 0.7778 0.932197199205564 0.6011366607339064 -0.014597883833963776 -0.5423273389013137 -0.495312083458079 -0.09801032965283993 0.7514767882623826 -0.08972950195331422 -0.3447725177957921 0.8123650537912656 -0.4469815435978086 0.8748989038546514 -0.5018417522302058 -0.9749184698802367 0.6719303775433121 -0.9651547508386339 0.4472468116086303 0.7498340768498233 -0.8847653373920946 0.4734782518225177 -0.27610951779246473 -0.6842001512880019 -0.20880105844822983 0.8693 -0.7858
-0.3017 -0.4225 -0.9107 0.2303 0.04548477404182764 -0.07118239882396298 -0.2757557163659947 0.616617214602545 0.11969750453477725 -0.8929158173410812 0.5116487798974105 -0.6921062606247396 -0.17117851624482133 0.20488145602743343 -0.1769961436153944 -0.7786615174660413 -0.250296003984809 -0.13474620208545574 0.8488602885716383 -0.6001844194025955 0.7840553661900677 -0.7596391118136973 0.7507920931172842 0.4258874918483374 0.7185 -0.9064 0.0368 -0.4105
0.2209 -0.1759 -0.1579 0.895 0.0685 -0.8174 0.9743 0.8228 -0.049 0.2446 -0.1626 0.9579 -0.8863216493871823 0.5590529354656852 -0.8592996201173352 -0.06439998416968708 0.2443 -0.6516 0.8429 -0.7901 0.6071 -0.3867 0.3859 0.5746 0.7126 -0.2575 -0.5325 0.6184
0.4441 -0.6572 0.4444 -0.7402 -0.3947999358652123 0.9241970024103338 0.011339783290281305 0.45163258369663095 0.5189480115495397 -0.5248013941973857 0.7752436340560009 -0.8430497126182553 0.14482855198113678 0.3926494570624567 -0.1990711193681495 0.4375208156047254 -0.28011664660291236 -0.07643929045837113 0.4705489266274683 -0.856207753310192 0.5802209268778733 0.9143823960482725 0.8836611946488564 -0.20331412512615699 -0.468 0.7003 -0.3437 0.9201
0.2964 -0.4539 -0.9707000249500133 -0.9030990125862262 0.799392032468047 -0.4755279456007614 0.27269863086948 0.48058819511826517 0.41695504817489343 -0.4986101364224435 0.6941820093644505 -0.5120213266520041 0.5224755245741912 0.038684928460003744 -0.3992693730472221 0.28465546223444965 -0.12037747799395525 0.4386407716438887 -0.7669908853454884 0.5836803870397947 0.8169159912615721 0.5672355221675822 -0.5182227954676083 0.7866119492187322 0.08822917247192652 -0.1979594151165868 -0.3909 0.0023
-0.7067 0.7766 0.9280992484513877 0.6146962645876821 0.8136098564756806 -0.8171193559639234 0.6423342344225382 0.09557807159281022 0.32770387949075686 -0.9578766664310406 -0.33592467289145367 0.14375568988952594 -0.9931347813195023 0.9643719028462988 -0.7284718664875662 0.8468744634524908 -0.5791306236354676 -0.9081742810840515 0.06040947558108214 -0.10739603240943589 0.04440314667896245 -0.7893771238747503 0.5451175206020438 -0.07563373524238076 0.19954045970153456 0.047536682938724886 -0.21093064661869967 0.237
0.3996 0.5845001383346529 -0.6469168134648017 0.7691492641641381 -0.0034604187257793713 0.4102343491635918 -0.8677199203602008 0.8501325313917039 0.2684345715809559 0.9017826019353231 -0.5507970796435563 -0.20472489651163256 0.6633070539933081 -0.7901635503844096 0.9090489220945598 -0.737944090522202 0.570173434544734 -0.5838250507795473 -0.06955805415647662 0.26605402499070646 -0.11594998547233637 -0.02933859248351065 -0.341517576106465 -0.5397105935584681 0.02348063818439925 -0.5831643902298675 -0.5208088656679438 0.11309454587808002
0.6572 -0.7078 -0.3377600937016973 0.6451940609792535 -0.3138393088884154 0.2497296421786181 0.8829239047826016 -0.3493910921399852 0.5573453053608708 0.881094559299925 0.7242935351207758 -0.30335384367839624 0.8391082763228928 -0.7641542277499134 0.17693367296610182 -0.4309693288043125 0.17045670731511903 -0.8913627253139413 -0.7249393063824819 -0.9304488088753465 0.5440350083736873 0.8182346947307568 -0.4147339653642399 0.4549784039381225 0.2587560628731017 0.8998374341018548 -0.6821283753363612 -0.9350881412620008
-0.3396 -0.057303219346528225 -0.9562561295943304 0.9005161155037177 0.7552990755273224 0.10154827278002161 0.23237973903496875 0.23220833726191895 0.4078138082110119 0.5624167647001558 -0.017149290573939695 0.12563521706552172 0.9838915652101052 -0.7318169422130938 0.6531015770681031 0.21099246126940785 -0.18645238206480247 1.0109265054815 -0.6530641729773481 -0.6672377913381343 -0.8541603540918348 -0.3382877552384296 -0.3113772626997397 -0.9473427319255644 0.5289395838421928 -0.8100915524456271 0.48565390480615056 -0.08469261336393123
0.07679995232950347 0.5788885130032188 0.16054045081170468 -0.612173671519136 0.7506322458230164 -0.7789988267142786 -0.023257156768391813 0.16409978815240142 0.03272638599334916 0.8519814470801729 0.6271914134513868 -0.05699101259542619 -0.7756921446797075 0.18457928005311292 0.5545116483345767 -0.689836845175024 0.6072154978845729 -0.4703031913249572 0.7138422471493946 -0.6956273528041707 -0.02346585697806122 0.7323590274407595 0.45098303979971843 0.48174614156058765 -0.04157301060340848 -0.4157668927153104 -0.919340589398059 -0.1502262599709936
-0.3852001937341394 -0.5601057997415514 -0.040356433975350645 0.05219739615564171 -0.1064673276051487 0.4407087759209236 -0.22518599482203225 0.252297815860408 -0.4978452354416846 -0.42463409622260934 1.0572021661285171 0.6935326670107815 0.22032092672652714 0.30070955288386636 1.0397851643670126 0.665724787762386 0.759156113917189 -0.23987461639237487 0.9741918214811207 0.05484068183366456 -0.44392827461658 -0.8724098490864879 -0.5043510030196805 -0.5775800770031732 0.9278235398544095 0.7492853144467919 -0.2761261852345282 -0.00950844746028305
-0.5286000314526987 0.2617526214549238 0.8501561112581731 -0.827231538761354 -0.6355801669131333 -0.3861866498938184 -0.1798437580782434 0.702134372282068 0.30495929697111274 0.6665254881339595 0.1999118190327193 0.2961669705469056 0.4827322283924279 0.36972837945047343 0.45736371378945556 -0.02369013393936436 -0.8794750577589818 0.7342431752705351 0.39905866724177325 -0.6747813355229321 -0.2462983283764492 1.0331042192548614 -0.8974474563431443 0.8954226449392588 0.4434606484932601 -0.013438035430877564 0.4865390589073611 -0.1708524386522148
0.5064014222716813 -0.4407890116426677 -0.5942770041109662 0.3865406329823087 0.7030150095568591 -0.6593625946734374 1.1468659504629397 0.19745713041346818 1.0405239488797378 -0.6121408276598264 0.6688945562487729 -0.5253403860863489 -0.5563618832046632 0.6606190577321411 -0.5883251522735744 0.4204388013809925 0.814515893794605 0.14289389364237054 0.15275789705509704 -0.44354784707008754 1.0289431032610465 -0.26427731915940944 0.6440259267458396 -0.4401805532626613 -0.7187989680982404 0.9395359230997627 0.7400906972671485 0.1342847091610463
0.5294830723754101 0.897519496480909 0.5692473485551903 -0.6510277091310754 0.36951826860112313 0.310548314956259 0.8616946911103631 -0.5640278073556901 -0.19133786222322424 -0.5722922578216176 -0.8286473144614137 0.46542901441364776 0.8701991351056327 -0.005206432293285518 -0.6338368661695836 -0.6275842959223836 0.5991205704713 0.33742936048898264 0.3120525177305718 -0.1124233346517884 0.22889643522589334 -0.5671253435603414 0.6004839390385532 -0.23869372468576283 0.9167241389449815 -0.8747895884264243 0.6120949310163226 -0.06529137204245292
0.3532997691802528 0.03094797265159605 0.6714728417471634 0.5168693002976429 -0.4124737555430425 -0.20242751532986022 -0.04632502298628742 0.3820589257273161 0.7417547739218718 -0.692659093169873 -0.3275993934349294 -0.7979818632479763 0.2056028966025195 -0.20825625838881962 0.7137961890401645 0.6619763776667782 -0.3061507738896173 0.14159843376499903 -0.4962063040520518 -0.03547030897121242 1.0077533073917007 -0.6069087677645504 -0.4819121389581955 0.9055305930749256 0.029563726310049842 0.8754284865634343 -0.3891922271848541 -0.1510040411469512
-0.5130999949826398 0.6388129460523779 -0.6722163890379378 0.5848991568905876 0.2602181555502671 0.1897933254850694 -0.004484445451978527 0.9475945021404258 -0.7504074210388598 -0.323748117240776 -0.8905361544417858 -0.26297013700953037 -1.046803853575245 0.48632939508917095 -0.5012459861279434 0.25621096527020315 0.6545520131568284 0.5187837587179606 0.26477597890422144 -0.26569877202388736 -0.6203961321165397 0.09931865930326453 -0.1703832299771266 0.27083131343404593 0.631760700907512 -0.14549262299351293 0.0787480344176352 0.5571562900660905
-0.6405004862010081 0.9157372445555944 -0.9084251685469932 -0.25461962171954355 -0.4437307944610877 -0.06337530867434378 -0.763386521100242 0.774760116308102 0.3246126214040902 0.09260738010559709 -0.6320231570688545 0.34604751298695013 -1.0441378950714026 0.5988890614468977 0.15269945570192467 0.11965868366996031 0.6884495597024007 0.14972547714820972 -0.05733089551223004 -0.665486306185689 -0.007967577877962439 -0.8756966818590228 -0.5717738490621163 0.04758241395226759 -0.13978921955123128 -0.20075089703200014 0.9907564897503762 -0.3810926658441155
0.5930005093080729 0.5613091951468671 0.4158776487248192 -0.47044324022486783 0.28483114028544104 0.8570584073733735 -1.0199058528510214 -0.2802853118330072 0.11454890550933572 -0.4078199176196672 0.3769596811934186 -0.4658722702543861 -0.4968199596785632 -0.08036912956283765 -0.13126222553854 0.7960538106208226 -0.5451869197280305 -0.01004199753636913 -0.3779797038025018 -0.7063693491841466 -0.44837450244532745 -0.2494531888300482 0.590885165507484 0.7227264861319254 -0.9638775424150438 0.629575212366373 -0.6543255898887144 0.8328051070964694
0.3201038142228518 -0.11098584958424558 0.9508197194256245 -0.1755121558179558 -0.5945498082176381 0.6381857783170775 -0.024553573837130787 -0.5266850983369853 -0.36403420411400106 -0.5335920421854196 -0.6938719740949708 -0.1274325586825707 0.06462233114548639 0.9257423519704173 0.5254963384752055 0.16231374146239388 -0.12115233006632846 -0.03640884573409889 -0.7636223099706139 -0.836103811856377 -0.533794020381435 -0.599042939593474 0.5340915959654345 0.6106929488664804 0.963015244964043 0.5922180147752097 -0.20427922245814673 0.6260161248440935
-0.8162 0.10060321469897898 0.28593837217754425 0.9438847785805419 0.799614835789595 -1.0355549788718983 0.4355988105425195 0.5021098198817733 0.99482509685714 0.8462081842343985 -0.5751891157032902 0.7904908941901911 0.942510414019765 1.0033685736892142 0.84022366024354 -0.6699016545154752 0.11964690054082722 -0.30813291379996954 -0.29083066404523095 0.14264542610575845 -0.4121454644807898 -1.048932890755185 0.2915571326089078 -0.49409162773844867 -0.2752902783064497 0.5866445226170997 -0.8944010644328446 0.34715697169615434
0.9062002952591038 0.2326058892255768 0.4707897069029159 0.3583683659542522 0.4595558824589276 0.4516148822257623 -0.6508985580216052 -0.9047839040944301 0.8144825535833198 1.1606840616041423 0.4147879338539272 0.7571653074481094 0.7567026183027972 -0.31927074951399875 -0.9633981833781682 0.10042045165785124 -0.6284966151446526 -0.3783980410319823 -0.2998779976535613 -0.6407632066206037 0.7767774943763488 0.7502704200136973 -0.8229260961325381 0.7654458501323497 0.2899273736694485 0.03837626848642457 -0.8787107490682066 -0.39689873881863985
0.6184 0.9485147115232716 0.3274595109492679 0.4177867085617513 -0.030639800409016038 -0.033833760785939276 0.12517401717799106 0.6277105410983695 -0.4595186830338745 -0.016216951225591133 -0.10642942921583914 0.20979416224188904 0.7262524392856049 -1.075426117411695 0.5488978038301683 -0.6649517679733116 -1.1321547239257839 0.557292074259747 -0.7754288621401102 -0.8078820581825629 0.7139818434471112 0.626996321011664 0.7926227998101731 -0.5265359063865186 -0.4546961835125097 0.7730748472197979 -0.5882669879122646 0.9660640979352167
0.8171 0.9799123180954793 0.13493261690474678 0.39655486727536904 -0.5765929088902408 0.3218993454489466 0.03204115905414296 -0.6686253298325479 -0.6984527442378305 0.6250601588423718 -0.636899572559042 -1.0926704223997008 -0.23705609047201348 -0.8056685394162835 0.27354917320521077 0.31993664999600274 -0.2498492514232248 0.5400757514787846 -0.2563947262584894 -0.2274684155567868 0.39148448146764897 0.797451538190263 -0.5286347071455021 0.09947577326704952 0.27095012597531115 -0.6816524896335627 -0.6827840365364288 0.8303996929059547
-0.17310006300676548 0.172426984630303 -0.751939384993394 0.6875661371571669 0.3455588341647685 -0.5023193023611628 0.7759272751029421 -0.4080860181324747 -0.23626155883744293 0.6812524767821334 0.32070328691877686 0.26503828071521274 -0.40525892145249126 0.0043599383422536254 -0.774603300787091 -0.9977089804602458 -0.689547615818438 -0.4412239551673022 1.0019802832679119 0.6999240605953064 0.14483933554414075 -0.9258734569458872 -0.31563868011063756 0.07226558489296081 0.6670882640151031 0.08001600550052455 -0.3208734405628833 -0.6779001810863062
0.1794999389512137 0.5395032725326906 0.2044420145390136 -0.9502626930420243 0.7438638746014019 -0.3298417132650259 -0.8476305509421449 -0.35272164791943345 0.47279435513846607 -0.7719568262779156 0.26980442055011156 -0.3865376928412689 0.2782561051567514 -0.21314889548953386 0.37371306370569407 -0.5929019961048821 0.6663156601658898 0.23658298649788928 -0.6772705572612764 0.4886802865033909 -0.12894021455382945 0.7213549455462303 0.5981305970445018 0.9406350242774169 0.9307021203071788 -0.4877221495337721 0.07279009429777494 0.9982996655410536
0.2802 -0.5399 -0.15861818796953522 -0.7689552977835148 -0.10138608664861738 -0.7507615618708742 0.19135053543422934 1.02130181088054 0.5351678102976004 0.5857487890773916 0.15711335246179622 0.2676265796193281 0.28744082437718244 -0.24808219073284127 0.21885523087550632 0.3539991266759565 1.031738185218642 -0.4579710936484544 0.06214474535334289 0.04416123893226024 -0.05801438533986408 -0.13619770905679507 0.30143693722732373 0.8863529255555942 -0.8023911110505723 -0.749279481157576 -0.8329108929095331 0.1891
-0.0535 -0.8061 -0.7434440284521819 -0.5553069463656096 0.9177022619342491 -0.2652153447878585 0.08115974944545375 -0.3084976704214041 -0.23728899444112678 -0.15437235133342295 0.9812097314512793 -0.8003240579011097 0.8071363159975489 0.8268209725317617 0.859182624503783 0.9629671018678265 -0.5330932508716021 -0.254756941558086 -0.48563641033296756 0.6983527194571297 0.02051884182142359 -0.16104826176742693 0.7217375470594927 0.4217037312151828 0.12825096206185999 -0.8530869955075863 -0.4774007986634979 0.9623
-0.5893 -0.573 0.014199431076225833 0.4220053560283093 -0.8539421075003524 -0.8161270704511153 -0.16091213600152687 1.0285434980813293 -0.4946349535189938 0.6013715157679883 0.7070906793591942 -0.932856359087783 0.5941308613549207 0.9580927891154004 0.9164222860553769 -0.27286982386888403 -0.6559090411289396 0.48893212342042824 0.4499351364680927 0.6014860532275123 0.9553797074128971 -0.5808397179370598 -0.23619976747194735 -0.6451170583384265 -0.4757163403346064 -0.13239937240087035 -0.35460065224007453 0.9552
0.7593 0.779 0.9502 -0.6589004181597086 -0.4358044418143187 -0.8675249808918037 0.33115281302692867 -0.34226928582689753 0.2594026559130342 -0.38952438376519 0.5048642181887082 -0.06228330628622206 -0.3305052873857925 -0.8613787026146196 0.21556037453652677 0.52267407404676 0.559965530295521 0.460638276474277 -0.10581322345092596 0.22835821262460448 0.6612907688154792 -0.27769211950501077 -0.6450647453816746 -0.09284167489649467 -0.1567000781077474 -0.45020010887842893 0.1447 0.7367
-0.3601 0.917 0.9353 0.3428 0.1001000877920132 0.666716410087774 -0.036901206482845374 -0.012708491036647994 -0.42990752967861845 -0.36737245204079466 -0.7402593496624922 0.5906514678410513 0.36000271299413833 0.5050752141237093 -0.15774408009284377 0.15025696142480946 -0.608953886552511 0.671025111165575 -0.7388183063046023 0.6201822573857082 -0.05593734596786403 -0.7435278113159087 -0.29547040556653126 0.12257677098377588 -0.6734 0.0406 -0.1897 -0.8892
-0.8663 -0.9658 -0.8061 -0.4178 0.3239 -0.1872 -0.4372 0.3143 -0.7196 -0.0623 0.5539 -0.1815 0.04228450551244788 0.33506607427819796 -0.20149999694670306 0.36780000012723574 -0.7031 0.4547 -0.8688 0.7844 0.2717 -0.7164 -0.0438 0.4502 0.9471 0.3892 0.483 -0.5198
-0.2405 -0.7111 0.4592 0.7138 -0.19339999937856633 0.33110010316012395 0.34847169881213325 -0.1562310136523454 -0.879871561155497 0.34236707053234394 -0.9836166832468032 -0.9060411372634102 0.936268835157213 0.9798550615926117 -0.35913725053054196 0.7924613120461104 0.904072661472085 0.34477082471746373 0.11109718530232268 0.917504843847428 -0.43425951438034965 -0.37341987022881695 0.8540287730784512 0.7914328370073945 0.6604 -0.7308 0.29 -0.422
-0.7581 -0.1262 0.5216978394697246 0.6708000210701522 -0.37518028358725397 -0.9482861275699282 -0.4592601509047847 0.5239566483899059 0.1550131251327598 -0.9994180331831504 0.6321775541680487 0.9823024232163875 -0.9273593502001827 -0.23785655592575936 0.626884620318919 -0.060445616721405256 -0.3170790792976264 -0.10869004252743615 0.6348757068743661 -0.8991047322232024 -0.6946558446135409 0.8946811610026808 -0.7385228495248166 0.8776633072620784 -0.6141676840940223 0.9726690533018336 0.1093 0.8578
0.3494 -0.8185 0.5858952387381052 0.5691985988523304 -0.3445412313849568 -0.5161225335660989 -0.9575587909461533 0.9448529154045703 0.8314831845168433 -0.6826272244152191 -0.8221851098098446 0.45499760235714454 -0.5262199831770611 0.49125176385464764 -0.21260968925394494 0.08309227776270836 0.49834924738092184 -0.6595538683272686 0.25887244302885465 -0.41776236189956734 -0.8100033469056691 0.7056242513135963 -0.07236296812586888 -0.27623258202585504 -0.4018483564912272 0.3722489093558051 -0.5716079514454471 0.4783
-0.8945 0.03540003829208654 -0.24719720315630256 0.14768906263471349 0.4751874224537371 0.14371340925717296 -0.9262343683434848 -0.10943619662296834 0.3904942715226425 0.9124499535671365 -0.754235467141951 0.872776599495613 -0.06618521858789675 -0.07548190639765986 -0.6201077246184464 -0.4175094978279367 0.24074193559347942 0.20235628858284074 -0.723820106912576 0.685796768200608 -0.5589301508431004 0.25153777949006256 0.44555227032613853 -0.7343209601921287 0.45399213310436004 0.7069160112209286 0.5076479605530062 0.7275399303109402
0.476 0.333 0.431703606280945 -0.7731350898423789 -0.9827880608139655 -0.33106586222459816 -0.849200001507774 0.527585068728766 0.646582061287332 0.2670449549714355 0.33614635554845135 -0.9671133127415733 0.8149041699930694 0.8783082396180484 0.7498455692677461 0.5975940470877077 0.1832628296221507 -0.07539501086862127 -0.06730826671003236 0.24387606111454102 0.31254600060234483 -0.6097164180117376 -0.6269982462106448 -0.8705977198647974 0.27995823436551504 0.38585796533816236 -0.8715739648635459 -0.2771926626654116
0.3766 -0.4673994914413156 0.5155561594640009 -0.47386920787250986 0.9301055026221762 0.2705670404775154 0.577958161552909 -0.888302144650862 0.04536060157929581 0.13219839567726094 -1.000926276053209 -0.5865887700583533 0.9786874728131901 0.5786280382875086 -0.8722472201760957 -0.6488484567481427 0.8116537466151835 0.8820394995744095 -0.719311546539459 -0.516542834519241 0.07877812085554295 -0.638205639820561 -0.18842527489997782 0.29046945798475493 0.685279631149839 0.5874263424786785 0.06564374682271737 -0.16738770176263684
0.9346999999762243 -0.24523874919308833 0.32708224392176505 -0.26587284424317964 -0.9780297117944935 0.28433363242552373 0.09893218682002225 0.7128209431097354 -0.40836160858389126 -0.9128120108902231 0.04995418380476472 0.7847972027187677 -0.6527406057631627 -0.15683423180180867 1.1352224923169913 -0.5978944392508293 1.023224507469515 -0.6036021807958301 0.9840052592976462 0.26697317755803157 -0.5763838589773771 -0.7832271255273695 0.4359607689489843 -0.4746731595672935 -0.8477856568803461 -0.572405628339804 0.2739976443105451 0.3606922225594131
0.9391999999033748 0.040814932078767255 0.08576250783405107 -0.3922715890114199 0.8664237217493234 0.8879949189407468 0.8945133690593366 0.4204609532715407 -0.63070413695001 0.9013579332503917 0.7630202307514857 0.31309792604614417 0.7550309686706349 -0.09136220755150569 0.4838239349181655 -0.09580387106142407 0.16265964446941886 0.8685081762894985 0.7396751287615605 -0.6280274789588816 -0.14526787999253257 0.7569495075985994 0.787645364056431 -0.8674192540856478 0.6753264666120014 0.38959848167609057 0.6571312140637527 0.22112280163918824
-0.755800000015687 -0.132681323293796 0.7991217632965648 -0.9747259174154912 -0.11854706581969071 0.42411320517815615 -0.2958383184763809 0.32884175251960834 0.5108745880556248 -0.9240500139072247 -0.20371136878383755 0.5177037953696721 0.07479146514100313 -0.44961582068712475 0.15280434590874042 0.5193880283338155 0.11061252374438416 0.19031861033969036 0.4626356698267132 0.6032770125073781 -0.21641037127487964 0.5592795799030515 -0.6432934114363019 0.35572790552990663 -0.5612707376501038 -0.9268768121879315 -0.014418992655638166 0.9548581153474993
-0.2902000842944536 -0.7574758756412838 -0.3323166901422125 -0.33532751506471686 -0.9384683849460106 0.10066647674171825 -0.6344757039419523 -0.5820707089380345 0.13616481989977416 0.3374519720907134 -0.4425168460189498 0.3607991283735651 0.8648494498731434 -0.3250062670720206 1.0117693486413595 0.4407534913661104 0.35095921186911844 -0.8036259818798585 0.3118457774768497 0.8171916833165469 -0.6360047049888552 -0.34375465422054713 -0.16021106263254398 -0.39706209638314305 -0.19566679590801214 -0.562521793198311 -0.29950227895046605 0.5317204428507945
0.6344891447772686 -0.9336122108609144 -0.9821251164454015 -0.7567442641831847 0.45209068890777676 -0.0006867179786301945 -0.38228951964686003 -0.7770432704044957 -0.5334707329714721 0.6779415792008661 0.34211983370493504 -0.1828623837149967 -0.20200014629550886 0.7041145379109894 0.011511616669156314 -0.7940751297818287 0.4182595651215821 0.01352837169488698 0.5590255773564583 0.2578711106327361 -0.2002764989451368 0.7300602719972338 -0.5618732942173685 0.8867982943770498 0.16648917940812571 -0.21383623658638534 -0.23902941974308894 -0.521480705778922
0.9508996635019382 0.3477873347774187 -0.6897842220010418 0.6893013686557428 0.3218657767174783 0.6754832760420115 0.6242252506632561 0.5746181676613193 -0.5161821629068195 0.44064646320765755 0.2738928353191463 0.6893931326366552 0.3631998221281468 0.7884743305545329 -0.8562640406703705 -0.2191844690116693 -0.22403335116949322 0.16043224649294413 0.5762748356733772 -0.471768801182173 0.40425196317504314 -0.5304005399625978 0.11403714268750272 -0.961626636268975 -0.6816038476479162 -0.03724402856505816 0.7719745960822766 0.725317843465019
-0.6368009895404027 -0.19640556320263294 0.2097732142977863 -0.04675070175742543 0.2540495066308921 0.2506504865058519 0.6548056157940292 -0.11620215136101661 -0.8314150102793166 -0.18133031546092557 -0.024995604760192806 0.04010982395891009 -0.9218585037571846 0.904316633301721 -0.0024004796117649213 0.7841240546235129 -0.8922689933426144 0.40451951652013085 -0.8410452425961101 0.5564016989828425 -0.9334619838844834 0.1480377136292609 -0.07190322020409437 0.9313298866123358 0.8352571704134198 0.851266573173386 0.6201112220487185 0.8344827713854966
-0.4848002902408238 -0.10277671442802024 0.12805777501193727 -0.6500651335164953 -0.3390944851983125 0.12290697445480665 -0.19269451936892923 0.4208155961784501 -0.7335788582561868 -0.8543441147500929 0.8657886808108705 0.4632576870920687 0.22455956487104803 0.08066357154671389 -0.5302644915669439 -0.598512018024851 0.3295221963268261 0.4774818755319204 -0.19093937614702738 0.023477139768699414 0.37804771228068196 -0.9289690397307026 -0.27439379726522506 0.738446297885353 0.4058157897255463 0.028203610404774194 -0.47527870063361105 -0.33231953363221267
-0.6598000293872005 0.9727605782077988 -0.5532230801408707 0.9958412040409044 -0.10282215271259044 0.7797047077102844 0.7399761189803044 -0.2514391471789832 -0.45067399530090413 -0.35482305527561536 -1.0110666584363417 0.3686805178809146 0.9040591353061043 -0.12192115449427143 -0.5268044790438673 0.6579886918437751 0.13141311750828819 -0.22159371685252338 0.10828306134390536 0.3626918998258648 -0.9415469606448975 -0.39555643535407775 -0.185613546040754 0.5753698626846974 -0.6302613733904574 -0.7449078838567819 -0.047571272854862345 -0.7041349589080454
0.1451003746012043 0.6043319281088522 -0.7319593699007689 -0.8554507714749242 0.31588570932870813 -0.4614036497511077 0.5487506658989802 0.771838510046059 -0.893196400953972 0.36031041433111144 0.3050297357079737 -0.7201778845094253 0.5878352815154348 -0.39175813359544226 0.2692134212562793 1.010945663030781 0.31773167606454195 0.5330165290239083 0.7234124904911029 -0.2797242983163772 0.021619088194136982 -0.9204606214453515 -0.8006467496398327 -0.9384223700852128 -0.0929119800463691 0.2507789715532005 0.7938587551441536 0.5515355469879232
-0.4811 -0.05608897886325782 0.09998623388035838 0.7271721051521113 0.3852033336867188 -0.6013267337498589 0.793942052087284 0.6251448454476931 0.7740902622029691 0.8401953425357382 0.5551983616798735 -0.05927619112979812 0.9265223157495253 0.7852250112238691 0.34592074728391353 -0.5094116635048664 -0.6074707275780726 0.9271435723090644 -0.00489304571353195 0.34985996088000365 1.0451322998294363 -0.42742650400398036 -0.052344409684346636 0.27137127495444346 0.02726095409441492 0.115137215294552 -0.787007172375096 -0.5969489536828092
0.4087000019449318 -0.008399174744909001 0.9262920294594386 -0.41828722745743097 -0.909624119570274 0.27846711263691065 0.3087326305215834 -0.48054647832192826 0.7872557186601421 0.05508465845245558 0.6447368596024133 -0.8529485615430527 0.37775446343649705 -0.46548836885333306 0.4580555220981202 0.48918824747747375 0.9478910525563576 -0.4694258089743512 0.5042478922450745 0.719936578496401 0.6138337202319113 -0.5717428586390974 -0.8785395647538999 -0.33580901378839617 -0.6730886890420796 0.43464174867326755 0.5638310550188907 0.9495481201751806
0.1674 0.7879006350140415 0.11827964458706657 -0.5806423747808942 -0.5994597098833996 -0.8549228977749942 0.8701358191617599 -0.16877781268493117 -0.47154222740452384 -0.4135752897265753 -0.8123610961379059 0.9500143030096473 0.2889684345488271 0.629528870738316 0.13080609570155557 -0.4049247600597201 -0.14887162502813683 -0.10615771561454623 0.8633265574607738 -0.890225012955678 -0.4364052047943776 0.4873886107648828 -0.32869489778289335 -0.4575068029000971 0.19268933672344757 -0.05372092844363347 0.4510975228263589 0.4867421471426882
0.6176 0.5471045897308149 -0.12999826882086218 0.8846699998234326 -0.39501846882071157 0.4665151682268621 0.8461499064419317 0.3364511641638254 0.20046516381884164 0.22009325954630607 0.16797625516092013 -0.6756073246380884 -0.8242421324031503 0.22394507531465327 0.9673940579253346 -0.45085751620130554 -0.8573221821681772 0.8709163233841039 0.07011507463466837 0.8431488851703742 -0.35493051589119057 0.7970717441548566 0.1474167879957135 -0.631713464550558 -0.8892722039194914 0.20721594259908763 0.06731475671899384 0.06539993679940813
0.33049999383441225 0.29670876337380586 -0.6832391930988583 -0.7451269710588915 0.42841650142917753 -0.34990262449725096 0.7302361610795001 -0.8438438049110979 0.6104806537969361 -0.8696998255395899 0.027066942372814495 -0.10149878734611392 -0.6013858956856405 -0.19361677747431835 -0.6229538708048091 0.7167576685727387 0.25826559835994145 0.04496088009567278 -0.4905317394488772 0.08233623547377703 -0.5891228136740814 -0.2650832177592712 0.6941565586010204 -0.6041253337002035 -0.2734291737860392 0.32897521718066514 0.25752172858535827 0.15679999988127274
-0.4037000059739878 -0.3296999950540434 0.5263543566865179 -0.3511032521621184 0.05646118409769461 -0.7886861482675935 0.9889809357203037 -0.9137168800671503 -0.3539976619635806 0.9843984683685735 0.9089422932727851 -0.8065217371661315 1.0010719306006017 -0.13177650485684403 -0.0436981603975293 -0.46675506477201945 -0.0930287650682494 0.7629044929881663 0.5790427028117135 0.041936274667130985 -0.3138855119537833 -0.6538234281997621 0.4965521303803682 0.9421906766931621 0.39548873087308273 -0.650374212893819 0.07648530289426671 -0.1997000002192843
-0.4891 0.811 0.8395402261321064 0.5617520062218925 0.9625912981324236 -0.08912163445225561 -0.7512999992517618 0.14676867417032144 0.4708702443297979 -0.26790481224312296 0.9270334299387722 0.9063855950148133 -0.055829768782990064 0.24581708869963562 -0.10077703363207885 -0.2034228456943039 0.888113227447911 0.5652592060855706 0.1435249360416388 0.36137919204174873 -0.8976302136585436 -0.05868051851444036 -0.0656255610543082 -0.9413418752061415 -0.4831759572098913 -0.5635308668745276 0.17704681654772728 0.9104
0.954 0.2005 0.8812201024051417 -0.3238247571916062 0.5660497031547636 -0.12569014092826034 0.6725535218165327 -0.3062385389701936 -0.19558043019864713 0.038393716795381436 -0.5510425269818742 -0.72401959278179 0.9765422285005436 -0.8185518369442917 -0.12616333364851895 -0.09297750665699951 -0.6035907985493906 1.0013892059033904 0.8117922742942192 -0.28850656797317004 -0.6565246371738354 -0.611819827992956 0.6353077708023104 -0.5316370047184615 -0.4560325208333999 -0.6788511249640565 0.4419928166903418 0.5416
-0.9579 -0.0818 0.9695003887913975 -0.7743845541654664 0.08976295223466171 -0.03632295079188444 0.04461936473974123 0.5977808797990342 0.46569283539600875 0.02427422224411408 -0.5671188349872264 0.6565638431535382 0.09595797168366263 0.9048844080896806 0.7213163317367692 -0.28670130020880924 -0.2998454042555593 -0.09921370575229171 -0.31288221225223745 -0.20343092554217773 0.4296114722026475 -0.9287417380357476 -0.7799672327398567 -0.2795924520194632 -0.08254446876583361 0.41430122965016547 -0.3833076978590214 -0.6211
-0.3228 0.8324 -0.713 -0.588997536724499 -0.3354361845248503 0.26262478893535873 0.5029264278988337 -0.9029328726065841 0.10773484279538081 0.9553882928577329 -0.3458903020680053 -0.9246238586633245 -0.13722633251572391 0.8786629466757577 -0.23524108910269803 -0.6801673466917234 -0.6687311339617561 -0.7925131047394726 0.40363899483470117 -0.11709656908264503 0.8609672924248251 0.6761393510564759 -0.908578908029045 0.4729919236937188 -0.6043999541660516 -0.41140000007479693 -0.9138 0.2725
0.5592 -0.8061 0.9 0.8615 -0.4273000441973481 0.21039938197131874 0.19683880100896256 -0.3377688931796523 -0.6778886507488858 0.0567173423704801 0.3017826213758474 -0.8820389429065457 -0.5528595043484466 -0.9178696120470613 -0.8993178721892754 -0.09239176131584988 -0.12452738497290994 -0.6232362198897897 -0.11711355687417348 0.9928569684127226 0.5337253711315123 -0.1513913726382269 0.7990630623789624 -0.8887440183490869 0.9188 0.1334 0.1034 -0.402
-0.508 0.7843 0.697 0.4134 -0.5203 0.2659 0.3286 0.4318 0.2059 0.7737 -0.3741 0.1844 0.4535015172479852 0.15160332515953828 0.22750000314173285 -0.400399999869079 -0.3257 0.4322 0.1855 -0.7457 -0.7412 -0.6929 0.8073 0.5182 0.6464 0.5308 -0.903 0.0045
-0.9487 -0.295 0.7985 0.1774 0.9932000044944785 0.11540001561656389 0.7641082145308141 -0.7891037845958909 0.4052916679486499 -0.06200863125317744 -0.030723184396498533 0.9633800114783136 -0.624168205477004 -0.822467052187033 -0.5617363532508021 0.10777597457398318 -0.053566090960356076 -0.6349443167201354 0.3185752765589054 0.08944464825737009 0.9962424621499485 -0.8505348453147571 0.1649235694324109 0.8496450190075475 0.8445 0.3122 -0.0562 0.8538
-0.7724 -0.1769 0.29880017815226173 0.07698572850948047 -0.895046366803115 0.8216146002249878 0.45054939676007916 0.3396264618511301 -0.25520555695674985 0.17754988737493235 0.1453582191874211 -0.6816856252825456 0.7031223964435707 -0.27500035456776617 0.05098308361623122 0.31303207205616784 0.7252185628628667 0.6188528331103154 -0.6039165198875318 -0.8722671890273056 -0.5498786159113126 0.6951922063845224 -0.1727057472917163 -0.8083326088403985 -0.21570758768952852 0.9472961199314365 -0.0741 0.8891
0.5908 0.4239 0.06070046841999701 0.6309610165001444 0.07716503912738752 0.5391883473744123 -0.8915757499154202 -0.31358785507937376 0.43849845567918183 -0.24995135082168915 -0.2833201210209211 0.47783160419819365 -0.12138658944047197 -0.4534040610623753 0.8126649277725995 0.4052616490823775 -0.10095886796515767 0.20436591178675526 0.8504432104036032 0.904691761370257 0.16243431436790465 0.7075402528624544 -0.8451700540160794 -0.8371700353405138 0.05559008869040683 0.7179629156738226 0.9090976272446878 -0.1377
0.2822 -0.1441000051156921 0.3198002918780757 0.7819871523538806 -0.7639948311295116 0.6864565558522546 0.13128069955638308 -0.39023685383835405 -0.7109626049200906 -0.14540168972054182 0.9537634698101635 -0.4833794793609827 -0.2187780324683163 -0.7343546410794382 -0.26867216012265005 -0.6906007014633401 -0.86555204784243 0.27695873802165516 0.08847962999976668 0.040890748624901344 -0.8934824212453429 0.8464805134789822 -0.7984921726460089 -0.4333412030368289 -0.4674353328416765 0.2052451936386148 -0.508878140118921 -0.5067651049059342
-0.8014 0.7366 0.3743911090154953 -0.10610598492913986 -0.1732741485336735 0.20464968009767145 0.05206546164632142 0.24850622089946042 0.9698571008862772 0.05306291396601444 0.6965431106039376 -0.14025299537556477 -0.12187257276447533 0.971615142805946 0.8463647134170753 0.2524349485702025 -0.057426390765845416 -0.4214952041663052 0.8030875076354501 -0.7541063371033676 -0.27415966652007023 0.42089355959379576 0.5979800390826305 -0.7729005869680329 0.7082370305356849 0.9385736787550857 0.5830156647870293 0.08888317751405891
-0.7117 0.6723995258766241 0.9259823495193232 0.48863526886091996 0.588046464431644 0.12367065275884852 -0.9789659659519582 0.6105707603770878 -0.0419090628876719 -0.6833749316723352 0.1210242036604972 0.5854748980035804 -0.6002924199763199 -0.8142295722435566 -0.024333418950151023 -0.503162905356717 0.23324627232758796 -0.6708087856742958 -0.3744021203953896 -0.7649929853808778 0.469506279687657 -0.7405957452161304 -0.43382703603939127 0.36369109154141277 -0.5356645437366567 -0.9994102809752419 -0.6807739351549673 -0.15400452922837868
-0.6815998882963542 0.3830836634081796 0.7439125452388425 -0.5824438699538591 0.6354618520762281 0.5500528147891699 0.06654066564425792 0.4923423594439121 -0.8051629897798186 0.3510097538090645 0.7401425529368048 0.7370807372495112 0.7797641972024518 -0.0708468001878854 0.054637476204967984 -0.44755085910194214 -0.5661811287451635 0.2605925782470073 0.612883298033872 -0.15757926773786643 0.16700656906887146 0.7910487175149202 0.8062122816843077 -0.5107590730545514 0.39609514871539653 0.5975113430089446 -0.8525599307705185 -0.8423584838163423
0.9428004539665255 -0.37019532812014005 0.7482513949593915 -0.9575925090713658 -0.5997618642545094 0.05541367067060698 0.5950626209967957 0.32733194940541366 -0.13949446871014956 -0.7441671815155037 0.5905847579072797 -0.12807945959647538 0.6226408537899688 -0.6593980690784678 -0.35356896802435933 0.6403443868667325 -0.3500673639054043 0.8450639395645508 0.11542089263944118 -0.07426251669893011 -0.05509993831335325 -0.5958421919756403 0.44173836002324873 -0.09137009728078802 0.7752552733071009 0.46668704076559125 -0.29973782153985323 -0.470733888699536
0.0675000737013745 0.1852215113813822 0.6404472398789747 -0.20627319235976052 -0.5314589999499872 -0.713681882165182 -0.9321291669951691 0.01893459755830861 -0.6000865785834882 -0.20548937496154068 0.7213660638779419 -0.22037731486123366 0.4627871863768461 0.8899123748554352 0.7651406412529811 -0.5855629332312362 -0.6279729794945619 -0.35097059443414297 -0.7161045313883935 0.21178462679112514 0.26839007477441434 -0.7756149502743472 0.5577341114574342 -0.4896460689548335 -0.7911048578860188 -0.8014711068163731 -0.8952819035617574 0.2094253729001953
0.08610000373056573 0.8582115970298966 -0.7755461183886079 0.051904159868044066 -0.013709050061768441 -0.6427730170525617 -0.1652953496090989 -0.39228960778668703 -0.6453773723137115 0.12386924023600643 -0.46220019530300743 0.6460965476829309 0.07928312646792898 -0.9688167391084465 0.7334626565293817 0.2423148713768099 -0.9165409359273482 0.29073759659294257 0.6401323733593166 -0.08035721810256598 0.3874826440937121 -0.6635635252361568 -0.7478259644692877 0.4976690897319249 -0.23989509530309 -0.6157850567327959 0.2508899406727896 -0.9895556263870009
-0.5474995091765578 -0.40870716342106367 -0.1669066132038369 0.4050528600650162 -0.49676895618768013 0.24326482428400073 -0.5268663824349129 -0.42713727136422536 -0.10858072180563232 -0.17967664961073226 0.6319248925378291 0.13002928100024347 -0.9309692650210122 -0.697620287311379 0.5534029780982346 0.09336326703004237 -0.008895463928779514 -0.7181807709689723 -0.22971425638106024 0.2448460073738055 0.8520466897978752 0.6645111212932173 0.6644710307631435 0.4120649041351741 0.9639199211707469 -0.8348316425930928 0.7971866909801963 0.6663742464046529
0.9146000599617616 0.9048360381200127 0.11876546294605271 -0.6022177435835935 -0.13125746451486867 -0.5908833790091114 -0.41835048432734895 0.0404684218856272 -0.4958878184950746 0.18526788022926838 -0.652067146165209 -0.49198192980833805 0.699766263912294 -0.7139045661989528 -0.5820589203180704 -0.7045122117654244 0.4313750630951252 0.8733550598607062 -0.8505192753867273 -0.7697535551234042 0.6660903800282431 0.46560848697805535 0.41155023916588485 -0.9754411540486099 0.9035560391159214 -0.48701040480431806 0.03817081938872383 -0.14798432398526598
-0.2873999139847527 0.5274339860880706 0.46908973548368776 0.26680536138671446 0.8732013490561918 -0.6388824902210579 -0.23013051718105004 0.4753935049394903 0.6439305695975588 -0.8979647041747921 -0.005227306599123779 0.4244402704297544 -1.0963660555916879 -0.062486121529627646 -0.9658921305933506 -0.7902589898878518 0.16913669626802044 -0.7555165684785949 -0.019088018801360584 0.5538806278083835 -0.811360872728412 0.20131724199046347 0.6881534674385146 0.8352283088699078 -0.03264808525951383 -0.15732681550100855 0.6708314654018808 -0.3977182489464152
0.3918020081570618 0.2398772958237963 0.4179097216419761 0.2410944472822976 -0.21743234208386447 0.36424780685327146 0.8573397130252771 -0.6750057012008578 -0.13155955778377218 -0.9986719693901872 0.06545959720632326 0.15024903488856575 -0.4242844145808831 0.057125609921872524 -0.8247201755908528 0.7894974563198224 0.5404456002570123 -0.18348160419012144 -0.9069562184192168 -0.03208974179313728 -0.26871629522451146 0.18772857768332804 -0.33593329517607384 -0.7902851976987253 -0.6551494632028717 -0.9776322494610559 0.0030943322629755506 0.32244325015402064
0.12100074659762262 0.5805134509871567 0.42642217018591383 -0.7106730885216487 -0.8045532902226318 0.1142919589747139 0.2461115691152995 0.6546898337105738 -0.9818286507538171 0.3461927113694789 -0.7052013411208041 0.5055936876568339 -0.3894608523811843 -0.3800329259000014 -0.6324724170302621 0.6037472451950943 0.8650720666620432 0.036954188704889236 -0.6573829640865404 -0.22627543258181704 0.23066485764213931 0.006651739829222124 0.6673889182722094 0.5874771856312813 0.5522021382140851 -0.9908914737093938 0.548429466891514 0.2723995622292542
0.9028005077586322 -0.3296555261073149 -0.4283914931889036 0.23585017059270444 -0.009070925808597096 0.6430888861031075 -0.5024230652173354 0.634936121014486 -0.9070836761601307 -1.0959113461239987 0.6416983776711507 -0.8000165532495188 0.764122587140665 -0.8570573566516491 0.4866974013635587 0.1942444867918065 -0.6655302456102079 -0.24101565514800657 -0.8005239491462216 0.2539124997260056 0.3105420084819474 0.04903728325736275 -0.8944331717138428 0.14238415395447165 0.4210783062552144 0.7704650186958486 -0.31826812137246197 -0.9780875630599203
-0.2097 -0.6832250005689849 0.025416243090122057 -0.2667701164621914 -0.458511473166576 -0.5611848841486555 -0.21746417627572937 -0.7474354879708661 0.32114693997475313 -0.1477608514124212 -0.1349576532585085 0.12957406822583817 -0.35660718672922237 0.8656162718320212 -0.4703139199545863 -0.5052609675108999 0.5943166614106995 0.701798668671967 -0.3296006793996803 -0.886084944898513 -0.759162095890236 -0.2829966654287822 0.8044480356571737 0.5910695573243896 -0.08894700210134839 -0.8057071379764567 0.23184115346990797 -0.8704872349545014
0.308399996652245 0.19869998174050085 -0.7838221859304438 0.3660654952886719 0.31485651131832443 -0.8404526456772614 -0.5313369516703093 0.315505228141616 0.4976063017260214 -0.26254751806791143 0.2020493502731773 1.0780006249993292 0.6445071455638665 0.5194756539323717 -0.3044333467041279 -0.6519967979657926 0.19553894826526305 0.5220184522451214 -0.530745250497727 -0.14832194088287004 0.5922865734714129 0.6076303284353654 -0.500551893749382 -0.5033822109198336 0.6100667448445108 -0.3169605196842928 -0.8130211980330878 0.44627203868599896
-0.13 -0.38564739270523707 -0.9653893012788289 0.5311615246487861 -0.24386785737858593 0.39292013177806756 -0.3128231956551004 -0.46877555293105083 -0.9132651631469739 0.1563887507866267 -0.30608213412731006 -0.48740078442651974 0.7046215310785005 -0.09944850320040383 0.24396878708212763 0.6933097916401035 -1.0521261987923725 -0.6574751243789737 -0.802348447276157 -0.38323047314534936 -0.46070978784349315 0.12322449406682519 -0.888766725921435 -0.15396301526252706 0.5918630291859406 -0.33275505409161055 -0.3229842349675542 0.0910963039118616
-0.136 0.9349835978771271 0.9317742614190847 -0.547570910090311 0.3459116057901877 0.16356088077529812 0.01724088563626717 -0.502035698896919 0.10265846985352468 -0.04002912299904863 -0.5095327905723288 0.876797933507134 -0.14780066307539366 -0.2672113854089539 -0.204059995605378 0.42326063590112056 0.55403910166798 0.5433901446875065 0.38315440916030197 -0.5461780718692463 0.6846522696845134 -0.0952947013736861 -0.12879155706945983 0.22556889460306628 0.020285504449192047 0.7496786915293131 -0.6425243997762747 0.9643993782757434
-0.24980001287545098 0.016195865102957525 -0.12581201229857925 -0.8017065686349318 -0.0011989283721570592 0.9086240294882404 0.05485534470518164 -0.7293234541381814 0.7015406807308759 0.44769351015234904 -0.13387225304296274 0.8639017408763493 -0.7860170036675856 -0.7512744768320904 -0.33776020718330546 0.5985679012563885 -0.046405893450732726 -0.4814960811695686 -0.6466007840026953 0.4369724406468542 -0.9503957028771743 -0.07354690352975848 -0.6087071897934471 -0.5771679143675849 0.4919068664179397 0.5165039546368608 0.5841009145408276 0.4846999583956409
-0.6460000124753372 -0.003901032977370482 0.7730952195433606 0.5616718976893964 -0.1474636220535956 -0.1438463734045912 -0.70692404181481 0.3377839348896027 -0.200642092787701 0.3559672738580493 -0.1390231359263886 -0.8872890816835803 -0.03317400257809903 -0.23874495286283767 0.5733214073202499 0.3408734339058952 -0.7147091398353783 0.34165997117078184 0.3984074796370018 -0.984141152954269 -0.6400915461195396 0.07205510697763151 0.6503321391358502 -0.12247092852082372 -0.3748171463727171 -0.225742845100468 -0.796337890855588 -0.09700007684153718
0.3303 -0.9737 -0.6966963061071175 0.6994264175098678 -0.4384609747529523 -0.24298270319827844 0.24637497749901474 0.8677020219685269 0.08878434213964705 0.3046471519565656 0.2701325166709446 -0.44824204914766563 -0.6727338395111822 0.3954705458113303 -0.1464713073016966 -0.39675303580022137 -0.9219073174648618 0.2406367438081516 -0.47249198407913107 -0.2915811875911842 0.26548820964858594 -0.9795375996216252 -0.9755946664899184 -0.66541016374152 -0.4775889270642649 -0.05989996947737907 -0.7286269321725197 0.8381
0.4224 0.1705 0.2867738140164582 -0.7432617036281672 0.2067555538495875 0.8743896851057389 -0.7714338467779762 0.5937082480653536 -0.7053329279222365 0.9185361487816115 -0.7709312961153304 0.849563055455559 -0.6167198506129093 -0.9964029620550577 -0.3197442711370363 -0.29340829603137003 -0.24876836346753256 -0.6779563471800139 0.36557609278202613 0.6748256395445713 0.8980899691776862 0.8199037285887424 -0.9546467012511534 -0.8634570179107671 -0.2930768520803866 0.2774727949394652 0.3522998585715129 0.0719
-0.5171 -0.8641 0.9177771215631957 -0.621734939544058 0.2638454608894414 0.2196652385089363 -0.860021859140201 0.45903611907613273 0.5350176703927353 0.6703210866228678 0.21549659419014497 0.46130366355207675 0.7473610815786206 0.15588599561199837 -0.7734341452220526 -0.4692782337140981 -0.5795088970809494 -0.32506075995348976 -0.13446724629762793 -0.3985664710254515 0.5423007979507066 0.7993751525710283 0.1975089903175444 0.9265206561380672 0.9628279494306019 0.34150001304237243 -0.610299571288889 0.0525
0.5446 0.6254 0.285 0.5075729289848155 0.8181843113401944 0.7577518997306143 -0.34874189376208287 -0.36932131505857174 0.9271702528958531 0.9307799754134222 -0.19627915899549048 0.12964546671018193 0.4399229437955726 -0.9780294284856219 0.020705263568763177 0.35846029067372054 0.5755845582428439 0.45689407631293405 -0.6816695675979768 -0.7843091335336583 0.47070498968574803 0.3100509472164142 0.18962111878906204 -0.20031791532301238 -0.24310253078007488 0.7620001634173991 0.2244 0.182
0.1127 -0.1413 -0.2928 -0.3631 0.6926106297320466 0.5222953961230073 -0.8852749263226315 -0.6459579077313141 0.3655488737717361 -0.10448765486407835 0.6652293349161081 0.47488373720878546 -0.3846199955454579 -0.41075888431416513 0.1844294769639998 0.5869460721903043 -0.013645805142516265 0.7092589201564662 -0.17622487373268034 -0.83159682975798 0.16046493776142196 -0.3256880708925211 -0.4955244469061891 -0.024278105441734577 0.117 -0.5179 0.7411 0.6307
-0.205 -0.1716 0.6704 -0.3336 0.952 -0.9965 -0.8327 0.3134 -0.8245 0.964 -0.3533 0.9919 -0.9338035400843117 0.05874217774508586 -0.33301349559448273 0.23539943761718188 0.7227 0.7362 0.2212 -0.9753 -0.1406 0.8404 0.2682 0.3272 -0.8639 -0.1891 0.7983 0.8863
-0.6058 -0.6338 0.1831 -0.3837 0.0977000003346243 0.09029991735006625 -0.8472816377790088 0.17699869477887406 0.8764151427334634 0.3310472929914509 0.04970073534435407 -0.49644068089165955 -0.9938458301006031 0.8043930748188314 -0.43412489894414186 0.4488963985617091 0.014481485596416103 0.2894516218353332 -0.8030230991955243 -0.924490344235667 -0.8956412387962994 -0.9792198915073446 -0.28842190630266684 0.7961401133699746 0.914 0.1532 0.6262 -0.8254
0.9227 -0.4903 -0.44259981697023676 0.014399699095605772 0.5468996287890927 0.7088249363646629 -0.5129951168230621 -0.13990882179427713 0.527860024921473 0.031968505667502534 0.027211060781027804 0.6443756155803512 -0.7505037864811641 -0.8613904582375758 -0.9896586848330118 0.5844998139809249 0.07788414313007679 0.10660754599464439 -0.3777620966877404 -0.6369229098093794 0.0671000238534595 -0.09302207143112044 -0.9727881229819382 0.014001805745101752 0.2433335092324788 0.12700930466220534 0.6626 -0.9189
-0.4121 -0.599 -0.9007990534681231 0.18589913478518505 -0.20938980109158903 -0.8002034199704466 -0.5953103382490574 -0.5538668837370532 0.5480761076895814 -0.8051683683997017 0.8937969420749442 -0.7938789133745139 0.25655261389943335 -0.5296247554391167 0.350541294295519 0.7160584176624777 0.7498698219673039 0.9197303031972128 -0.7530253174079953 0.004797435298689908 0.3987649246582953 0.2837488111603795 -0.8212752901292031 0.130411845693651 -0.7031774521766833 0.0775691683758368 -0.5701972287305462 0.2193
-0.6724 -0.9511998259845967 -0.9499153274779423 -0.8793852915666059 -0.19191712463460175 -0.11802758915827383 0.06108503335846636 -0.7745073508589954 -0.7561886885192507 -0.793170384929101 -0.05558961035780719 -0.3712832495751568 -0.9050770896938004 0.6948913062639251 0.7239026043630374 0.5206061596004903 -0.5808797303473685 0.7770320995519561 -0.544649923161072 0.8913538451100751 0.5711984650033187 -0.841307455190987 0.22036819012482384 -0.6017509363320971 0.7782786660277721 -1.0043272326192636 -0.44881849647434324 0.2106950406786471
-0.5105 0.0152 0.082670255352992 -0.011766414444018372 0.4952311472454342 0.4015277773101882 -0.6001399217927972 -0.0021851701493590054 0.8183902301433476 0.2484199445265253 -0.4015688245253197 -0.3816714370036334 -0.4543857269798692 -0.3118415421085177 -0.27331332982205836 -0.5953967703223467 0.8502437188746157 -0.6073706599274968 0.7841938704797495 0.6886723962716025 -0.42839004904909533 0.5808560618517272 0.925106030268347 0.860714591447347 0.05764758575028441 0.95944594353755 0.39194739254669125 -0.7540256924745679
-0.6065 -0.8978999295422633 0.5542516652785737 -0.7140756462038729 -0.8560556676501151 0.2980872267761094 0.4306851141622 0.5250611947180852 -0.03872012537455839 -0.4981735150699527 0.5042544196539323 0.2831276217858685 -0.7065887755838371 -1.0806770521077802 -0.3819049670898878 0.0741662591573259 0.35780958696306175 -0.046276081392064454 0.546191416203399 -0.28114705671121315 -0.2690138202444622 0.30864137924018664 -0.5351978512885468 0.772833464746154 -0.2642766037041536 -0.790046298037796 0.08788707605618797 0.5105385750991901
-0.013800028386394736 0.0359800887199015 0.2547943718652499 0.6449154019631491 0.054197649047604886 0.8370839183272246 0.19454747399793199 0.7082797465752918 -0.2464387801318142 0.8346438657013852 -0.4282890890212154 -0.8413631698125991 0.3186825705935131 -0.7627888084037657 -0.519960170799546 0.2942311065983496 -0.5673374020091942 0.6869232756072655 -0.6728739179265878 -0.7373817152126935 0.5624630725965317 -0.4230138071585707 0.7725902721279901 0.7407804162148547 0.4726664649254178 -0.2156676572995816 0.2614620699727417 0.3308562996207724
-0.3832001153630475 -0.709054411123734 -0.06107068205613716 0.7156404669601434 0.2950435346325444 0.4651670181904838 0.22026380397447468 -0.6466500003134003 0.43043139421358106 0.6024383414930552 -0.7695530056835752 0.7408443188745913 -0.006170171229541187 -1.117468676030622 -0.849776262837689 -0.5235149417585009 0.19508142138727474 0.3728974954374629 -0.0626722108436485 0.10207544874916678 0.8736365009559738 -0.19077152867062283 -0.8946096707437612 0.1163365560120382 -0.36360488672026325 -0.45571125374080673 0.3115797057507732 0.5462747448976922
-0.4113000187291677 0.8514799373487145 0.8891348753167331 -0.2077535503169293 0.7270512385156331 0.9658484761592143 0.02193846021405125 0.14422503395818487 -0.3597228713000615 -0.10167771039493963 -0.8429212686990897 -0.32916123168728545 0.22516080079118547 0.38634347946202396 0.3459615885440582 -0.22574226449496917 -0.1765392920378135 0.09531921393031217 0.8241700661242825 -0.1861351024891557 0.05170537977356497 0.1161536492594808 -0.30210744535069184 0.7084456893933933 -0.6178979203728461 -0.1596902049389388 0.24912662931786828 -0.9914811650733034
-0.20810525015127676 -0.504787934274701 0.7958450571300159 0.10992729836156985 0.7588473899609051 -0.7617070825946467 0.5386744289615663 -0.644451181915575 -0.10317202213244867 -0.8998926071903235 -0.32182663003088346 -0.6831873382802531 -1.0623420459861501 -0.4725069872100735 -0.1288845069390688 0.2705306899698951 -0.3912480043743004 -0.6624538271062916 0.7666032763668883 -0.06657258161198663 -0.3305954949236872 0.05445599778100166 -0.059031596957352564 -0.1974437177107107 -0.7769871044961665 -0.34129003495430676 0.022353704955672973 0.5485259435380201
-0.02777579017187593 0.5735078448599615 -0.04922721606719195 -0.6636650571201959 0.7851595022051387 -0.13271581224245083 0.8194145488127049 0.5084222555386566 -1.0897573988836624 0.48347467665139054 -0.10704023415638915 -0.6338613385151726 -0.36671247162385673 -1.120384726715968 0.5137046454679731 0.43410601699895374 0.5028438183104439 0.7985705509414148 -0.5487735174203536 0.3115194024299498 0.851231663315561 -0.8978819225270251 -0.08680631529753206 0.5406569424394908 -0.5136067552598671 0.8574776397239091 -0.6972904065753464 -0.9581912803601025
-0.8828019265116176 0.2306347709488809 -0.9887401363825454 -0.13963789607716234 0.14747257007143938 -0.6654685912691154 0.47298407463549447 -0.9661348459226993 0.6688658928334146 0.720929964275909 0.07044140501911571 -1.0210086834573482 0.6575633017955449 0.7231149271122217 -0.0861157865974433 0.17825808445345437 -0.3871236614046109 -0.7000337717107139 0.9819883954788888 -0.8508853344052658 -0.5812949256131729 0.013295153452182781 -0.5394970599542511 -0.21557810355734158 -0.8383851955667905 -0.6947704682770708 -0.2140126805841663 -0.888790710025669
0.20700212983362326 0.1490992971163194 0.9350780452432115 -0.26425384660679846 -0.928642077550115 -0.12379564455085448 -0.9825590111744832 0.7317480058058259 0.42227138808480347 -0.6232246306110343 -0.29459334948759963 -0.30674817618063693 0.33404439424356747 -0.07311571682979097 0.0928395053198842 -0.5565116636301664 0.0591733542859671 -0.07578345671242685 -0.8948586535858416 -0.8710666496040121 -0.8334602136538887 0.23036268526997628 -0.6428294418762075 0.6002666910064842 0.1787115678719664 0.02850251790951134 0.7829589684069216 -0.5693589427990317
0.9339999778849226 0.4439878517646996 -0.4230150092362467 0.008984921721389667 -0.8028189826143116 0.17005279103616858 0.9245870671596704 0.07209848309366229 -0.01631532474625778 -0.25496726666288066 0.5658296407275294 -0.3533841356798095 -0.5574303955091569 0.09685885413866528 -0.6617160323412757 0.5363707516507409 0.1788192814391036 0.024039866362557373 -0.5766140300807298 0.7383825681720301 -0.30557753642991264 0.803539300812591 -0.617805707879059 -0.7969127208323575 0.48656560203960497 -0.7438187065907497 0.6773450933143315 -0.6408611835456777
-0.05620001226507086 -0.6344997309876707 0.5013095039628392 0.9091944084854909 0.5760907487760278 -0.7315621552165451 -0.686261151960137 0.5985072163387505 0.4756126704841554 -0.3433700265550946 0.17421351889398423 -0.48884772356951367 0.5809127005590438 -0.14572442960433168 -0.18362463506321403 -0.1572059475398391 -0.008674861330242546 -0.003110457229514826 -0.562088448210802 0.6509103712214517 0.650241609264935 -1.0403338881729176 -0.4131913293434776 -0.6886042739594085 -0.5444285379962753 0.03346139889720023 0.8441520572385992 0.8393177699965586
-0.5216000286593202 -0.5670242593975453 -0.7172205553717391 0.6037685045750306 -0.7383980047503707 -0.9875165480856917 -0.7738155412971 0.4871696315044356 0.48522891478285735 -0.3059083416644063 0.3738192444857977 -0.15282911630738355 -0.17199949340512583 0.5356565842363168 -0.45373404267130174 -0.07947047078778692 -0.07557648163942735 -0.8092681130947481 0.1002956476806111 0.60618958159617 -0.7657489340698344 0.07569709930186362 0.6644353351492859 -0.7651406068402747 0.8398288265939586 0.8387858079706448 -0.7653319267263242 -0.2144198574027691
-0.3286 0.7059147430631402 -0.05265617864571459 0.5182432612260744 -0.18068294040483793 -0.6627647705833267 0.383169820415418 -0.7854308607790789 -0.7399502100598262 0.2900447748834622 -0.6541258591724063 -0.18992215938136214 1.1199285300020578 -0.2366612810349679 -0.5037358975345763 -0.059562007440342755 0.26395773006028783 -0.6328629575344593 0.28895834062888576 -1.1814826821757614 -0.6750732785898745 0.10944539435417819 -0.5394775988911233 -0.08653324524063556 0.7337468356080864 -0.48913956581706897 0.5188094365074943 0.15945734649045687
-0.3647005307394533 -0.928500349414934 -0.765639923554893 -0.6001717490011719 -0.2380739728319722 0.6347673592450852 0.2900198430131811 0.2305673308545292 0.010225490549411069 -0.37856407930360203 0.9664738419056492 -0.009006191570684403 1.0939301748699952 0.2939643158135328 0.7843405904770389 -0.9901541559375712 0.817237826051886 -0.15045138637202368 0.4007814348533374 -0.010510466793087479 0.6403473903201912 0.45002819517802317 -0.44187013081383103 -0.6053147705822491 -0.7573965849850791 0.1575791216829011 -0.002191622837784105 0.7230254236306737
-0.7112 0.4368399246204793 0.7872259347342373 -0.5083379383802251 -0.4859661402911088 -0.34130517159044754 -0.42879757471763913 -0.38295230659614715 -0.7511960726623504 0.2413130156555463 -0.8503541053979066 -0.3498242631773836 -0.6115531886451384 1.0966692529100224 -0.5378116255296878 0.44431824371348483 -0.668337578538291 0.4036119806648602 0.527228213687306 -0.9926320674916678 0.26489195997826265 0.8815113026023779 0.8686940425043738 0.731813751097267 -0.4470768247048564 -0.40711996472630035 0.19589382891925267 0.4211780330021116
-0.687 0.9551586468295952 -0.4835937401179983 -0.017340395057844727 -0.21225208446407554 -0.8772787228067386 -0.019304250466503456 -0.2511092057551864 0.02479144565099135 -0.43248536934270165 0.687381605226163 -0.5840075166685489 0.9776173525072992 -0.7725471042598326 -0.22502585677231612 -0.12957528804428117 -0.46274114648839515 -0.5685589777834098 0.5042415497484353 0.39708099131735525 0.06958632619644536 0.7744027496771321 -0.9876327469218527 -0.7856694227178666 0.5235266526583158 0.15442211304781098 0.09595489127050079 0.6348000243027078
0.7276089780842856 0.08366300125596685 -0.29990680822133453 0.41438464016363646 -0.1858155521855258 0.1904400582856288 -0.2452012391969818 -0.5786921065093542 -0.16342009323039441 0.9900954022726134 0.6697118659707116 -0.9057342559290067 -0.6551237845153467 -0.8122757214914254 -0.8659575423369062 -0.7780921495863634 0.18966121926691945 0.18965415284596765 0.24962714307517814 0.8895302825304627 -1.0460814431411822 0.17674835206297385 -0.7622307617224952 0.6744545108432335 -0.06978886308754495 0.5291991509275767 0.13843268507484605 0.5800999995703041
-0.602591300915943 0.4347012659227509 0.0639984817610636 -0.9154137075330977 0.6790320552774886 0.21682545911764098 -0.5923659196932205 -0.1998080521440519 0.08052948205750951 -0.7485491137774956 0.7445675654755526 0.8413029295957195 0.888748590026116 0.15880378623334776 -0.9588976136927502 0.3383973731322202 -0.41748233577121646 -0.32662626413839135 -0.9163560992607398 -0.43906840435148414 0.1524969490484792 -0.6038343058745338 0.019646953084213343 -0.19944439004276215 -0.3049538278478776 0.42425955895402917 -0.31890613199037265 -0.7359000007936305
0.4451 0.9947 -0.2867159428615054 -0.35656719388237446 0.6009438263378206 0.5825322076986819 0.5284554999807144 0.9943075506338659 0.1627837108973459 -0.6067027955416348 -0.6324823048379058 0.15587659235354787 -0.28452164132056157 -0.24952544414366382 0.10398418569190528 -0.28352054188693004 0.6418415725528709 0.5214110382491758 0.7695864786797 -0.2975655115577361 -0.7285886057188842 0.10466411502928959 0.6147653463919205 -0.9239410569944085 0.496647597451439 0.17185090770362318 -0.5241664599355591 0.4539
-0.7364 0.766 0.8764449536875248 0.23191157754571973 -0.19031568550290068 -0.7704481248326429 0.7877522260304185 -0.7555114989513422 0.3249199296610878 -0.38785473476896803 -0.5025839961896357 -0.39731525682610064 0.5904333055687889 -0.4509565216917608 -0.007565057586874782 -0.9985484348835503 -0.08525405294234183 0.06875805988067347 -0.20906502446764047 -0.04615492377804054 0.29102252501431825 -0.4899615403380875 -0.40475220897177133 0.9517543009708779 0.6468788156940342 -0.951053783128598 -0.6206980080987603 0.8589
-0.9242 0.81 -0.27899257577451686 0.9923360347210298 0.9670588376932363 -0.9942950544556224 -0.6491240400519659 -0.7423502978678087 0.3420301716337222 -0.7696071435929378 -1.0144119449951856 -0.47475913829401273 -0.4505396634287444 -0.09045481096127246 0.875867539087632 -0.178996148520091 0.039827460750780176 -0.13679962563970632 0.0796049828864204 0.8693143613484015 -0.1826558824789087 0.8144562627662297 0.8332616237134628 -0.8296057990276641 -0.31006056150396 0.4971017848219683 -0.8884978936301305 0.3123
-0.6898 0.8073 0.6882 -0.8077026521552092 0.439336890188786 -0.10750958464208697 -0.20265089967257083 0.9221209379539085 0.7078546677234282 0.9656114862364991 0.18951093885628822 -0.9729115431187052 -0.5253523856891326 -0.06443027396893443 -0.5259737102955973 -0.3428319574615361 -0.793504508280496 0.001346831141848995 -0.07194616323705134 0.9441288539239976 0.16802025037813595 -0.7684311467701919 0.11668060759101215 -0.350576658855279 -0.3766979812239348 0.8508999996875111 -0.5734 0.5505
0.9001 -0.4806 0.1109 -0.807 -0.9207000601624361 -0.8855010606090216 -0.8967185900320017 0.30425702855857545 -0.829928328213071 0.7286654756594739 0.6391485748771724 -0.9583094761690492 -0.5329222542702337 -0.9799504474153965 -0.5118784872181618 -0.9577661337087322 0.005356329131264138 -0.3974661821647739 0.6125965018345162 0.990187554441318 0.5490826707855532 -0.978291321883815 -0.8271427895243857 -0.5579053995511775 -0.8218 0.8268 0.4505 0.8462
0.8691 0.8817 0.1919 -0.4746 -0.7976 -0.4323 -0.0685 -0.9243 0.9914 0.5519 -0.6249 -0.8357 -0.2067349205821923 0.17908016965415716 -0.995300309273171 -0.6569000128879033 -0.7542 -0.7546 0.9199 0.8662 -0.0285 -0.6033 -0.9911 -0.726 0.9285 0.942 -0.6533 -0.9475
-0.8257 0.1083 -0.6652 0.4432 0.40749999601684767 0.11820024754826167 -0.09057459902376896 0.9464854513375051 -0.10645225833025757 0.3705070642523585 0.45720041902476083 0.8281812196748093 0.6213361756551816 0.006705514311994562 0.010438205789703118 -0.8804144675457329 0.8721695920258127 -0.027153049768086482 -0.5506991984530579 0.7181281499855235 0.9121878489329617 0.0573233568615086 0.24763282960883204 0.2006295344214473 0.2572 0.7033 -0.6996 0.5393
-0.2652 0.4695 0.9152044761664352 -0.8300320931097787 -0.7433577495275818 0.6649937075084692 0.5225262261363908 0.5531469274361379 0.823829209451621 0.9878499331905091 0.10804715441425561 0.7074026857497382 -0.7584577945399339 -0.6592148110599408 0.3229843591314472 0.23160689639707704 -0.37910406534566415 -0.8782254341077473 -0.03251851345885631 -0.7249383532730284 0.5198997482413413 -0.16086140880671948 0.8477517580686657 0.4466734411269777 -0.24910703048623375 0.36467174151296017 0.0898 0.5666
0.6824 -0.9745 -0.24959005877582688 -0.41389524151224 0.5281157563460714 0.5919994903809084 -0.6018319571431927 -0.1029141525419364 -0.9803116465955684 0.3350193193667611 0.8277088311914962 -0.8075830619951849 0.6286908480141642 -0.3929498208864703 0.16854901524626204 -0.8874257754640439 0.6308840732808304 -0.5995969707063245 -0.5838628425360652 0.8250649922820013 -0.6757581875658762 -0.5294669654597974 0.5393097791151026 0.011026206201159962 0.16474725510473737 -0.9656304589217852 0.30550812322857984 -0.0338
-0.2553 0.1378004466409481 -0.8666139296330547 0.05117369191053453 -0.6791020648653903 -0.6198998708609518 -0.2718517849262047 0.38555578993709655 -0.8954762769639867 0.8078283311934051 -0.42855285128256504 0.04486703409597891 -0.3744440679748157 0.950294278045634 0.7334575578446397 0.17371851733882773 0.7840505583987273 -0.8921813160343762 -0.3606706615386934 0.5884729134325976 -0.9246773166048575 0.2881965249322729 0.6388026340106909 -0.8588738159300764 0.3309801701581684 0.9516079519868866 0.3034239502352189 0.6136084397894624
-0.6875 -0.041 0.8147824749383346 0.3815998880805103 -0.4536175815625341 0.05560444116009385 0.9836890501745245 0.4090819873485872 -0.1411020158017147 -0.19291703263215915 0.34044866130356727 -0.383409380016192 0.17642373451994273 -0.7534652489326795 0.9140064772695287 -0.2212920847985755 -0.7061053166262368 -0.0954937780195546 0.15365367391225204 -0.3101667209703208 -1.040052220907257 -0.5176003888040109 -0.3717605893240696 -0.07441614364902406 0.09198208567505896 -0.7549222211544993 0.6999634360849031 0.9062223910324909
0.6503 -0.30219627297696144 0.7607995271438427 -0.12333729350753614 0.9506075269428927 -0.1033761227762997 -0.6083557078370795 0.09607224880052011 -0.8533199417216184 0.7583062599125692 1.1952750485624146 0.0588918048452353 -0.7461273142352645 1.0517740214825668 -0.6928364090136758 -0.1681788708141285 0.7640434392291503 0.5865627652548833 0.5926829994589343 -0.48910821233102775 -0.5105988524655608 0.3600264136385924 0.3587704651169835 0.4811779751424729 -0.8236670561554353 0.041092661643599045 0.992980243490173 -0.9519167234901618
0.7131000306440294 -0.5668385108079975 -0.9064422664670612 0.10114746392417771 0.9713163313198119 0.3447959048839011 0.08988908139204332 0.3164522652373836 -0.14669996520203968 -0.4148242608934522 -0.14335439366105823 -0.30708626508419734 1.0649832316315664 -0.7695387051736025 0.23576308095486742 -0.4684618276715675 0.03670671333690233 -0.12069193709139155 0.9251577388830903 0.4151395811551555 0.7788704572519415 0.4791019585381898 0.14078096985883162 0.45870078539215176 0.3763893526580181 0.3324306529807952 -0.2915874896058119 0.11912111722733168
-0.07219987546186664 0.18728071131884327 -0.47133749789207946 0.02259482572857818 -0.17234902702424193 -0.21991627167628525 -0.01467554198918616 0.9847619270366204 1.156509628171882 0.35977715059201926 0.7414997307476755 1.060594868275185 -0.26194663540311214 -0.2563731656499372 0.4991585968810096 -0.42263949668606493 0.19610148948473616 0.9598410148342803 0.4839348511118232 0.10459270881803644 -0.042803992483625465 0.6438308759035463 -0.5360514469214334 0.7819793741902571 0.8459722433197082 0.8450036982182948 -0.325883061471852 0.058718137471422384
-0.21589997978125902 -0.42337702170222313 0.27911332571981573 -0.05409907711020196 0.5096348413975018 -0.3205634739751409 0.8761674741594822 -0.35643369382463275 -0.20487451096543663 0.27589210914140794 -0.07604196963052652 0.7303396605048416 0.16669777473387218 0.6227066511428244 0.6415313678335144 0.5390225930912768 0.44147834784736895 0.8582143578721502 0.8483771790691859 0.08494149000369229 -0.38792862788631705 -0.002766640163551151 -0.16229542119835777 -0.14334240007340374 -0.0004628455774972658 0.29561437037131383 0.4049041768286244 -0.9614452975801827
-0.8732995326778241 0.3278046865131133 -0.35416077163117754 0.317698152959058 -0.46879415086658965 -0.8517300494018392 0.3674923699551596 -0.6458173554687366 0.8042150834563121 -0.8595939978762297 0.45972337621061926 -0.12341105255165222 -0.8195382045292475 -0.01947560994513926 0.4193433009548197 0.029963807826639086 -0.5950094576850663 -0.66047493721347 0.3323789136921646 0.6450372405815965 0.13760280371435954 0.20612539646853764 0.8687779248233153 0.7102199414677894 -0.4154223694151807 -0.674082520498007 0.6709244605400229 0.803907465247158
0.774860624217385 0.9499814029987675 -0.7027837414208531 -0.018180709253504446 0.3310218779991395 -0.7798243661205315 -0.5067587592239791 -0.734337092607351 0.14921494349075792 -0.3962701891474686 -0.8635342263882897 0.3803050152002489 0.90346699268548 0.8579680151168222 -0.550275575333272 0.5247383187127581 -0.7905992060938392 0.45152054689635657 -0.73506902606008 -0.7387414843894676 0.7233302417537667 -0.3567951538086954 0.00467601656634155 0.8321534973116502 0.7504392052859044 0.10369840869213895 -0.20764583687608232 0.9242193808761435
0.10372981281878708 0.3075338935119571 -0.9692569783151721 -0.6298660216971306 0.3580208162272671 -0.7629456219053629 -0.9365394261639777 0.48704865387997387 0.7210897276593241 0.47153311705307915 0.3410420560201295 0.10851497168305357 -0.08733648521957978 0.769769048159797 -0.31882137795341353 -0.464366921121562 -0.30448199311553986 -0.34696196939156715 0.6699846974391476 0.6156501703429026 -0.9463957830933494 -0.0545810757866569 -0.18361513877569205 -0.6906853297970508 -0.12633000573521938 0.5865628419855806 0.48061325533799937 0.8065293918776218
-0.5862008748405168 0.2831139783659517 -0.7097470685598964 0.06400811912838592 -0.29566111669975964 0.1469251898599051 0.1102638780914876 -0.1370470448793269 -0.919267227542292 0.04789209002757718 -0.7002134461532323 -0.6417936822033236 -0.21770106313126306 -0.7674090895062755 0.5415375904644717 0.16989660042496713 -0.4904077959568331 0.7705255943722276 -0.7839696378776353 0.08691246608589313 -0.09596760079066144 0.25575150313049955 -0.941320339818623 -0.8943328368634603 -0.8781027264643907 0.7823223151288532 0.16100059885416657 -0.10601976085891282
-0.79768953689004 -0.983658208794835 -0.87890548306817 0.39540344751499046 0.8935233003885819 0.09584754547214433 0.612206967282516 -1.0435726271435017 -0.3879921010545347 -0.5556569512021177 0.08408141190708554 0.5155896368630564 -1.012466919303919 0.4228276048868443 -1.2906180860867718 -0.1446006008730686 0.028003754699962163 -0.8670279444161779 -0.37524975439501235 0.3743691337786173 0.35665157675849835 -1.1647139497316408 -0.26133379855187927 0.07778512204535022 -0.6335728665658429 -0.44463411536199604 -0.9428906601326056 -0.8342236127764701
0.967403467211003 0.8160072582342693 0.872976361973917 -0.45290481641317937 -0.9267562861186084 -0.5278152044442409 0.036982366120897954 0.5534884529461858 -0.37024412470101276 0.2569765255338681 -0.8285812999059332 -0.09582239905061668 -0.7752109147982813 -0.2131817213357213 -0.3915906559072083 0.3346082760025425 0.03852846925499211 -1.0967963466567696 0.26094646993947523 -0.8408468694299345 -0.9814975785791494 0.06749940656894446 0.5881515220777924 0.22472456432842364 -0.8257201793925304 0.7753827393103409 -0.14612253625118116 0.8835024957454981
0.1850002333679006 -0.6987518003856206 -0.6749046613082224 -0.9232483485254585 -0.540611464461029 -0.6846909634388125 -1.1375341621122035 -0.8620568761999927 -0.017221294153955357 -0.7090920041855386 -0.8790421693254624 -0.5565723823552569 0.6973940668324825 -0.3529577958962664 0.34514404396316045 -1.0063973967484716 0.004247646970860081 -0.6538513664740815 0.5466595860727362 0.42368165498939564 0.538542052104719 0.16508490785214947 0.7804024956716759 -0.16878088861589263 0.8247638966596821 0.8982814864103351 -0.3575078056530042 -0.6328038496296423
0.2367 0.7012589807893689 -0.8362314480253009 -0.598852876933147 0.4250197986819844 0.07525303624736832 0.5919343875294386 0.11538722112791665 0.48307320173490825 0.5568975579511822 -1.0585355116057036 0.6450218325717574 0.2294863961632546 -1.2978679009778837 -1.2897451904302084 -1.2150255129962417 0.6862152259781454 -0.7003929584464311 0.3764342992537322 0.8291439677101153 -0.43383844250297493 0.3194004107399318 0.45551042363560973 0.7694176052762864 0.23740044952588288 0.8409293543497154 -0.2641312739468319 -0.9087621559671506
-0.9915010184160339 -0.5835935236650289 0.7454169215845305 0.978816812575413 -0.46218179691533423 -0.40439936590212266 0.2542443111490726 -0.6110883689382356 -0.7184397781554572 -0.5027494746313311 -0.55439437710392 -0.6520451157591706 -0.7314244516481269 0.2881053654349222 0.1712783974920875 0.11073254270305666 -0.11928138330491117 0.40485506546661953 0.3539122657036289 0.3779937538328324 -0.7422786601527611 0.5753587009411782 0.034285788950142546 -0.2634000794452853 0.9384086188304925 0.08058924126096274 0.344944662449085 0.15993392831199704
0.9986 -0.2726951003444985 0.4103170611548585 0.7567658213185886 0.9713538311589778 -0.47481675057375994 -0.6566022651062081 0.44399000486676315 -0.03479321466626681 -0.9169733572989794 0.609039117140035 0.4527255403620344 0.5065990884628181 0.13988309005753755 0.056568628427606175 -0.9380248450036583 0.322422958317295 0.6679778590879116 -0.43958430948860333 0.20540868078511054 0.522099320540688 0.908367981470012 0.2894133146592822 1.0678055636548083 0.8129972437798357 -0.23861147725027448 -0.4857949129512158 0.6296918248564386
-0.7236 -0.5398912054420566 0.49245826738463117 -0.5600085703051483 0.16498284871428645 0.41738219448555247 -0.2635784200158867 -0.057332852656792534 -0.8260518670553274 0.8367191566317924 0.08085737764412272 -0.3491776397631652 -0.4828992755307409 -0.5079536204513126 0.24167579373242903 0.6027804546642347 0.2614523443807386 -1.051500581765051 -0.2275776985727932 -0.7703615621353599 -0.6477745457414995 0.8014787018909307 -0.384502024348223 0.8886722133113883 -0.21658558831030153 0.8888224467913406 -0.562578670344199 0.5576000189455604
0.3765870101911032 0.5845066921449837 0.9465634550302486 -0.7412538512449512 0.9438438008819849 0.41494880748116525 0.8090283424041594 -0.09110434527027393 0.47272704678189476 -0.33615220614795077 0.18003533780903713 0.47670900037622954 -0.3297827393504391 0.7391673591295985 -0.8205344114170052 -0.1515201382517401 0.5461867258876234 0.1485461438342001 -0.06014388649001876 0.24968071439654238 0.14906078448070342 -0.8946161380028512 0.5031013863121718 0.536266135971327 0.048086181195875884 0.9395169875066054 0.7553621242631035 0.4863000837941286
0.41548741385847127 0.0430387825735316 0.3673284215064225 -0.5559904860358759 0.8647027907460249 -0.3481050021019618 -0.4069745892456585 0.5031656834655471 0.1856559019293638 -0.011609011370280226 0.9310604569638706 -0.13971863164638662 0.7188083468993959 0.9615116403359284 -0.2421018449189474 -0.3788433411235697 0.4704281019950931 0.6695116382354855 0.3721552701543387 -0.6568325493591108 0.00862362871234325 -0.5454024551789687 -0.5349136173627682 0.4711767159696658 -0.9397016591754859 -0.01793450380092827 -0.40151115443790364 0.949200154764303
0.2919 0.3845 -0.8098318782664681 -0.12717483527017762 -0.9077570219741448 -0.41602672261915785 0.06923026193974377 -0.10743924483499907 -0.5908560913837053 0.6688515858882307 0.4881056458147224 -0.23674473980932367 -0.17790626774183535 0.25290345276504267 -0.06718144544013822 -0.4810410137145754 0.8031568703469749 -0.362888405706105 -0.9271809216562664 -0.35217677217696974 -0.8289767723324758 0.06498634095349302 0.052973275662671356 0.11815040720209109 0.5509947694865965 0.34676830912737405 0.8299593223143574 -0.3798
-0.7672 0.9025 -0.10915970831749354 0.641944457343568 0.6426930910062716 0.4113188543285715 0.8963263736583925 0.792897552167135 -0.7044481977808881 -0.5929431510078144 0.16082594101942813 1.2833830031338311 1.1953267770795928 0.9756671186285835 0.35873351380745033 -0.7394341139068116 0.2735027903079856 0.7285721595309976 0.3930795083833198 0.6635562096194493 -0.6027406197897798 0.5286655184683025 -0.6686789274184228 -0.011355420775034526 0.7994621534065528 -0.0903844804947335 0.8745917165870235 -0.5266
0.9982 0.0329 -0.14805117238295512 -0.9791194506362536 -0.2734877431171925 0.6366587824778063 0.1998085027414626 -0.5205174726518811 -0.7569081254925458 -0.20591421578579272 0.014932434425624225 -0.1825880352314401 -0.4913805308576791 0.20273415786129295 0.581210067692279 0.5773780826652 0.703188679692849 0.18121718186008373 -0.5396576489073417 -0.22455333097775532 -0.8846913082275595 0.4146640443025042 -0.37657516095256643 -0.06112627608233185 0.0660685254041387 0.6533565453452478 -0.04460276970964828 0.8109
0.3453 0.0953 -0.427 -0.7123811731119107 -0.16419855987853435 0.2832027441997876 0.4889698752982087 0.4034126494885993 -0.45930147583386705 -0.7954241023832324 -0.8873850921254671 -0.687081695029452 0.8263126543291439 -0.27438751221842683 -0.17827867497153269 0.14066263496698575 -0.8055300584486554 0.8887271762079451 0.3708682516285167 -0.23066203394796098 0.008377230058216202 -0.33169695336579824 -0.5939955886275182 -0.28465168430448407 -0.2905016649261031 0.954999987837697 -0.1721 -0.1337
0.1257 0.1547 -0.8344 0.8046 -0.5928004591476393 0.7095721988509339 -0.16483899429199148 -0.3290456866410042 -0.8901959095035936 -0.8719243743332393 -0.444113066962067 -0.0824014725652806 -0.8144565480075157 0.8961911121336796 -0.7930975301295096 0.9273428023723708 0.026359313747634984 -0.017819853994384238 0.6478280518505597 0.42277780025738804 -0.08811429558504096 0.8185995537520103 0.013590970327836233 0.08379913936246462 -0.3932 0.7214 0.9632 0.8916
0.4619 -0.375 -0.1236 -0.5451 -0.0561 -0.4634 -0.801 0.3892 -0.1651 0.2331 -0.5821 -0.7201 -0.6909888193016926 -0.7604859097421796 0.26849809827325133 -0.04330007924796864 -0.4642 -0.9427 0.971 -0.6433 0.3921 -0.2533 -0.0807 0.4784 0.9267 -0.8865 0.3913 -0.3861
0.2439 0.7594 0.685 0.4515 0.7524991860101092 -0.6323057466918611 0.06601159451479503 -0.2691968876043828 0.3327842332988883 0.07052393149720461 0.2680203089454876 -0.6268540205760567 0.17102385285571298 0.9289177412733757 -0.20515952192240225 -0.7953488741499131 -0.634993185677689 -0.3041546653710446 -0.3077895787244341 0.2871252754071543 -0.8631271350712136 0.14577488974877753 0.013711775565749013 0.673156855130839 0.8121 -0.5687 0.6299 0.0424
0.2611 -0.4583 -0.11110194920999181 0.5700999606541821 -0.7799290807719792 0.9611187517157544 -0.2786021265753732 -0.08621771557007502 -0.02787673678960239 -0.43108558999089247 0.8861608810282277 -0.3838732435519573 0.13660227232435693 -0.6554663023150352 -0.4269146465788773 -0.6730841452841891 0.5706760074421439 0.7908023456221084 -0.9223316403362914 0.23587958203017478 -0.7097865702454904 -0.46937727986213096 -0.6936139923125987 0.5839045756430508 -0.06316114705614596 -0.5773050554797168 -0.9421 0.8809
-0.0959 0.3416 0.241496114318762 0.15739848763899353 -0.5258066453262186 0.5001682815126972 0.014048817835031728 0.6430615163078113 -0.870420731043197 0.4594743771260367 0.7013211471045364 -0.31650994601638915 -0.944107657382073 -0.017028352962360577 -0.9394064735295979 -0.8069360754701334 0.9128049922730889 -1.0586518359936943 0.11834392979832176 -0.5315466611337442 0.16351159827237569 -0.5260501216823062 0.22437188146003934 0.9009641305900608 0.44835689713357213 0.5500464527428273 -0.8299512632103903 -0.6527
-0.8649 0.36530011385294053 0.028503274297984982 -0.40358351063234954 -0.7782832042189605 -0.9512568590467338 -0.9071192929635868 -0.8419498770746536 0.23993463844274254 -1.0169994377968932 -0.9714116773371115 -0.9698547490540091 -0.22832603226029086 -0.4064663679553183 -0.007142438238012815 0.7931211568672352 -0.7784994035690023 0.8990655260223741 -0.24378097721644765 -0.8086905869860822 0.5267882909485735 0.14227135480004663 0.26604779600090783 0.9670607127225791 -0.005619424126622056 -0.7819446677122238 0.05155850111588261 -0.743627108530258
-0.4736 0.3839 -0.6451693780270464 0.25491788808070076 0.8906618270278959 0.889900587006835 0.6376193874099678 0.8974123328117212 0.06147746950410556 0.34475610152574804 0.24357730523558335 -0.2420189222931365 -0.13878087863036645 0.8536558544144514 -0.07944192677458768 0.39188441612976305 -0.22571480002857247 -0.5014042268675913 0.33308173111101225 0.4380388986650106 -0.15143821515732922 -0.388108296054771 0.8677649762211902 0.4163695924835853 -0.8791806000848456 0.9756613385934993 -0.5778519993440892 0.8232276866942172
-0.3748 -0.9298006581880763 -0.017415843177914215 -0.17669986731090925 0.9528068091404512 -0.6775245103939534 -0.3449363785928556 -0.04592343441682532 -0.5159802114814419 0.41348218746362086 -0.6628052320414759 -0.7403823475353417 0.06841725662051919 0.49131696817943044 0.13112920517013643 -0.8428994102876906 -0.17406901680736456 -0.44414424192813984 0.9984100094663051 1.089811346754621 -0.4656451341975458 -0.3344806196491237 -0.3047698396170811 0.7650413123061446 0.39722914456769487 -0.1624435031147667 0.06723528877916744 -0.5056248059883099
-0.8347001089333773 -0.8704191485592377 -0.19884924196162845 0.8919231321148802 0.9580488162738513 -0.5544861267024509 -0.5600637833525046 -0.8758253711617267 -0.4613710137142031 -0.9516664017586245 0.5120729747112013 -0.5186126918038182 -0.7911490962566498 -0.566076966006878 0.8734991736512983 -0.18553698575699343 0.6504580517262747 0.3783318542281084 -0.6256429420585565 0.737609273005627 -0.3552797189313749 -0.7933330494933224 0.9702544872018999 -0.098640946511555 0.6295605957181529 1.017200243309239 -0.6396602277194794 -0.41344055627530146
0.07109955729191714 0.5484882034356638 0.7164672210464396 -0.15605377608943474 -0.9361984339899458 -0.17127587517409928 -0.0026140707183701165 0.8648763527463035 -0.1954658310383344 0.7958263727908019 0.7301358925249021 0.6353058468028109 0.43015324784856057 -0.41523892974825105 0.542069959404657 0.344622416792202 -0.7642099780351351 -0.31099415611315573 0.9463592676993925 -0.432486112928194 0.49019473241366684 0.5098962017975293 0.9895450597352318 -0.13789197972727466 0.7411183876609173 -0.5157378097275586 0.8691092041168563 0.7081332820362664
0.3383999281264314 -0.9647225013032993 -0.49313404133866034 -0.6390095080323681 0.7758534488405562 0.12186559632337207 0.09584307533510972 0.1263417351372869 -0.8261449330332927 -0.6460258714460654 0.9550361115190463 0.8237584421084991 0.8487161271825617 -0.2568424347438718 -0.807449839188532 -0.27762350789422807 0.2548471157915297 -0.14807989281663633 0.8617659943959881 1.0942685767162357 -0.03583814898507427 -0.49262379019629404 -0.27191801096519286 0.9809861579545802 0.9427013757371961 0.035940323915681395 0.4183823137996045 -0.755739966953689
0.7670999174667621 0.6610069046393382 0.8119775307623033 -0.660286811316706 0.03329381023245048 -0.449564573832092 -0.8514186002164593 0.5416561022866901 0.3374371528232069 1.041739969765538 0.41139045296995486 -0.5128691175367042 -0.19825049139504008 -0.3025777755697927 -0.8295450589847979 -0.5055780028912853 -0.6945915599405331 0.573972724099714 0.593753418159294 -0.0869604661019659 -0.03499843447324126 -0.039996993673092826 0.12183412413273641 0.18764919843943104 -0.4489815239314655 -0.6287151102993253 -0.4224707709168717 0.35778769467917193
-0.6212106554959875 -0.8382133135979638 0.05478145419735313 0.05547507049844688 0.7086890787809897 0.9600931267304355 0.17091600904751997 0.7892287930366878 0.8540176066948243 0.9244362288481295 0.6134071810362409 -0.023997073666232466 0.7180450517558163 -0.6482122868956028 0.7097062163129852 0.8403486705736226 0.7548204512862247 0.16917178897951765 -0.08719098858538327 0.8265462014842068 -0.3737063075729717 -0.3398340115316891 0.8941845152405593 -0.11831861658659036 -0.8682758687002978 -0.21956873868930812 0.39059952618375526 0.5021592262743041
0.2503998782961162 0.3861550355019937 0.023953305583059994 -0.8377565184439563 0.5421813475322153 0.025785920887042117 0.8117309536898005 0.8794224282910934 -0.7669366308823667 -0.8196088243143349 -0.22621856767154302 0.6474449789326645 -0.8443082692182026 -0.14781370888667028 0.08669792739086368 0.870555336176306 -0.030218635803480155 -0.8043644128037747 -0.7188053214702717 0.529080293676071 -0.06344164073149267 0.45813527077212796 0.43474755398603987 0.9299644878307672 0.7013513519953226 -0.5776934861874962 -0.12866221398808209 0.5341568475415862
0.8479927971652944 0.32888593275939804 -0.7806987295160485 -0.47162460934315725 -0.5086302608916529 0.3875236748621835 0.724680517073601 -0.1282203602663094 -0.5969881790482046 -0.8789126233278495 0.1360470159339599 1.0230182123131655 0.6589637173170152 0.4573629640839446 -0.5059119850257097 0.53386049251687 0.941064431825422 -0.8785849930659441 0.4454025138854367 0.6719428135687316 -0.7329987626255322 0.7636992211422067 0.15296888027805797 0.642295432454352 -0.5909052401524965 -0.6221363659354484 -0.5107393030878438 0.75664044848949
0.5414000981853084 -0.8718059101251894 0.654813438406858 0.23616744149841984 0.39551028194730514 0.7518094774846699 -0.9061846933402788 -0.8379746715201952 -0.6868623926541032 0.2683373912323093 0.37363826687148777 -0.24431813651897122 -0.3239894807484548 -0.12428598541121215 -0.566317155653274 0.00047275845630944936 -0.6314519045740922 0.86132103307146 -0.006320277163820271 0.08604961546496737 0.16709127079065775 0.2426665156333286 -0.6574305939999157 0.6376800773698579 0.5595256382074172 0.9204377547794724 -0.0835436053233584 -0.19059999940218889
0.7601000161042952 -0.6952001798016303 0.531805261289654 -0.8203238714990454 -0.9340884684900145 -0.3141394463935214 0.06392402058893434 0.9551141850229055 0.10065274581445756 0.2952759190952773 0.5876887095206265 -0.21190391501652214 0.8964041022752098 -0.5161013534915948 0.0542365009846294 0.2030899033006338 -0.4076263187025886 0.2726042682864476 -0.15247187400986148 0.7106484396508799 -0.7097301548071672 -0.08586716246314985 -0.08229083670630907 -0.13343980680282563 -0.19468359882614292 -0.8202559141361051 -0.7450075816435353 -0.13210633456554993
-0.8089000915612143 -0.5271036321956336 -0.27448170769414276 -0.7288704770688943 -0.05472815019453537 -0.9155832484998813 0.4673913631737313 0.14683576201719045 -0.13685174232075223 -0.5390468844990716 0.25810472998222667 -0.9674484704447489 0.5540877160280672 0.6580493223158493 -0.7930755340287083 0.12184745258226251 0.5039819761178967 0.9710042116277506 0.6310304290010131 0.4129609431620761 -0.7665134666774804 0.37456119997056675 -0.6093617062018084 -0.9424286334955898 -0.9991134772685405 -0.6747699638513789 0.3001147591412424 0.13827720034588947
-0.9832 0.12300425633274331 -0.2931818881442764 0.7238462923876064 0.8338395424680647 0.5001642091558852 0.31958538359472166 0.8253670922900929 -0.5478453017477777 -1.0389367120997202 0.5662747054430567 -0.23374576032705985 -0.3817903277279993 0.593616940350858 -0.12833694716342617 0.027886830595435244 -0.6368878543346651 0.12184551965447143 0.602656092412359 0.08202514085970868 0.297853827234978 0.2217978222789712 -0.09333675728870726 -0.9985531533612203 0.8227475275998285 -0.12216063318282461 0.7397432584021711 -0.6489133689174813
-0.8525979389437074 0.0802103935254781 -0.8165088409230128 -0.7512889094775481 0.36225992557799935 0.3587197287023486 -0.2727515350980242 -0.7738504312227489 0.567867223350721 -0.4720588845237799 0.7725505479780268 0.626600285549808 -0.077306954260686 0.6601136576137696 -0.7902519687467638 0.5072469796482116 -0.06084077558071742 -0.4050154039216977 0.09998559056826932 0.26153365194484207 -0.4554225706773157 -0.6566601247581434 -0.10151578933427961 0.22293654195700582 -0.005047358159089571 -0.7400745349326233 0.8098653310706484 0.685114062942808
-0.3338 -0.7984848580277346 0.0975459596301733 -0.7944166194569412 0.45428189557441756 0.24236853490740526 -0.835196677463008 0.4709844469871616 0.43674161749074925 -0.43313224965991287 -0.7474508710516615 -0.2864192658305366 0.08869962686034998 -0.804395063575268 0.5562675089871767 -0.7245321559860163 -0.8508429966536197 -0.2724029588831403 -0.8207737166923567 0.6256229530981744 -0.07706806328416214 0.41596837693530686 -0.33445336930864 0.20669324401717673 0.5091221488780043 0.16349917342956596 0.4536985377462327 0.9319523522213957
0.1237 0.3485897139912219 -0.5351878399293066 -0.28081844637541825 -0.46421479711559843 0.46931569695431985 -0.2622757260148415 0.7530922218673789 0.7119072908662896 -0.3576517187112499 0.14488039249850762 -0.6909612716329621 -0.8346049633685868 0.017049924142515625 0.7750671574333178 -0.4312162790245914 0.1431731262969305 -0.47464591820045404 0.5243357380262396 0.2752943775947968 -0.3609451703565879 0.8537504488098042 -0.24321519888849893 -0.9231737205618054 0.6513031162711778 0.7972957207069022 -0.8310834445137494 0.32510062721675775
-0.012199736496861707 -0.3074958098973703 -0.3282623719869291 0.13195547871080462 -0.6344516677179957 0.22849066064344115 1.0660389452140238 -0.29710925773202035 0.1071675773144562 0.6856164838093675 0.062476727134876786 0.003540092126984173 -0.3863834760764491 -0.28735939475817684 -0.9321854870997819 -0.562241508623595 0.42217392194509035 0.06508502256950793 -0.18579546903322858 -0.5553608000100856 -0.1515522274848368 -0.3636191007268163 0.407103851585187 0.3484236900647971 -0.8471797297044966 -0.9032853336883033 0.828153385906578 -0.9328999977044989
0.6329002553145947 0.684700798056478 0.982117213578341 -0.19008415534695897 0.4207674136137286 -0.12448545764576759 -0.5481654761268059 -0.08387944545300384 -0.504970247043226 0.947817762072762 0.5668111177549625 0.5161582536089879 0.0821487316010105 0.46252092151655805 0.5469207519161616 -0.7119156268562996 -0.6411641025937679 0.4675838516473435 0.23531690503008276 -0.6040407922248676 -0.05868447688752077 0.2400939171515995 0.056040701164443166 -0.49868730732123095 -0.3873712592740775 0.8216830556204345 0.8956966457397885 -0.031299995760304206
-0.5484 0.4462 -0.2873546164376669 -0.3491512101941606 -0.15424451957788105 -0.3619710795730028 0.07339722436948548 -0.8078144693304715 0.773679701344019 0.054507100452587685 0.33792710256369524 -0.430862461087794 -0.5265322989796444 -0.4730713392310494 -0.42767730325155756 0.20488409179650005 0.9756827418373976 0.8238628787559933 0.6817435102917458 0.5241517324276768 0.7524591778062992 -0.8082706648362546 -0.7778593631779807 0.8585875309630708 -0.6987705252781319 -0.5575766237748941 -0.2254716007098416 0.7006
-0.0867 -0.3332 -0.507297855993305 -0.8421084254149732 -0.7155238451109942 0.3132668262505727 -0.5088475662427356 -0.13766130061814982 0.9100448435609753 0.957584549832187 -0.15432668677837913 0.9970050472284294 -0.24948733342723822 -0.49460532748284164 0.7164536911249781 0.467611303966315 -0.6551570601687692 -0.3910715948053758 0.22305751072392374 0.1457163976243802 -0.25182105234559593 -0.8488491120394193 0.15719285052284415 -0.6604602468192219 -0.036131729534468825 0.14760125478188313 0.9350907609484189 -0.2052
-0.0263 -0.0617 -0.004499578018094629 0.938209635588909 0.4125226249246576 -0.23021313493929468 0.08665182968452388 0.8713799290607971 -0.5089588057783658 0.36936267601663425 -0.7621614771549792 0.3909596097696912 0.9134038370283939 0.004108359581687881 -0.18143398330338872 -0.30756983758686507 -0.43333748621584833 0.05777080292624379 0.9862840978482926 -0.5546759209272245 -0.31463280090245743 -0.8074945184566039 0.7069354031654638 0.7984272936727 0.5012910740961015 -0.6991309508096633 0.6766968308925464 -0.8486
-0.1825 -0.4093 -0.6999 -0.7457147768699305 0.5429162849819307 0.711715765375891 -0.9648480577979349 0.6147108896893978 -0.6437582618604863 -0.6820802010341981 0.5510362874812061 -0.698216188634861 -0.9335723774927543 -0.104451077325973 0.6672211982654329 -0.2334967620219343 0.43855027053337503 -0.8322032590613366 -0.24867860498799507 0.8935275443318146 -0.21998458418815708 0.7391233396647691 0.6726472334409406 0.10110863337500482 0.6752000022835165 0.1690000030291763 -0.5796 -0.4115
0.1458 0.4482 0.5336 0.5668 -0.6990999787770029 0.25560006903483884 0.11954062326820253 0.28251505882771877 -0.7004968064204095 -0.41288824700431215 0.6044364153865538 0.3033393953842182 0.955273103899336 -0.6932197149509577 -0.35664248679677196 -0.9968484997289565 -0.35303966606359244 0.7143282279890995 -0.31208002849841 -0.8277492265358185 0.3883133913492476 0.04364733773564907 -0.761862439209874 -0.8422529140332959 0.9674 0.2036 -0.9201 0.5505
0.8814 0.3598 0.5639 -0.2817 -0.8399 0.9955 0.4156 -0.8048 0.7005 0.119 0.3239 0.5299 -0.5077011343665588 0.6372777835079637 0.6622991527996388 0.532199964695818 -0.2469 0.1923 0.0671 -0.8662 -0.0348 -0.3709 -0.4191 -0.012 -0.9077 -0.2081 0.9455 0.5172
-0.9638 -0.6489 0.806 0.8077 -0.4732000001801282 -0.6864010900904189 -0.7688240246605927 0.5314411528647746 -0.4941938800510933 -0.521304503954736 0.8465262262782725 0.32396512818063095 0.5139165992957928 0.6484288622350992 0.7609864989221545 0.9694108858944399 0.9039482033803761 0.8620640312260206 -0.8039260087224115 -0.06852595341442559 -0.2671947822429178 0.11639643095380707 -0.7967769714120273 0.5848321018461294 0.8339 -0.8203 -0.8154 0.5268
-0.1957 0.2969 0.19160086574930427 0.6787999996800492 0.16597947835282936 -0.0743032037134221 0.5257248311752296 0.20562851543405014 -0.15548350492004875 0.7809944256735862 -0.15093696243658838 -0.044517101974572315 0.9241683951637687 -0.37648956362248465 -0.5399645206332234 0.07151325145196716 0.9486216706690109 -0.4316991794766256 -0.984365957776042 -0.09488664817566549 -0.7127799047456198 -0.6677902568135473 -0.8493249571384452 -0.28787471906746115 0.703513409252799 0.6140031305046428 0.5439 0.6923
-0.9507 0.6459 -0.5772980940357325 0.5025000973566 0.7149846041639718 0.8126188131834071 0.5219142895928244 -0.7534093898198146 -0.6910636455724647 -0.34845813951353405 -0.9635472000093352 0.8056012011427012 -0.274642407671268 -0.019250557550701666 0.9316275099587472 0.7348195554150064 0.15570647951093772 -0.25073468864161297 0.18228746050575728 0.8061894563514801 0.33660300327962583 -0.49218495192628653 -0.15024438382040134 0.8252831041678145 -0.0861292312512034 0.16610867978493418 0.6609018081649085 -0.4431
-0.7148 0.6664000052312806 -0.08010741419142316 -0.5212795405938757 -0.7686178559591634 0.5830798445063486 -0.9317945961738509 -0.08382563077276604 0.7453124129479852 0.6620228457530146 -0.09210438358245071 0.6262440254101105 -0.2904320531945704 -0.048627241545072274 0.7115199252489367 0.9592425596265651 0.243208037975517 0.5465195338663106 -0.3141065845930481 0.06439861009343047 0.5575675526267672 -0.15824615292652497 1.0438668261283328 -0.9698644349890199 -0.06930145108619297 -0.10993183719742 0.005318232164165474 -0.18958782034269808
0.3581 -0.5379 -0.843097546480597 -0.28137313594583363 0.672375840080731 0.31889387085060045 -0.7853434600830648 -0.6196551011295243 0.661748796215467 0.13002015516105453 -0.26663372518888373 -0.6563338760933811 -0.33174249998241395 -0.9181067386350084 0.6721807602383321 -0.40287018482545234 -0.5019519948779381 0.977280188203745 0.2973183930373918 -0.6628191340667008 0.30132205402286916 0.7647598167025083 0.6060618815693887 0.5181238504012013 -0.3403061741492639 -0.8564107309993283 0.7446491379215157 0.5479211168584439
-0.0134 0.3007999966733544 0.9116894949633028 0.6527110749794014 0.37157932682713735 0.6813382490586702 0.6869422098841291 0.16336996427938827 0.6405591833441928 -0.29128987374075427 0.5495570408439908 0.8485138602918941 -0.15685019569703162 -0.22438619367221954 0.06980708094197349 0.12543544499419165 0.016172952928209954 -0.17223068134016042 0.9076390876845865 -0.7634567385594927 -0.29734619093989084 0.9807674015662222 0.3315688922134788 -0.1672552076136796 0.6859725611359462 -0.7166563873590616 0.15152678666070363 -0.9273527907611264
-0.0018013584029380125 -0.5795172987373689 -0.9775917900591924 0.6312738950373427 -0.49125769373882805 -0.7578839034437888 0.18589368751432195 -1.1170151898750675 0.4400585509851797 -0.21154835222133778 0.43464319264387546 0.8733286230389665 -0.022290772299588986 0.48708724230838524 -0.3224872009580359 0.6864826063115721 -0.6402662800989292 -0.3703585807473352 -1.0183326685674556 -0.008068996836208805 -0.13623943532216382 -0.8237296180414585 0.03164292650894766 0.8335498256933997 0.8478141238903311 0.25102378245544454 -0.2504129976249113 0.21141087064664998
-0.36480552058491905 0.6445195290995731 0.6565743525576424 0.6486154132574791 -0.609973393003808 -0.5181536756930176 0.25897334660836074 0.3308959273823449 0.6766233190620445 -0.9496109089551158 0.30417788730096784 0.32175793013157555 -0.09637976116127471 0.043546443838636734 -0.3243505984113086 0.576384696786423 -0.9569966680658459 0.15802990971908448 -0.20151737485275983 -1.1762129276325808 -1.0188122444315548 -0.2718803736855188 -0.6580311176603134 -0.18041250935699624 -0.9904606176054084 -0.14965771894841343 -0.6774969605324486 0.5283079855115745
-0.9391008962658561 -0.13833575003551662 0.8104528248243003 0.40595680167310444 -0.38358523022414204 -1.01869633645295 0.5887189449643954 -0.6496706842783576 -0.1953538017011413 -0.6257613156848953 0.3428727952734086 0.2579303084734381 -0.15073974643537022 -0.8770433793775589 0.12674187014522198 -0.7378218101530538 -0.4458182194786483 0.07524087561181406 0.4133558170572663 -1.0393397598489775 -0.8810009399007036 0.5584110502814922 0.3676724187802494 0.19017713021073032 0.05122220583602292 0.7183156959705781 -0.007799496567268601 0.6616049787217265
-0.05779848061152316 -0.987665829043065 -0.10088176955848127 -0.6971895717320818 -0.16676749954364975 0.35334216538861046 0.37329097609713546 0.5280640421706843 -0.16756149807947796 1.057996237305948 0.1550935884731917 0.34813171408541244 -0.7663469016941445 -0.8905019770340267 -0.7876232691847921 0.6768208097464903 0.5775463074841131 -0.3879245207630087 -1.0679128987026152 -0.8474563181462108 -0.09865594582803613 0.03434972304219185 0.8022513095556688 0.31702090141781003 -0.5418472772290535 0.5508019762527316 -0.7026527271807662 0.9778659652140035
-0.24500447715707968 0.799031552801149 -0.38675976290397185 -0.7779569280825417 -0.08275587435726399 -0.9688603567946358 -0.6091326750521988 0.4338174992250857 -0.39017773060730115 0.5049717708149205 -0.05318319202832603 0.47903974063954907 -0.4331417033375132 0.23606218448389785 -0.9880750960123177 -0.21189462387784402 0.2680488026460942 -0.046610336217976146 0.1515106984010476 0.8183703008434025 -0.4866509258887132 -0.5517597444142143 -0.28027243729569734 -0.39006607330171467 -0.18127075327979705 -0.7096233592747684 0.7563211553953882 -0.0009749073647276084
0.23437218683051347 0.11977340786999736 -0.05440946101624682 -0.9765989120087462 -0.06014274889395605 -0.1808712560860231 -0.01073539178342864 0.7194685041465392 -0.32228431203440283 0.19197031967640005 -0.28434976381039906 0.7157293288897414 0.8299050800737948 0.36584284149983143 -0.3537801400398981 -0.29608838923117314 -0.1046558429907712 0.2532108645568657 -0.7502127478979791 0.6527283746463612 0.015508707939195107 0.8909734780721509 -0.2206880343733426 -0.6914200281704741 0.6944884936707171 0.21988897031441765 0.10409226098078617 -0.6987845158333593
-0.9147000116786327 -0.5801982560704602 0.6691382976819176 -0.6286090003341442 0.3116600396197911 -0.9270780322242855 0.05552980850194972 0.38954199251103855 -0.23220543573991378 0.8360006449394565 -0.8622650397346135 0.24593195232616136 0.15171230950191492 -0.9583468056502166 -0.3427458155318512 -0.4461403117484277 1.0167332175582542 0.2269798550094687 -0.5742348872044406 0.2637442339960204 0.2138991664572384 -0.2397763371049316 0.9227732676002776 0.1750488906573637 -0.3923004572375646 -0.12105283205665042 0.31999363043489454 0.5377364956194625
-0.0727525891908913 0.08608734357741023 0.8167544166622727 0.7455150535942008 -0.23587643854188964 -0.9332591876482988 -0.19209980981228136 -0.6672071876752083 0.6540833031786484 0.5929006201623649 0.5646545528320964 0.11121196002145096 0.7797102284759517 0.15427301157168816 0.7407824319617675 -0.659293628510691 -0.10938603762588475 0.872325209237267 -0.2676507010073495 0.03881910275303525 0.443669573427159 -0.8237355476518379 -0.5008259605991057 -0.6548832916909368 -0.6666541627165232 0.25474092763423456 -0.41223968881057127 -0.8370268819798024
-0.18291896905094188 -0.8075646618654605 0.9167140594132027 -0.21866831253714952 -0.5118465472285234 0.07026922663206547 -0.38536600539276966 0.6067580377354295 -0.8742162629467408 -0.8280334282147739 -0.8103624908128738 0.21664452417287233 0.14768934362999012 -1.064613808096072 -1.0761749310167128 0.7573641774386777 -0.45956304364315476 0.6098561726833749 -0.4296619220883239 -0.3764768633749125 -0.8666809797661907 -0.3093424620337871 -0.9592034733359143 0.3826457203389692 -0.1530615301308557 -0.9242273086050218 -0.9121940700193187 0.8555878977712309
-0.4809999291147686 0.34466936132271875 -0.09593827528694684 -0.42594919321769825 0.9531458678187225 -0.4511020846269729 -0.26778491634801993 0.10792848513014804 -0.5957278782922792 0.6709526842552351 -0.24260381617161614 -0.7070370141523998 0.41237222854445715 -0.21049856750555931 -0.7136585204603056 -0.5623950102515519 -0.11388384223952755 -0.8881805242197593 -1.0768007405306386 -0.19816333717051599 -0.6003639520692423 -0.9314783381367502 0.3033506565328978 0.17443549309603468 0.8851166134589952 -0.5466576402229832 0.43363042071573743 0.3071451284907688
0.1586 0.5877800258372886 0.7694326391057242 -0.893188253419238 0.265236565753977 -1.0213979072665682 0.12786413698852137 -0.5581005329353285 -0.6594992043669685 0.9202943432194777 0.5221322209331077 0.1236178236022445 0.026360483540599465 -0.36774739937936596 -0.6231671724248341 -0.3891751879414172 0.6091080195860735 0.3781660671598579 0.12786135865662523 0.23807239840979036 0.8535731601085963 0.06559435583281041 0.1650386601748296 0.5125034541953584 0.8732151384142054 0.17091250608009514 0.41253941557843254 -0.323205595497569
-0.44669997657551086 0.010073670923023432 0.8588810934308397 -0.29217578856522947 0.3764145831830545 -0.1340165020478077 -0.5436383994395858 -0.875756796943714 -0.9435811490046998 -0.5629392470404402 0.5227828135022281 0.46859551661962423 -0.44270140427547106 0.20512784976013054 -0.7616275175088171 -0.12206226456868137 -0.6677758988057115 -0.9007162166830391 0.6370764400532871 -0.7472170368312722 0.7960454234273138 0.09981287092946038 0.5774845399780686 0.9178209186495583 0.2074330259694595 0.4313755615540349 0.8703605821927651 -0.9662718676650113
0.933 -0.09074189063650206 0.7635227906970584 0.15448633808611165 0.9111441377093739 -0.12980068549156215 0.04036802365540277 -0.08717622612810029 -0.49435287624713214 -1.0093915986352997 0.3087761937917376 -0.0525920658600103 -0.4544091337880062 0.603009887701622 -0.3849414949777658 -0.1115151867668684 0.36382203135589875 -0.32920367230690867 -0.6186691432941407 0.7530703791722118 0.5486888322762223 -0.2774033301737888 0.028156495770888162 0.6098307864211678 -0.8544049813555838 -0.20003666496011185 -0.005483399964660014 0.6369711322921892
0.1745 0.2901740074903291 0.8356360313916277 0.18830499324680272 -0.3115302682913714 0.6046362924017677 0.8397206783675161 0.21647339914015568 0.9442770958125233 0.4515950348176537 -0.589724898198601 -0.9898092991831292 -0.6073916498199008 -0.925551156106876 -0.18545669213577082 -0.598025298826243 -0.25105886944399264 0.5193234444627827 0.10864863158552314 -0.5868193851903433 0.8003201396474219 0.038810966101314986 -0.009657656291054978 -0.48651435572721197 -0.27953226870804015 -0.6398525468591387 0.6647953127401827 0.8499000049209787
-0.47510000306626426 0.13581462180608947 -0.9821337559915108 0.8605716233527108 -0.823487065850916 0.4357944737099533 0.6469057034101303 -0.7926460333670426 -0.7385976384955475 0.05054554279809713 0.09622254196150024 0.40946526137998973 0.8939895868067689 -0.2380453134682773 -0.2887249018545212 -0.20575898539353973 1.0635989537346264 -0.38915223744176963 0.4066870004543689 -0.11293635629304509 -0.024241072149375747 -0.5945466407062585 0.7299790880477799 0.41562644928925124 -0.42332781307373685 0.9347887469698689 0.4570408325613456 -0.5733004377569104
0.6611999970290221 0.625082978934089 -0.958293616737346 0.37895319758191515 0.5701610215596328 -0.38924622386567054 -0.6269506745164946 -0.6016691582317968 0.8251198177725493 -0.8505141158818341 0.9972102192849024 -0.17319622597273665 -0.7585150470133649 0.5402778015689782 -0.7478255420598982 0.7089280253223288 0.4776483484809844 -0.14171100733247483 0.13191484675278164 0.21971941034936954 -0.29116583684934605 -0.6651353718127992 -0.4841937933661266 -0.15846613879337648 0.47137560243529475 -0.9034719834487129 0.955967856976926 -0.8610008085189765
0.8523 -0.4586 0.15250360469580215 0.8481459749188953 0.6176803036435524 0.9141913226352804 0.6540074432662782 0.4147329355422133 0.5023247775200688 0.8407204807534726 -0.22764407404582404 -0.9422338664872221 -0.8166856870233963 -0.3381452418597879 -0.5015218579033587 0.05606062053508397 -0.4919502232636546 0.08397430819244874 0.7901858461157596 0.8342947024969163 0.8768659785528921 -0.4527301360754811 -0.10859657208206532 0.7271190390088142 0.3696333704981307 -0.5519108987434547 0.12392830617814429 0.8618
0.9451 0.0321 -0.16613405551723193 0.00617314346383457 0.3409706987480361 -0.7656812970640876 0.9700623639021795 0.13614675582681054 -0.8050219761620108 -0.41870491704250634 0.9241475561526893 -0.8162587845585912 0.09014184562848422 -0.38230515803813775 0.1289125864639579 0.5974658545315094 0.4280960478157551 0.7888367619569688 0.7767259297927227 0.7555964976483144 0.8383030651970181 -0.26987099188441965 -0.5756879885535472 -0.3102371372532466 -0.9109048986164667 0.8271356510792338 -0.26559958842919595 -0.244
-0.751 0.0289 -0.859701238251919 0.4039194450113792 -0.7798408169888453 -0.3835609212950853 -0.37210749944732646 0.6736411798298699 -0.7483707996654431 0.3929748448054925 0.909115046539752 -0.5883640119742709 0.9796145544925378 0.8108012715408232 -0.3422990088074402 -0.3377173339354697 0.45721659515343493 0.6554742821249017 0.056890696534917067 -0.18869725668015327 -0.8384085268772976 0.6752418671988832 -0.5615876288196885 -0.10780384778248848 -0.8739831901808867 -0.5937765709409482 0.7277004347722682 -0.7185
0.7712 -0.0004 -0.7131 0.9160026857138688 -0.6814316479759202 0.9616982900438701 0.78814750214609 -0.31826290365494775 -0.034084666211882046 0.3564624418131188 0.6235717548471507 -0.5311254994917268 0.9026149366620629 0.22366752558921668 0.5497075324156403 0.5659407689252737 -0.7459648978246859 0.8641197100916219 0.12700959900155645 -0.8110100736386248 0.9292700733054289 0.41112434265682785 0.3137126247911471 0.5984961625430726 0.36629996103693263 -0.9865999776056916 0.1463 -0.868
0.5606 -0.3704 -0.3722 -0.1936 -0.2463952299354894 -0.4979576102973439 0.9681967391125083 -0.008057033160597598 0.5301307355878931 -0.9763645898114172 0.897505094612385 -0.23463620068097843 -0.14220314356683533 -0.9386387627394436 -0.3486567352168917 -0.26342283748827894 -0.49010575931573586 0.18975230006455854 0.6575606436031574 0.28700740831123395 0.8927637861793931 -0.8777457927694262 -0.29885729088948804 0.017300012440020995 0.0705 0.0611 0.7508 -0.5186
0.5275 -0.8508 0.7037 0.3778 -0.5766 0.1048 0.7365 0.9508 -0.5909 -0.2291 -0.5522 -0.2516 0.59653082267611 0.2133485216367638 0.9535000000608865 0.8920000000025373 -0.5483 -0.3257 -0.9452 0.6289 -0.6084 -0.6055 -0.0207 0.6849 0.246 -0.86 0.0744 -0.5181
0.6361 0.0171 -0.7709 0.605 -0.36020003754524826 -0.5744001105413051 0.2840927392917227 -0.5374336713446624 0.821642364158958 0.15852492127198284 -0.3705340255602681 0.2962596752533978 -0.0937958045495767 0.9185601358331298 0.2526120464919351 0.07879381599324398 0.16794174308244422 -0.9965563552512976 -0.607158598882431 -0.06809408132947208 -0.6989783475293391 0.1688237678458987 -0.981169911699202 -0.2854889215048897 0.2448 0.3149 0.4736 -0.6532
-0.8085 0.9771 -0.24881915710846525 -0.9436573436232022 -0.5704563275828344 -0.06131815697420623 0.603660858647606 0.5421233261324246 0.6911506661141539 0.040072004581637725 -0.8447969846713763 0.11219736606313856 -0.494680015096161 0.3525487335124589 -0.1823310222913918 0.3809649200884068 0.8940306161100576 -0.7605147865606556 0.8021538178831501 -0.7027155616764859 0.8151571167349592 0.37848015402710244 -0.8388383057641181 -0.6268989209884941 -0.221137717803463 0.2422322657810245 0.8052 -0.4942
-0.146 -0.1334 0.34275780260306254 0.17038866133590022 0.7041855643065976 0.3365575961737083 -0.5839209269858231 0.669208299430156 0.5826748384198357 -0.6930950730303816 0.8857879601783335 0.21676390535170104 -0.9564426194564568 -0.28079024357651117 0.3320589925010631 0.049543970818343136 0.12167568370472281 0.11947522033796813 -0.26639590732658835 0.013031189481128788 0.3200212093733561 0.2901901608959935 -0.7838402044929537 -0.7858889517276378 -0.09144958897995745 -0.3574078213550636 -0.6846282063906057 0.5117
-0.1385 -0.7989057381344792 -0.6929095319106608 0.4827435341353248 -0.7111244662776116 0.5969157144074887 0.7293767021423303 -0.42367488967932165 0.11176171392836097 0.7318660045179812 0.6927158984772402 0.4726319423751356 0.8163368230599712 -0.18033184127657065 0.3641617444724057 0.45386339378057106 0.48724726881101643 -0.9225249808921627 -0.33964202855250264 0.692142335501274 -0.7140793961423159 0.11984839602419575 -0.9870419398557796 0.2861125202144073 -0.5753393640376171 0.27653617520827045 -0.8084756134236651 0.6218728067402668
-0.626 -0.9173 -0.3122839999936934 -0.5373164216770054 0.3357655511224406 0.8203816449825838 -0.9123874037224408 0.12032878490199295 -0.44278736563576226 -0.45720229169372684 -0.7705528180989948 0.21834116102809237 -0.6578293861232328 0.3321846231705132 0.18780850244464029 -0.2912856505337166 -0.22446886241730973 -0.6763081676113251 0.39069823863204606 -0.7636855177429872 -0.6740644293844473 -0.384739473656532 0.43138285558285355 -0.7033341713885412 0.5240773699426625 0.8961125483312562 0.5120011864652311 -0.8387974701272418
0.4408 0.12699539207565946 -0.07522786716827579 0.9770792581380914 -0.22862985386343385 -0.9280544387800268 -0.5547322383893638 0.588758491313252 -0.5270116869774739 -0.8979047547104562 0.6819320129346426 -0.4893447799630636 -0.32414324058122335 0.30693453346205846 0.7190021636468031 0.3018426256799465 -0.16594224713564512 0.1459493713176417 0.19014286118672497 0.058595393727125605 0.7787182361294269 -1.0149952545465362 -0.4546464766811832 0.20690507607024086 0.33549668851337416 -0.8055620277188335 0.45589831049443147 -0.7407664065359489
0.10439979464090907 -0.23651531811283388 0.4314488776707614 -0.08112172088528803 -0.4966710677768889 0.1597397005942387 0.6811742413309203 0.9653789473746714 0.5387815014366174 0.8688956060400744 -0.1318110917575969 0.9695032543877277 -0.046374579334915435 -0.10918520179887502 -0.7578160889515194 0.2893576415410546 0.04668984004296487 0.8872765045495783 -0.42806298083124356 0.05989816342333272 0.38662312258081194 -0.5063916173243425 0.3277140889157349 0.2025902516359532 0.5589770641867972 -0.786642296804911 0.4471763789621924 -0.38999364871565007
0.1518991654153059 -0.0875188913064665 0.07148376711931016 -0.38075276523998836 -0.23571160062602595 -0.49827914189939154 0.06680511593872596 0.2020523658767375 -0.9048322567727631 1.0946045579244648 0.13273236946702827 -0.11941229670596465 -0.06396975434379708 -0.4788537378507609 0.5110702078576388 -0.43638825189971414 -0.4606959507985599 -0.3425173565497089 -0.8102644045607907 0.7388920642255686 0.4962183232892339 -0.09853990439201178 0.6526052901490739 -0.40663189894654606 0.6229360329604411 0.25911235631121676 -0.4458375259098202 0.298403630863875
-0.835500135494658 0.022419618095381694 0.2583715077969482 0.7108227599312833 0.8656261593347703 -0.5868257831485408 0.3008799212065365 -0.22323509217312323 0.9740418321228006 -0.5424052067638457 -0.5961108689055893 -0.4938952733749897 -0.2417694645815119 -0.6886170698919152 0.5330023348583303 -0.025426979585587997 0.3763679130214483 0.061700600069702904 0.48850102540953155 -1.115976162120237 0.7899372092224581 -1.0012942001929683 -0.2999630516719958 0.5324161245529871 0.7152829355178139 0.07167988706127466 -0.02684797123781362 0.8748364371317554
-0.06259989638644727 -0.9755871064255521 7.613581579818788e-05 0.6554490027538191 -0.5210526841364207 -0.5992904113278228 0.020405145772373876 0.5865912777664528 0.27109574225485245 -0.7328492571800012 1.1290123025880698 -0.1866385254658069 -0.12424151354122948 -0.44465142000617275 0.0807177597355673 0.005011342257688436 -0.003928172012215077 0.5444606760042063 -0.2367936314383248 0.7512928631788701 -0.8043919267547397 0.9570662038799542 -0.44697099287791536 -1.224728484112599 -0.17361016157448325 -0.864128462270691 0.6172306440759024 0.7740703342459697
-0.3858872511216719 -0.4080886800850477 0.10496977921016376 -0.20162509629104725 0.13617516145854647 0.6785087251032224 0.15811074577580686 -0.7180795884369562 -0.5019691858701513 -0.32561384686017836 -0.08132323053652342 0.2847562763513596 0.16701608663864562 -1.4698146851607459 -0.6338728564265893 0.07327770778196568 -0.32261914148182796 -0.7831666462740782 0.31430068381040077 1.0099113519776 0.3573814154593188 0.8215229371555204 -0.04136457785692133 0.6915590562555539 -0.769870205061547 0.30135746029065563 0.9312269543649515 0.29260418431441115
0.2652997356199726 -0.7500142611954999 0.6251389439341265 -0.9554909820972218 -0.720233237828593 -0.6789561884873311 -0.5144942811339348 -0.5806043059515223 0.7484119988513327 0.1754512843989385 -0.3314558312045368 0.02763577432963841 -0.24640989615480854 0.36684600797129385 -0.27690687592693436 -0.06989565389000635 0.3478505046419497 0.15968844515105837 0.5678101583579596 -0.18455662219412586 0.216071089702686 -0.027880658401351316 -1.0009612362591929 0.030151767944260853 -0.36976446584169176 0.35258228145465115 -0.28536883184723794 -0.226033141148302
0.14649780166585333 0.055554430745336024 -0.16257057734774893 -0.7236900305194401 -0.7311725560679063 -0.5127211046045429 -0.14494126482323041 0.42053670351726774 -0.37788362225941424 -0.10181622248180792 -1.0194722906151183 -0.08662596476031105 -0.9912358384838178 -0.9197560568842517 0.5096161428519065 -0.7180040464888189 0.8906387705259077 0.08058597548806917 0.5810167359497148 -0.27322849608524324 0.160807046867242 0.24242116912083175 -0.8105993018039032 -0.737670413536607 0.6057398545894138 0.8423630725132674 0.18390987008932755 0.2630840502256587
-0.9966109095556633 -0.5225445661298743 0.6135813333480027 0.3898684306492028 0.9518184730183283 0.4333909661772824 -0.4818361198081835 0.8900758656482546 -0.8651848084740664 0.8393965038788016 0.010940010854661082 0.4746230620388783 0.37848606292758535 0.7373587252583088 0.20086498911477885 1.1787283466906702 -0.3282853225320876 0.526923747480441 -0.007075514837266789 0.4330717813989113 0.4708374851387429 -0.5365446166436099 0.39820760867609306 0.18976926484815304 0.5189958545404215 -0.21685738320060627 -0.7305758752253153 -0.9968357607148192
0.8015964507781446 -0.8503219484667037 -0.07235025343247886 0.7865100625265683 -0.6316844868156132 0.4939240561455122 0.9187167786660069 0.2768882699034062 -0.3331079377349229 -0.9413874304362368 -0.0361627982296498 -0.38047024354959424 -0.884728190619743 0.26351312825139006 -0.11545179558857206 -0.35478139925604313 0.5796447743762674 0.4657101121800644 0.23172668206433683 -0.24067441518400737 0.2609725300701536 0.1885454983039448 0.2991640355362903 0.02708585845414272 -0.9452384223618304 0.49291862982549733 -0.5363736556039175 0.36427924283066565
-0.3147998671647263 0.05069945853607635 -0.3013300589112175 -0.48286815177117315 0.533121760847751 -0.7431108465507158 0.052249152429827174 0.9153940188001072 0.7792670086440655 0.5502982212071077 0.6546867792715333 0.17653637028998528 0.8584141817855468 -0.5702043219230194 -0.08185980622053268 0.6543610730815175 0.7909103869865719 0.001102294983697091 0.27725525717854177 0.18454642328824503 -0.8458308783263513 -0.8350747251311446 0.9255557897468416 0.4558123018558852 0.87858535245689 -0.5380966292678967 1.0361640046324363 -0.5777349991174684
-0.2506 0.9463880132012894 -0.9838709183319015 0.17825377955545962 -0.5258513661964567 0.6185063803987226 -0.886939765962298 0.15137135975877844 0.1552590945321937 -0.8329865666846323 0.15434017915602127 0.017356027893624528 0.5257685027404682 0.2270198360703573 1.086361265336526 0.7428702045664598 0.5944743448270945 0.23210495324623195 0.4076042565703458 0.43060347535126736 0.11135610394595905 -0.39528340701446235 -0.3422976342949674 0.49873189441333793 0.21756813273787684 -0.726014348893869 0.9181477620179138 0.9167209016052023
-0.22472228231199906 -0.7040335256782247 0.05214433561415857 -0.8579124403374528 -0.25806231148530717 0.28426060323912705 0.6630679984372205 -1.0225567842960432 -0.7767114657814976 0.671088563809035 0.5786449520269924 0.12024151598460048 -0.013948149894493823 1.4711607440580041 -0.30638126911803437 -0.600182923060743 -0.5202607134266611 -0.02914048894220625 -0.8654497742296638 0.2938878843536272 0.6392098771799334 0.5054349843259934 0.408267714797049 -0.17227045047269698 0.09705355311247861 0.5393812413370328 0.8861653801316965 0.8713137113829112
-0.9528 0.42536171213191276 0.029306383774058975 -0.31871496826881607 -0.20638585983015825 0.4902748147307347 0.2806710757160453 -0.6915843425497821 0.13784288247353285 0.007431843813121553 -1.1709991705776919 -0.07198800853732201 -0.6920250693449913 1.0363018020449615 0.10904878788880518 0.9176040525794354 0.4761947233507707 0.6644622309195918 -0.664420473511949 -0.4671598907559678 -0.11227871967852855 -0.047671878677413126 0.784688078126518 -0.6584649229847136 0.7856945638220826 -0.22525035917697372 -0.2884695555065956 -0.7610073719097312
0.9545 0.17492887878105762 -0.7345149815491935 -0.29691370177812865 0.15210730939713044 0.478428061534309 -0.9582543120505174 -1.081081520377507 -0.6906358744903084 0.48881973689515007 -0.7632875490389355 -0.5583824586302693 -0.10763482460787774 -0.7205503490006719 0.7763748862424176 0.3055030943873894 -0.9635047747411752 0.18703257388188405 -0.8353372432464192 -0.955440682193986 -0.3757035897376147 0.4745982855302126 0.8290897288450534 0.9647200999863393 -0.5239293038383747 -0.7890205067996735 0.3920520497029025 0.6788997608165682
0.15659756198486469 0.5318456212808977 0.867712570449036 -0.21691630743711202 0.1282667203483044 0.8167333238600558 0.12357200337461755 0.606552054798528 -0.3401649864875423 -0.18524893123036504 -0.8909685816716395 -0.20238914236460448 -0.9744608684535776 -1.31450909620068 0.1660143526345842 -0.7793128521308582 0.731624528055137 -0.32114831672328253 -0.3721214753651 0.9188269966359137 -0.3893053877992345 -0.3736513508793071 0.12893995879940667 0.28561388546907607 -0.5913601912618659 0.6104979598364002 0.7549722053182587 0.34599999739048964
-0.015002362252115176 -0.1119061503859675 -0.9911043761639021 0.06537605346573604 0.18401330020352788 -0.3909093103590312 -0.7603812948506113 0.5831693215361736 -0.5911647008587154 -0.07467648508405252 0.14213558449776423 0.41609830289477723 0.19739953716602723 0.5093021382807187 -0.46810612856417644 -0.9336321565805155 -0.5176475561436902 -0.12879127436242446 0.8132814578159552 0.47628089448277944 0.8009797276111623 0.3119384308194324 0.7520366987560325 0.22709139326410963 -0.09036963035916555 -0.4593936515428306 -0.15384124958024512 -0.6214000048196578
-0.4663 0.9399 -0.16138577565531093 -0.2877247556824439 0.31250550920985415 -0.6810618119514775 0.02572637007538046 -0.937289053826118 -0.6371277832133291 0.21670832324193623 -0.9158223650814542 -0.8403027139082058 0.6779507544009417 -0.5082719668600904 -0.9952841706556151 -0.5403614480161255 0.0513075719495915 -0.05122345305749251 -0.21443366444177722 0.33937568453588035 -0.32719827024702397 0.327198208906204 -0.1337808547365208 0.6351104431195302 -0.2038323921972714 -0.15508561308970722 0.5262001084980884 0.222
0.5528 0.5309 -0.7480880862977874 -0.9010153328840718 0.7951715814331197 -0.9475794965050695 0.5731877914561324 -0.528522337619327 0.17310107210144304 -0.11612869657144503 -0.41515780194469476 0.7876817287059524 -0.4277562323811246 -0.3877162436830142 0.03870404773213279 -0.30619406044347497 0.7798261324348111 -0.9534774929032325 -0.24257950446953386 0.9168675576852943 0.4213152022815667 0.2986290573526148 -0.9371596350616587 -0.8409109029189048 -0.6965027758508464 0.6858882457536472 0.3704039827950555 0.8187
-0.9016 -0.5628 0.30856296261603317 0.406447083141798 0.9488842127512289 -0.2109441779864396 0.3938534175689695 -0.19855754092006256 1.0285698181425467 0.08763635806069549 0.16729208631593195 0.6872098904440316 0.16646775614867626 0.2710979366115418 -0.6391114131627293 0.10851916800983702 0.2719372521228207 -0.6911874679778431 -0.6954846054519584 0.3857398763505005 -0.5688105927760926 0.0766321978921949 0.7560792422357835 0.048610903759714115 -0.43925562362018283 -0.660742741529201 0.6886268003070819 -0.6806
0.0787 0.6071 0.6272 0.752499429937738 -0.24921535697035233 -0.11823815786524357 -0.36492341449664994 0.22827883765940224 0.740012815837134 -0.21443522884175578 -0.292239388639258 0.991652580364753 0.304286383117129 -0.29850761405456894 -0.7540394155820337 -0.10328948977443923 0.5072345613553344 0.15464150150088998 -0.5442640711215597 -0.7700383121434875 0.39462807379899156 -0.08406576317029452 -0.4571579235628916 -0.9069721964979063 -0.9898999052904152 0.09820362451423463 -0.4714 -0.639
-0.153 -0.6281 0.1423 0.6412 -0.9621805079206466 -0.45898966897595445 0.2963805895498555 -0.6375156351755948 0.46519119293691025 -0.5997923943749774 0.45407747572069057 -0.4478375574811293 -0.9840378955116953 0.338942957353851 -0.8030073121751545 0.9143900226489718 0.4792268012278384 -0.5690257176994046 0.5653441699606027 -0.09162418293148092 -0.9151185523466808 0.8601734012797677 0.5084495757630244 -0.42286654454420824 0.7396 -0.3501 0.1411 0.6612
