-0.8444 0.4978 -0.9412 -0.0502 0.0453 -0.9898 0.5474 0.8912 0.5066 -0.8764 -0.6367 0.9535 0.4700834111661162 0.8686804350681849 -0.31208135039700896 -0.5020992228414761 0.5249 -0.6028 0.5739 -0.016 0.3991 0.0566 0.6957 0.868 0.3228 0.2569 -0.3862 -0.4815
-0.9939 -0.6252 -0.8384 0.1221 -0.5981 -0.9284003672460028 0.01466291517803745 0.3711319929129885 -0.2697848073868449 0.9825021793584018 0.39063074068700987 -0.3564808425234117 0.3239461211797635 0.16900210576337843 -0.6639324028111845 0.3369676378973325 0.20434265534129997 0.19783607803900083 0.24915615700779564 -0.07350996296206616 -0.8961205279030224 -0.8392542060556261 -0.8665234503932663 -0.7701437491408066 -0.7308 0.0231 0.3276 0.1422
0.7609 -0.9376 -0.8756194086144942 -0.5766090760847571 0.03849139828274381 0.9468704114872499 -0.8945917877190805 0.28192019320730827 -0.4570022593590447 -0.012511592235555466 0.3649218840691549 -0.7783483160222239 0.7518121910708323 0.6147746644988359 0.8798707768253188 -0.4321241481236539 0.01350761485582781 0.4488031999869815 -0.2941298699501905 -0.15666861938580898 -0.9071630136510415 0.9723205512281834 0.47751010141193434 0.8127419202146641 0.6454620190883427 0.053209674246944644 0.8974 -0.2641
0.8216 0.1951 0.15995729170508596 0.43566842472858847 0.7170558546107053 -0.09587706444893651 -0.0045895735227247025 0.12923394791251935 0.6388911937782749 0.0937429851637015 0.9587003638249301 0.604582100360089 0.2733709717739143 0.7531613639583735 -0.31314493144982153 -0.3667068439873993 0.5949563657398363 -0.9369493453349363 -0.044909341376558075 0.4884241658107256 0.043156821570586694 -0.331215398392761 0.33452937478530204 0.5056448476918654 0.44905554057050856 0.6128352174521307 0.5486811345530731 0.3702
-0.3159 0.055499972615249686 -0.17972337139167519 -0.13394991509055826 0.08734621998480578 -0.5563819572319313 -0.5805425696916513 -0.9212088185612177 0.8274865275104188 0.11170528512681266 0.7799048973202369 -0.5769796889308115 0.3114941840515233 0.22999612891622315 0.25384083173174266 -0.5378233924018347 0.26896334988671505 -0.28438326061402014 -0.9046042474229793 0.38991899466983676 -0.9018029069287601 -0.9300487230349975 0.9112428656893723 0.4608200236747837 -0.1838129273954795 0.5136578652283611 -0.1329584841339942 -0.6874541767269957
0.4296 -0.3337 0.490268208220582 0.7718552539476421 0.5537880123306662 0.49296489531525756 0.941216555841204 0.1637820130731849 0.7129848309522486 -0.7537092509819582 0.7310853720514915 -0.5315208080928903 0.541877669851899 0.8119296984974932 0.6828412386067974 0.5369623156136576 -0.48337047146103895 -0.7278905639714317 -0.6006070390143932 0.5916106783092816 0.28090278759480836 -0.3636856283074003 0.7950366605495001 -0.025592646033298475 -0.37934977595440406 -0.3735690909700279 0.060154157710747586 -0.6413726282617572
0.4283 -0.6295063123432919 -0.7287606953195209 0.5800663618783557 -0.026720570741413603 0.6064941687449724 0.7677100722045952 0.647817471276372 0.8794619818028451 -0.7425039394730385 -0.008373274130225912 -0.916589007569031 -0.8822939992862474 0.11879492699562944 0.9030511852712535 -1.02469482038924 -0.4022885228440894 -0.9315964732104618 0.8528892430887212 -0.10718634398358294 -0.271445342788057 0.34404307402553785 0.6168089594324974 -0.08558487083631221 0.7224921484562612 0.5905843978205394 -0.8715333477236304 0.39433236676570177
-0.38619983424215876 -0.9963930103425066 0.55760070331216 0.2123869791310211 0.41735814202812094 -0.18512916472563706 -0.9727245991448316 -0.8464024810822418 0.5054170306045216 -0.714610764652933 0.9707015431319205 0.023827782938063105 0.6349823147048635 -0.7234617829173925 0.27950613555128256 0.03804933429522015 0.8830541679511063 0.7296925203223702 0.15625728445096718 0.3299355791064321 -0.6952345597559036 0.5075425536478306 -0.2380923147583636 -0.17393930688593337 -0.47848064183022293 0.1681022374894542 -1.0021898592085638 0.6304062695700774
-0.7913993263558161 -0.9955797356606925 0.2540615330183878 -0.9652224200643748 -0.046258475198729394 -0.1943909786837475 -0.262106328646436 0.8385166003111888 0.15513618515633765 0.807161005409351 0.2689807467365008 -0.670902714900771 0.5640400660236234 -0.4388932226694841 0.863876866528215 0.34106308470116886 -0.6799397948539477 0.24702922554226533 0.42249521552276914 0.7796707013275903 -0.4122270003826298 0.784254972097545 -0.04807396178360518 0.8553969134830661 -1.0511748846643127 0.22394531135087944 -0.9987371154875359 -0.9205378039395822
-0.5564998906340016 -0.0067959226959136395 -0.810428509185874 0.01772760616226831 -0.5891094946069075 0.8290319883449189 -0.24372313423433994 0.00822185818014595 -0.3605591392890237 0.08260995406598086 -0.5795831172331385 0.30669053540082375 -0.8814862330922083 -0.8199718257644608 -0.6497767249857911 -0.4411628477292939 -0.26087336978602854 -0.8004857432451721 0.863790256258322 0.19121469596788063 1.1162386966877396 0.8580643395442462 -0.49168392800193195 0.2663630494520765 0.06523955091827503 -0.0625233449971382 -0.8324940955432966 0.7523804432992534
0.562400540821084 -0.8050689626810663 -0.2552392332780924 0.9740361743147324 0.941055986245358 0.257266897444633 0.6820334259019434 -0.0034090035704040875 -0.19673185804270632 0.01752081924864203 0.9196543933232713 -0.12611070606781097 0.40019973778431167 -0.18713332321589682 -0.608884580351253 0.8364141214169217 0.2646163391658721 0.6652924841115826 0.5546551571326379 -0.5225159838845777 -0.15032626711444066 0.5155486491240406 0.4582802800867214 0.25549182531068226 0.5930016799614586 -0.9649422633528417 -0.9541124438920401 0.006018352435100124
0.1880696198428605 0.3042770194707484 0.46047565721710765 0.14786268518227125 0.6571298583539732 0.5551085922494516 0.5064407886109429 -0.7232511775706882 -0.5577126559481165 0.32836879612583475 0.02369865778980533 0.11124285150199498 0.24010470079920693 -0.3519475685365818 -0.8602538660544022 0.46401071134380156 0.7712631786638001 -0.42484918125280124 -0.1728168122160374 0.39635257194288204 0.12087459327489895 0.008765246127860418 -0.15453118566641905 -0.973826556088618 -0.8758829260138745 0.23484628874281457 0.13672357966785068 0.46919847724049024
-0.6981874967001448 -0.6935258366506232 -0.7661650017264198 0.5767442483514741 0.16591553952324098 0.784272898566348 -0.11560002133829564 -0.5921720717399309 0.44126326984734404 0.3563278901661644 -1.0230017727980163 0.5473031946802686 -0.6071971692555621 -0.10279429134293301 -0.6351291413270075 -0.2734626783442467 0.9310196196720187 0.9935810823527116 0.804976952933012 0.7378812159556949 1.0482521095702881 0.42088064737388975 0.2682661890005132 -0.8044834110744629 -0.04377869358171426 -0.27667789777094504 0.3328383419237134 0.46942243935651823
-0.21470076469053825 -0.49470089246582516 -0.4874260378146327 -0.2435390288108724 0.7551481820380131 -0.7699089303221476 0.8930404306861053 -0.6045310222130807 -0.49738731591319196 0.6466772288197423 -1.1862492788850294 -1.073096830140891 -0.9805288101233326 0.5933458167568142 0.4371684373366087 0.7573270598992105 0.5072641861385031 0.4361312859558209 -0.7525340010982478 0.025697129074282943 0.32373518533261036 0.8005846799036885 -0.1873742029015238 -0.21922286027043209 -0.8538526239394761 0.011522244044818955 -0.8386656721422658 0.7543412478889938
-0.534210938851051 -0.5216297521745873 0.36764774633277264 0.7005593333280704 -0.021279883796558784 -0.3384785842393051 -0.1814589830114771 -0.1362456439554908 0.7284434482817778 0.000512893260313766 0.739198494093861 -0.05455767485071979 -0.2671352878817578 -0.9641101453275827 0.496038631377716 -0.0555539624189702 0.8878470414596055 0.2374599561766542 0.9101548614295144 -0.33664586894355153 0.0508331594843158 0.7818861411865272 -0.2228804002200581 0.0925354966732471 -0.7404616981874279 0.5959805679785145 0.1506628081375177 -0.42603890617136586
0.7249970400222527 0.6060994262164703 -0.025063141315686408 -0.9458615866124173 -0.12458777335362566 0.36111293564452135 -0.5691321346499045 -1.0025073023183293 0.02828094877641902 -0.7775222107381773 -0.49013861154828514 0.2201912874640104 0.66079275151838 0.9715802064442458 0.631659919074237 0.8167817499958714 0.5353452835593147 0.3488366160644685 0.1807161995128388 -0.11434662960490302 0.7707244463999802 -0.8571299855598169 -0.7949363454770494 0.4334805140869064 -0.6101218962850964 1.0007996603432336 0.9049680736149627 0.08587202351164688
-0.961496450525507 0.5818415722719947 0.7698022931918986 -0.3663899894976434 -0.4484650874078903 0.6583144880048408 -0.09849227749094344 -0.25063700000192557 0.09203307781613533 0.009912926595125398 0.03151747098266347 0.259117436569783 0.7549739289289897 -0.714972543168096 0.6843482864778254 1.0960397827005894 -0.30809854553036536 -0.6355350887613453 0.10668720070416864 -0.6206078178931755 -0.4742690402029711 0.16754005086650225 0.06207311937430179 -0.5841443181210259 -0.8124578474143916 0.6478239397270533 -0.17762638692077767 -0.7219169220436357
0.4127 0.37997310514804 0.5421651143037983 -0.34947039322830953 0.6373339653803312 -0.05795141046424582 0.051857251710963226 0.6499677577686942 -0.5205689571960505 -0.6881467712848957 -0.3289953786661224 -0.5060234216170606 -0.6782869342130338 0.09797210375769382 -0.5493973821749187 -0.6361782300608749 -0.4591146972842232 0.7888181996379221 -0.6190053679464627 0.4243941527192987 -0.6953174406674215 0.5718289097058898 0.29878257010311376 -0.5122008628321325 -0.053130060241264744 -0.09358234290544817 0.3034567381262372 0.37686265710132233
0.10679628934672102 -0.14380326158871476 -0.9940349517250053 -0.2917141250035917 -0.1500531366352447 -0.022204506852335562 -0.44048241458413073 0.8110613817496464 -0.9509150166456508 0.30715293899279605 -0.005157700529633238 -0.6256200671336292 0.1828207499049999 -0.5601181825416567 1.060946785487337 -0.2191139323005693 -0.8418617795983916 -0.026590808440792948 -0.18833924745968467 0.6833354179516483 -0.551383031857927 -0.1315025184231924 -0.6874985042396609 -0.05876749923403866 0.00807155394559849 0.08305298950608882 0.6700387730511665 0.26905241509193406
-0.2999 -0.6147207858611279 -0.6129819798650129 -0.6021978156775034 -0.8814037129761563 -0.08993652266397745 0.32309961799183207 -0.952669981113738 -0.3525068145060957 0.9433602724621785 -0.8710997459358032 0.6297997104463811 -0.498620037635566 0.9123953965054981 -0.43205768210907025 -0.3157919088385011 0.8278951015216701 0.5151151057156486 -1.0508447696305039 0.8469946724199069 -0.4583754670106389 -0.2348602502257404 0.33184013016729463 0.7132302623200467 0.9459448188983179 0.6222667818118798 0.9104080782871149 -0.7796876424390574
-0.0041 0.7028082003412398 -0.5447377387452448 0.16841098403223867 0.48638556346806766 0.8700937876367201 0.9152379313803969 0.7343504933550349 0.03068879559572247 -0.8907001413509203 -0.5127144387117514 -0.5771704301120096 -0.9767019013276101 -0.5618020047477292 -0.4672559342923169 0.631845463550091 -0.4897348368596186 0.7627578056757797 -0.608334405020365 0.8914562916375799 -0.04406558704548197 -0.9580214302097025 -0.29448553563167146 0.9423654952144102 0.02009235889690944 -0.980158207278644 0.22948919288882214 0.7223989822082107
0.5065911625351966 0.5342964499365661 -0.08585025804828213 0.5609985518848193 -0.8565289217250108 -0.5868602150702362 -0.48655630135523503 0.4543625268008019 0.5400835034935165 0.5783435628907084 -0.4049783542758026 -0.3105736125073572 -0.43743063467049864 -0.43900638603301756 0.7012932027995757 -0.13714178926727044 0.04449558432939356 -0.5414811856034986 -0.3222171106194461 -0.5861666596780435 0.644878740918502 0.1602126792381308 0.7540503028820016 0.08677393587720245 -0.10923610889941339 -0.6757997236698123 -0.38623299994489996 0.43669963882947127
-0.706808562834423 0.18489341828343578 0.6358755640474869 0.15595848470075135 -0.5145876094653452 -0.678637650168298 0.17491172055628182 0.9583515661106179 -0.405901972655837 -0.941931935317888 0.12940851160513556 0.4188517079097843 -0.38680950969479283 0.819313901479053 -0.7372037337391426 0.3530886091965486 -0.16218934957042813 -0.9200476301360526 0.3461778652741545 -0.8193505898365513 -0.34581287376425823 -0.4858398702151421 0.466162751129976 0.37241481810751664 0.5399779595840531 0.7743206322506665 0.21969545056713854 0.4536993329329149
-0.5145 0.8969 0.3667016365668296 -0.13227692693060514 -0.13715966688006373 0.7405014307811165 0.5373968769975936 0.704220557423998 0.5021637626772607 -0.6904513855186631 0.7793706779283718 -0.3817961767481861 -0.7525571933511263 -0.6754448677833804 0.2394566866191215 0.06438617447343754 0.6520710470628787 -0.0013714786531539142 0.8579474793100715 0.25043874403006305 0.4491599965713889 0.5296226780113128 -0.7968120533052981 0.5035668952983667 -0.6657869917581428 0.4998610071507853 0.04199285502465106 -0.4099
0.1267 0.6583 -0.14507092002109012 0.23038462283373337 0.658590062211356 -0.4168543760706531 -0.8545219509825053 0.7246171328784634 -0.12018187042757991 -0.9218310303922033 -0.1154740934412532 -0.4607240236645651 -0.41862069379886413 0.4641358852166164 -0.4429023794562563 0.5466711243446761 0.3990470071451739 -0.96060854462614 0.5259220252551408 0.7345610249046417 -0.08400819086840343 -0.4950099138513133 -0.9498941513966144 0.5046893703319251 -0.4910375078593248 0.38612981131392266 -0.11629921626142085 0.1848
0.0157 -0.2859 0.3240990167745019 -0.2644819328632267 0.5849344934653055 -0.6693787346671831 -0.9626157418362637 0.5360345197868192 0.8201724164949361 0.5286136455449624 0.43560528621575717 0.8376376163874643 0.0698614626406419 -0.24207322453084784 0.3378308077867512 0.4675069375477181 -0.8245441175817391 0.7358696783611542 -0.13093908876905105 -0.5441545160920853 0.4705682175121155 -0.6404637005072285 -0.03841361666393735 -0.6545287143571713 -0.4380207646954834 0.7839006939452642 -0.5504991683356946 0.9116
0.2885 0.2221 -0.8802 -0.7561002013324464 -0.3256904976119986 0.8193945758261033 -0.399848049364639 -0.02622240113934572 0.8351830209566214 0.6459798625660903 -0.9354837698178659 -0.33821829245115176 -0.812477218609813 -0.4451288578322412 0.9008182605150911 0.5314880589662054 -0.7749948197420399 -0.036295731465496084 0.7192594859567413 0.8062060301757813 0.192111485673819 0.682308318810056 0.03370929886127148 0.3430596554115987 0.23970047204356107 -0.5599999611088614 0.6622 0.2809
0.2845 0.3814 -0.1608 -0.2798 -0.3125720292453483 0.575027930342294 0.8335761517086122 -0.021702028112367457 -0.19693734138128705 -0.24179429440119646 -0.8309143096020418 0.3584142230821207 0.8734783686070845 -0.09985377820513384 0.3782536468674722 -0.45217183123109866 -0.5622574939563098 0.47416759818382376 0.5251798682750614 -0.07292853032165537 0.23438043005514533 -0.535309361650417 -0.34104136891588516 -0.7757700914385881 -0.6874 0.0688 -0.9153 -0.1998
-0.1347 -0.4712 -0.1995 0.3591 0.3242 0.5154 0.1166 0.539 0.6044 -0.9341 -0.2747 -0.8098 -0.8123925744645811 -0.24358373032666789 0.8295000110041917 0.37760000045856207 0.5869 0.1945 -0.106 -0.2907 0.1056 0.9744 -0.3408 -0.9952 0.3185 0.5421 -0.3798 0.6547
-0.612 0.3838 -0.9669 0.1092 0.1449 -0.13209998225716157 -0.02430107370185398 -0.595937438876754 -0.3833920576950699 -0.9001405577035618 -0.6549122855025032 0.39444350112513515 0.047385801060680084 0.29729948538653095 0.09696089434421784 0.7553622775580136 -0.5050225781920589 -0.9070268460130718 0.4329141199851393 -0.13896642620237168 -0.8128105820382813 0.31246270545473903 -0.5591077181913441 -0.5688805507959414 -0.7772 -0.2378 0.2079 0.5999
0.5066 0.2589 0.868499931987789 0.5471885172861959 0.668413862874777 0.7414030667581851 0.6412619392122745 -0.8121795008957812 0.32214442400982085 0.1991978108342738 -0.3494714452179351 -0.1490909973948227 -0.9604549341723208 -0.3157609209689943 -0.030108713387288162 -0.18236188509870024 0.49270465876480246 0.14264112695159012 0.5564232453664423 0.3885227621706435 0.2874894431117161 -0.7228077960393866 0.7387975916833325 -0.3537140074233665 0.5447386868535953 -0.8796579704409022 -0.6561 -0.7984
-0.1873 0.7128 -0.13340007385712913 0.38136769534700315 -0.8176535051378931 -0.11456171393825054 -0.7895402093525706 0.34656473246396907 0.21051850492922108 -0.6940211524944694 -0.881123406386973 0.9364324564474281 0.49939177676803914 0.7256057176022329 0.8550136592646524 -0.9716491127775715 0.03918986378458027 -0.6831582683827007 0.867976838331629 -0.7734115061909834 0.7223324574643499 -0.5151579564703546 -0.8078483412299522 -0.5634770276003938 -0.12267580476302839 -0.22715548610007308 0.13473417048583813 -0.0614
-0.5777 0.32009999911274933 0.9151451617143935 -0.5556177316715168 0.6983262318342854 -0.2524397516215035 -0.49731211777353507 0.5934766453329767 0.9070092543054662 -0.19697266534002036 -0.8723567467618158 -0.19667595075869648 -0.9890792700775539 -0.052240559771185455 0.2989604477459753 -0.664895293918547 0.6630886897647811 -0.5181153102724487 0.6307705584221668 0.6248601448099134 -0.8373018279193969 0.35821985782031407 0.3960150096040773 0.5839051331407845 0.8034192472762455 0.0017437237896902938 -0.05391453037574566 0.3040129982667186
-0.4453 -0.9617 -0.38750426666511817 0.4398297476218378 -0.23956097077029845 -0.295291517994276 0.6179191535027044 -0.04741161278323729 -0.7810194129066191 0.4937891293544708 -0.07766413175685084 -0.018885356560963525 -0.83806189817072 -0.7440603807040823 -0.22870719395830494 0.3398122804531336 0.9555871554769372 0.8071155819183539 -0.4080709494296023 -0.20785355191434807 0.40086365184908396 0.7755493346868689 0.1034465751856539 1.0300208270622617 0.6962161051749872 -0.4922604280611843 0.4120467731964599 0.5138537291662111
-0.0519 0.4135940663173033 -0.41990680877248227 0.014386683113381761 -0.6142397515663907 -0.7100795042898541 -0.3242361208458021 -0.3797750686358602 0.0331758602609593 -0.18541077731605435 0.3845065483118801 -0.7185083752181423 -0.3419413456971354 -0.7806525426777633 -0.7854273201149876 -0.19026051144867775 0.8306434381408491 0.2378615449890436 -0.5839985174017184 -0.21673422640133977 -0.43328281463091706 -0.35468699604118087 0.16600395313278127 -0.59167711962135 0.04246024985171433 0.894951302504702 0.1896617934239778 0.9735268993043179
0.6973999851371613 -0.5984625493538104 -0.706540076341396 0.7280765993820357 -0.4147011868972807 -0.9500455007551697 -0.10611462179238103 -0.6701226117927706 -0.36270570329124463 0.5394451850397369 -0.9039271313389222 -0.5990720480604634 0.23508515478599687 0.11965999916609432 -0.07791903025644928 0.1629306803951423 0.7006272148378764 0.6710202391468781 0.09836210816372834 -0.7705746675006073 -0.09017875506564557 -0.37618894322099944 -0.054976579979677406 0.27392412346905193 -0.4914884549201471 0.5618426649815708 0.9587467283424147 0.6801737670030032
-0.5102000604029637 0.5346596525425754 -0.6661283400014226 0.04906606678537408 0.1611942403956056 -0.16525708430919153 -0.5918637910582353 -0.2691371951471999 0.957054072579567 -0.5731090850359585 -0.2596773627220537 0.7304408881575738 0.30290464967717484 -0.7596354184580537 0.15591999605689416 -0.2385228853726603 -0.022405744233155802 -0.3078946945003271 0.3622965589519427 -0.5517820036755661 0.6140891940802022 -0.5632636344588278 0.5802354732610822 0.7391313556417213 -0.6410474372257275 1.0597454724090802 -0.9621157203997016 -0.13876981658536086
-0.04390000980640906 -0.936135328069202 -0.5952660030978801 -0.29658817217469635 -0.7698426917901 0.6961678412423821 0.8883900670381595 0.09664707963955312 0.5718752123972307 -0.1610778075193868 -0.31104822080516825 0.12089137842040518 0.8270854826535781 -0.26247658881406205 0.4921114836296581 -1.1509107665563334 -0.06165315555347551 -0.2699817329829196 -1.1112719982871966 -0.05605468546040188 -0.8341603915925582 -0.341280580517691 -0.07888475296222047 0.6749726393537921 0.041856195004309545 0.4268300293284805 -0.8815291717613448 -0.7779210373337606
0.11999751994019416 0.2706942201812612 0.028114669212381246 -0.35263556043649286 0.9642711354747273 -0.5002806792474989 -0.9082469420239009 -0.5178948462643563 -0.6253798101857776 -0.318794920412101 1.1741361670661365 0.9893733402076899 0.43450108223012274 -0.5740240288395271 0.08384364741984296 0.12801652317228365 -0.7830106033179062 0.4349836101384743 -0.6149731497444835 -0.9140104476976191 -0.3885705429109897 0.7902972493709904 -0.4466152213247876 0.7962153729512148 -0.097209968539686 0.7002890043689295 0.8594115487699356 -0.22569775208149437
0.5198806812066854 0.15505416449588633 -0.6203066162983264 -0.5606257201140342 -0.10073125237591098 0.8730624167170612 0.6904641999635605 0.7690276727256092 1.0729520569985607 -0.20801713475770375 0.11134396123801528 -0.47547871520466944 -0.390556987008553 0.3165480987095423 -0.9291645980424326 0.5778722920190313 -1.096551543488346 -1.064550037576056 0.5917018164515934 0.5457534924784778 -0.83201213532951 -0.32539538405502555 0.2644535217574462 -0.32311809037528255 0.1492071502829968 -0.1198327054659249 0.23417857177496032 -0.5604330723815933
-0.6069584376619647 0.8394140207914401 0.6544535345653597 -0.6460314084321053 -0.3026966926358857 -0.26598943920038604 0.8779143276880924 0.333553315146621 0.12104505586618493 -0.5506779993309925 -0.15782154436023677 0.8777675956208107 -0.4970342965384573 0.36694736379396964 -0.842615790130647 0.8448887361935055 -0.2863410840263121 -0.07986969110626008 -0.28553116805839135 -0.9525101755469316 -0.37643100206037206 -0.35587712202825905 -0.3542835421524626 0.24804422719785113 0.8352986284616966 0.30323713248089806 -0.1964933451961377 -0.08903944368186956
0.3445002438388205 -0.8805266594867881 0.13850380644626947 -0.2224647883604837 0.5728428958895884 0.9059836934510634 0.19110000356043583 -0.5989345170923249 -0.026623997667418357 0.15244363380457923 0.45620940415593636 0.7202288207940729 -0.6737616354190186 0.0005350994662514228 0.3021010826162113 -0.3918269784933089 -0.9195442595574895 0.03205854593143036 0.8057983045476594 0.3651798880946416 -0.3802034038889921 -0.5293759091735312 -0.4321505802320378 -0.33738128887949587 -0.3018166475174639 0.3786175376428618 0.6924735148283676 0.7113663658354598
0.5120284101358511 -0.3199035016024349 0.2581940578295459 0.13592558098593982 0.25439188570116206 -0.29285846046574354 -0.14673760028684207 -0.9057018667006608 0.49493843577980456 0.4028882129821872 -0.01680346843540237 0.9010881893667012 0.8036811201577199 0.3333256890681173 0.1978052417176285 -0.6037621426090776 -0.9183456094591096 -0.503569299212394 -0.05218869628539623 -0.039174220367181656 -1.0539891562801116 0.5667951136073168 0.525892021085546 -0.7400267079442433 -0.5164513871958868 -0.8018702779842634 -0.3679591457650094 0.7525274965291082
0.5450057949326084 0.3323061758466653 0.8063068999896957 -0.8699490750316613 -0.1666597960021963 0.07013047778630505 -0.7790276136027844 0.07541512973676215 -0.47336154647222783 0.16622248873148632 -0.5097063493804527 0.3143043260010079 0.25126196481257623 0.17829209084020403 0.40399967587520574 0.2178503839259772 0.135164029013116 -0.33575819815017255 -0.1605256984521509 -0.4564319865975287 -0.033514246574849145 -0.48558199454749845 -0.7618959538318669 -0.5518158250010733 -0.4426632409381695 0.5139005390856937 -0.7400271800672961 0.8975129072323969
-0.158109973614484 0.4100073253205339 -0.04612003929457702 0.9669474946961072 0.7547959086459319 -0.294844233972623 0.7473541577439798 0.5874637546960846 -0.6330421729605485 0.8972266326845206 -0.5804592496733231 0.5278863469861237 0.20322673752009107 1.0369460976571425 -0.7649186180773911 0.6175374638768706 -0.450683143845348 0.6745591081185023 0.6202862227449656 -1.0138176649477002 0.3346300990910593 0.44978566391900454 -0.4150198608470743 0.41579168921413395 -0.43068243832546366 0.08797858302675134 -0.1580879308890058 -0.006091692642817276
-0.6897 0.5105104277964461 0.13075148605920534 -0.67624069717098 -0.1304453421457934 0.8085468067012322 0.944693296891331 0.4473048027784616 -0.23956170745253283 0.07967956738262305 -0.12486867382179492 1.0167598215075129 1.1391739333871032 0.022006425810146953 -0.8475159276787171 0.5374155941567599 0.1882047721572682 -0.15377570245641015 -0.9320450805538792 0.021772160575204057 -0.146200749041145 -1.007942554774297 0.10999565026951037 -0.6443684119624046 -0.05908566286004627 -0.8516363409269692 0.19366799211043662 0.6261822073461447
0.7957122382044459 -0.7576385214220905 0.6332956126009058 -0.8113518625522641 -0.5743888961995101 0.47566775540681405 0.5298003847039828 0.6604361343817081 -0.4317265864963764 0.6291885701062917 -0.3283331664885264 -0.35419998450905377 0.8340524923037788 -0.06662552485644133 -0.6978076120338462 0.6989262519411203 -0.2827490468492192 -1.0531874260803566 -0.1536420259411903 -0.9959735974476358 -0.3800052397701374 -0.8682518196645856 0.32971583780622393 -0.795230695157997 -0.31787502650948807 -0.10699497717764943 0.5730173761511574 -0.23081537983177125
-0.298 -0.8313646282728636 0.2120853232147548 0.25256136917651123 -0.8235184445750701 -0.07428944575850857 0.15496294672156843 0.9642695413156638 -0.5584680636238988 0.26132909181326974 0.7081551070521205 -0.0507649049799488 0.41870045708733344 0.1179859248466908 0.21011854575192812 -0.8736383882710022 -0.9035404378481345 0.6245654919038235 0.13729593007759905 0.2929829794396869 0.5818822588249869 0.6062182496636508 0.5496946378428008 0.22570300491856737 0.31096850348234645 0.0952279411149666 -0.962067977199267 0.025485405568926898
-0.6495 0.6905834591574224 0.955305392234786 -0.5198315494047349 0.8708626359132777 0.1180356560980431 0.9610063038280012 0.3368050456737568 0.6410685135021817 -0.15146023624129856 -0.20089511971756935 0.6869455870154609 0.5450034501905939 0.9683882777387507 -0.09389896093469659 0.6469580363039403 0.548484831341249 0.8243849514055336 0.2811281324246218 0.9491300804013928 -0.48607695062226364 0.37123360583908344 -0.8909227018495953 0.6218511449614308 -0.9748340046276868 -0.1470561809630092 -0.6765778220790424 0.8188000291313863
0.5467999937410521 -0.8226821837150123 -0.4549415943411308 -0.33658117256860304 0.453807887623411 -0.47355970694801086 -0.7672000395673284 -0.5804514882227968 -0.49809229990656156 -0.3525701507131594 0.9573908372233416 -0.2113657615850863 -0.051829111065491144 0.003137784801770187 -0.8011192421818711 0.7588073724095324 0.30884194686684663 0.08445067373118932 0.39020454198262605 0.6307672366404098 1.0237546741020844 -0.5862597528004317 -0.20234028769167223 -0.6581430290985855 -0.7780314274713102 0.5972282137035885 -0.6449425325102742 -0.07680002302132709
0.12059999393555344 -0.4575005137455771 0.18579713036493398 -0.7636201084842941 -0.8790658683753308 -0.6421488139156207 0.12315811059008087 0.33077790260478857 0.38344731905608026 -0.8859757239676428 0.6039298895985656 0.4808240392149716 0.8874674044656852 -0.09173554956012903 0.45718893716065234 -0.08031095716526987 -0.21474934979032098 -0.22367457890797854 -0.3325828373105931 0.4690906367908269 1.1009047606157925 -0.6440039920714371 -0.8069579482558179 -0.06269414863273358 -0.7474764465660774 -0.056891479935877474 0.09989545898548467 0.5167999574805575
0.5859 0.5164 0.6918275240774159 0.47895135716673126 -0.2873227573669207 -0.2464136620622662 -0.8620015084008388 0.5934084790013677 0.6786842208826203 -0.1964411436585717 0.7428488842111038 -0.13669418629914187 0.6276073922842785 0.2098683791810378 -0.3202998996647145 -0.15283326026059668 -0.385770574696064 -0.3505746877847649 -0.7860004306985424 -0.11916184641221096 -0.8100548328263587 -0.7719747861627229 0.8230700267150884 -0.1088620849416166 -0.3292090288838558 -0.446923603063245 0.2128878686944193 0.9273
-0.1932 0.7956 -0.8175024452772411 -0.48854609252672815 0.09745134499681934 0.6257434099632291 0.35232688216528163 -1.0361190356941197 -0.7501466643788206 -0.5689995566055698 -0.49740704972260624 0.12847411573376502 -0.2574991081701825 -0.4617650097128242 -0.7615924310705293 0.7563741101860597 0.5631677410713203 0.45919110754485937 -0.316116930294898 -0.16342106227215553 0.7124483362576489 -0.5092659889784092 0.4547299064139581 0.8458652903006365 -0.7063358943761017 0.85773933126677 -0.39541734109997 0.458
-0.6158 -0.4888 0.859881779393203 -0.7617415023914601 -0.1245632479931064 -0.37530612159791826 -0.1514355132013336 -0.0904126145589399 -0.7580312215230015 0.8209964890292293 -0.46045685597517405 0.15781046594373258 -0.9822449370460122 0.34690371130283665 -0.622218116592003 0.8397275906609631 -0.8551836719827186 -0.7057434310729238 -0.7027851581287815 0.6934600432841215 -0.8592915315754563 -0.5298630998787508 0.6458668810611058 -0.23743635341932412 -0.5818731096520597 0.4942173555828073 0.127481598489285 -0.456
0.8761 0.158 0.5637 0.5049627757693448 -0.20483208125758265 0.5993487097576167 0.4407954427918924 0.039470873934280316 -0.23497295109940872 0.31608915733787796 -0.6266559288146515 0.9079518468687737 -0.8296687991592414 0.8961054153174761 -0.6417699277264908 0.12299671942419806 0.390543385132806 0.31283054191892323 -0.10891592220713417 0.3767924199927571 0.1802513516682546 -0.6379522874445454 -0.3497765771212663 0.6070002860431021 -0.3728003533590309 0.5139973482436194 0.2225 -0.7542
0.6981 -0.524 -0.5783 -0.404 0.9848610587924572 0.1698112522578453 0.5600160062109453 0.7125105457654254 0.5723918492718493 0.8371537632076556 0.7088317870502444 -0.4999966421471016 -0.8131624210176255 0.27959481577170076 -0.5467192172411535 -0.0013234098422342528 -0.4873751617739645 -0.8599535410930876 0.07960198747188016 0.14090270338969968 -0.3442079031730071 -0.8264858339224468 -0.008137378950361852 -0.6976005462637072 0.2023 -0.1548 -0.7395 -0.2597
0.0046 -0.2572 0.4281 -0.4114 -0.0273 -0.5926 0.7374 0.4788 -0.0798 0.6196 0.8433 -0.0394 -0.1639076457514559 -0.2834182247961277 0.10229835000349329 -0.23190006875797034 -0.8842 -0.2677 0.7615 -0.5795 0.4394 -0.645 -0.0172 -0.8359 -0.0856 -0.9083 -0.4966 0.373
-0.8056 0.972 -0.0558 -0.241 -0.053 0.8198998560317311 -0.40499483323061797 0.4022122208883571 -0.6022414725248416 -0.039501262880613515 0.7607225633921865 -0.8382436644197747 0.9334096584358017 -0.06793651664445645 0.8093180604006087 0.6530262739372122 0.3565545370292147 0.9397100240906484 -0.0036022660320481287 -0.8670908462693395 -0.6968179002133333 -0.006654637611640587 0.1705019388754199 -0.5776694992013541 -0.4216 0.7058 0.9371 0.9264
-0.0514 -0.7535 0.06510008514999617 -0.8811996766166962 -0.6960026444750564 0.32319937470394317 0.06381401767828891 -0.07808847419888272 -0.2196789924584297 0.3792084431768077 -0.32050039958947374 0.5858279107950422 0.853251113813971 -0.32392175245553023 -0.4378318077861793 0.23317362919637388 0.04818179938427927 -0.4814268127281417 0.7940268703357833 0.49238022450929664 -0.08838247498310915 0.673095646804989 -0.16943195489854182 0.5144948220729005 -0.0993954057123017 0.17225321216508344 -0.6703 0.1238
0.0571 0.7192 0.5712001810288326 0.23420120284730234 0.3141207849541683 -0.7850552978483071 -0.35118849720517137 -0.9292142345331259 -0.9878885123173218 -0.3587294588828252 0.1345508108128527 0.4894190284392147 -0.00911001135254531 0.3627067030210142 0.523727568174381 -0.9576143064647243 0.419347081979794 0.06422359304263833 0.5434360575775132 -0.22654633307271854 -0.01791827006369535 0.3407127135905941 0.024552173122066184 -0.21324831079412326 0.6583370085886925 -0.05633945989762313 0.48890129251673314 0.3099
0.9551 -0.5298998060540799 0.5132014504290704 -0.5201160749432703 0.030057174322216544 -0.5437907435535986 -0.07652970780088172 0.8096501087250222 0.8531953559201686 0.3446175222724063 -0.6603212238023927 0.7359973314883911 0.22872749795820274 0.6043984906124376 0.25901881328595594 0.7333379966104612 0.07749754735548196 -0.5537551616881257 -0.6606758490037217 0.13802606774593057 0.7238802263047476 0.7253797856043189 0.11395540596860869 -0.2894725998905681 -0.12958327289429966 -0.4604316723779616 0.0650826477127577 0.6818196568854982
-0.4665 -0.9277 -0.5221571768650899 -0.7870405069941051 0.6013848451890179 0.8046456689652473 0.7271668952106645 -0.5913814782737815 0.22691770625825028 -0.5052588842652422 0.5091370086859378 -0.6333072464784475 0.7622109426771828 0.49087616311801185 0.010588539493019784 0.5616754565550375 -0.9752755509642205 0.8505890645985374 -0.5992949379551531 0.6285901488593862 0.08988389151675469 0.48139280924566036 -0.6260371118452882 -0.08254719175093289 -0.8882789782679432 -0.2775164756286573 -0.20066465022746188 -0.163751721683241
-0.1007 0.8965005174724584 0.5676534394055663 0.3725550127671524 -0.14522969131343336 0.04246217104329996 0.06568042808247246 -0.3914435702266989 0.9694703011205211 -0.9106228669420126 -0.9451990967609236 0.37244356136400264 0.21305069781970049 -0.6588296299546766 -1.0504972424777632 -0.7766247841022992 0.7726942018849424 0.7914766235933577 -0.4583450270549945 0.4929202740474389 0.7619285308785856 -0.5217782678472506 -0.9798307581096986 -0.5510637087043753 -0.41681995064568045 0.09403702011435229 -0.4356761194253208 0.1710162137087465
0.6092012010098837 0.8086894716232977 -0.18540276408385745 -0.43714763981906896 0.6697355775254408 -0.6401682666505251 0.5559918904657682 0.8102983200733425 -0.8909057727463046 -0.8919424371862547 -0.9328387145979702 -0.346006691084538 -0.3507746195881635 -0.09551354436721304 -0.6713512159539765 0.055138582309344764 -0.95579131791927 0.9118149766326031 -0.224962426410173 0.14156965656944306 -0.01962114452935909 -0.30352141188599985 0.12395101854647164 0.4879707905717948 -0.8466641201673368 -0.6581898762932905 0.1899955599218089 0.8114456012307689
0.03180488093544718 -0.5719490465743344 -0.8587447878368849 0.5804758987685124 0.006679580156930642 0.7491239492199931 -0.9665077160182343 -0.8375965830660907 -0.17368539203144018 -0.034223391793227254 -0.6372878317858678 -0.2726164603972233 0.6346205595292383 0.0563622769652442 0.7336313779400327 0.3243946272376344 -0.1660398999041009 0.6698549117441666 0.1059224320846133 -0.4914373242972099 0.8391337716195957 0.8261432543006887 -0.7958781036366827 -0.4267833576538199 -0.9593844962259674 0.5591385925877765 -1.0004073846835013 -0.3256047813845981
-0.47429920758110766 -0.4324711867765478 0.9870834032239558 -0.3181573850338981 0.822194399053476 -0.5269045545767191 0.40363020429733604 -0.2739423439273698 -0.6420441937663648 0.2772197949528491 -0.8484821792519173 0.8242479882849452 -0.023732867287451546 -0.26172810823256826 0.45753125637631675 -0.38681647573142985 0.2804915309435707 -0.6960454458451182 -0.8253073246962471 0.4311668472176969 0.6405363467779858 -0.5079439449982873 -0.410961939579199 0.858792053515169 -0.7591507511146273 0.6260715384967925 -0.1450489463232458 0.6195818980780843
0.38430002317562745 -0.19834777975657472 -0.8057005599096752 -0.4603432650492905 0.45548865209011763 0.3254141582643092 0.6443144829746732 0.640724274463206 -0.8053999651612775 0.9672554127982079 -0.16391328184563692 0.26237528157107204 0.4448227243580792 0.8399973061448645 -0.3692236130114275 0.03354348127689962 0.221735032816876 0.6383844949094343 0.8088649277467191 0.5341943632437293 0.017287841755465164 0.34359822919617167 0.5744464116538213 0.0858650422566009 -0.33242513004065966 0.6237502034139041 0.5536626350330434 -0.18927527163012747
-0.21069691836087445 0.5379344027331209 0.46416262841591177 -0.34939850955608176 -0.9736024333989386 0.7970352706266749 0.6048279815961731 -0.2282402217580247 -0.3953545384687637 0.594135113508206 0.6480265859432891 0.3777591846197679 0.6206077044736263 -0.9949926131684721 -0.7197656837985755 -0.5009542102960309 -0.47539265651863893 0.5008702858183239 0.7176978173448575 0.6427391362742434 0.5017784129417908 0.8337506446962056 0.7529011789722639 0.257221313733172 0.07699636414163623 0.5232368522490052 0.022163857113451844 -0.49864839682743833
-0.5592573499724749 0.19360812483978168 -0.3925986217170466 0.9104553054732012 -0.3148299609424982 -0.7955842444078063 -0.012750295466801478 -0.418934170818322 -0.6098534685090313 0.749427409975743 0.09438078369604241 -0.2551309003918699 0.7491715058773877 -0.029510090324506934 -0.34014029580810556 -0.10497365962072949 -0.9080219509183909 -0.2420615210511299 -0.8621312158791711 -0.43829707427182546 0.29333916884020167 -0.2916366115708305 -0.35683612402599635 0.5320977142942788 -0.39431817346112663 0.7473038066541664 -0.6795453848627617 0.3506783729767475
0.9614999494182034 0.167021605616002 -0.1025926671175824 -0.8238596328287069 -0.767464298702442 -0.5178987959776977 -0.4766155979862788 0.903764147671801 -0.41044229684894107 -0.8182905925484297 0.26617050804409653 0.6433775454650502 -0.5965455398722155 -0.6565876571727832 0.7186393140921883 -0.2152743856811687 -0.5122422395856053 0.705250659185737 0.8232493121864437 -0.10552853782118309 -0.8617053967950852 -0.5488302752412508 -0.8252688899810265 -0.7520067531887907 1.0067109562725243 -0.9169665938935253 -0.24067300586361506 -0.6761674397371653
-0.9385231344296968 -0.024905838398898296 -0.18630164887878792 -0.5325557948588018 -0.5334389522574291 -0.7230233793549979 0.4305471251677722 0.8671462327992077 0.5743942723630309 0.6938050567060995 -0.27267362779297066 -0.825687129987485 -0.9667306698146101 -0.3887991063735291 -0.8031094578663116 0.6464677699256622 0.519476181982713 0.6564015565858822 0.8914356790727107 0.44188276225211587 0.876392737263752 -0.05359027649380232 0.36095749526279675 0.6953847741740121 -0.8172826274801428 -0.510601385876159 -1.000242340019473 -0.14255239392497654
-0.052507157899855925 -0.5781757026061206 -0.40426067649207986 0.9662492974781937 0.20580510144048683 -0.2412136180648829 0.9617480492858355 0.613684962134327 -0.6138486641165483 -0.2759896101511636 0.5191329262510775 0.09787878017299488 0.3811899408887618 0.09274484048760273 -0.7869398844745095 -0.9037584294163217 0.7035714156564673 0.18667499872530077 0.14297824630968536 0.959660691567308 0.5926533183101644 1.1324933542483309 0.7706383930671826 -0.002842305419804851 0.8469305404332895 0.26889285694840614 0.09342736394698188 -0.8018892336958071
0.30790238390813923 -0.13536940526627242 0.28452311588727947 -0.31897169294725686 -0.3460516714150018 -0.5574589372290608 1.007037051137759 -0.3370606721879629 -0.7177260452164719 0.6603076844737036 -0.8282763814534191 -0.7643394465503269 -0.23601677687349062 -0.8459628223038406 -0.4688389042117126 -0.7533381910643038 -0.1684956998313089 -0.11595208068405767 -0.5795042709146386 0.4382240399791754 0.11983622582088174 0.8396288231465046 -0.2607872235679488 0.9253785844610006 -0.7144258511177524 -0.7540086248063453 -0.1609876959361223 0.817972568644662
-0.7081 0.5423885722256699 -0.33132377771298355 -0.6369321034815235 -0.3041844853455031 -0.8599148281997752 -0.4011534894896617 -0.14884237215698973 -0.18955557814213345 0.7037296433157328 0.35648959122321977 0.27608172680133025 -1.1224119089084539 0.8675202211357366 0.7024461392768941 -0.1659562567658752 -0.2629322260040744 -0.1660141589497262 -0.7586397429381012 0.3994575190335941 0.198292644717996 -0.3635535305426659 0.7861583302627769 -0.8446933496448003 0.30748505465905757 0.9144550466681298 0.4863073484017872 0.9676317939532112
0.5020945170791166 -0.9831937541454849 -0.397830710867843 0.14151345750032968 -0.8352925254097866 0.5035143190856924 -0.3252736966474074 -0.5722917561405448 -0.25125594742953633 0.5100624702115295 -0.28334561461717916 -0.8835882499117125 -0.09612916200332867 -0.548683716763795 -0.9568710401338685 0.3074925451438666 -0.7002204702458508 0.9651846648852976 0.944601769879921 -0.5137681670445198 -0.9525693608644665 0.2041908042824681 -0.2822459404141004 -0.00585742768474166 0.7266678164005664 -0.5689972199792832 0.9127928627184989 -0.7371929463515772
0.1704 0.557716898904582 0.6237451856572137 -0.9271213952040493 0.46878788182959796 -0.913456129126018 -0.5649596997501497 -0.9014684160757301 0.7299780775690107 -0.7083618588255498 -0.11029388639843277 0.9405275751067077 -0.012190179759372111 0.3203607415767768 -0.3784108133651656 -0.8235950369717183 -0.9135965708573726 -0.1006290810439537 -0.2989132658486014 0.6981660690484061 -0.5410140025743629 0.2582390406507302 -0.03930789595430338 -0.903189243611019 0.3274060710027307 -0.6121819164411715 -0.25511862643180433 0.19143456950232793
-0.5102 0.8841568872657167 -0.2510384719442346 -0.8374334407574824 -0.8391360209679161 0.5671620309327814 -1.0072702653044754 0.020063388099605638 0.621080195914568 -0.04019441266270518 -0.6816321029832287 -0.14390026833695513 0.16616967016419845 0.6267197771309957 0.8587095559032891 -0.9598251026217642 0.18614457033376486 0.5655017633859011 0.606369623638549 -0.11095373722848081 0.19854626886442903 -0.39618294482621547 0.20157074556378674 0.6817640353179315 -0.15335658068759916 -0.7338415917528615 -0.3265483015829416 0.6669000496003352
-0.6439000054501285 0.5183524282934533 -0.48759068650673687 0.23417668843143782 -0.514804616666675 -0.20489436173778922 0.10386083873956002 0.07017223212337032 0.6711178740195127 -0.1574632261400993 0.8055351794693745 -0.4466438204183589 0.21127095724217557 -0.14995612841053765 0.8643252825280252 0.7865479108519644 -0.29013333483273984 -0.09435992776078904 -0.9602300235741168 0.7748847125779611 0.07386175542008902 0.3493030101755943 0.10170705947646554 -0.887651136967404 0.794082469197637 -0.9952806111848761 -0.2335513154554438 -0.11319993546221913
-0.8088000052807619 -0.3655998275770039 0.09482741572491327 0.4386410043007182 0.7191124535227257 0.2334095790906128 -0.9627797763979546 -0.4344556045257904 -0.17383274847057822 -0.0985713655801167 0.7174044217029983 0.1377305667777753 -0.9359954282437067 0.5001082049118795 -0.7606792633932292 -0.8737881955958483 -0.9453993867152588 -0.5154380516679388 -0.03357551768685852 0.8060391679474656 -0.050746635697550495 -0.12417104379211881 -0.7498837143234454 -0.8926845423327922 0.1471750348324336 0.18166685142426928 -0.06334453019744596 0.8520001191986221
0.2942 0.0648 -0.648732303257026 -0.833806947661538 0.11063637522116243 0.4485467243245941 0.3170427499931526 0.26706072913010886 -1.0127297786075886 0.6221062186057154 -0.5812800987515667 -0.6045424287118237 -0.8118737659108076 -0.6531687493256235 0.35522872532821265 -0.7798024465220242 0.025262055305701657 -0.9225298980279689 0.2118799589507591 0.29589240620242185 -0.34920114127250496 0.13204016928659987 -0.16379356674951964 -0.7094032330543207 -0.46040882008078576 0.7823416912983959 -0.9551301415416766 -0.9573
0.6859 0.4242 -0.7658311159444124 -0.32564997814519686 -0.7839363368174265 -0.2720489204577223 0.9634374488082237 -0.8982139829278718 -0.38845266215603597 -0.25922246838459784 0.3758560407897823 0.19683241765213505 -0.08103804703212356 0.3821339715796022 0.09683870906292791 0.5065026688815577 -0.5759521650838799 -0.6223114193748979 0.1398769801340871 -0.7497654869749055 0.35883800578061215 0.9315570549253842 0.3748552358752241 0.3906452145059119 -0.9093803756162152 0.5083682267456652 -0.24299607508719936 -0.9358
0.035 -0.012 -0.8619180452164413 0.6327563583912081 -0.3892179539324533 -0.6530156006127094 -0.6636457866269034 -0.4193397164320737 0.5589248406997578 -0.3816110712682593 -0.2415063814675383 0.8212381335686824 -0.5472915249336674 -0.08431100426638073 0.15321171330099825 0.5668846512596897 -0.12910058649523032 0.46891269681636555 0.47262016162337045 -0.9515548229681248 0.5968040691355468 -0.7175514419843616 -0.921398425204894 -0.4724045609035913 -0.8443418792082465 0.508603473359136 -0.3450958350782199 0.7775
-0.8768 0.9175 0.4048 -0.9381762839275337 -0.6553695685565423 -0.7475896644071873 0.4643612977275926 -0.5307475250614424 -0.01662364230098291 -0.48893460626922547 0.9794810149746418 -0.6311560318151117 -0.5241916532092192 0.9041266303471891 0.47046012462871245 0.20107739525516313 0.3276819759605561 -0.5140489967162468 0.6608579130329373 -0.5601210165090148 -0.0977591647884645 -0.11789637052894011 -0.060700145552784565 -0.2274759025498182 -0.5469998315832756 -0.21409986093065222 0.6504 -0.9327
-0.5968 -0.7934 -0.7392 -0.7961 0.9375085023129999 0.8553537072718977 0.6552065196142667 -0.281100670587744 -0.8399792613911334 -0.07969914966381005 -0.15415920600371802 -0.7755596604596084 -0.004261201874621164 -0.39374278970065263 0.3422858049133118 -0.48437247135744677 0.355187999973732 -0.5703604282851592 0.7929771975614033 0.023811118785202635 -0.9685211571403789 -0.12047828956005774 -0.7027744795100612 -0.3253999186085675 0.7675 -0.7435 -0.9182 0.7655
-0.8688 0.9034 0.1525 0.4242 -0.5782 0.137 0.4682 0.1341 0.8772 0.1068 0.8733 -0.422 0.8837001662051663 -0.9638999938441232 0.33989960187209245 0.0777999834093789 -0.7945 -0.7046 0.6894 -0.1277 0.3755 -0.2533 0.5132 0.0211 -0.7363 0.7089 0.5256 -0.9213
-0.8987 0.225 -0.257 0.2332 -0.0564 -0.21989999999652238 0.7895001790782831 -0.7763824770881242 0.1705850672018887 -0.7163113146680834 0.5134290183253861 -0.12486036734996238 -0.815118589079823 0.4560209169700913 -0.5840457199278809 0.38045517803918943 0.4355040871041247 -0.6521198326269428 -0.6512021212698184 0.19810194589974378 0.6849260412778189 0.07521844711206913 -0.9175865693861461 0.08500142014883946 -0.2913 0.0095 0.6205 -0.7954
-0.865 0.0419 0.9329000002926945 0.8151999395269567 -0.9878972390044501 0.7138005217651666 -0.02179520826267552 0.4238451210621871 0.6268476503339243 -0.20600804595163183 -0.2000042719450531 -0.021603693728997578 0.6561957572931395 0.1940740694173387 -0.6515969748510476 -0.48715837838755494 0.06601369288116314 -0.06283079668174271 -0.9788695857939748 -0.35476053205506036 -0.19981876913634558 -0.5154915295373564 -0.3164047841841938 -0.6031669168197037 -0.727488101847629 -0.6855979246648755 0.5535 -0.6956
-0.1432 -0.6061 0.23339999420093555 0.2831998328179004 0.8674126793800557 0.7663665698520199 -0.7589189218215896 0.9974718492119301 -0.5708428368895905 0.2934970072325344 -0.1471791192695313 -0.8101315980125435 -0.6286539596710207 -0.11227830969042224 0.3328739480199118 0.5197944535938122 0.2292154564538551 -0.6874836728074254 0.6055518568304498 -0.5326791435860703 0.2753045060256371 0.7035992833970834 0.9847540316276941 -0.3704269141626186 -0.11589464349267639 0.3375791870501125 -0.5055996411633166 -0.5508
-0.7552 0.8144000380188584 -0.0072000052037378935 0.05458244579208278 0.293538715769015 -0.3650109002267377 -0.36825508508409627 0.7702133392176916 -0.4217616762894882 -0.5861341070927325 0.605709868063599 0.6288363528510565 0.24402874525395538 0.1187634990693217 -0.6378916454115999 0.20957753582360333 0.02319978575503037 0.006406275704002594 0.9074414762771176 -0.5142833142517284 0.23564934674482288 -0.6211617048843121 -0.890584310231964 -0.8542426345881264 0.7263352118429909 -0.10042878758312443 0.41345914776857867 -0.15139970929987318
0.1079 -0.6669 0.2971783428900689 0.10918967096312439 0.4527804295357874 0.4062917698693782 0.6177095450938265 -0.15512455222748578 -0.43898801866695814 0.7800060248931383 0.6076732272236471 0.8759232448698886 -0.927617712566567 0.47648997133058457 0.4438818323137428 0.9837366388918329 -0.9204238713612468 0.8536904261208296 0.08721822403654636 0.17344837821569264 -0.8491305820006875 0.18067766966687948 -0.6032568888678259 0.6531281347839741 0.2764430115829986 -0.8418038445079791 -0.030747280265080404 0.49570042992810237
0.6157 0.1326000897270558 -0.8664522033634924 -0.9816588291810509 0.30018520890398814 0.05840060623441268 -0.32889298780609644 0.8451990648942886 0.2200299463325829 -0.7199619985267307 0.6370842257839148 0.8632280692582283 -0.1546580067900682 -0.48102988191287477 0.8602355451341863 0.9482190641565839 0.7833286287556339 0.7981961231328831 -0.04625926745853702 0.1399561530228694 -0.19050423408169703 -0.9191836295570464 0.009849328867313472 0.039605906236427645 -0.25123415136290583 0.28376227737924453 0.3417891191660741 0.5937970458660818
-0.13719999997820537 -0.8741023249460474 0.8231587046714194 0.003569889620301533 0.24330958945498496 -0.277721582110903 -0.6491630713392881 -0.01944796015475995 0.15957854872838576 -0.49960990237965996 -0.8870848647323398 0.7844160197077535 0.9460494961033583 -0.10805161075503404 -0.5710988247147853 -0.9393332682454001 0.2940061146874117 -0.9506646673702676 -0.13215867926390035 0.5896140961636901 -0.48748562834469494 0.7392524982328224 0.13660592439467517 -0.18585689446352674 -0.5696356778010754 -0.848598798566773 -0.4986571750198515 -0.0465409522171028
0.6714000000885739 0.5612431121272091 -0.20306980854625964 -0.2955968943063425 0.2521223608015755 -0.7615224512893742 0.3089457575517344 0.6907584866648158 0.43980441095805983 -0.030685041677106138 0.8251175450044239 0.6014693174644937 -0.6293122458429619 -0.4507059638926152 0.10805077455265027 -0.9057241173371442 0.1050531731142233 0.5788042843972653 -0.6044983021105333 0.7840058639850056 0.9577541462475292 0.01179006897539246 0.19117493301981742 -0.18071738328589687 -0.011881289439140186 0.4836342516410806 -0.2240207411170287 -0.2631689684309154
0.89800000001438 -0.21532722999062787 0.09587401051826615 -0.17693943580340935 -0.8205237344873286 -0.8512544251167456 -0.08052339381177016 0.664756841451785 0.9004995886109498 -0.21970173344749902 0.838167862486011 0.3362077330496198 -0.5762554586374363 0.028264091494001182 0.6042191412529723 0.4124632537436854 0.17221121863773642 0.740877853464308 0.8455142524384186 0.6195376866862377 -0.7355500343738357 0.6211733158481203 -0.30805577065203255 -0.7696274972190477 -0.8837906649948345 -0.8034837594203814 0.02830447601931186 0.3632182026813635
-0.7495992155858415 0.792875508615578 0.754288643811726 -0.9735315740217945 0.1980717045190141 -0.41901612060736737 0.7066105918060012 0.8675501922768036 0.6186719995880768 -0.3279048568895584 -0.3077895560287499 0.4758318945516745 1.0375181224121541 0.611094542695898 0.17854500307248916 0.8172048152661526 0.9416736511593828 0.18331827291413444 0.3045300347589969 0.2651790036541627 0.4260972752310617 0.8573652621994422 0.32141693739218485 -0.8633746979793022 -0.46102783262829855 -0.7526047818949032 -0.2271764365585116 -0.11442345590555805
-0.8358990313238107 0.29913012837996783 0.21434851206397967 -0.7519502001125792 -0.2383773083586175 0.20554258504160464 -0.6142173524999622 0.957426674168913 -0.12455608664959672 -0.4238162490805729 0.10047728845027944 0.03467691378261033 0.5168550846096736 -0.8893295589946698 -0.9250255395452494 0.9580434945255338 0.9213886965357241 -0.8112511574400885 -0.7574301219933017 0.14049419415289607 -0.1978531767434745 -0.7255122234035832 0.5689035668416522 -0.21029656384508177 0.33197333540208734 0.2589593979349053 0.3485063627527487 -0.7981014339331751
-0.7072887881580248 -0.09341925113548323 0.08358702655337652 -0.32521514203505547 -0.3725384723336665 -0.14743095918052052 0.7405903019564382 0.5156823585595443 0.4630149909423092 -0.5929852435378635 0.7423662340004011 -0.3993281258196083 0.8844909054512629 -0.24007488138468355 0.5778011095102652 -0.8811610690592362 -0.14609266258951933 0.9985620211609713 0.9478287225429026 0.6805748344736492 -0.759474012508048 -0.15261354191437895 1.0377744639644335 -0.961233273867627 -0.4387580825075961 0.6237258664168307 -0.8654148966066705 -0.5962997418263998
-0.058900100376116114 0.8425266065975975 0.33264911164845906 0.1441492751425337 -0.03982441347499413 -0.8425505450468814 -0.19235625081113278 0.04485455566077984 -0.09851353812609243 -0.4530892127077813 0.7650675382957285 0.7937298047047648 0.3461536990530685 0.7579805214573259 0.9707234674595067 0.6531592934214787 -0.12743776030273526 0.7999857412579303 -0.8328296278789012 -0.5166620851101842 -0.03191996409876411 -0.6225414646968374 -0.8986354727726181 -0.7809924142381849 0.6145996736028206 -0.8852669898936282 0.47798888647983817 0.3128996427324757
-0.9079126778966478 -0.8317638067628061 0.4436057299035795 -0.7341664700207357 0.19545792814972243 -0.1748032851214266 0.17961571473324117 0.4610351721809596 -0.37118379142807334 0.56585105849718 -0.02033017239381357 -0.06144204703737862 0.8668612048051977 0.14447327259947157 0.4535705832798013 -0.6543552087015329 -0.7662630065525219 0.5930025596487675 -0.4989674743082806 -0.5646381111762537 0.6647138986354936 0.6877824284088002 0.25904153909602046 0.0787123399449724 -0.14212925634989854 0.7781278852174308 0.9324285549287337 -0.8977000116135999
-0.816704104362516 -0.7187768564131822 -0.28077820086275856 -0.3119375310213167 0.8428485315220713 0.9256708256748083 0.6378418999137447 0.020519317181575524 0.4806694677376783 -0.20913871963291017 -0.7716685006527201 0.359482925214963 -0.04852935118401426 0.6761760021925304 0.5076004501775059 -0.4568206759536154 0.3078888654245247 0.6651360564934171 -0.8492126509890024 -0.7668144134299886 0.18596470445655885 0.27738418646051405 0.3189841542192778 0.6665302031390783 -0.5362935675144096 -0.7009891735320941 -0.7546985586058592 -0.3470943665598328
0.12800026936766565 -0.2745946399594631 0.9431011093275382 0.4285704743269937 -0.553179994735073 -0.4667126642627587 0.6893469726184711 -0.5888130899061319 0.345014238042484 -0.8786571013201355 0.8767914309718204 0.09815119750601156 0.8731097482588149 -0.9417989730922204 -0.9217416397548105 -0.13296302175284533 0.9171348850060737 0.9390147047109805 -0.6239333728744303 -0.20991846396154135 -0.5071298099074035 0.6171407886273588 0.22571888820718777 -0.13832632199924094 0.6482410589637263 -0.6176503374851047 -0.9330646592422531 0.6928033874889283
-0.5868 0.306336491920885 -0.7544304424398551 -0.7416330832562245 0.4001969973510945 -0.6974288525514221 0.3492519004203677 -0.21510430614717593 -0.8319722552801835 -0.13852438127292055 0.42964865727619483 0.6934013038671859 0.4647580989552574 0.5307348607983032 0.9262140013920794 -0.7935901582752668 0.6671128691786127 -0.5858465895060572 0.12488449717388361 0.6842704932920386 -0.3466118215810022 0.03403769117931758 -0.8777846741370285 0.910100697496056 -0.33188316721813454 0.2973910247544723 0.7650353192297404 -0.5293135822560314
0.9892999999973134 -0.02989980570197471 -0.8487948796703307 -0.2172476655716231 0.48013699162670515 -0.992857261045035 -0.6420659164184636 1.0017096161364807 0.2125099829317987 0.2791261776688679 0.20212256047988417 0.9490437936452785 -0.8832124135568343 -0.15624912853662165 0.7700276030051432 1.0000367205984941 -0.9701463632898325 0.4935731779748749 -0.5722799087112734 -0.1594094962493914 -0.6445459171398754 0.47973305263092625 0.134349432062403 -0.7644299838535527 0.47794320956389635 0.03922955422474642 -0.7081609721352402 0.7095617324385403
0.3252 -0.0638011797699276 -0.18084004648230909 0.5989486485671821 0.5464703230857031 -0.21898108741989225 -0.5450119377244056 0.678789167736716 -0.8161042754879855 -0.7145559210942809 0.9999753085556808 0.8011478482545515 -0.33943836898629015 0.46516446822207796 -0.024454827171057833 -0.5710461516863486 -0.3846948649672009 0.8999820353191412 0.1972419487045403 0.27156993369066323 -0.21224990900559793 0.5081096805855407 -0.8446241281539815 0.5042632843777072 -0.36900822922088294 -0.5319623548558985 -0.12139791250478535 -0.36302545885200255
-0.5029 -0.21290315687638797 0.11338684472232281 -0.64871251498166 -0.02353480767278574 0.20060343455625088 0.34938787538224947 -0.26963460089027974 0.17613823333590442 0.8289504378906954 0.434480293858424 0.374611702339248 -0.7958349686282982 -0.2942545254936603 0.17811427029847113 0.4701920347704471 0.6112962129593982 0.49458387871989884 -0.6792749583928622 -0.44454376504907833 0.3276586698541237 -0.5494576677639521 0.7363201812532905 0.9377636154196547 0.8755831042651484 -0.2610268536598376 -0.304981912034206 0.48989999271261225
0.4751999818755785 -0.3285984405731519 -0.8311627576060785 0.35830356675563024 -0.11182463690847534 -0.6415158291502011 -0.4273344551266571 -0.4933974129430951 -0.745274519864306 -0.888366875808772 0.9238506959009263 -0.5479401231083498 0.5915265421028434 -0.35756871222865305 0.9079117909324222 0.4730204703583618 0.029827843916095925 0.41747647378862873 -0.01873747032460967 0.24114233920460176 -0.7793299067900896 -0.7286939769096241 -0.7446588416335127 0.3602142120341949 0.4562566423395097 0.2611949886370928 -0.6949098675638368 -0.20750000000664368
-0.9094000175611925 0.046100044788371555 -0.5279151926414931 0.6248165834385748 -0.3246000457475866 -0.2079054329470551 -0.9453733428946306 -0.3366493574921606 -0.7947735162922044 -0.8178742999743075 -0.024571863237503384 0.1636185414096065 -0.5355381881037115 -0.2859456224164788 0.8133094587757852 0.12017293059392486 0.4987208915770296 -0.8966280352355657 -0.2966312092241012 -0.8756108819360605 -0.9149147728693245 0.759553656461875 -0.5975826656464018 0.5078391838861681 -0.5630954896890954 -0.45960075980922954 -0.08710125185117436 -0.8649000000122706
-0.5978 -0.7651 0.49332871512353793 -0.7755054708414291 0.903440833803746 0.7993949858504966 0.313915452204419 -0.939288427718125 -0.4805530724079207 -0.6467348351121089 0.6471878906281873 0.8538747809324178 0.26071880510629475 -0.26079462976302753 0.19351979607696473 -0.4120268192734336 -0.764468629039739 0.5688154258906494 0.7689218205080884 -0.22556625410255346 -0.5740918193888217 -0.992662017239759 0.5515928565007001 -0.8356831556386232 0.5815732354885881 0.6162989758461335 0.43259986492111707 0.9112
0.8513 0.3556 -0.4873419401967821 -0.3343349060204848 -0.3996896710408055 0.8092463721852191 0.1668991993719213 0.3505214304248574 -0.15547742320295763 0.8656385065626258 0.9211568873631816 -0.4599014215999956 0.6969169778660613 -0.5376039222180792 0.18954947748847747 0.7845465608961112 -0.8424738402047206 -0.09268975945518812 -0.09302943246741376 0.43022102498731046 0.2257148651755929 -0.9589158240921521 -0.2101865178539243 0.6548571979197926 -0.15163184103503516 -0.7123114316982577 -0.6345048030071906 0.7077
0.1909 0.0383 -0.7194913461449404 0.4664920592262345 -0.6382624070680274 -0.5345664249046682 -0.9736541684174392 0.8232653174352671 -0.027670977130368257 -0.29817957559321706 0.8866329639554686 0.7907749585608069 0.3529652347544604 0.6918917477169946 -0.8076502692244335 0.4436854819035145 0.6603715371003118 -0.7793064644870659 -0.00529541983450815 -0.3333593503671323 -0.39820924347029457 -0.6996833227030786 -0.939977886124611 0.5577119518995225 0.2797058617200284 0.9070957354799853 0.11949490328823228 0.4472
-0.7473 -0.9265 0.8658 0.07210095245759746 0.7188535346752385 -0.28734895140005157 -0.24781588229348056 0.8709389541189215 0.33514262911107795 0.930984187302887 0.6389202891509739 0.6488433679565515 -0.6165247236249848 -0.6005304633296176 0.8862636968296892 -0.7698884527370767 0.29384241170991005 0.339183316268657 0.21694317945525832 -0.8528412055512838 -0.19948279146459713 -0.3186997702722877 -0.047611533608458344 0.684857812127978 0.45019999995980553 0.5652000014721458 -0.8336 -0.5962
0.6301 -0.0901 -0.4006 0.9981 -0.3171988808533174 0.9090199042897339 -0.01577801107483364 -0.51747245757344 -0.8107644404111631 0.2212021513508619 0.24900295973263178 -0.7950672669173594 0.20507677800502974 0.7975457687985941 0.11153909074651004 -0.2663243775708285 -0.43809258021639735 -0.11648746726128828 0.07233864141298475 0.5521342511666661 0.6589851514803196 -0.5013844025184074 -0.036447556953376876 -0.22319421654682145 -0.1788 -0.3193 -0.3229 -0.5554
0.3964 0.8255 -0.5413 -0.1909 -0.1725 0.9341 0.3957 -0.6504 0.9923 -0.941 0.2305 0.5635 0.9297001938271781 0.6369017768156437 0.9576015048795026 -0.02559993728928528 0.8158 0.8664 -0.3977 0.3922 -0.3292 -0.4899 -0.0723 0.3108 0.9302 -0.1197 -0.5491 0.528
-0.7045 -0.8576 -0.3356 0.335 0.255 0.6587000001490151 0.3441234521385067 -0.6995076225880262 -0.2347961555845089 0.798334675119088 -0.4947733977014844 0.6687908590102424 -0.7391835849997805 -0.81682275222916 -0.7018705809070186 0.7772499416413415 -0.3077984936048189 -0.3554782729075254 0.7345214370292097 -0.06444960374840299 -0.5771329267514456 0.40517827028510534 0.45884253503979283 0.46778884583643815 -0.2231 0.1079 0.8645 0.1845
0.2204 0.8142 -0.6347999971197719 0.7975438501092139 0.08490218213467501 -0.8488717844764064 -0.4494477796139303 0.35270116233826293 0.19649313372863864 0.20587347431307465 0.4154961769956421 0.9922556322966808 -0.15570825577288905 -0.7305287362556937 -0.6078188718414329 -0.8049597781861179 -0.759239569246704 -0.22508917502355663 -0.5119770704162817 0.7144905398785582 -0.5908598797320047 0.8839594057223937 0.20737539411002634 -0.8183001601715124 0.1443905985677058 -0.019860779968945797 -0.1697 0.5303
-0.9806 0.8516 -0.16779984228566636 -0.6662051001260867 0.23362009178038895 0.7831861335404757 -0.19057897582837852 0.8039656926178156 0.5258251059731035 -0.43272764133064046 0.21247967736693718 0.32344320249129466 0.5838440566043489 0.8398942043911419 0.2935103843483495 -0.00401127948815203 -0.0020886508122136896 0.6451254224626116 -0.3895239931402116 0.09313971502817123 -0.8994365824984328 -0.22106655446250612 -0.02473322339532905 0.5078921752433644 0.36892028243671593 -0.7843786015853935 0.14882520425493492 0.1499
-0.7384 -0.8354005484545027 -0.43273130644587626 0.16996327326580993 -0.36989242089652774 -0.7658608788165706 0.8049204315811612 -0.4844932505753506 0.05450493066889808 0.1124299700053899 0.7318475631458112 0.5043285611768628 -0.5582947584444425 0.08479934359132008 -0.2661388961044587 0.4610309899367848 1.0557935977248427 0.9438265055941568 -0.41431546555732907 -0.724270158547281 -0.14117279178871672 0.28400026323863514 0.6014795920999411 -0.12044787633463196 -0.5959105046736034 -0.09002634171544266 0.9620167356766521 -0.6813932733434592
0.4054 -0.3271 -0.03730219796964006 -0.7431154401667958 -0.4576068467529673 0.40374171677986076 0.2787289341753091 -0.9442726563925323 0.35649861538663546 0.3522572210571308 0.5442340317557384 0.5752638476325664 -0.6501918887228457 -0.4727447416172923 0.994825828571906 0.6513550286063777 0.3380888401108099 0.3025987613980038 -0.6340868153342595 -0.6299572221729115 -0.5667674526217753 0.7306508462023613 0.18561135631645573 0.712505657952171 0.7595906223970689 0.22788275035578948 -0.7040038234980825 -0.0031920708716760933
0.6986 -0.5637003502112631 0.8250508654444113 0.7110148258761688 -0.6039591986003869 -0.7449191571013656 -0.29473967976835275 0.17797530982159376 0.43461732442967743 -0.7079501276159166 0.2516789746824598 -0.7918574372390104 -0.2020863771835792 0.6109838519670436 0.4630480335270707 0.5084789403997759 -1.0144249716069893 -0.8429886785504163 0.43034166948900215 0.3853946994121063 -0.2739204547628796 -0.32093452035072123 -0.25286465652429657 -0.3023078415239332 -0.8228408413285844 -0.6628609300415212 -0.7745555523814868 -0.27150132873215427
0.7354999901992322 -0.24671720859223714 0.26246533248054776 -0.9599254570317104 -0.49094448482262104 0.09811012403671296 -0.053137647325627924 0.46181536828396225 0.4199805410576806 0.02423963240925882 -0.37059774249147637 1.0970417449820804 -0.9054616048014648 0.25275990905295653 0.754333035617795 -0.5163834137190378 0.04059292216408962 0.11523589001326687 0.6140405490315828 0.0999994213222996 0.549508979083619 -0.32013325271737375 -0.652621545532553 0.37133616817196075 -0.9271840123720954 0.6411252117950031 0.5580887250288212 0.6252927965550786
-0.7317000398305761 0.9898286697338864 0.5044827839131866 -0.36521465954251336 -0.8218936554625548 0.7443285915443548 0.2661066604024883 0.08099622982967747 -0.6897165017414307 0.2800724487597686 1.1020426878290126 0.8706592708323224 0.6187567526248146 -0.5552222364364695 -0.7246205405262313 0.6878853732819404 -0.790928343761068 -1.0110360985116233 -0.5490028670683339 -0.19327592861153656 -0.5018012695163903 -0.4008160760761889 0.5101045954739684 0.05486852253411453 0.6290703403621355 -0.901724819356155 0.7613065267461322 -0.5565656646113054
0.15279999353351395 -0.7141168377144118 -0.16622038297164834 0.2616966000893236 -0.48027438741779027 -0.9099037463684281 -0.26291245678296216 0.6039585658744164 -0.7273609521041857 0.8934044764640482 -0.2596535370174389 -0.6402292751235327 -0.9912986189277789 0.00226593586300625 -0.5682523504201962 -0.5015948858875 -0.6213404998029136 0.4214094245929016 0.77547112509395 0.4784999726137889 -0.0923641238423118 -0.7997719453178176 -0.6136765601184128 0.1659119283096653 -0.7479048021059066 -0.9055594078979445 -0.4385958776083699 -0.2584607551204158
0.8112994977595841 0.3138913577322893 -0.8443745113230472 -0.6268406997087677 -0.29321211821055204 -0.35956343329136525 0.6839945835108249 0.02175591684235921 -0.488574896282252 0.7673704354182095 -0.6976680028162029 0.5780371894142029 -0.252649876427358 -0.14355366673111095 0.11728929793528219 -0.9023643700489393 0.8324840205088005 -0.40318903116366617 0.24265587956555199 0.4075623654863028 -0.9628948446264547 0.013361149694038935 -0.38108801232320033 0.5285851855778552 -0.2888683569329654 -1.0049490328765038 -0.8805821579408601 -0.39613687848923
-0.1965646479170565 0.019038114722306772 -0.4693206155284626 0.3137245018488406 0.3048088372564858 -0.8601661659560234 0.49770806520441 -0.28922729161668215 -0.785599170047124 -0.966359457090514 0.32737204585204854 -0.010211989849448981 0.01879611558135949 0.8169880535894501 -0.44700917353714953 -0.15228419959605968 -0.04998984926270599 -0.42624190115200683 -0.1562040707646143 -0.2922307988053996 -0.749266357831066 -0.16012090264941423 0.18847379153376417 0.13301762063800723 -0.8928959707823251 0.8390324982121812 0.7623312169425454 0.6255608195943115
0.9549778172533425 0.44653236429142745 -0.7433879729243136 0.8967180496889936 -0.12185242578750927 -0.44309022858970076 0.28934938339294725 -0.9307328382196137 -0.5010626822824163 -0.6358519402038606 -0.7491757730221235 0.3537099556278648 -0.9809618399762449 -0.2567884179033954 -0.15245899380932715 0.5371309796740166 0.3696564412571264 -0.8396779427393276 0.3029658350449903 0.07020454979610516 -0.5063875890744645 -0.3001425569089762 0.07916091603179409 0.11596360064570531 0.7829871148322278 -0.022579188594230203 0.5146981937526188 0.7758387595401265
0.533800995288316 0.730892780480984 -0.27232549916290216 -0.7007009759689096 0.9398767963261447 -0.287297566171628 -0.06603185331544949 -0.6321390857787599 0.47524484622410407 -0.6110944555862265 -0.020077302759744755 -0.7121273852115076 -0.3870625832004189 0.8746330357583382 0.35952991013083085 -0.42245156484221424 0.6450177555118862 -0.7949133845676793 0.6488771547827372 0.18165268141797372 -0.32371731178097934 -0.31164698763796955 0.5229405830450984 0.08353498565742697 0.04375649303932237 -0.7719872361391913 0.7063983465407835 -0.33213693731948507
-0.6089679931507034 0.07566581438670777 -0.8656523641655736 -0.6673683279485192 -0.7901999042959451 -0.15174146412824874 0.4407068174453337 1.0346217834544569 0.6573095514641516 -0.6294767506213524 -0.849298733426093 0.1645426215956182 -0.2930260319730877 -0.6253996446779627 -0.26766580744616003 -0.7579426670529327 -0.33973078540038915 -0.799283678703968 0.8796209408890073 0.10030053484328982 -0.42063317483144097 -0.21464047690593868 0.8626918419636194 -0.7124759602958296 0.4139409384666446 -0.17528920234899295 0.4684132887766755 -0.8812099635030358
0.15751046140228528 -0.894086685058305 0.387562543280521 -0.34855262009698884 0.4637638092744324 -0.8679164744069698 -0.6288057591784578 1.0469764566277193 0.30141115539611485 -0.5000736158469506 -0.41334478490208687 -0.24309084328563535 0.04859106201204325 -0.17110927596386608 -0.4913770100441338 -0.5632753580472079 -0.41249239992331893 -0.6986366752525354 -0.49883240509139454 0.17312903619144332 -0.5742122114257191 -0.0035622357189619984 0.6983486727778639 0.07057367931648734 0.5523161706907678 0.899270888696684 -0.6316044653838929 -0.7225672947551585
0.9265998873783662 0.3311745405817761 0.14219885072166435 0.48304244652499656 0.7789099774840215 0.7916469756646071 -0.22184325603718108 0.41322633342882137 -0.3283678991611698 1.0578007581124476 0.016810073416923532 0.029871225380704094 -0.24915290006337792 0.17206455428567058 -0.7680796212777307 -0.2665648017959335 0.309759902565522 0.4871490240203556 0.7151696316419851 -0.9535549500901239 0.5040842436096777 0.2520448220400225 0.4944727376786325 0.5563322284361446 -0.5210204831957927 0.1730699524047473 0.17549263092799838 0.2982965051584816
-0.3234 -0.30112090918913004 -0.8207124927060483 -0.888230945333767 -0.8896748561241495 -0.002555804174004969 0.6344159079708146 0.23298024845955176 0.0636664693224377 0.31730810628278433 0.6351107656445206 0.37243315848913555 -0.06889352206149855 0.9071283707642244 0.4044373827045918 0.7271275959765778 0.02415530145106585 -0.6633275550331585 0.045578620119344604 0.496307271270339 0.2901109017865169 -0.8747670921010444 -0.004557363937631621 1.020463123492772 -0.6743282759043793 0.7311264750135673 0.9558837110420048 -0.8535400662981787
0.25190190179201505 0.6537855530911453 0.8289901906541293 -0.9361889799951005 0.6314509101332393 0.9310095879936059 -0.24380014565334157 -0.4394779978038026 -0.5854507008797297 0.9442441709491832 1.1232841089331278 0.130098302949514 1.09426270572818 1.0249911966070928 0.8564948948448994 0.08192440633134143 -0.8590874416700149 0.8909344105987771 0.477348267593825 0.721501231011708 0.7845159946994471 -0.5060988594794684 -0.4676592202839958 0.6668809090308088 -0.6936640681595302 -0.2526497416578267 -0.6089534551413754 0.7260707531864908
-0.5395 0.08434423344953657 0.7118203244178825 -0.33711766569459917 0.5256651543559353 -0.5699795582110536 -0.02670415270984833 0.1009481801207033 -0.8328665777417058 0.13248785266070712 0.3494696465912515 1.0805001007597623 0.16565991033346303 0.132915364363362 -0.3085400097489467 -0.5428197267733117 -0.3082332028042538 0.9620351828864646 0.5755905237923349 0.7126991937797289 0.6570559550872459 0.28207995850693596 -0.5105199283245613 -0.8343042246265402 -0.7755930292755074 0.0638646870554938 0.15842444847034848 0.6609490305682844
0.3701 -0.0678198051025139 -0.6504856339089723 -0.9563929772594971 0.6200028286414337 -0.03323355433473652 0.7733986544819144 0.7516271788405761 1.0760417714930601 -0.5916157013508693 -0.7523135923173699 -0.012486717541474008 1.0334407870246747 0.07163453946444973 0.1807234130660403 -0.1510855049681593 0.5750905697516993 0.5409801176383534 0.9127152520639435 -0.6679964474222007 0.25715027009423325 0.12853070306152964 -0.17087182120026081 -0.166900541827658 0.42951043820068724 -0.7413463205048412 0.58226063987603 0.5275999999991268
0.5031001573288509 0.6243618849134667 0.4626535999299199 -0.36627285606447474 -0.9636866210045134 -0.1178952930718113 0.5482988809560281 -0.3183293819944261 0.8848231325576011 -0.5631251139151735 0.9840279988262427 0.016563165501890784 -0.6153057801621922 0.4476324069138491 0.25905693021892046 -0.34591240357709074 0.3598573856240166 0.17777674367209576 0.5885166216606338 0.5783105735847833 -0.7766941595469529 0.36896610098113036 -0.3502752506900347 0.9287639414827344 -0.2198356052322816 -0.5525022324149063 0.5860293901871219 -0.7097003236485531
0.6009001524397473 0.8158945161450983 0.09372776587530146 0.5416274613623531 0.8919239542878483 0.09935566128540954 -0.4066439274754717 -0.2686962214671448 -0.48232547676124504 -0.32599843319882954 -0.6716424551897706 0.8093669803745228 -0.8544385873041315 -0.03868429831669577 -0.3543657269091954 -0.6951829524073626 -0.3123335333885268 0.4199037911097409 -0.21086675935366916 0.10715714748159148 -0.8091232345778114 0.33126846444052555 -0.10484794107413113 -0.20177540923100018 -0.233785752271931 0.05997693932551289 -0.5774313440370354 0.14189940223445804
-0.4956 -0.5285 0.28155212014163866 0.40731904661838714 0.9191795361059466 -0.948108222121911 -0.37516312350743364 0.9148487505326028 -0.3871250858770868 -0.9154091885028873 0.1264565536956256 -1.0992964061076214 0.5638453893367554 0.08502770384229022 -1.0272785973628504 -0.6474087625530202 0.670300639769193 -0.5873292213619655 -0.1875403090963064 0.33880314695612995 0.40701459928116185 -0.273835086618199 0.32656033746661967 0.14646160628156146 -0.31118223193050065 0.3034169966842392 0.5343362837845419 -0.672
-0.0515 -0.3579 -0.24839152168077644 -0.24023299750017504 0.8740301344153041 -0.691567518823092 -0.19077900436641287 -0.3002572379023713 0.31293836683868625 0.2154847240249645 -0.1363783831930329 0.7947800451516001 -0.6180381300955098 0.37418138855590655 -0.715621585567996 -0.8878902172592104 0.9217779536963947 -0.30320381259851226 0.22566576489356838 -0.45565609674987595 0.5767021488631545 0.2562348459697284 -0.027746926001381074 0.21184106309008616 0.8590338568454724 0.5937802117749302 -0.8395816508245298 0.812
-0.5527 -0.1463 -0.18216057036436148 0.5528175473999777 -0.1922158979423108 0.5187066773960548 -0.28117844692187355 -0.3743562427063575 -0.9385095066320129 -0.08508041319677509 -0.5022631419346819 -0.8456938288753627 0.620772228562481 0.6352173627905083 0.20386886320681027 0.6821857131091509 -0.6270885260925871 0.9330434197910646 0.38384432052937656 -0.12115507428628468 -0.9394199462936562 -0.9706531196656971 -0.09347025005910117 -0.7383312498575393 -0.7679568133850965 -0.5614061366854787 0.9219317012587996 -0.8014
0.4741 0.7201 0.8333 -0.4578999655180873 -0.4904004920887522 -0.8215540253088138 -0.29913785279944377 0.6457880897758549 -0.8243999628189186 0.7616441812985729 0.47640525520005267 -0.9306089942134733 -0.6547316728749351 0.41145585920227234 0.4492054289340512 -0.5592272902665456 -0.8878045823006818 -0.965727321243697 -0.3667567100731477 1.0051041959577804 0.07385847951874089 -0.6101125487866693 -0.8763318641754455 -0.601858181963225 -0.19990478312178447 -0.06540000740775095 -0.079 -0.8784
0.157 -0.2381 -0.5486 0.9526 -0.6744000059227812 0.669699940345046 0.9296726385158662 0.3811131921263132 0.4999750633751107 0.17335492977365677 0.7536289726849105 0.9736387129115568 0.6012818405574757 0.8727942858452672 -0.8843484694015776 -0.5802939071972892 0.07790477965249767 0.5268621644678799 0.5673848173077161 -0.3717231218230616 0.07147889363991684 0.7355096616180862 0.7200230840944234 0.16609763638511518 -0.0589 0.9787 0.306 -0.7542
0.6761 -0.3585 -0.6507 -0.9696 0.5522 0.2904 0.0519 0.2696 -0.5363 -0.2436 -0.902 0.2184 -0.45749549069371714 0.22260208152514363 -0.7502086712116198 0.5974996386568645 -0.6961 -0.8417 -0.3116 -0.1612 0.3141 -0.0021 0.4738 -0.2733 0.9108 0.3153 0.72 -0.911
-0.6013 0.725 0.3011 0.1162 -0.2214 -0.4597998303714943 -0.77387874243727 -0.6018713606482582 0.5491671919312393 -0.09354237984423244 0.8561923479274991 0.743822120095419 0.261128047815071 -0.21520291512661463 -0.9538284200902318 0.8369907835007854 -0.7115953950785697 0.2608971813798764 -0.8649505093186387 0.45423856195490453 0.22967855353654842 0.8244657358974501 -0.1207042931407065 0.659395048474433 -0.1884 0.4996 -0.1159 -0.1121
-0.9447 0.4609 -0.6686990985304925 -0.9160045602101321 -0.9158010293329191 0.6873043487175321 -0.2798786855462312 0.791451426297338 -0.2764508324050328 0.9568144753328073 0.5595729455643778 0.6558609096030042 0.6211912948922912 -0.2853495837024782 0.3645153734907293 0.8548100317844156 -0.7389088198007605 -0.9786199270197422 0.5879092398868896 0.19109591534523301 0.11377472378022281 0.11209308310030827 -0.5187326924112421 0.28239954142302004 -0.6343864989457227 -0.5969062830305797 -0.8544 -0.5268
-0.0695 -0.2565 -0.23129822282559498 -0.7997130468286334 0.4892727034686553 -0.937886192389005 -0.5458440813070699 -0.6121831485226827 0.5424404637282192 -0.6904150432907871 -0.9063587730529628 -0.9318274353613809 0.06393123773445739 -0.18393092993912583 0.1309947367922935 -0.0007787596815278136 0.7045792141910627 -0.7051501554085352 0.7379308562675533 -0.5942848383286699 -0.3817807654306967 -0.8924651766996088 -0.6360147931727831 -0.9670847936084486 -0.17259448379353556 0.21831847116288577 -0.11927858781905286 -0.8929
-0.7787 -0.23059999973303028 -0.5382008176738238 -0.04472921268625735 -0.8596385370416681 -0.3216227829003407 0.3743631981867358 0.43714624969805577 -0.10220812899339558 -0.09385453657795173 0.6834173672950574 0.2497165769648667 0.26619643793083475 -0.6980303272099689 0.6565831639288792 -0.28962161874227194 -0.9233875932524792 0.2702328607771312 -0.3458540179298033 0.5155419572801511 0.43003886249799017 0.6983547672945566 0.2278738323691141 -0.34228666423500287 -0.6898868215094494 0.09607276183048649 0.986976663435797 -0.044351225234823134
0.2717 0.4223 -0.07605911036256102 0.7440344114661493 0.9509463663876968 0.10088052483510587 0.7582882518031119 -0.49295153772807737 -0.538822041291825 -0.48890996782881874 0.8974232753740001 0.8108632127378524 -0.0766908566417644 -0.5313066627070624 -0.24383182332194814 -1.074771647279267 -0.5695118509783996 -1.1030083728391282 -0.03840280577584011 -0.7138502246606724 -0.6286031677132417 0.26528288900830305 0.1764315309459918 0.5332659464792018 -0.874486629596448 0.22981869459253756 -0.31331230703253515 -0.5076779738343086
0.0309 0.3063002574612776 0.31031189617217697 -0.11276646016436781 -0.5899939612105135 0.034219720644899594 0.9836077028524423 -0.48061239115859367 -0.5562190738812259 0.5628702905861597 0.4065783774856351 -0.6627988164482632 -0.12431400517192699 -0.18165776025924002 -0.7880164652519245 0.21480804919080757 -0.26534939399959284 -0.19532232298155494 0.4773356806232817 -0.41678898770727435 -0.8959801863770854 -0.3926239057904446 -0.1271475473239402 -0.2896688913180147 0.16000970651139926 -0.007478730849192934 0.1872735393594315 0.7786931277022129
-0.1273999939848508 0.7049236433635284 0.6799356582871395 0.12670504042560232 0.027349730388016982 -0.7678241543339952 -0.08302563184127774 0.43951069439448687 -0.37265035323977763 -0.8477628627185326 0.6252828849942798 0.905637577187946 0.871410148716774 0.06105489636914475 -0.435208806971357 -1.0529294955602633 -1.1406568833388764 -0.46622975273395256 0.5670040065069183 0.7088956164683983 0.3263402435811345 0.8995694047593903 1.0142093113238055 0.36830031086847576 -0.8502566973641027 -0.17757800973211252 -0.470545965032647 0.11377322726160528
0.843800024445723 -0.5926960312474788 0.6969842018120324 -0.6500665435812121 0.18186074251718437 0.7819688984467753 0.1276261607989849 0.6122626810297004 0.1045327779502504 0.7649001214821842 0.23436624665584024 -0.03898728179208208 -0.9726076842595707 0.17713498276299589 0.3214700179250081 -1.3727954561641795 -0.24527819235250153 0.15543709901500452 -0.6879024822891775 0.17713006703917628 0.6376196118832778 0.49903361260290796 -0.04634021132780747 -0.4631619188046591 0.7702246539937285 -0.5611839539658594 -0.12705877374290508 -0.5026303795310157
0.33170000396875826 0.5858269004409571 0.431079930398618 -0.7665333455457949 -0.8420638450912302 -0.5177133674835186 -0.8097875453675157 0.06907891885245726 0.235242854841132 0.1559600213974337 -0.9780388183814647 0.945866433185256 0.45108387066462263 -0.9283344699003575 -0.06074732826799381 -0.20805758164616037 -0.7738179945622876 0.5656030670391226 0.1559796548869233 0.5086882403919433 0.8419416483889469 -0.7546283624207882 -0.43523912636616197 -0.706968881136328 0.18934893477784454 0.522313609544801 -0.7604759481713792 -0.9327004694569548
0.9944996225961052 -0.13895488493890062 0.5011418719785973 -0.24369009615554196 0.2856794387345145 0.9358191957259252 -0.5955585650628302 -0.3908618965922811 -0.5677481396788145 -0.21536971694193943 -0.47968954688121085 -0.9207186944758119 -0.20637306130702587 0.36624910030604546 0.20329728359681282 -0.7712451109995466 -0.6982422210591479 -0.8834136462611213 0.05647012811322278 0.30110190076582277 0.6831098362499324 -0.2457041887021822 0.4624574675621815 0.08484848014505067 0.22852625243871946 -0.845123124656255 -0.9257930524422153 -0.3447100940052805
0.10475142205043442 -0.23072541958656317 0.23665003878205346 -0.821865893953223 0.8391589942106967 -0.2185947886803818 -0.2827538267444524 0.2737428920212984 -0.03755088611980772 0.6216973467392406 0.21423931712761643 0.4385939234527714 0.7901615687001116 -1.03560289482499 0.36150481435219406 -0.9854160083233539 -0.5290539543078473 -0.08526632626289139 0.17474853777133392 -0.5276534434712699 -0.33911572135052537 -0.8856645149257212 -0.30718871270474163 -0.4727906113421734 0.8782613872130866 0.8143035456953348 -0.6694054432202179 -0.19904815482559546
0.5777999990089447 -0.33215824471416716 -0.7344792650994414 -0.4510630497196939 0.34488116652525524 0.3432591370107467 -0.8003822508391124 -0.8668843230329151 0.23834649338236888 0.41339044770864564 0.7625490092862701 -0.4488983931465948 0.6316748077751904 0.11137160326865693 -0.4381005962563154 0.5424581628575339 0.24716483798030645 0.4658313300024284 0.35911355654509697 0.6849938259138744 -0.3806651466118716 0.5034737250007765 1.0109931653317197 0.4475906023582879 0.9250376975029445 0.1458115929663137 0.7672390457294365 0.6937468714660401
-0.4562999641097211 -0.0863245704279282 0.2404917727543607 -0.2394537742270684 -0.005542190959869737 0.3510485605382438 0.4212708588816733 0.7063891101045022 1.0386855893953943 -0.45575616800940005 -0.25486519040573785 -0.48251108633845086 -0.6481047623321393 -0.38334900469009126 0.9153796006320675 -0.5158163536863395 1.02858539769768 0.1824556478123797 -0.13927911696375062 -0.7948493687956864 -0.018528202459068343 0.9201804120539147 0.6392502033284327 -0.7834836752302766 0.5727824499387758 -0.375953730904319 -0.7085246190456279 -0.37126209538214167
0.21839848941811735 -0.3766336320044724 0.7706103073694766 0.8036353944335324 0.4347374228764489 -0.5060496466280505 0.13168285806692895 0.14000346907393543 0.3027070774939221 -0.32845602239153576 0.15627946593175776 -0.15212222943125708 -0.9000027181023036 -0.2749358340321292 0.32872974402289457 -0.6694803581529192 -0.3904725488964921 0.6970863949489524 -0.5999551463519309 0.2810542609051984 -0.06898905368623029 -0.33034052923024854 0.66416820964913 0.7216225808523419 -0.5760548902471353 -0.16878986858795347 0.49671455430984357 -0.7099193935698681
0.2859994978181029 0.5868073028050547 -0.8406605831829157 -0.30223952503423857 -0.20844161677096001 0.7126378282320494 -0.3092494031183519 -0.024659861345521863 0.5581022150282987 0.7791714297151329 -0.4184502092691573 -0.432589024942336 0.5967562280785915 -0.29742625576158216 -0.14768746639740216 -0.4851511089750649 0.48964835229837966 -0.22283781776843742 -0.1077733475566106 0.2839348343804863 -0.2594826616851625 0.06835727648072751 -0.28211189658177405 -0.6842043691521804 -0.702863501604328 0.11255347161968708 -0.9576852003484722 -0.38950635756062607
0.48539995710456946 -0.34900782885268417 0.46973469988772937 -0.3495226933732383 -0.7930733901123698 0.45854727482960594 0.876912879056917 0.4602574626812572 0.33462062877740545 -0.42146854866998373 0.19879182988435226 0.03414481970256178 -0.7347156322375599 0.3657837598315937 0.477983692230216 0.8222553730205521 -0.008143799515598684 0.12266785946190158 -0.7474118369251889 0.02545256811203783 0.880258480854088 -0.8428231562439862 -0.30186544166012363 0.8104254400341725 0.010149928478880549 -0.217118465721749 -0.5095269722394725 -0.24970736907266938
-0.3058 0.0579188463320126 0.7990963031404442 0.545177879203102 -0.2180388332762648 0.004582081735849274 -0.086641162272043 -0.6150519601284421 -0.0651358504756635 -0.7096175098809094 -0.3975322535825038 0.42033469289699155 -0.44552988225517104 -0.9350345789655249 0.5521480540639522 -0.5613687592390149 -0.6877785514487071 -0.07512135873479431 -0.6289112693621226 0.7521915882364467 0.2246984839838558 -0.4805437395937908 0.3921949903686017 -0.29007380713050734 0.8374756475582392 0.71452853122401 0.9178238095687437 -0.21335045184854562
-0.24241032670408771 -0.4718881675857773 -0.7888141812359147 0.020338063574878593 0.77666315098248 -0.3836418695671758 0.020521820542164178 0.16380996334212855 0.5450022786751639 0.3351617500830179 0.663787976893171 -0.14843389844963017 -0.2852321447718951 0.05341001297201515 -0.8154455201758658 0.5357678977622052 -0.8641628763831429 -0.33553701996737784 -0.6564918001722478 -0.5467846470725737 0.6373210427738273 0.1516415505876615 0.5426142829650867 0.10472512136779956 0.7005125515151539 0.5506988594761449 0.6468380324044084 0.1489485552030653
-0.5186 -0.7404248819386599 0.18891840156373946 0.5410005712354448 0.5545081714602806 -0.18423522373651752 -0.5643920590330535 -0.38925440957872376 -0.43531863902165874 0.18956705598965698 -0.19159869605803706 -0.8404591392603734 0.5302571941952589 -0.41477442105747253 0.5297241271377637 -0.4907415065827613 1.0438973668487268 -0.5796239019742842 0.15912210519524483 -0.7067823830359218 1.0117701313101306 -0.03342273593960756 -0.16257658070051934 -0.8671611971055148 -0.8633034541931359 0.7380009298936224 0.5800703801811444 0.6867019907947319
0.679 -0.7340854008796623 0.7701105732586596 0.6261717473994948 -0.5975189539412451 0.17430270745055035 0.4770288608222599 -0.02623292251626883 0.18675495649795715 0.24084652311933466 0.3375912169427426 -1.025788384794915 0.4518192223046238 0.02678598118497766 0.8092301524684625 0.585721355775964 -0.1907802254276207 -0.6702985431790439 0.6782380323593086 0.022314007138521722 0.06123060904680164 0.8863783235463142 -0.2932114923150742 0.051078941389898734 0.24394126255424242 0.7360655388624091 -0.18259728567574046 -0.13159987023692035
-0.5644999965511148 0.6230929873220808 0.5858111091912942 0.1626237522666208 0.1884021992109865 -0.7089049911947747 -1.037320291400012 -0.7500142952907497 -0.6936446863573509 0.1237358563574695 -0.024305597728804397 -0.07205249741300526 -0.6993214359741418 0.4073316479272862 -0.4309346463546492 -0.1019333794003783 -0.13672026301822035 -0.12628311414791624 0.9296755792533836 0.6030018162050363 0.7035023157034377 -0.2273882871208011 -0.3722065189490673 0.5526919216800121 0.24421070288563343 0.3598312766925658 0.034359098838276245 -0.6308000256339651
-0.4287999966582914 0.08221039291334363 0.5400579240301268 0.3720193399788973 0.9822871569755338 -0.4881570915059909 0.09463142849990769 0.052810052470383353 -0.4649634658035479 -0.22563658545489887 -0.6631588030509248 0.8220070533607601 -0.6906148898804703 -0.6523660761516166 -0.6939203032322927 -0.4948614774528731 0.559897554025715 0.9569034363379028 -0.3779717468718978 -0.07918061181868365 -0.25659406569931786 0.8488530084526454 0.5557357377290884 -0.29709306713915795 -0.5778434752271133 0.8302312757782397 0.2376112117851218 -0.5693000473448774
0.3417 -0.2168 0.666245486877161 -0.0020959357596320905 0.966223609486716 0.6475767582831055 0.09119684303002634 0.21064528573895708 0.5539560839001391 -0.8548482420948139 0.666348709003558 -0.6051112515873615 0.2593595145958933 -0.10978546812515422 -0.1802488248748119 -0.012979215822507315 0.35638508343211234 -0.18052581993958589 -0.3498048653204072 0.5855386578559306 -0.599757541050389 -0.17354902245510678 -0.4701951164575179 -0.4506216977320381 -0.4531432403999045 -0.888036416915907 -0.8524290920313307 -0.8958
-0.2421 0.7168 -0.7896720298746858 0.8445544327981879 -0.270223295053742 0.005203757052760107 -0.7959430818479758 0.017397468205058827 -0.7442247577600006 0.7596979387343333 -0.2636439456101512 -0.0425819630747736 0.8049356429787261 0.42189130286662013 -0.5370599367292789 0.3944803689436146 -0.7670751182020383 -0.27428656185059064 -0.14297469890493344 -0.6098946962043115 0.09978108465639476 -0.20889488519643 0.8359385868532644 0.4961422761910086 -0.11441031305608519 0.9052948565190322 -0.38630330984571054 -0.3036
0.0479 0.3123 0.6735805724724 -0.4644629562360524 -0.11158358937534461 0.7337082638910726 -0.637869213269731 0.21142538098514543 0.883213483737173 -0.4849613000810302 -0.14160490131374576 -0.26846524372018443 -0.11199935835099607 0.23715644261831095 0.8086842273630299 0.5166212439549822 0.6718105723569376 0.31074187736888476 -0.9124440504105119 0.5171169795106264 0.7664063400718409 -0.16255627821733787 0.5151537983461625 -0.7679396468838637 -0.6514434041353127 0.7313823313906528 -0.29150351224324944 0.4211
-0.1357 0.7464 -0.636 -0.10630095838854518 -0.1889852090457324 0.5077752224394599 -0.2607655095344272 -0.8400128895727187 0.572595801707778 -0.3561714043431093 -0.3467869881410057 -0.3978889585450358 -0.23680481435209366 0.21341093068827657 0.3323435777532532 -0.8858425422088939 -0.862671886312852 -0.08636549086200367 0.3718418910763118 0.654288104288974 0.9012598376191288 -0.5193357642151751 -0.16155865824617055 0.2934275050820713 0.8186000398028515 0.5677000799436474 -0.2883 0.1931
0.1787 -0.8618 0.5103 -0.8925 0.694699966942554 0.45309848589823415 0.2541136376269287 -0.38942025836451555 0.7231128931577048 0.993052592499486 0.565672884406274 0.8989176181411378 0.8673106234833605 0.7060935976577708 0.11690275900998674 0.9302648075772744 0.2757919144335181 -0.14806660375306752 -0.7459785942008874 -0.14368552331985368 -0.2995099433831642 -0.09335005503111304 -0.026050861547413796 0.1760860440062026 -0.1146 0.086 0.1531 -0.3063
0.1638 0.2432 -0.8029 -0.107 0.0543 0.56 -0.7828 0.7113 0.9709 -0.9511 0.346 0.8794 -0.496699467729246 0.5957920403675899 0.494289845935772 -0.7570004231359547 0.824 -0.7939 -0.5846 0.8049 0.9792 0.8541 0.6714 0.1356 0.4924 -0.7748 0.9069 -0.0131
-0.4768 -0.6026 -0.5754 0.2661 0.5597 -0.8189001257863485 0.19829839702705593 0.6077830026951838 0.6035296810082755 0.10595021134405593 -0.2109819295971055 0.46591604868329867 0.271395762064494 -0.576614249996244 -0.30928533972694416 -0.44695060659297686 0.6792883438509912 0.28475823603793704 0.41051481370572634 -0.9118861201131641 -0.3177464974893974 0.2807804487265989 -0.3315012760109359 0.10289933619792406 -0.3647 -0.5993 0.2409 0.9531
-0.695 -0.7013 -0.7647001271952523 0.34136785271556147 0.06178542864763206 -0.8528457308254018 -0.21737641938959007 -0.9838795202072799 0.2952995137313204 -0.30061749237369584 0.5711258730683906 0.00873232446496051 -0.7404780590824541 -0.4621380390898727 -0.2870999616056789 0.9430299578672494 0.9601769111560468 0.2869988031735429 0.703956248825792 -0.6810416970882982 0.7335160019359269 0.682172889911891 0.644900379971539 0.06248779050244896 -0.7994743188599015 -0.28900028945687134 0.6985 -0.6305
-0.3174 0.739 0.5511990371580542 0.641106865259359 0.8173919014357094 0.7679219615845398 0.4750156753130576 -0.10454687560155798 0.19237257901200058 0.13679405606159623 0.22718333553388786 0.11150561303521637 0.8725840001741709 0.6219184515702091 -0.4915916879633014 -0.7459418230396263 -0.5946044489651408 -0.6143583939406386 -0.11156014909428465 -0.5784061292456993 -0.9330055610134699 0.2873671030086664 0.933981327336769 -0.3748891127960825 0.8958396167923502 -0.0016546833177565096 -0.07597942498367755 0.9858
0.1194 -0.3472997544539193 -0.9032210349438496 0.9942559395930024 0.46946622589986586 0.00452700277339043 -0.9651683846706617 -0.40254468402540483 0.8878067460252841 -0.08341197321452758 0.7469327201704372 0.31648532897619924 0.013656140295342178 -0.6968297876137556 -0.27119955097218024 0.7895572540677036 0.5084258038444271 0.862835007216373 0.3372841562063899 0.5659792640707902 -0.6341661248610838 0.05875535183024526 0.8847342026613898 0.07509632879459942 0.7762200888981925 -0.18379913455898303 -0.7243637506568178 0.7146291436923035
-0.5472 -0.3278 0.8498733495303673 0.9854003928364523 -0.24631734037290492 -0.4914785420752039 -0.7218437050127522 0.8325054964798396 0.6043392686524082 -0.31501958276651576 0.7429486059557998 -0.4911791570374696 -0.3562875444353536 0.06330548409996792 0.674347401650349 0.7416875561965621 -1.0198061298316148 -0.5051324059473629 -0.7915697738454346 -0.9458834539900799 -0.9585297338043104 0.4844611003453521 -0.9172773565125902 0.44362491409945 -0.22937422121635948 -0.58620360564909 -0.812515672529124 0.7827844996677404
0.6693 0.19310000896588053 -0.4136937356182455 -0.9535628539132498 -0.7750051183082475 -0.5845516236783954 0.6126363326151492 0.5993912417799594 0.7153611645038384 0.17154270534643593 -0.7531181308165844 0.9690910439627514 -0.32074562525591926 0.21316706791045775 0.29312792477017685 -0.5511175644398691 0.8093222785118073 -0.16918121645332662 -0.4448250430276322 0.2647919819863818 -0.6128586860772054 0.5706646401546006 -0.4476409800904014 0.038395493088158324 0.09788445954936616 0.4862880324067679 -0.18200601999081745 0.98076144733441
0.5101999998170155 -0.5230941202965401 -0.21827084794947518 -0.8498855442263177 0.29374087259542436 0.45194567914180744 -0.253839715543789 0.6736833912469534 -0.47838956619434714 0.5734864639102292 -0.433093975604417 -0.6037726067251263 -0.5828055678677558 -0.4461726042653837 -0.5597155229886456 0.3551569678740692 0.3810584954455292 -0.6403055605959181 -0.7058987128201853 0.10759970567137904 -0.7759362260187928 -0.5205891369344472 1.018776085357642 -0.6505193838732334 0.02576319446132617 -0.2941228343312186 0.21464746383117142 -0.4470335378875447
0.21149999925634613 0.7249877292255412 -0.279229419268193 -0.7673748624719204 0.6253169915855682 -0.16748716702614425 -0.9476494327472127 0.178885007018301 0.37000249559436443 0.1180176890682347 0.9130451744929424 0.877194426234066 0.15620027991458665 0.19160280057206008 0.10914991853073391 0.7700437922811897 -0.6981571709636074 0.6696304995250939 -0.9297660058342454 -0.19324519890511968 -0.10023855064541777 -0.08105007126905478 -0.28258526394217304 -0.8452292788019318 0.48674096274181444 0.3302980040889894 0.1429648259807303 -0.15959390570338103
0.13599999987926797 0.460892266215037 -0.7541921027877537 -0.3054435754108054 0.014341042307377148 0.1851404099429607 -0.05778685286471691 -0.8400255257188906 0.09862710102737066 0.05453284495208387 0.8825033043401586 0.6895691342637484 -0.030507846410718412 -0.4095181532012553 0.8343558884129444 0.7692009073141832 -0.15631889251275596 0.2591925665369989 -0.44147184347375984 -0.5252690652919355 0.5998857429751673 0.23196538511799422 -0.0017148273746619444 -0.016426727382288907 -0.16410190755249088 -0.5488041860630635 0.3759305425091425 0.39841108582096474
-0.2675000094748406 0.37518804627333463 0.9398070995714983 -0.8472711151787768 -0.6370052889828226 0.8538769018173245 0.03403291424691497 -0.5247318247443717 -0.1596012816556137 0.6331133839161269 0.40964087427201923 -0.7730909935848647 0.44760493234501936 0.38372133767553057 -0.7931339137811295 0.19336215607508073 0.371001657460099 -0.5720152254309517 0.33576461027698523 0.29586885090982357 -0.4885894382004856 0.18971963413984436 0.04858027720526129 -0.19681018472131573 -0.511107152674486 -0.8451470402412019 -0.5384686339664444 0.9634040182416354
0.6809987801929118 0.5152949249134662 -0.8927240454120022 0.09702205102509606 0.7999124672368493 0.15029982257607974 1.029087449778001 0.37198056748720065 -0.2040633447327017 -0.2505052264030972 0.6030919690322875 0.36899129590470864 0.7937886184370705 -0.07689380336898097 -0.18602762520094585 1.1338214288550155 0.5915005889342602 0.7158705653947671 -0.021110247250846134 -0.1144015548998277 -1.0073333787723744 -0.06718822162131789 -0.2557506788647576 -0.13239994827688803 0.9022257644429551 0.9915073877960549 0.060753106006385296 0.910722988928348
0.7466999588754795 -0.4711730665443537 -0.47429421667063326 -0.38671565671905844 0.8076649120505547 -0.7869589048122134 1.0161315025854867 -0.7267451431378075 0.9287057026003624 -0.3160877327521328 0.20784090798155433 -0.19461669347233418 0.41883982816728166 -0.058012793816139725 -0.3206380303378028 -0.6844930275609692 0.9278588420037632 0.7501135873162988 -0.09972600938307441 0.04707288457260501 0.726972253609433 0.13605980322605726 -0.6849727748902907 0.3310820637863194 0.5336181926524685 -0.05415145819423575 0.45633966642107315 0.08795664336104633
-0.6642000592685288 -0.37231833884752974 0.37980196136005845 -0.45994287400512185 0.7400445443623719 0.0891698504489158 0.9771183734676931 -0.24953769143226645 0.23835996278547847 -0.2501171242458242 -0.7610503970178915 0.7457195886529068 0.21826414202183808 -0.6072105030380176 1.1732306266258263 0.8276820207323915 0.26590838413875767 0.2490069634680401 0.4561068067815907 -0.7346709245460694 -0.6143847353053261 -0.5147697040664448 -0.5309671715003135 0.33238522727088177 -1.0174886812199286 0.9768125310561343 0.2939877383364405 0.9889407271828938
-0.9657000333602416 0.43379811785509353 -0.4870963406785156 -0.9399522272165748 0.7007205793893089 -0.7648729193465523 0.22073899125501914 -0.6452951523648712 -0.13534568778794698 -0.20338783782552916 -0.7919107671977094 0.32830703356488095 0.7254834223275998 -0.30592498655980893 -0.7734272296264346 -0.08062980249184473 0.9176647103486384 0.7799030031618067 0.19385725194137984 -0.04278851942469354 0.8019106911627241 0.740303477830344 -0.7042285633662413 -0.5022187339294084 0.19052750133573634 -0.035676939807425624 0.5942511903150405 0.36334833385815646
-0.7530000189376033 0.3081215408227061 -0.964860239845327 0.5182997348881245 0.8521072985004688 0.4170859041176445 0.25895345908010703 -0.8135833746713952 -0.5358351703971659 0.06504062673624082 -0.7775122506038041 -0.07909346686851787 -0.3092194580345543 1.0428093938483176 0.8455859990600239 -0.4186319073214826 0.44322808317871726 -0.3016970771297386 0.8994750310319904 0.13978995684897463 -0.7349554814086808 0.37791956969346624 -0.5142014029883124 0.31434785471952237 -1.036997924622462 -1.005126050129263 -0.14768879590603456 -0.905810178762557
0.20799995428063972 0.995911565483868 0.4732953242512365 -0.3248822665326504 0.45720966944637403 -1.0496781753027107 -0.07751832361458132 -0.16820331802644709 0.4136009895504621 -1.2746097057481658 -0.8476034332547151 -0.829990857054958 0.31452718788091316 0.8514201236806566 0.0754643137391274 0.1528576567765536 0.29769001197529626 0.808459577591749 0.29610060862211557 -0.21874826505016906 0.15892022674741388 0.28230085501086216 -0.7977227823378035 -0.7626473865524791 0.5016320529415574 -0.45552921268642155 0.14959754941025374 0.2211291679545882
0.1318 0.6597070081154272 0.9369486755399221 -0.2464780543621801 -0.329775037123713 0.10600304143896837 -0.3804793064912676 -0.6417172763967298 -0.012362081811103737 0.028707632756251593 -0.5788799605043856 -0.16400713607051495 -0.3451706999283107 0.45102878359429727 0.5000266251626733 0.5551681455857844 -0.029515085446098956 0.2922044321198239 0.42815587397500776 -0.5272336035874574 0.7821428500015484 -0.8813038596594134 -0.9185233268543862 0.8003700141012409 0.11486118269179428 -0.9154123391923259 0.25702078635819847 0.530296223621201
-0.05569999055009682 0.1917060245681378 -0.05700127668045846 -0.8006303158530201 0.07022038354827749 0.2887306427301166 0.0769953306281758 0.13305525640188412 0.4950484325754329 -1.196562006487913 -1.227072638342991 0.6694225975393264 0.6038333742025329 -0.6346356896400411 -0.7369137250189276 0.32838014742692184 0.3248350446461559 -0.9350785128277094 0.8385847767189029 -0.39129360259370816 -0.4386318571707782 0.5969366070467563 0.2607666520532302 -0.10758733570926787 0.7161884227752419 0.6365008553610231 0.12775649935498512 0.9720460766664973
-0.2444 0.7576461478867863 0.03665505765460561 -0.7631031282980322 0.9745224888745411 -0.5343372160419463 -0.37296842000624814 -0.32734921892153923 -0.4769641750807966 -0.41652163832440287 0.4520609039425738 0.2743528580923906 0.5325134507505892 0.0924110642282636 0.9407433689165146 0.07415428212614585 0.20100929373440793 0.6353934283913841 -0.40593043707616333 -0.06986731598603062 0.7388691289472664 -0.7928404681400046 0.39963077629908417 -0.30844951970066303 -0.21249093515467038 0.47139257543876173 -0.92473237611008 -0.47103602747948176
-0.9321 0.012395823439661877 -0.7985454965643424 -0.7344683940383295 0.8981655449315225 -0.30198438295042995 -0.4676102965775643 0.28997780297312453 -1.0115865211560677 0.33588652613450637 -0.6481543110020369 0.22642696468804832 0.5603180006220292 -0.08602825437477123 -0.8416933109033763 0.21087704870555224 0.17449037658616193 -0.00039478442983759696 0.7165570151686844 -0.16258808069521744 -0.18897512833595295 -0.15145953918840327 -0.41172535792347786 -0.6033908810608419 -0.3445391090712408 -0.7687909831531173 -0.2934317213883984 -0.2530992227837126
0.7570000582550531 -0.5016801833237317 -0.7890631385980962 0.25211696073161877 0.08562313950395153 0.46505275715153044 -0.3266080078035266 0.16281946465223157 0.30399212798243125 -0.3374140796157235 -0.0920243897555576 0.7245267967084046 0.09557585124055747 -0.9107530142457282 0.2874054074991645 -0.39314811925090243 0.5731294921167462 1.0000350533428874 -0.584956306435097 -0.4098927282342027 0.9953133793201429 -0.7864281824640141 0.23563274820744678 0.4888733328701092 0.08581902665427166 -0.4739016339183492 0.525804456230745 -0.8700011254592747
-0.12099994355526329 0.7495197074476696 -0.9102785884145287 -0.7040754137220294 -0.4450839687714032 0.2859902717728552 0.1006373021587953 -1.0107319728931916 -0.6836394186836391 0.4769862247368997 0.36985722137574106 0.7822101881805236 -0.913231107389682 0.34015290550759825 -0.6561913870657152 0.8087976246667454 -0.5302146200879863 0.4747411724582382 -0.4164356362441216 -0.5626162487966522 0.7935091609599558 -0.7547955667473506 -0.17538927615411223 -0.34261971848163847 -0.36482408840917063 0.37853912097663983 -0.21575276697510617 -0.27800207867690757
0.628 0.901 -0.5918392862414742 0.1249323316799135 -0.6685631585709176 0.48706079165974414 -0.11707063795178484 0.9729037283405707 -0.8415057258033212 0.6870412482223341 -0.11590861948148862 -0.7681811311365326 0.2691858327816132 -0.6328511472810946 -0.18154778054721457 0.14030898838583125 0.15499292249172428 1.0175115315582568 0.4453699043593984 0.3078555672093723 0.5199209548227475 -0.9363841814218088 0.819658007245297 -0.6014841014666618 -0.22878958986198983 0.11914377107512723 0.09152476105822631 -0.791
-0.1661 0.6937 0.07675770601768954 -0.07725135975107997 -0.39859840881884917 -0.1317602884243851 0.0657808529010575 -0.3689358877069992 0.1638789958437553 0.17451000827491192 0.743414851701317 -0.004069350364107062 0.6568000539490985 0.39684304187898983 -0.10834336714292335 -0.44202045816415525 0.05585255373315301 0.08845095664358979 -0.3961003107702901 0.7272721247649211 0.6605624023744852 0.5950374391893269 0.480708127616692 -0.8752924731443623 0.5180120216657755 0.841067956541221 -0.7710184047460902 0.6752
0.4333 0.8098 0.49791807556319556 0.5581394973172419 -0.9669643871950895 -0.4622543420050149 0.5867926572841181 0.4605486566694325 -0.4467610788288465 0.9583059402692032 0.19458933740267575 1.0609199488324181 0.755875160528357 -0.10688465172593266 -0.0803195021877674 0.11084782005565613 -0.7644729954249943 0.6231865091594968 0.14319948775703625 -0.2639438420263405 0.4701543575670209 0.5516750508068405 0.8149756524795508 -0.5697156650669346 -0.3812295197132725 -0.9590156545443275 -0.36351953019894756 0.6739
-0.0585 0.3058 -0.7491 -0.43479804297731334 -0.868267849257339 0.2881833504326171 0.07870373233932255 0.46498489587447994 0.41882000574399875 0.5755873235691518 -0.87658174816116 -0.3338025703606354 0.3667698875382666 -0.23012636028813835 0.6211748618829072 0.436822014409967 0.34833487091874693 -0.9145396694219992 -0.07181623124500519 -0.5305369410898899 0.6636238005639323 0.5458940030503795 -0.00922177957043262 0.34757349040150887 0.37199928871024934 -0.5893999999694861 0.9116 0.6766
-0.3779 0.4761 0.3627 -0.0229 -0.8084000002400747 0.9465999935137464 0.014545723440331086 0.8334591744739452 0.484331242797447 0.615429436855855 -0.7728571319780226 0.16315033368337958 0.11943435444521833 -0.4465719626260297 -0.70740784736197 0.6530206426492194 0.036590800877816035 0.3963488891641126 -0.07654876046307575 -0.1550823217957969 0.5152736572886036 0.2721217413430185 -0.4968730157629538 -0.3578528851279126 0.0341 -0.2392 -0.0228 -0.5022
-0.8166 0.1819 -0.9467 -0.924 -0.8563 0.0276 0.8474 -0.1452 -0.4619 0.7249 -0.4928 -0.5139 0.1325409690272014 -0.2881287650569524 -0.9320994483246862 -0.3108999770108151 -0.9549 -0.32 -0.7157 0.472 0.0103 0.1157 0.3863 -0.7719 -0.7051 0.6195 -0.908 0.4537
-0.6731 -0.2873 -0.7566 -0.7093 -0.8708 0.8064999998824822 0.7290972631674101 -0.9583766521441763 -0.6183551100141855 0.2051064367478642 0.13508258138265195 -0.24237994562270668 -0.6003554624886756 0.8960740151735954 0.34303077984315544 -0.7234991043420996 0.025807663980273537 -0.39161519461448396 0.8658212863197375 0.06539408061135076 0.531931454143268 -0.07398530111556507 0.9023493222707183 0.16676968315326532 -0.4359 0.7976 -0.157 -0.2604
0.3195 -0.4128 0.4007999984983001 -0.14739877862549572 0.5636836594047129 0.6114971674619877 -0.5566889434634904 -0.5530387665477802 -0.5097710244971242 0.8726271041388122 0.16953655313627242 0.17434879657159408 -0.915848338201176 0.9295147359698176 0.5898502971490835 0.07967273101681947 0.22040145633690178 0.37416814929110376 -0.8945997023079072 0.5904959784431025 -0.7580990119668805 0.263164857738808 -0.4746609585518967 -0.12257210595450953 -0.5894264615376006 0.2608975502614229 -0.9783 0.3567
0.2426 0.422 -0.593899987635967 0.5445020871425024 0.39714548819741124 -0.9984347773383208 -0.8474884761000621 -0.2946983348939122 -0.5693512327797746 -0.31363542790287624 -0.3186783546609265 0.22862968900265732 0.23125828230823503 0.5196814338475484 -0.10979208773189739 0.05727454338357036 -0.5635347966021703 0.19934194704788027 -0.28067954356646313 0.3578179507350922 -0.5317866408409934 0.7561577911886483 0.8160434082266448 0.41599890054751215 0.6493175895088723 -0.4855805407935219 -0.1823794040873875 0.7209
0.089 -0.5012000550490542 0.6210000730421277 0.15937828231994702 -0.48344983799361096 0.8179116507955652 -0.8050916189798917 0.5507343265410019 0.32706454547955155 -0.6992984196281746 0.8387851437311336 0.9040055897607414 -0.4212199086869231 -0.8182606426347651 -0.34818811010537604 -0.6557932767687606 0.9186314408023724 -0.2246079100945835 0.6733977615773218 0.6779794777039205 0.32474470388608584 0.3907529919232003 0.7745277987565758 0.02686281636589997 0.8552363433423018 -0.9157238507273647 0.7346893889859295 -0.34617756727049603
0.504 -0.9871 0.045703839644740375 -0.6430114916377191 0.2379889790639933 0.23781714897616266 0.024923975804569263 0.8274604600784901 -0.26553772818663013 0.717958154525965 0.39475035250274226 0.005782918223230397 0.4336759567326429 0.7375802886769768 -0.3743409410596384 -0.2282078010425162 0.8434487921443979 -0.7656216391203339 -0.3126820991571233 0.707052669038105 -0.936792572068529 0.8836655159991694 0.06176856619863476 0.9018616176357157 -0.05848674206844237 -0.867540312672778 0.5357147216860182 0.037384537173278665
0.6356 -0.22160077081954424 0.10490254463281941 0.2728319040870107 -0.2299572405962419 0.22271247292582377 0.8185685484668743 0.6629590006824219 0.17515582212970257 -0.14649789552212308 0.312675544586905 -0.3338742275730508 -0.8894976245206434 -0.18363375231267756 -0.9321491289079963 -0.420255351641466 0.5084334846479638 -1.009726180014884 -0.6745193674137477 0.033680480511376794 -0.4415942983141688 -0.8663732464348881 -0.3769362350750314 -0.2122311422958215 0.6555156071100811 0.9916461670238724 -0.41110251059541225 0.5879318034459812
-0.2693992679722186 -0.014797229382180239 -0.6067115388892552 -0.6571129327923624 0.21937672743807296 -0.13720503343549048 0.7820842130897846 -0.4997439219451526 0.3991710120799952 -0.14479860611992157 -0.11209234371643578 -0.6338382641595983 0.34319560267880306 0.06557411857127966 -0.20381383808526216 -0.8099882966297688 -0.3996595827505897 0.4688964592928323 0.6855402146725699 -0.22258765724789928 -0.3873195794442091 -0.04043660752371088 1.020824580634266 0.7083901534458305 0.1859968042749363 0.3293681514243537 -0.8889613634547863 0.8531633238189573
-0.6245970250200312 0.8073630469413264 0.5511589381384085 0.005593075484269178 0.6399781793135988 -0.5286777276689517 -0.8345005880226629 -0.3220285080513003 -0.6420209027180297 0.7400573580776341 0.5105472959054258 -0.05342092270730029 1.0449603000655012 0.13093003609420675 0.25455119144863864 0.4448636134588763 0.7431590072168753 0.9674777241505661 0.16224950050138234 0.7241427742766396 0.7507274611442869 -0.7430536840925798 0.48581096519894784 0.22619741916854869 0.0641359204272793 -0.23995841081296737 -0.3582481637683946 0.0243041817531627
0.9529004829874022 -0.723814356534805 -0.24650636741222445 0.6939624676296604 0.734198764304545 -0.9030477842665247 0.19155905285360833 0.8060034362793858 -0.8211616851030896 0.8528865785932654 -0.013658792164400059 0.43027811567470764 1.0564688629811387 0.13616231523543582 -0.11165672645962503 0.7840280292931842 -0.39179120358299113 -0.3578506818265327 -0.6052095791045935 -0.11076707710885889 -0.44629739613528785 -0.32275595190629336 0.7473456825899276 0.2419476943377841 0.18371499149890902 0.8842216172992131 -0.6610300805346024 0.42616911888491804
-0.7552985914420852 0.42082125190271263 0.2672727582603757 0.46200424576480664 0.6680506723161027 0.966627505029701 -0.5010668037919922 0.7091445242400676 0.2372205235483778 -0.20412480335514954 -0.7360210814925349 -0.5403713859514157 0.3120654291187942 0.40447140134098936 -0.7365609013211801 0.7250945484981429 -0.029325979811020027 -0.3302743577801832 -0.7829144298444677 0.9135482988706483 0.47581958014996983 0.8330551162800003 0.8146543792454991 -0.6915918590770653 0.751074832358865 -0.843092632996696 -0.3434838456834452 0.7639781747388358
0.7190813212644798 -0.6295605111690725 -0.5721698339736455 0.8461740523536522 0.35970387174609325 0.9342553643711332 -0.10351541486113176 -0.6514451456395398 -0.8445814247441698 -0.859333010810297 -0.030721389679349093 -0.7730872087927844 0.1997780300508118 0.19062568525760987 -0.2569744552835785 0.35475265101113607 -0.14870005419988808 -0.5751414976190536 -0.2133340033699766 -0.3861823951909315 -0.2639269446359596 0.36860984838342375 0.2409384485810274 -0.47090173023634224 0.8268845411503111 0.18238925382467816 -0.16669805948995856 0.1937144568563047
0.1644001269062766 0.3647643181356986 -0.8660207818436871 0.498609205044575 0.010313093673262887 0.9406959718481489 -0.9767346117117958 -0.46770486496755137 -0.3966873189436262 -0.24475718481957284 -0.42182654893796717 0.15168210368486645 -0.03581310792917039 -0.05683737012286783 0.06252984301998935 0.799633957908588 0.7155726260114966 -0.01799538815533667 -0.9804723614410067 0.6886161084242488 0.7075619748487767 0.029816122501321023 0.2553053673082995 -0.09937089943236123 -0.9362958022058655 -0.7901839714798121 -0.9191159094577929 -0.8110044858887404
-0.23959890920530758 0.4280339194344957 -0.3083392283386211 0.40394953692651375 -0.35076764848272807 0.2990659752047329 0.5387612524251364 -1.0045010650083301 -0.36893521978936444 -0.16114559039772744 -1.1014863389960137 -0.28344185360835583 -0.9849295253384466 -0.5995902524604725 0.6227580418586531 0.11194221368410472 0.7907039069921545 -1.0369089804846412 -0.6991430222374933 -0.38241879181658583 -0.35756408854734106 0.25741660563741003 -0.7145377041882047 -0.8990174024602002 0.3997252811878604 -0.8506212046158386 -0.14719656305437737 -0.49556235526936127
0.6250011521187886 -0.3148583245310868 0.21139294548985502 0.5727643673115634 0.6188426722709147 0.269205151769573 0.17949619421269067 0.5643246290730823 0.024940899778241838 -0.753147765044046 0.5362933752137403 -0.970125789969923 -0.7110258560889002 -0.7653147075847947 0.41793847708161963 0.8101229609426887 -0.4727257853573601 0.5722260569537575 0.5639700057373641 0.6945041259363202 0.20397056210217682 -0.7967134528525789 0.24675440266626844 0.09608696352426166 -0.9500216549698318 -0.6657378642922422 0.08081810043422233 0.07960122819595875
-0.37959961725738317 0.09001125679911016 0.21762499468743854 -0.030246174104553443 0.521929328724706 -0.9636122748087336 0.415320642651954 -0.18910989636266776 0.6964198377386152 -0.08952326793149878 0.42775178880931897 0.6217918102734786 0.6738289316904186 0.5823936125821856 0.47704718022690784 0.7119707836543969 0.8343385905151105 -0.8809953651807455 0.3927928370145513 -0.5201745662753309 0.700434520568814 -0.04144451687019491 0.35423110302875527 -0.689082281312898 0.6253079497527625 -0.2420021070913224 -0.06724979766383246 0.538652558896054
0.8538000311709838 -0.750928186489023 0.1472479416184487 1.0062640823715103 0.11645413133182798 0.09516646735516214 0.7201763434322996 -0.4051902925304292 -0.7483545176644352 -0.19878486086602618 -1.1422089380682128 -0.2379967771173453 0.6650525801768575 -0.9860066146735708 -0.6044950534050999 -0.6413616821192717 0.21319820573862422 0.5041387251036619 -0.12514195054707214 -1.0117228528544195 -0.8932471803677011 0.09192850664100898 -1.0060955135018088 -0.41688142531226263 -0.20861675789312736 -0.3311910095487892 -0.1983488999373968 0.9043104240239446
-0.0233 -0.44017680123329056 0.9980847339160209 0.4960638748854061 -0.8742455596276485 0.8240068090369068 -0.09417946432492763 0.40456939901873107 0.411815401339247 0.05125954078147973 -0.8719500476480586 0.7953862712287557 0.8607001547007943 -0.7239428236433368 -0.34537817824731076 0.6309442591694957 -0.04992605946703428 -0.4011293185219664 0.2221539840730417 -0.01719988315316838 -0.9146747658415029 0.0022065100708038294 -0.05347831975096017 -0.23605605271501212 -0.9245523926059929 -0.6714717945392563 0.010578615503324793 -0.13529186323390555
0.6146124594635665 -0.3531014664722392 0.11395359800231669 -0.4910970147378892 -0.025881976357900457 0.7193643429472677 -0.36495006469567914 -0.7868144628826734 -0.00262390358505645 0.6864785199829369 -0.9491431592460722 0.8434743399042257 0.4063058387288352 -0.7597227653254589 -0.491796883216783 0.6920396800107363 0.582049787745475 -0.5211400050258397 -0.10567663969328511 -0.7712752758552456 -0.14094836835534919 -0.48742858677118955 0.8789717969355016 -0.06365631635542901 0.9529716034430143 -0.010558493562537324 -0.4303242277201029 0.8213951650081663
-0.0435 0.3870939942458054 0.5292733474089143 -0.58801755016682 0.6074584115709378 0.16768517681987752 -0.8821577720832552 -0.017654452215550603 0.7534889700406036 0.054572421685438195 0.372053487935042 -0.8394038189876424 -0.36393776359017344 0.9705550554546581 0.8536039930425864 -0.4291453537699604 0.2200326435865682 -0.558594152015579 -0.20827703497355102 0.8432087633162206 0.47971644095307353 0.45129483026967593 0.631614923692621 -0.7492829165210791 -0.3234852654951642 0.8438902979910303 -0.6362306459161574 -0.8367723183191789
0.7122 0.3141302777777934 0.7404314782493043 -0.8496015542200481 0.4347326560766625 0.45481431013131546 0.00026660296452939814 0.40344817760380774 0.5854590971146454 -0.07104446673940111 0.210749754978981 -1.0490273622949577 0.9195223398799425 0.13549608250033646 -0.709283563607829 0.47257819406054596 0.14549327829847492 -0.8191411703007467 -0.4148861066034229 -0.2859850766259291 -0.8061162252092431 0.6583172761174454 0.8601958146681806 0.7454881767930929 0.7134551375423642 -0.42463302561487826 0.4122376273195033 -0.856399986049706
-0.32019983620466735 -0.3925250937011147 -0.43951466697129066 0.9629819761210923 0.5017474829030859 0.008173800629491726 -0.6297749565977083 0.31582031116668113 0.3108852603286182 -0.6187368321728934 -0.3501638984241691 -0.01645601179418481 0.3974073708596137 -0.535973670796641 0.6794543335405879 -0.8333922894069687 -1.0128435541852856 0.7818625390435995 -0.8873700091790947 -0.4383306397131115 -0.1825591691546813 -0.7624299784775297 -0.936711407115721 0.27964037293077787 0.6271716732762601 -0.6464493858744307 -0.1649242510147969 -0.21530000000280014
0.7730001587052784 0.705299051631364 0.10383391624815773 -0.654472092794697 -0.11906398064365147 0.630083769445086 -0.7804509927043648 -0.4167297915308765 0.8754090364003763 0.18285069461453773 -0.26759261232124276 0.7857357557386003 -0.36494509285534327 0.3452056960392448 -0.9749238891685594 0.5335352629246181 -0.9060433132300052 0.3192113894429799 -0.3269252168346907 0.634387697519514 0.19598863979893943 0.273393470943032 -0.27117401773956945 0.8701554384606695 -0.5738429548514603 0.5605257934510405 -0.2507165649273626 0.04589999999482824
0.4926 -0.0373 0.9494111719427173 -0.4058049264016434 0.893727420629494 0.23927194382314868 0.5517989909641295 -0.40141791874327165 0.4515616860036031 -0.45565766633622773 -0.6793291844058579 0.7229544637954621 -0.2287920937556436 -0.7629061250853159 0.4708158220684198 0.5369020552994278 -0.9646881750813702 0.3542808039844226 0.003084399112367504 0.7930956296909091 -0.03986285786831406 0.2456639487977395 -0.38760565257646257 0.8895764156503166 -0.3811433429572521 0.8132431701492038 0.7540437145129557 -0.4651
0.579 -0.0648 -0.5366957889553459 0.045828801585576624 -0.588305888192697 -0.10368043290037392 0.618913598297434 0.15527870431096644 0.340840835200161 -0.38231169069091153 -0.12876402290389985 0.3796540395208638 0.8039358413630573 0.5996396680841564 0.8471881366892587 -0.7632143674277638 -0.3548564026376686 0.8700096424720375 -0.8630119774098854 0.6870954831318626 0.7633455620326068 0.12926106411012897 0.8262717609329812 -0.6274128838935813 0.2666479338853399 0.2798467244597882 0.9867484400174761 0.6208
-0.855 0.9128 0.7501542655142921 -0.6000755797043623 0.9821840883608187 -0.22999733339925388 0.5260033751517957 0.903625320316922 -0.27025579608629935 -0.7949761421047811 -0.00849560483255306 -0.036096357107386366 0.4677701010514398 -0.1878070081969379 0.6510942482919932 0.766287661898934 -0.9443551158391618 -0.6242944639173867 -0.49170754827206253 0.9744452745016289 0.8377730512011232 -0.04351878411921626 0.7729684005358701 0.271337890198269 0.07726384544283793 -0.18245749185075177 -0.2590485978685227 -0.003
-0.6546 -0.987 -0.4349 -0.6669116079472521 0.5408593225772066 0.0873434852410661 0.07849015687926038 0.9162305581120695 0.12051006683060837 0.8298340953663441 -0.00714440739394869 0.028699029112856943 0.41250933011952323 -0.477483489228649 0.05585065279626853 -0.03364097944265333 -0.4828358541892224 -0.9196727831633565 -0.2761487769476123 0.14603120941246783 -0.8990583706657482 0.6615367889355829 -0.07122885318423874 -0.5742502635906128 -0.9894003352955326 0.8726000084816327 -0.7211 -0.002
0.6516 -0.4563 0.5823 0.3264 0.7163019110991655 -0.8524804060612716 -0.6655046602388875 0.4892339326967345 0.478421550684202 -0.22660612325761265 -0.9834340688158127 -0.9834105752680158 -0.6895235283366887 0.8514005467668884 -0.595120350089389 0.7706437475774008 -0.9015706130001384 0.41920695613963227 0.923666262654813 0.8317408463970328 0.8055666035889455 -0.4464840446135284 0.4656397355838923 -0.5233203018041241 -0.7763 0.0633 -0.9023 -0.5553
0.124 -0.2239 -0.8102 0.1881 0.8887 0.8922 -0.6313 0.0312 -0.2475 0.0232 -0.4064 -0.2546 -0.08822799116570923 0.8977387091525403 -0.862399998058601 -0.6964999999190988 0.1605 0.2211 -0.4352 0.2071 0.6812 -0.6291 0.8215 0.9548 -0.695 0.1717 -0.2035 -0.125
0.0232 0.902 0.448 -0.0947 -0.0797 -0.7953000041238004 -0.4577008903233085 0.35398754933368853 0.4123467137889408 -0.7784700844273178 -0.6592533419722807 0.42170082859043384 0.36919619086002353 -0.476431043812438 -0.08884274695141692 -0.05681641164105765 -0.76964510612288 -0.5046927094766281 0.871299434714173 0.3110995826962269 0.6709992926450972 -0.10970194380229586 0.21989826719524638 -0.8171021944165285 0.4546 -0.4379 0.2492 0.8714
-0.9688 -0.27 0.05729999560066114 0.6964000000060501 -0.5692006030579997 -0.7869008580792397 -0.7287025036260327 0.01299071888796509 -0.8012088712710824 -0.8853887366608711 0.3199133844519049 0.06653784657487335 -0.8505140570658138 0.9576208667014536 -0.6692027372485231 0.37692952480865444 0.6151629234105079 0.33205860845398094 0.46736925591903483 0.26940720308855653 0.1575997793343969 -0.5893043729431465 0.03175189079719183 0.4866895886458323 -0.22730043605289013 0.6005999985350309 -0.1392 0.3838
-0.5976 0.5197 0.5111999903131236 0.08499998542304782 0.9160823742055363 -0.9194758327099677 -0.4207588691785498 -0.8830593562472143 -0.07274931271769401 0.2885462386729904 -0.7853518479867365 -0.6453120513327224 -0.5105304542795661 0.4476143263568749 -0.8324844495928583 -0.3926686587994077 -0.6060429942356371 0.4782153870231806 -0.6553947147434698 0.9903335779583237 0.7497743005579229 -0.13059522568252907 0.587247939829344 0.3590298987784974 -0.549198401673424 -0.5370010896627745 -0.6065005062327802 0.1299
0.8499 0.16519987839795316 -0.39910003500757285 -0.04562365094810768 0.9586836030611076 -0.8276549730285605 -0.9332055199371229 -0.9330813226832158 -0.10101596556129211 -0.6379227643782255 0.22003454420655938 -0.7553822878377245 0.3309850994536254 -0.7131353950227859 0.43938121643093464 -0.1025662736194282 -0.6002162352201997 0.10158369505438875 -0.4417610707691827 0.2563605476597289 -0.9043701324370086 0.31094529030068657 0.25738849121043883 0.332900910761598 0.8004093141166795 0.053932903012492636 -0.7711857455595051 0.959635124325613
-0.269 0.4754 -0.8367648218346074 -0.5713535903339818 -0.0957707096855685 -0.6507432852213895 -0.07659897441295968 0.45799721315799097 0.8526199440184651 -0.724966022646682 0.49679136625509873 -0.44999707726293625 0.015119417943133654 -0.25066390078698236 0.8242817262493761 0.6137992098542854 0.9986132296106546 0.975311959866136 -0.2712707691592214 0.1490107661360002 -0.5120750624369014 -0.22890618565087967 -0.16577688799189824 1.0073555150640519 -0.8282362856037034 -0.14838257888663808 -0.40419883697005005 0.7203035198137889
0.4369 0.16789999802565012 0.11182675729915587 -0.948449590837588 -0.893721594413465 -0.37095160335217825 0.265075041717437 -0.36462499646728747 0.2563264775043154 0.6367314565451836 -0.8609834753135616 -0.6498454450190619 0.278275701080154 -0.6598844888121618 0.6696171707742732 0.12423251618184417 0.3176985114264482 0.22671835787287084 -0.14407864904009882 0.6946040109343297 -0.7657742899035467 0.501429834357899 -0.33725801254137683 -0.3319810024564027 0.1403880816691644 -0.5259296009831111 0.21850954714686377 0.36781908943006353
-0.7050000038615714 0.2924502935537509 -0.6394571056379202 0.13898538104751557 0.39634522566163355 0.38617020426145254 0.8771176500417311 -0.5125552837374284 0.39671260698156374 0.8298179859184388 0.4831388150129367 -0.18070399855224678 0.6247065672828579 0.5457425784345651 0.30393199034340046 -0.7932787154705035 -0.37933717351958357 0.8014064748762837 -0.0463227392741655 0.11375908494792179 0.9671106887835176 0.843519825428501 0.4331732756221574 -0.6086234239854301 -0.6575598726866585 0.8295868700270301 0.9993246164226305 -0.16361779218200262
-0.513300015693527 -0.47810969573987283 0.714766615275532 -0.3157225332564928 -0.17802922753743367 -0.9614312331725794 0.20713441233411395 -0.8944440706923243 -0.025018969848670983 -0.7543003157227806 0.11428640580643422 -0.6352108448490499 -0.2790993720755922 1.0745537212524636 0.26674755056713717 0.1453116587930091 0.8226345987986796 1.039088556057034 0.5819582019242808 -0.0029593432454421667 -0.09988403571294016 -0.521832721681473 -0.4589302090696029 -0.5889497595364593 -0.6738030529406819 0.9043935318611102 -0.7060016606958353 -0.3906640352707182
-0.6082000025478409 0.728196037176929 0.7288627615325057 -0.17648164442680256 -0.9977291142109088 0.8728878881471718 -0.003091483515224721 -0.4577265732801928 0.404324200123661 -0.7470898830099179 -0.49380864774667277 0.22775163606202792 -0.32650832588324397 0.5314733203731079 0.6789854379502909 -0.3947093315910699 -0.017630248991396962 0.9705281304514376 -0.23687311884783122 -0.651963943663302 0.5218718466155586 0.52215558278408 0.04202440105396176 -0.724453683886454 -0.4207637435364055 0.17480864683976569 -0.1564686449599168 -0.4130705895221128
0.14899999836566194 0.9062820779474202 -0.15178245600856502 0.8513265701006774 0.9881581323308083 -0.23566338988351593 0.9696483742148236 0.446305418247641 0.18941329311491636 -0.2758339855683594 0.044294742387177254 -0.49127307207435855 -0.1151342897983764 1.0114668465988925 1.0997015253966158 -0.7075378161790608 -0.8340362655996317 -0.13559397047873273 0.863611736025067 0.43667959612823876 0.5831476459949629 0.16166313331424317 -0.3647905602986444 -0.026855150969907725 -0.27487384255857367 -0.9530397409969109 -0.43883424219916833 -0.9738940936259832
0.5102997889535875 0.5926620599482705 -0.990385783043338 -0.5886696305538487 -0.09456598633761626 0.009828163747395289 0.48052334730078583 0.6791225850608 0.27444935171091933 0.4701153871264513 1.0736653556258686 -0.5502381608910372 0.0826862015667903 0.9610707175297323 -0.04635924590764244 -0.817137806931058 0.01565630073995958 -0.21012758033693643 -0.6435517320727465 0.15723654080950095 -0.22133762056385117 0.7669287525837362 0.38084594415747053 -0.8008603967525773 -0.17903336217298052 -0.5091175313337204 0.4902451555509885 0.4182572021368805
0.48959998519371506 -0.899395126532549 -0.5051480209241089 -0.6608047197135881 0.6653237470424712 0.17132596635994085 -0.12647410975983756 0.07161412131578859 -0.8074274447358386 -0.03807908872019932 -0.8620685111699001 1.0222851964911865 -0.03159945649178493 0.03689950943352971 0.48645923515151057 0.32639756417836224 0.21362519260069146 0.14324607248607432 -0.552849814721452 0.7263550805504622 0.34591919849047975 -0.366922893412178 0.17979911811296354 -0.4515189846406042 0.3157749741459284 0.47904459119101234 0.18000266120782876 0.6644688040981768
-0.36399997432628034 -0.8387024316457727 0.36134196178598427 -0.03222097475052208 -0.017345357131535545 -0.8544515949158241 -0.6815492585455768 -0.017412513473742296 0.10168915729339507 -0.6350317503258994 -0.027842431696371916 -0.795024697229829 -0.7223760732533832 0.6584247335877144 -0.5494363881024739 0.85683411755283 -0.7001748169231924 -0.2393073226770189 -0.6691344566882262 0.08955373712931891 0.2615051169717491 0.43330217212661 0.7694433840160587 -0.902744024692886 -0.34769475527044147 -0.36622869060710095 -0.3903484240355342 0.7586098911988071
-0.9896929205873082 0.5921923712469046 0.362488412801727 0.6532557350593966 -0.6966879773078175 0.7286083728275029 0.9036608480884807 0.6951870280917621 0.12037217308800667 -0.00986413761692607 -0.8088447270698517 -0.3204454073042965 0.38119769192191155 -0.6318333151827432 -0.14065325438680767 -0.8305387616290748 0.8101603290273589 0.5741682988690194 0.5755730174194342 -0.2606087946710153 -0.6024830639610131 -0.009579661648304379 -0.7483339016098978 0.6812291432664741 0.26234848075314815 0.48923870479613046 0.1306044418065849 -0.15870425420773293
-0.9626976991127325 0.7267995172262678 0.4172751309372073 -0.9537363453464143 -0.9855518663732484 -0.7931398981602106 -0.8291479210482684 -0.38035492988213715 0.5574897219865826 -0.2965137790834149 -0.8170077103247801 -0.5024490234652174 1.002143160594565 -0.8554809311269131 0.5600325040336877 0.5752247818556411 -0.37100628501825994 -0.30121452780745567 0.8989190725748489 -0.2981276380675168 0.9410256103777966 0.7228103388262359 -0.533504781266335 0.06492220170041235 -0.5175806209952103 -0.8100988488081495 0.7721871391836148 0.11615993615842536
0.2176999008578024 -0.7955000388456819 0.16690658455511348 -0.07919220074804335 0.02032442843902187 0.5964820665836008 0.3533011986251124 -0.449782078777818 0.5582775698167103 0.26544422922255695 0.8372020129386323 -0.5625545852019633 0.9417313623097804 0.6950029213423583 0.8758708862946433 -0.18317140487808306 -0.5987510795797957 0.8867427172695916 0.37130126844355316 -0.7909638210050163 0.5594125291843673 0.20673636228762948 0.2776832140434949 -0.5749481316877748 0.580571703570105 -0.7977271820737025 -0.28510699769425213 0.2332953493470254
-0.4693 -0.6925013102633318 0.9329352927404914 -0.9396455303883856 -0.3761812226172813 0.7692458164283744 -0.7992343839102674 0.5127718023893242 -0.5038446327397083 0.7469950688802647 -0.7124534090425915 -0.8152682886872241 -0.017427794755753862 0.7163358638023376 0.2075272678246624 -0.017150536712261102 0.9131381267026834 -0.5086292655631489 -0.5343612941489518 0.14706562383162108 -0.5043142350999724 0.3054100264305525 0.9648108165133042 0.7127491474776911 -0.9510858060391314 0.5914367066949273 -0.8593939615470413 -0.6820999244393684
-0.29429978393681755 -0.09030255192508174 -0.558560927745909 0.16564998461310435 0.06429031945203027 1.0008235422898057 -0.8016861928116461 0.9439972804015943 0.8098132287992243 0.022844120465595686 0.24325920332853884 0.31105265959220085 -0.6956047503433574 -0.142931249705666 0.13198102902877726 0.05521564013701721 0.713080638074231 0.5763759654385563 0.966552504640391 -0.8906247012075161 0.06602903924050253 -0.7430153589761358 0.5428621726346478 0.9083341584850326 -0.6476588346696824 -0.5086139167437925 0.9952824156051101 -0.05669626760627997
-0.0594 -0.7382041525641373 -0.9333062643179678 -0.8437610659246157 0.02361291506978153 -0.7205002767959618 0.5036499695885698 0.28562889840922945 0.4720591705281824 0.3311234784870595 0.6359445628045335 -0.3554983143514502 0.6477830820225189 0.7112536446414177 0.551592022529751 -0.01595317374026143 0.3331949513288241 0.5961287220700786 0.9249580705316894 -0.31801781195863194 0.9452012572053091 -0.3472987859763795 -0.32280640703293845 0.383563884056024 0.5355081027021495 -0.060560474533347786 -0.6438759151945767 -0.6645975323760152
0.3528 -0.6831029061092393 -0.48289514185808524 -0.7117402069181774 0.44184241359735105 -0.05764861625925449 0.11007402999705616 0.3971573734259807 1.1226308179480557 0.04403131700077581 -0.38621089174713885 -0.03574341682287053 -0.4794887278330339 0.29551198020313896 -0.364707342483647 -0.15018517642658955 -0.0801206505393018 0.3650830761452174 0.6937503518921415 0.7445457850986676 0.756478285494645 0.11782897340357149 0.23914005297946966 0.9058622835721097 0.6982900137053036 -0.1605335350805958 -0.6102545072666632 0.7237000258922027
0.7488000116959568 -0.2851012234419401 -0.43156131557574956 0.3641154622968993 0.07201041350363535 -0.6915085401249771 -0.38186648241851523 -0.7330755805947821 0.6850017349950014 -0.5181359696013318 0.5089614407540876 0.6303916719181778 0.050797252278200034 -0.3665890130912351 0.5409071146625556 -0.7544960697033293 0.6930230511129659 1.0159890696279235 0.16071691703748395 0.6364513094847004 0.5575448249191957 0.032245785774964446 0.1463398102439703 0.6839070474420719 -0.3009340973499976 0.5920461016072242 -0.49234824078179845 -0.19450000001585185
0.5497000113324968 0.9763999735992538 -0.9408950428305082 -0.18639244892605844 0.11304307034633389 -0.5340242485600154 -0.72088005411879 -0.31995370374159365 0.5926438910825426 0.20803840310151395 -0.3031827552437354 0.14322337155219106 -0.46937985204404736 -0.13317233085293606 -0.19632231135809478 -0.581540451709304 -0.3649728119791254 0.6071444531183294 -0.0915295871913734 -0.2002410371328107 -0.29473938552602497 -0.06443555192802074 -0.3949979462885013 -0.5427688285899576 -0.08005503420859011 -0.6405201863487968 0.576000254085089 0.9234999999707223
0.3817 0.9811 -0.5529038701507689 0.17250422908863738 0.3840527112161179 -0.3285114467339794 0.6816162439071143 0.5758333700305985 0.16482616801042294 0.7995782147182554 -0.30108283419537735 -0.6320962427372977 0.4430395446200256 0.27007571416942006 0.6882603431644521 0.3013856624914664 -0.6598248158293409 -0.13703173354367504 -0.01989878942417044 -0.4427584231538333 -0.8385706970998571 0.19617293404356606 0.9109855837744668 -0.6429470064030146 0.6184225497323134 0.12467966419208441 -0.9819001337517218 0.0573
-0.2056 -0.0195 -0.3511036556471085 -0.002139743895417585 0.7155241579538616 -0.9148381775872767 -0.9116507739876983 0.36224292097456906 -0.9407957248879358 0.4374250462170528 -0.26112350759799396 0.6465680838465565 -0.3528949195971549 0.712479621076256 -0.7183308184934687 0.44312060380722323 0.8303051754453548 -0.5545361872757115 -0.8787785343675014 -0.026195702785089685 0.1790777620478669 -0.48735831540119845 -0.469063404412238 0.23105300147476499 0.11373185891373178 -0.4469166991336104 -0.28530000013922346 0.8846
-0.9903 -0.5981 0.2762841303993501 -0.7579679516586831 -0.561193538019524 -0.21167910004835677 -0.1025563839304705 0.3086452918278993 0.9389811204785837 -0.8479109869565139 -0.4799911157516796 0.8393893810662351 0.3230689233473659 -0.5025039878665295 -0.07264933226804275 0.29093217991018994 0.23151249132823085 0.4714506285389441 -0.8110848828312214 0.8629640374468407 -0.8755118039605 0.42689496499210217 -0.5426385647456871 0.3020658768307272 0.7763726371087614 -0.8396999444182354 0.5001999998522629 -0.6837
0.9974 -0.2689 0.1832 -0.1205997965334724 -0.8015837927749855 -0.27071390524626426 -0.4407344293164779 0.879534048277636 0.27633201648079336 -0.18880138379078612 0.08397357015721245 -0.20049240394396126 0.9616362537074389 -0.13537273224444343 -0.5402800431569184 -0.6707083717646317 0.8348087561467312 0.6787216533197731 -0.6060517707800759 0.9274513589167098 -0.9337628317961643 0.2563985900044659 0.4005680564855258 -0.12261289179786779 -0.16900042770173238 -0.4926000000075964 0.0843 0.1235
-0.4335 -0.9052 0.5143 -0.4401 -0.9338000017976779 -0.17940001388712226 0.948499402230108 0.9130955094200051 -0.21741330807250603 0.41858009540773333 0.37252577104916174 -0.5658568080110614 -0.5903411862482897 0.5302003342500824 -0.4038312229180515 0.9987930448127141 0.19292618404191653 -0.7043829012349873 -0.35388147224655025 -0.28439420464862103 -0.5028904899448348 -0.5353382315104377 -0.8919735440050123 -0.030901231129815944 0.2554 0.3039 0.0598 -0.7288
-0.6936 0.3026 0.9714 0.9535 0.5424 0.4071 -0.0104 0.0269 0.0628 0.1208 -0.804 -0.8964 -0.92546271604944 -0.39759938740553313 0.4215000003083872 -0.7912999999871491 -0.2564 0.234 -0.4272 -0.2093 -0.9435 -0.1388 -0.6513 0.6685 -0.2328 -0.63 -0.0305 -0.4869
0.0635 0.9816 0.3084 0.1082 -0.5915 0.46320000581352894 0.1025078887264208 0.2539222189095001 -0.0309441486820975 0.4330750551740632 -0.4829195268503806 0.12960494541461764 -0.45007530758075914 -0.6361374026508205 -0.6445913319391502 -0.2429771940596732 -0.3285103549838429 0.3884529960208926 0.8599298840117723 0.06680477878349168 -0.46409711215679 0.40060291548510546 -0.976995798863025 -0.5900965834164472 -0.7264 0.618 0.4897 -0.3121
0.6882 0.8523 0.9822000331366897 0.8514000002346332 -0.16468625906132722 0.4219292070706404 -0.1993194771663211 -0.20774497292218946 0.07383685743839408 0.9889704176820608 -0.8207596515471229 -0.5522245196852543 -0.6630621816204108 -0.07229887945858363 0.21352312176408958 -0.5892161490103074 -0.3379139278506156 -0.44509052102098445 0.42837498171922017 -0.4294310350577418 0.5614156969512418 0.9457188462408229 0.17925351498929995 0.5784479879062518 -0.06958879332205287 -0.2780945034768219 0.3634 0.0752
0.8584 -0.535 0.3018001083160481 -0.21909181193947408 0.4015245335818258 0.735686785277733 -0.9791581943108159 -0.6554214986999648 0.9025731286386951 -0.5922376408586022 -0.6199427378569001 0.33196442791771946 0.255675599463485 0.13428875513303323 -0.9121687539771567 0.981597421238155 -0.887063301692418 0.3236332368646888 -0.1524711731494798 0.9236335269779812 -0.7538923073505747 -0.897865963098774 -0.18023341053179726 -0.305534053177486 -0.6295649994472006 -0.15595490835697423 0.475724505267206 0.4158
0.8724 -0.5859036385404204 0.5319189520041468 -0.2695209909452402 -0.2272622842347693 -0.9714062870064528 0.7289401953032928 0.020065840961040093 0.20152765839635894 -0.07843903391220769 -0.6076439379449825 -0.33259890440968254 -0.09887827575288777 -0.9390164470509289 0.8174507734920208 0.7863529870706457 -0.19681075607428125 -0.2234815201179956 0.2378865907317826 0.18708130632123776 -0.5578223799345965 0.9152003844775228 -0.8921858225549921 0.3072697623449548 -0.39195568899358285 0.11162755121153006 0.10650186143785025 -0.6067708794908558
-0.3222 0.2632 -0.2502122342521473 0.8952178907526114 0.047241686814027406 0.9299832433499247 -0.8181305027123112 -0.7840103838529697 0.10106593727071576 0.6679227392620212 -0.720058698559838 0.7308948851170535 -0.7137098632194526 -0.22038438894607063 -0.20322793214567228 -0.6485345975156019 0.4289151093705204 0.2992500705990481 -0.4129022074900807 1.0707036824715066 0.5935277611633762 1.0649733625887592 -0.8360520620260082 -0.23891122913338217 -0.7649865335555408 -0.5135304631317152 0.6005998100534584 0.8929580921007124
0.6374 -0.7318000246871811 0.0628043916840006 0.8493272011721607 0.6472064974921209 -0.7490072415176494 -0.16504940319848854 -0.05647034859367478 0.4647245151701973 -0.35346536098762654 0.34357007813850354 -0.3163018392142994 0.636745566030163 0.009042591737351845 -0.08409138385606073 -0.8952304354587856 -0.061006787131531 -0.59984984676037 -0.17502044700279215 -0.6434035721202755 -0.11142214480528691 0.4022254307135996 -0.18405516572789415 0.30190722503372597 0.36402975252890635 0.09961672226547223 0.8088328713713862 -0.7000874133224848
-0.7434001279705803 -0.9989734067026225 -0.018318521571780592 0.9687639116216374 -0.4349604608333522 0.41783239998728705 -0.2358993894261029 -0.9333637515459643 0.11949300361970022 0.2293202839778679 -0.7149769136950053 -0.2725541937688564 -0.620659040953295 -0.8121616971266599 0.5414344135334321 0.22343994597283257 -0.66356729892149 0.4105494224284342 -0.6561699781185916 -0.6050759456262749 -0.8477675240330309 -0.6704083418345594 0.35290141781918544 -0.4751563731213822 -0.06126357718330631 -0.8620395059030155 -0.8351286468184457 0.8857091295873805
-0.7004005200757717 -0.242076582228023 0.37258885351624 0.5798655764203295 0.39554929799050104 0.7767480347168384 -0.5807829657264043 -0.0833917396265254 0.26819990795364307 0.5298590477742341 0.15579811102464167 -0.7104184187509749 -0.6268633664156447 0.2720765657271293 -0.39288380127528677 -0.8898196940390813 0.7085632551650412 0.574983042327857 0.3020911512960076 -0.6214728459427274 -0.00436009749718683 -0.292238468398101 -0.23364121595598003 -0.07264539089118283 0.8978231691496397 0.9696042337466095 0.43146259182701646 -0.8363778585590658
-0.9752000844341974 0.5552419130254527 0.3158758458477062 0.6099994017283809 -0.6448641800301127 0.7108139606232436 -0.06920544691302942 0.5883120425690136 -0.35138175564588553 0.41138847684242347 0.1333096474790047 1.0549626353136097 -0.21860194227593377 -0.6813294577720741 -0.22078209412291708 -0.6798613584461353 -0.2559829306577005 0.4600168463714524 -0.1375894606449862 -0.7225215795033272 -0.09293271109013276 -0.6033555020367577 -0.686768703936625 0.7872904088430904 -0.719253919961146 -0.01707796734437877 0.41233655562079774 -0.10095781036385322
-0.6495002003771542 0.5062246292780378 0.8832529584631137 -0.2096226060786977 -0.6882432746018585 -0.6218719466456485 0.541996602772878 -0.5768879054325253 -0.29364722975876983 1.0340536100091673 0.1617302853058498 1.065375960463153 0.8754923354960515 -0.017851474416632082 -0.2541375350182724 -0.9004689683483877 -1.0330539571273798 -0.1081481364041785 -1.0223590902351418 -0.4195935358113242 0.8734078663585881 0.8509088544260079 0.7052136133964482 0.25721071204812807 0.8434651687154575 -0.19273600547291536 -0.3129721688854319 0.14239538238173519
-0.7210257649190298 0.16951818797086027 0.6964369520002271 -0.14749452356210646 -0.7893286500625243 -0.9177248349900408 -0.5737800256370154 -0.7295942183334297 -0.7236493125639718 0.2340283894455042 0.4794435175740355 -0.8247892474889975 0.22048568482112077 0.12078770749962173 0.48243735420880984 -1.2701224110954035 0.10209894968877528 0.7486587933985694 -0.7807778162951916 0.33772326366906885 -0.38266875514767734 -0.5852928473093109 -0.5474856858399555 -0.2016437236895841 -0.5627241236337045 0.43691475283452996 -0.10839408205825347 0.3356016990751333
0.7690993233528608 0.8921371684000247 -0.5220954366108376 0.6841689150909478 0.007466246332634229 0.7682279933159163 0.6062610592499974 0.8806135902652885 -0.25609474761555134 0.07604784473267734 -0.3772258787828874 0.7044129676817068 -0.35114848004694765 -0.036499150931968295 0.4146674894143341 0.6224845252107668 -0.35317973141428655 -0.7491901304037375 -0.5728110140925465 0.07738345240830082 -0.13525174342354548 -0.6289388610180434 -0.7177588820018962 0.5492943436037189 -0.21360270483049254 0.48175948674070485 0.7487506348984326 -0.39628943958877594
0.5696000122691184 -0.41382588690517 0.22944370553092114 0.08610403468262279 0.5405741766038675 0.6846114961132475 1.0621962804844602 0.4927446439155041 -0.5668061578493743 0.493514971271204 0.9473034725436184 0.2482247353981615 -0.7895031829455893 -0.5487921201321452 -0.26113623273894504 -0.5348268526585691 -0.5932879511067252 -0.7614892271043465 -0.010969907131960189 0.02681953185814218 -0.2639977434101936 0.380145710600168 0.8270238895298772 0.6055031928245217 0.30209821961252226 0.019724587094381667 -0.8573431884382775 -0.011537206427498059
-0.39818336941400306 0.1216398978265418 0.0533256179866633 -0.541640998567962 -0.14856481023207707 -0.38058869381252397 0.683880547453786 -0.3286734956217667 0.9104052081364555 0.06147962448296745 0.23719683067786573 0.03683347924885471 0.5420097193991672 -0.3166284738976 -0.4714540471903672 0.058736517044335426 -0.7213906687374868 -0.47991118576492164 0.5352145689690937 -0.39459467164310036 -0.37673986098980533 0.9466967660356852 -0.4527023841137055 0.20137376186444458 -0.49927304983947957 -0.5894709263311543 0.6817614480235102 0.9376571296575161
0.5649685880391045 -0.4067629241806167 -0.5303922975567936 0.4636290083957481 -0.12586498156833603 -0.31252287412795166 0.4071771955920084 1.0961835278040462 -0.3880500783855047 0.8408920600019243 -0.02911157731571474 -0.019401547082230228 0.4945788936751363 -0.6372981745402259 -0.6622744693583181 -0.5370409660058172 0.1672703735861245 0.8253322679856919 0.17703182502960593 0.8654876823338513 -0.7676711470987468 0.4966055095357541 -0.03533780501968999 -0.7333608497855041 -0.8734757632837398 -0.12442220511149801 -0.26403946135087636 -0.46441720981151535
0.31089662980434085 0.10932090255607395 0.09571952467807919 -0.11422959005116377 -0.7561912460672814 -0.7942826465642594 -0.715343903593179 0.09953945945981728 0.9676910941706393 0.6998631496189391 0.5758596276675848 -0.7100768220119683 -0.5530433197342596 0.7139379807509729 -0.23868462148620342 0.7081935794784078 -0.8746928169750476 0.47371753287694296 0.47680100205165254 0.9169538751524661 -0.10177313500806269 -0.46377679895983853 0.4327900434658131 -0.06563095058497519 0.014264908893232477 -0.7825480631778032 0.49324663525481566 -0.5271747006715378
-0.4976 0.2815376410695019 0.7876076643433663 0.013954251184587194 -0.17040875826805219 0.17166579428999448 1.1333011796534957 -0.6892578898613758 0.23983657563753216 -0.44692534673912937 0.8110844115097807 -0.36664864056889396 0.4168562361790779 -0.14997812186502507 0.3439299777032303 -0.7066074478091643 0.8993005443321195 0.6667425562906655 -0.15900971939120653 -0.2761681963774516 0.639245635806009 -0.47791954635545175 -0.2751915449313239 0.10649617311944794 0.34614958922590916 -0.9288087976413028 -0.12586252793111488 -0.2942168277155147
0.8414975717339761 -0.5364095175139523 -0.8380288341213806 -0.4930835915760741 -0.1891739344632442 -0.4607943445155072 0.9751484781022783 0.008925890051926335 0.06098261316296768 0.8308795893450699 -0.0840671307156281 0.8168434718643539 -0.3904261862077619 -0.24645871148244552 -0.6157191831673885 1.0730334628930924 -0.2913809923199594 0.2742186257124786 0.5320458387085125 0.3537600603801029 -0.4178292616497122 0.47204943880495553 0.9867121311884417 0.36516012376465684 0.14727806771362476 0.5665249542989772 0.4270746475297148 -0.27778603641742
0.6529 0.15378491309533865 0.6411430580434877 0.5315787653001655 -0.8068491791052447 0.9774641403261267 0.26031947021398066 0.5972093747498342 1.0988350831344356 0.5739048352258679 0.19005613147221714 0.9924112486353159 0.31846209163830635 0.40516418036393126 1.0762913721166647 0.36550583754526667 0.4909375575052175 -0.13612997336865523 -0.24879786270975388 -0.39128409210663884 -0.0036842624372966037 0.7850630861244782 -0.6260514915859496 0.5977262691081682 -0.23659147523217114 -0.45690869683423957 0.2648689535874815 0.7829127863650405
-0.8734 0.5207912547357552 0.9788689554254036 0.007961039238971531 0.7852566074197692 0.7098666388399205 0.15402547070263423 -0.4793241234634455 0.16205244847668343 0.99050837553369 -0.2700282331362317 1.1846717826550064 -0.07908309873443059 0.03847533840706377 -0.6570153794669035 -0.04211347160278082 0.43373979104771343 0.9143581917560653 0.2750770484401203 0.6546342203186806 -0.046979198633895165 -0.4781409874763595 -0.07545060795206704 0.6089386844261025 -0.2709095413688977 -0.8165301589231918 0.9588474975256515 0.6130004383186018
0.3516996868686738 0.8284943781100735 -0.8354510982492585 0.4995219033314142 -0.5856907459918321 0.7336630042565975 -1.0518277363819561 0.16034647607890262 0.12610287299020528 -0.39625847522937846 -0.6650718951065286 -0.6113157432067695 -0.6212386466654856 0.8414895749047242 -0.030614359456476194 0.9999084499735247 0.0315356842087447 -0.030755197721060355 0.021601799898067108 -0.8862258421879043 -0.5726374640779623 -0.13398238135860427 -0.8732230054238956 -0.4384252533295492 -0.0672808586558021 0.43030220819328246 0.18476588645137523 -0.6249991850102994
0.12499969659944804 0.4671787214108369 0.6450925989026387 -0.8098918619787983 -0.20047447462009063 0.7627414266078613 0.6324165931466215 0.7324066893874032 -0.2598625117028959 0.3174326832900355 -0.33927774641398745 0.6902307715426873 0.27159472067376206 -0.4699139427456797 -0.2974226675835928 -0.07148623982508365 -0.816404017943439 0.6930648405447917 0.02495067063759489 -0.5081630836233888 -0.2604944287519661 0.5949228342198424 0.5871328977898372 1.0222775806327355 0.8440892659091762 -0.863712432097498 -0.10986639494268804 0.47430150525239667
0.4275 -0.8266 -0.9528408974165984 0.4136234372767404 -1.0000090856538342 0.2689238203212934 0.09331292293841875 0.47152598185543454 -1.022250874077819 0.798868516831321 -0.683557651583241 0.661462715649886 0.054887661009510494 -0.2185160657734204 -0.9245140166394227 0.6681241350151036 0.6730013305053012 -0.9211697832059692 0.9024038551348141 0.28510445817080177 -0.08410800586327119 0.781088730795456 -0.16621192708572688 0.9121550274988068 0.14910302902586575 -0.8680391838113505 -0.3696901837962949 0.7158
-0.549 -0.1707 -0.5874187815018934 0.9921318808068472 -0.0005543767998338647 -0.1901293099782405 -0.10942478239651779 0.5319461295021236 0.6873008300734762 0.6646840492697176 -0.1575517796509016 -0.6132682140163991 0.6596903826255059 0.04897009755057165 0.02132868469487079 0.2729922451674456 -0.7527978034075327 -0.6354017116532188 -0.04219457216094721 -0.3562147398105287 -0.23020402290947192 0.28619629214438963 0.5967631831431311 0.06685163109266065 -0.6212199628962243 0.2740089691164793 -0.2600861115230076 -0.0274
-0.0862 0.4634 0.2725711984912334 0.7291943343784156 -0.3213834487118967 -0.3258504078973411 0.848819647983808 0.5566727212222464 -0.5393748755654204 0.13622503043770565 0.48917035960463034 -0.6062463048288774 0.7593595672635797 -0.8755957926045269 -0.15087690933359107 -1.0406929283676525 -0.4002649704126646 0.48588661915007875 0.27510664875313495 -0.6201900189563552 0.6168874873551886 -0.14451432576715018 0.0778371175741816 -0.12544943803453218 -0.5729198814202173 0.8398111245626372 0.8205147377593482 -0.2234
-0.5402 0.2398 0.5168 -0.6316026328514253 -0.8683143216374619 0.857616380937464 -0.6008740196441831 -0.9475897281504636 0.1920222012958654 0.9229508915701785 0.15054980413340718 0.04134450946578067 0.8882963235017464 -0.6720906335985413 -0.36616467416213433 0.8155567784337773 0.04532220810823307 -0.37321049898875086 0.9387858659116327 0.6540050731789899 -0.049015817727318764 0.13937161595442338 -0.7589803555692357 -0.39331150054794717 -0.019599712894395174 0.025899993076869788 -0.9043 -0.4856
0.582 -0.2254 0.0018 -0.8361 -0.4036070327439315 0.695363368591347 -0.7897795264250036 0.30659852962708684 -0.0016652815561923736 0.6297887187543558 -0.47459465257317546 0.8456305942605559 -0.8613278550339014 0.20262124555797675 -0.4926047143194681 -0.8239598186158037 0.43794835006316996 -0.5510807740775829 -0.531491331739854 -0.29673447899335564 -0.32127064991433946 0.525460159951255 -0.9268948583370552 0.5483577914963026 0.5893 0.9229 0.2644 0.2869
-0.0495 0.5472 0.4891 0.0183 0.7782 0.5275 -0.0086 0.5397 0.062 -0.1429 -0.0049 -0.6026 -0.31913065546340663 0.8991397810480884 -0.7524923134347973 0.6052003203113583 0.8017 -0.3153 -0.4199 0.846 0.0835 0.4539 0.1502 0.3138 -0.9159 -0.8943 -0.5242 -0.6013
-0.7108 -0.0099 0.4772 -0.9608 0.1009 0.10189996915588094 -0.9869684129334153 0.0076059934512840545 0.384484857368899 -0.036328977154753514 0.668064821256969 0.23079748643877215 -0.1878712175326542 0.6449539885580953 0.17642331286433321 0.46255146900948896 0.7048761073715119 0.1033371765424054 -0.5621004693312981 -0.20495263642816 0.24692581578842301 -0.1800498835097175 0.38338584802385606 0.5521816075861535 0.8653 -0.9372 -0.6824 0.792
-0.9231 0.7985 0.7703999791225498 0.3310999546719131 -0.8587078440171009 -0.34140746023677276 -0.3963449436911248 0.4543244264387614 0.03878751013049884 0.9809286602129873 0.23676115008608942 0.9523814484745488 0.24564393283817637 -0.9860414330818984 0.9155497081487852 0.4060248495780531 0.9446793132599662 -0.3527315225626678 0.797001007715448 -0.5375096255521866 -0.028638688683525187 -0.5502362017687977 0.83176601045711 -0.14499843172646193 -0.9957976207633102 0.19445735454718452 0.0573 0.3162
-0.5487 -0.6225 -0.0602000458839452 -0.28910037211754597 -0.7865383026051562 -0.8557198922889651 0.2927820966703227 -0.19190607659343098 -0.9681700604335224 -0.1853289801064705 -0.4908568000281314 -0.9431832116075136 0.9022040050156422 -0.8166083619206363 -0.25531929269108145 -0.9279287407200234 -0.9137774057849022 0.5237018614389672 0.6662863943917106 -0.29830139549235346 0.7328178562826893 -0.7991620293953061 -0.04817607481500967 0.2659158684226919 0.5072714243253574 -0.7460269398053159 0.22909930738396708 0.4955
-0.0517 -0.6066019101882805 0.23309603461566475 -0.647657151880248 0.04189618122034038 -0.10934487879655146 -0.7235871274141693 0.34185643864116305 0.6466562754166548 -0.8062264320666268 -0.47441369687590856 -0.23373850866964133 0.05409402344330585 -0.7534977724580395 -0.8578944690528727 -0.07811089078236987 -0.024732140581637363 -0.8522231574195841 -0.9395601187222604 -0.27213004733658114 0.9663826853141328 -0.25924832402797293 -0.858081394782062 0.5348440356989373 0.43241882679640536 -0.41995182018594973 -0.8846838620833365 -0.04480044747307078
-0.3687 0.96 -0.04539512993001366 0.6316836434593607 0.8800242887282655 -0.9035232335327392 0.151669058660159 0.8153891617983319 -0.27775815093679573 0.14725475182276462 -0.38897425384365925 -0.0828554308486693 0.07983891065649143 -0.6738437942950384 -0.6659342223530843 0.3540347508818506 0.12659858582396757 -0.5262793839957384 -0.36805000062766846 0.9721679979875772 0.8363536392322715 -0.08932065611291909 -0.49783427349378473 -0.3303044187061041 -0.6153791922871789 -0.09094300108994481 0.4228347225529423 0.652439774463013
0.5009 0.8562977584770457 0.8407331645147595 0.5770114163680062 0.8113408829854372 -0.11591377112270489 -0.34648095279343166 0.15221028525313327 0.7316621816718841 0.5531921806325253 0.5000818896397241 -0.6768311450063841 0.7141632913887208 0.17459871172929017 -0.6314360716950186 0.7178359178719131 0.7447965052300817 0.6114489281761923 -0.11924026012376727 0.6173131645120989 -0.7304467961694352 0.6435017659760852 -0.4837153524202988 0.24648446318042444 -0.5332827845816279 -0.9172297019263527 -0.6591569369990157 -0.7420143471351361
-0.8305989655963154 -0.024725306256481457 -0.8802713452874319 0.3089708288896665 0.5376182508157696 0.6748702537101631 -0.30509001250709467 0.8290325144459028 -0.00895628080665334 0.725465355786428 -0.013226254788554472 0.5230905138471522 0.053050195944761194 0.18716108744051868 -0.2555494037592552 0.10934774844643268 -0.6719252310080422 -0.14705108687072596 0.8994568909690682 -0.5965912633081423 0.9128206211400622 0.820143236942721 0.19350111757639046 0.8000464536098658 0.5661487919435628 -0.15722481616814094 -0.4986361799616845 -0.752284331778771
-0.6766957961564852 -0.5656758110813267 -0.11299111404219268 0.9403766927266284 0.9430176167698545 -0.10289061808819613 0.6048446856530657 0.2715649900613435 0.570939598221046 0.5665003459156488 0.889883769498435 0.43470228036664077 0.3479213171686329 1.0365480691087463 -0.7447639897519597 0.05502701956911682 -0.49400992777334946 -0.8099708640149286 -0.7896981767310443 0.5537731568743445 0.3821156799925033 0.042958242845973674 0.2895261133533823 0.3235196378808927 -0.04741103170444048 0.009197205111857667 0.5162193226823846 -0.8010897649526897
-0.35819931750684725 -0.6828027922317499 -0.5720554933707198 -0.8216744546253302 -0.3341341058512963 -0.9276096600562543 0.5947318808707298 0.4272898444282099 1.0005310638477758 0.43921554556598597 -0.05526709496088231 -0.3776066504339122 0.7635491576430208 -0.27753853871699474 0.12370807056306547 0.9401641021641151 0.39373785899889185 -0.9558958532080862 -0.22796093433266965 0.10696656663687511 -0.5430207085754677 -1.0911058881482831 -0.9273842049491119 -0.2237302299488556 -0.9874881258787475 0.8994196687765255 0.2161196719397736 0.28723761969027145
0.6445007319816086 -0.32681509705875234 0.38073276357433505 0.7353404536567616 0.01761884973660408 -0.9161415529292907 -0.5286713912084327 -0.8749711519909459 0.896733558735177 -0.6688107172890957 -0.26949960870708894 -0.6911844159128133 0.027689714301068598 0.03730211616225403 -0.10654159030139294 -0.785999409805163 0.21324081084855756 0.22086507621755677 -0.6016343612783885 -0.4979403238994328 -0.5622745453342283 -1.204115000249743 0.2667345583496757 0.1657754139809283 0.8457746436676231 -0.0249752089352452 -0.6247345348759273 -0.0730408443261563
0.2911943942670131 -0.5508081430903639 0.5570905968447153 0.27366983299519 0.2359505779726421 -0.5622953223942583 -0.2413020937319965 -0.767017540801033 0.4194175689605652 -0.2555676275150669 0.6059063035104656 0.8882709141685463 0.3858641429567763 -0.07240388646716385 -0.9333177451413396 -0.8094886563769645 -0.47822518565546285 -0.9538048739331476 0.4742810778745232 -0.21789145341314325 -0.6246260190823307 -1.0686448340413983 0.3448979069024732 -0.30556897817620376 -1.0301653805490463 0.746596717285027 -0.012761173246424432 0.42545945525857226
-0.6837995939959427 -0.14052804917269052 -0.1699238678849284 -0.7878410388779006 -0.9857771872404943 -0.7185718859807004 -0.3556803930685023 -0.7147929773179978 0.3511371814863504 -0.16624107213326686 -0.8194127686325533 0.6904393834255678 0.8900296783086504 0.18180501649501568 -0.5345929657221042 0.07805586180154712 -0.024625172018727083 0.5907813416061561 0.33017529517094546 -0.24564600558345126 -0.17977875745240024 -0.9293448331435589 -0.612024597805602 0.6924976987844108 -1.0091544344344576 0.21168849694252648 -0.06532786816841514 -0.5009946641203993
0.9832999626835307 -0.5948062113848316 0.4792157121605084 -0.011532021983975226 0.26774614245259637 0.7123614527590807 -0.4378794396450918 0.6798663657932039 0.0831291450772262 -0.1213892170964216 0.26779040230563605 -0.8477116504023008 0.16977747526302958 -0.1188980911927738 -0.4723409943754311 0.11035872878407511 0.7984512697345703 -0.6471373726387576 0.18246157541074642 0.13454402044964758 -0.5235777721003081 -0.6850459958657705 -0.34244734716757336 -0.5509161065953486 0.31336940949971814 0.9698099269198811 0.8291977661812281 0.6385368816512604
-0.5620320401007337 0.41060551877465645 -0.15914308974551747 -0.4161979449172014 -0.1449091519445471 0.8654747505164918 -0.9796139041660679 0.5574423149764591 -0.7302381366067112 0.6636778985727914 -0.24868549332781287 -0.7779723258636229 -0.3005805449611966 0.22371084353424323 0.6118999470555789 -0.5503735315363285 -0.3948624481133394 0.29155731828952025 -0.03888273474010481 -0.44592799438645797 -0.20575987772610455 -0.6913255309245191 -0.7402222094452939 0.7517436451365785 0.641672521720413 0.20640368530567116 -0.3500134396980821 -0.320816259419939
0.13718847208578588 0.24569227615636982 0.9097030649145422 0.10973483133988333 -0.8095053496998051 0.14948530968286763 0.4269419118361984 -0.13059355082725616 -0.786853096326316 0.4114636654552155 -0.5448883923559866 0.4812424443761283 0.5564610135676622 -0.6939830724733764 -1.0305826683771087 -0.9547936226548137 -0.4693252403482247 0.756303306933028 0.19421318545441965 0.8667852456971852 0.5935972309646405 -0.3750423766208865 0.7871017446644654 0.30747432859644397 0.6196457935495446 -0.2426918573742283 0.40235946777292253 -0.3499441998967952
0.07730413326546771 0.35750188730470683 0.9777797782206806 0.4932864324108073 -0.5541731175942254 -0.3270960607170244 0.7667299960962018 -0.08935535470774306 -0.4658291595836877 -1.0054639299186556 -0.8174833987889775 -0.5611386111447532 -0.4116157484987647 0.2040697525110326 0.9101596877865241 -0.5741201274179707 0.4567515001681847 -0.5717593505735564 0.5011032428434553 0.09636342979563257 -0.6440853479204326 -0.13626243735968932 -0.7295472789179087 0.08891443388083099 -0.5646057349793734 0.19312546746648243 -0.26688905666725166 0.7776161924670386
-0.5075 0.37835283628877103 -0.42899804792946244 -0.08297471901129169 -0.5846118096115744 0.7595641044375657 0.8083386350720112 -0.786099935641222 -0.1419442677547827 0.268599828736456 -0.13673324971979545 -1.009555182941625 -0.8487981799707122 -0.8050519969010199 -0.6266278565140974 -0.14656796601445962 -0.021937229967087413 -0.187852676165433 0.5477522120711185 0.17803947708323886 -0.03751763315910465 0.9551666459677985 -0.39641685352703426 -0.04853435598830334 -0.03274384501550638 -0.4262783012235758 -0.45194451710259337 -0.3155176707574998
-0.5210995394652929 -0.4540069624242169 0.9518981110844384 0.09067176379248856 -0.129465520077115 -0.788384538794229 0.0247081508302073 -0.7848105489181835 -0.4849668959468192 -0.18722787568736893 0.538813830657371 0.19742057940314178 -0.7918398840963788 -0.04227977916932107 0.4682774856790804 0.6396039695466811 0.27823275009627313 0.7398084801912825 0.6322884580448955 0.5179963884353611 -0.29032238490574946 0.6367523541428112 -0.8113075225269293 0.3094851722191221 0.4851331134073445 -0.17816513124806538 -0.43208254137005914 -0.30915840082837326
-0.2372 -0.9615501716289023 0.07957232175120428 -0.20175105240372407 0.5097384534535018 0.5005831521901153 -0.4130642777365553 0.254233096758453 0.25099902160755627 -0.25702767128199533 0.3801312971937127 0.1722270119335917 0.7114473348448134 -0.13682114891435657 -0.5095162901705855 -0.9502685607099491 -0.5112978557981247 -0.1539220088462061 -1.0114524032614387 0.4695343997748911 -0.7025324459835806 0.40921676915353394 0.7042330895369314 -0.9591508031453823 0.24056026440071282 -0.9358566147250401 -0.7231475460325302 -0.29399641344122024
0.0792 -0.40812114532121635 0.17132260585845147 0.42996202708331477 -0.8923494096008855 0.23992196376627742 0.16429474760752447 -0.7734657968445899 -0.28186926685160757 0.17446113199138238 -0.6336051795063268 -0.30947962351253455 -0.9999069402099864 1.0733690836975391 -0.4121181881250963 0.9638819478631627 -0.7136017132276268 -0.6297271670848668 -0.32299042750373586 -0.4428671674899599 0.5531105496866464 -0.37327509708986906 0.4497503644737 -0.861838266280507 -0.9556087207487344 0.808000460306849 -0.6495792499732244 0.30910011200271276
-0.26370000107554653 -0.08819979987779877 -0.4127444858020313 0.5159332751155071 -0.5704302669773933 -0.36434373309671975 0.2126858880059287 -0.1785274005810566 1.0491024397735895 0.28484265991190355 -0.07605290878353503 0.49716268984204043 -0.1967573443836948 0.237692356030964 0.2155524627573055 -0.6148908139989343 -0.03876741199563765 -0.6102588106065971 -0.6076487763852181 0.7690112630431767 -0.8185578558813168 0.6994501326259966 0.4373999587591707 -0.40975074245317894 -0.2339660146884352 -0.7936952476398403 0.9762137475457785 0.8664999992834306
0.2079999989578768 0.0771901019859651 -0.8139633283441666 -0.9103557308232557 0.21335097760080282 0.8854003498755516 -0.014117392400756544 0.749643126778759 -0.3295604171212595 0.1718180695374251 0.7834493062739278 -0.9122973853197743 -0.9401638078315837 -0.5426749348018809 0.533462337393103 0.7426202971664998 -0.05916207455247058 0.7482254798385807 -0.9688947736986756 0.6184137487994918 -0.2976598017146888 -0.13617580862534498 -0.2520128086342367 0.08900888020591707 -0.4948454872743141 -0.2754472337032253 -0.03211600650732822 -0.23780000132347426
0.7459 0.5069 0.9308618656308051 0.5705219021667824 -0.06223903733376515 -0.14425080918368519 0.017140064045098765 0.017225564152212915 -0.33279257395951667 0.5256763722536095 -0.545089026005918 0.5202845047562172 0.20043796514022497 0.77872393132604 -0.04508101352873488 0.6131953436594352 0.451733171564404 -0.780454383070413 -0.4283228252348327 0.17786016647899303 0.02070598695758587 -0.3308847060427026 0.020658484011726246 -0.7616685804999577 -0.1275975161821473 -0.12013176958952906 -0.36073481749203723 0.1322
-0.6723 -0.5191 0.5193039162821673 0.060019709403575885 0.6341697347596237 0.5453840343382111 -0.20274812555030097 -0.7355529513741936 0.9075480540935746 0.03113496271205497 0.2253445645350025 -0.39616769349647196 0.0805978995584215 0.12463266039359876 -0.44756123641995027 -0.6744700562914026 -0.45963766348661866 -0.5744595129422926 0.5856606372916725 0.6389098978308633 -0.8319241314155875 0.5489191945165589 0.15501699974552857 0.99225795316622 -0.966395847066714 -0.7082313899703356 -0.303699989829586 -0.811
0.1277 0.5136 0.9574339359780354 -0.7981422021323454 0.8838488354485002 -0.2374839444535909 -0.8565713795894097 -0.9609240329502816 0.8130208202434602 0.25964777693450425 0.9771036467808639 -0.7615236020549467 0.4314859047151005 -0.0232417132489938 -0.1699962817653892 0.6819888000400841 0.3181222456371726 0.9739957486971492 -0.6902209737510396 0.5492677193297676 0.5026765789275897 -0.23625849376987246 0.27633062961245125 0.6132350300982466 0.42750990652333687 0.11299159683295543 -0.9405999892076637 -0.6928
0.8 -0.2766 0.5241 0.5537000618687226 -0.9960774683533029 0.7800786208190518 0.42180858289420026 0.31376279999923107 0.4521288630017182 0.39080050235069697 -0.587914337557675 -0.7612603870459006 0.31258637688733976 -0.17307779035009535 0.8840574692472989 0.11675910323926303 0.7699184729221961 -0.5360847940184456 0.48618134540655417 0.42459163255455834 0.10984123475969078 -0.7783711157405926 -0.21500529731041143 -0.670451489271294 0.13690013115828778 0.8909000421872093 -0.4534 0.631
-0.7266 0.9422 -0.1466 -0.8914 0.7017000125072063 -0.20289980910942584 -0.7312928723807497 -0.9678485168763366 0.2689966756668392 0.3656091027154291 -0.12020507341968852 0.4490380575247917 0.3172576245026805 -0.07149133666817355 0.8056670144827388 0.00792576984948285 0.7682217294992751 -0.3145581587130066 0.9761329255448704 -0.9705064444776448 -0.4300168770828919 -0.5778644711956347 -0.9635492580068491 0.4106000301010165 0.9875 -0.2894 -0.235 0.372
0.088 -0.3408 0.6476 0.9065 -0.3195 0.3003 0.3194 -0.1356 -0.9296 0.8969 0.2098 0.7438 -0.059371098201142905 -0.6112662960816685 -0.8879060840002432 -0.7056002535299358 0.7153 -0.886 -0.0289 -0.5597 0.5248 -0.1676 -0.0294 0.362 -0.1088 0.5557 -0.4187 0.2532
-0.8597 -0.9632 -0.8599 -0.2181 -0.0154 0.6221002734109488 -0.3905037168535592 0.9367037974722049 -0.277791562363517 0.8941605157804272 0.7654938773529895 -0.23244139897913912 0.48156048294849985 -0.6779235342622656 0.7479970013527171 -0.274479698351732 -0.8975050073510886 0.6374167811366841 -0.9670218423588266 -0.34556518806276315 0.6050404662834149 0.9874326838440814 0.15751313756325935 -0.7919392994153065 -0.6341 -0.5259 -0.4726 0.6811
-0.1859 -0.7944 0.44282463010737927 0.4376893528053562 0.28420851575828643 -0.8006001751441613 0.49930365097604057 0.9245204482204172 -0.6531406707989678 -0.49157600115178146 -0.4263130515738117 0.9296808457636685 0.4551054118423541 -0.8247254714525241 0.2875446003079624 0.53375732512834 0.786295804774384 0.4198567531196883 -0.6100652468139428 1.015503871468337 0.9840437342159329 0.1351685188801354 -0.916299983691798 0.39223332596809185 0.6163128076611355 0.30781666263478746 0.2679 -0.2785
-0.1295 -0.3356 -0.6741462344392746 0.4668720762551195 -0.5271981895956502 0.43495083735780093 -0.23529191561955395 -0.7080734800133562 -0.6780056820066453 0.5654982018901227 -0.3928476257797387 -0.33407115106633317 0.7115661178110991 0.5750492478589735 0.16463157133128378 1.0320372864962406 -0.6688607746491703 0.5864377879720741 -0.4439837413423049 1.0223188576858508 0.611179999788703 1.053480142828959 -0.5677533350371282 -0.5689071284724158 -0.5352296226004444 0.8968876354384598 -0.18929868609607714 -0.7456
-0.6211 0.989000000056344 -0.3712985523394123 0.6210321462489902 0.26116507699580394 -0.5401292954072443 -0.24693430188281634 0.17879530756507656 -0.07810081152139471 -0.9119009737546909 0.5750103642218111 -0.9184051804182521 -0.8735921913935052 0.12058541751775363 0.08424555794215689 -0.6462687167138945 0.9154680304113583 -0.11027253501239682 0.6904276801794574 0.1426023268775275 0.1873164578129203 -0.15086042751565876 0.5762161533505594 -0.8569414912226367 -0.19660951858508155 -0.2502225759611232 -0.3533426493943237 -0.9354015522483808
-0.7004 0.4389 0.7634998774810863 -0.536905687380122 -0.22049626678927747 -0.35220569927644946 -0.9144962947133208 -0.419470962461597 0.754133309136089 -0.9556626232594293 0.37909763970112953 -0.14550272413943624 -0.45474888953125053 -0.9940702465713318 -0.6110491937494638 -0.03185081268501148 -0.2674964302926011 0.42886807875226846 0.0015033724525364116 0.26313507531522745 0.09082543694261137 -0.913106348857023 0.23569368687354958 0.12805310455620003 -0.7833882685716809 0.4018930559930725 0.19679887605310636 0.3123026190848973
0.819 0.15620021884235982 -0.9481446685139743 -0.8508088018981524 -0.13426124209278428 -0.8711184258795311 0.23110232374052803 0.030798453174628204 -0.35232709882088586 -0.640460666162987 -0.6063799819047083 -0.9573270892753099 0.21222954535464178 -0.5311153488246104 0.7902864457371267 -0.5096082149464736 -0.03703806129057662 0.7951395956372009 -0.0886862747028609 0.8691842405709885 0.8820506238500044 0.005059289590373495 -0.9186145930370646 -0.2775672169032998 0.9725658017535203 -0.9060400330802362 -0.4005406530284859 0.4563786517835724
-0.12920000140030605 0.48243498744532476 -0.007698785835773965 -0.9629271780550366 -0.4192523168825508 1.0068469115841592 -0.5038043751246011 -0.26237340964236705 -0.9983137702271658 -0.053347576964978057 -0.059974825990309275 -0.30807861091462063 0.025269332147347223 0.08899415232670048 0.4133577940602288 -0.46622495065069636 0.45667801800292046 -0.41743449831621987 -0.2280193206194176 0.34829383995888485 0.21599438825744852 -0.7029419943287382 -0.47680898968589647 0.9320667142662196 -0.37573927546027114 -0.7232596672808516 -0.6983244729762573 0.5517905960267097
0.38949999430911986 0.6258070263340116 -0.26468199132668174 -0.4924815879668039 0.3934804787655222 0.4673198989046471 -0.9571693949076345 -0.9155143268490045 0.34378103619179784 -0.45207950257237356 0.046530365232225354 -0.9152638742922804 -0.16714382159556154 0.8592504562394581 0.03218473073796113 -0.5692832203287703 -0.22106926568887536 0.45326346011789437 -1.0035349074523563 -0.08720440579989536 -1.1600190140753879 0.7478800971555908 0.35475246570101404 0.24394576597611584 -1.0057600830597642 -0.9567181663496132 0.0038289271027914565 0.6022675695545481
-0.8302000009239132 0.6191486609232498 -0.4087742983153597 -0.20441735694236382 -0.7605088490250871 0.4216235585377384 0.9499918102106807 0.59854911877768 -0.6556371008395495 -0.026682279499314034 -0.9549777731488898 -0.9070904415519413 0.873273330227368 0.9535383341755183 0.12757186615662586 0.2920623484922043 0.8993558103211039 -0.9225027701670505 0.2662236307077454 -1.0285913409513137 0.6630089973240512 -0.7133294812969634 -1.0323419686630448 -1.0770363311226887 0.8698641612078737 -0.7734454411188217 0.11009922549324691 -0.17398389954793791
-0.06030244107326722 0.953859194807152 0.00789160625485981 0.7752014885700391 0.009254227950962826 -0.14509346054793992 -0.0902904512598596 0.07704308076399852 -0.10862842656179589 0.8008612995906116 0.4104520960240926 -0.29080643721597343 0.37343334782905857 0.8374861140526418 0.6734030954394228 -0.9980859568438408 -0.7138352038017625 -0.9936931110347887 0.6485566975281809 -0.75099027275923 -0.1150482986408481 -1.146278574574566 0.19963645009545863 0.3438353637271283 -0.30558906742689274 0.4473688702351528 -0.7809004514710287 -0.42225472656963087
0.2766857237488014 -0.4562129224869692 0.8640307460693629 -0.049216973110131707 0.4060164483265651 -0.35607848703805844 -0.0949374745264027 -0.9735027535577839 0.18615181775212905 0.8367422240102181 -0.3112000546469574 -0.461245178175578 0.22227598049579844 -0.36996591951071406 0.18473786157868152 -1.077599803684384 -0.4793240891849168 -0.9935095417645157 -0.15331199280868202 -1.0236361402713763 -0.7600694613028683 0.3835664430399404 0.7943123513217832 -0.6174995289782363 0.7783622036229237 0.21420938441503684 -0.1570636121568773 -0.9193948157702929
0.4965837283407517 0.04119942629020132 -0.3609781135648588 0.010940644787137669 0.6486331392378892 -0.46819284513029397 0.3092485307862234 0.34812099873953006 -0.09128048328166236 -0.4086960981648465 -0.09614168345229483 -0.7663799517860631 -0.1740580237946109 -0.5856698300431906 -0.29943359407118875 0.6832028215289476 0.9007907904400075 -0.7177841352940241 -0.8981741764834326 0.1281088337337721 -0.9874896857401837 0.7870160268166257 -0.24476181004285547 0.1314478039151692 -0.2533734790872505 0.27175851693510505 0.1187763321367466 0.8303819701318701
-0.6382000957892955 -0.3067369661988627 0.557572955432427 0.6050049907132397 -0.9496059640463025 0.8742935651334054 0.5891534882807865 0.6708059836378717 -0.724730846986776 0.6349290339136513 0.5738041267038321 -0.7235805598541891 0.7113716294116572 -0.3136897050363139 -0.8513760975420773 0.604343411379333 -0.6288872150544783 0.2723742201468335 -0.34172973306798493 0.734601037192658 0.654230864295601 -0.7317788168031985 -0.8942637030225257 -0.816508785294697 -0.18427374678091746 0.29615135100049356 -0.9311581905725032 -0.11960972163641088
-0.1959522689143288 0.8976518730088865 0.7480986618213231 0.07055414871747091 -0.04053629126524369 0.022775479682112812 -0.6143763478842739 -0.01004178935358062 0.1056238131847733 -0.6998097571436325 -0.1496155049883639 -0.5512458045480159 0.05603444644751422 -0.7976217244929453 0.5813098407923426 -0.46036429883196706 -0.45133192595614896 -0.20440523450129425 -0.05215240170083308 -0.1274366483619984 0.9757709390285442 0.4309988490197106 -0.11610835782538254 0.21668181758908675 -0.5224069675146229 -0.9042097055939858 -0.8851014587807193 -0.9477284711543528
-0.7610502564544388 -0.7220913977473592 0.1684876436835662 0.5112280624067554 0.27580149973071144 -0.9447819898179423 -0.0508643708904847 -0.36615580161850064 -0.3537347458385409 0.8162686381674206 -0.03599528094009886 -0.2649046382398589 0.17942730171723176 -0.6029260194256798 0.4859303082306159 -0.044890353114576294 0.6131606193244432 0.7673630442738171 0.4435291013237796 -0.9110452909512091 -0.8170415335469139 -0.16987860528950913 0.8237302189149912 0.6884234516030171 0.296309280002647 -0.8612599849801204 0.6977810824827807 -0.5912196606945581
-0.8425022458128316 -0.37683313587423645 0.8004758725911773 0.7335735548018771 0.28094355789437103 -0.6117563047129763 -0.1715226214694089 -0.2942715189652759 -0.06476371596931378 -0.09002611108056725 0.3735384206292663 0.68627281339498 0.9798621032873731 -0.6567080398100634 0.6839612559143375 -0.3395371701167581 -0.09518829856316388 0.6591846922745451 -0.6655306392046706 0.3959625512721956 0.29232829117109715 0.3402842723968568 0.9500102637467529 0.21088257795733412 -0.8278267963335928 -0.43786176050160447 -0.4800753077479154 -0.8608695269239449
0.3097 -0.2500697364731574 -0.3684063454286971 0.06535531512944377 0.7042425510031886 -0.5072035181350407 0.40195504285630834 -0.9215400510235441 0.35383390256266695 1.077211026274309 0.6140114019740198 -0.5175635915842293 -0.669009891788251 0.579007437872222 -0.7402789749716279 -0.6446366459718955 -0.34820937950707503 -0.56111512726705 0.6518966910166045 1.0477136659606783 -0.5372771929998551 -0.8853775148714909 -0.6638641454218229 0.7925162422675872 0.014195269955014168 0.7131629545614967 -0.9697182997866044 0.5446909731459959
0.6563999924415987 -0.054999502797027214 0.8312649165051569 -0.6844135540325113 0.5360578231649787 0.6075111525928429 0.580283730937943 0.5763879577583294 -0.8178054230115772 0.5311066290290898 -0.44389821412919694 0.49449089148547265 0.2040648125165766 0.8952712580831971 0.26155501751193994 -0.22157249062645823 -0.582817829670477 0.4157287278829529 -0.7887269967826834 0.46079629005902306 0.2804674698591934 -0.2732599170754424 -0.00962737961641582 -0.02042037161224343 0.6710396778370518 0.7535881537813742 -0.9329534222804224 -0.4835645871860817
0.4734 0.6210754196825974 -0.5274026843530815 0.07097275429519045 -0.28882390429154653 0.4789742735421912 -0.5818740101064981 -0.6201574083724479 -0.7488031144411443 -0.6306130262075422 -0.19200519859430704 0.6079692482734693 0.3020057463542668 0.8989049169272001 -0.447277528312548 -0.6225866994283783 0.8511396512128849 -0.3351151405946211 0.7272344516852233 0.6354053267903933 0.3146596097069844 -0.43139033335447297 0.6992378169606543 0.9985525913775666 -0.7540926105902254 0.5432897971288223 0.6837657111874917 0.41648709736077544
-0.9955 0.9210290817759937 0.1352414785138685 -0.6173297815320571 -0.9289841257613801 -0.8857868397771855 0.6847135047329072 0.5694834869083958 0.47401734998014283 -0.7986735177281543 0.1590341627165692 -0.5405565267509805 -0.367537789998789 0.6347365642753038 -0.1318206004970246 -0.600059567575419 0.7969052527456502 0.8601965145694673 0.05424574223261349 1.024083199476782 -0.006948482243703325 0.8637644777678476 0.7741772491969943 0.3836060541912563 -0.800374359551312 -0.6717948987471691 0.21093225193721452 -0.34569999843483984
-0.22740041388702062 0.80763310582891 0.2909837748409038 0.2830007131523257 0.0020321416221800873 -0.3701344294059968 0.7171766626943531 0.42237928044991374 -1.0065871183561275 -0.857026436452663 0.21632144460404854 -0.8340822291027238 0.5240612948193565 -0.6368698174358893 0.6591196984983233 0.019403676972409554 -0.4942766217670786 0.09678419685472169 0.8000174494228676 0.21490297916965878 -0.5006540466862149 -0.05302251474162592 -0.0307474190830708 -0.09663072313832488 0.4989630610020373 -0.2108326644489916 0.5056137490471174 -0.7595000003366607
-0.26700040102519296 0.6163076523653496 0.5329837697957968 -0.23232603574601124 0.5449988505843564 0.7465524373243023 -0.2746417678462833 0.5888311955603154 0.4491843752463223 -0.9869148806621177 0.7696433663435492 0.7576213217913226 -0.8239144074418512 -0.02655778923395948 0.3007203622316559 -0.13665129673186313 -0.7370386057071314 -0.9424584240501404 0.23901978625789894 0.07583712738216732 0.8765645024510728 0.2160188662576 -0.9082495332876439 -0.9830175221668145 0.5165406185275825 0.19203332891452216 -0.22996895815780644 0.5604999993782016
-0.8103 0.1905 0.5252597350300839 0.363288125281218 -0.5912417086175998 0.7417562958577735 -0.6603329425310255 -0.11459367079947513 0.642925067478084 -0.07452773242383724 -0.35632171377803107 0.5370117027976555 -0.80272697218296 -0.8237916898183206 0.8564171336808638 -0.941074937737273 0.13422227391615932 -1.0102474279946725 0.7541083465991513 0.4126482949141505 0.6856546745684621 -0.6903054401920755 -0.31934004010176414 -0.1281504683367444 -0.6315240788173697 -0.4021499511554987 -0.6494019570417787 0.2492
0.5189 -0.3189 0.7548435833742588 0.0014741835311801344 0.1759659294103029 -0.08447507523495053 0.03522899465359101 0.025581492665817135 -1.0381528083106168 -0.11050645030906268 -0.40769833147403833 -0.10101445150881251 -0.5816386495722647 -0.5759552067695748 -0.006814138061562982 -0.00573572046004035 0.7157921884916393 0.24975887853508782 -0.015258674017236067 0.7434758753262993 -0.8624104816939291 0.18582364104959476 0.5147287306502497 0.17639517414743228 -0.5610982206742544 -0.0563768915864835 -0.6850950487759322 -0.1481
0.8214 0.1916 -0.5933512625254143 -0.1610395889105235 0.8979833118159198 0.43041918236153437 0.7645160335511967 0.47961507760328237 0.6567653280163858 0.1621452703064894 0.09214880700522239 0.4105327201851682 0.228524260385756 -0.2542287957693285 -0.5658492460710575 0.17284817949279419 -0.10992882744186426 -0.13668080232692617 -0.8405706097546769 0.3017723317543617 0.512115957020466 0.723595073417232 -0.0600422812791026 0.8919335356844351 -0.8583631195031056 -0.5450956004514745 -0.7953947460078717 -0.0591
0.4859 -0.0061 -0.8726 -0.24929730119527094 -0.6965577944759219 -0.6555651200089391 -0.10410971041801019 0.3607194932888155 0.06793048382503479 -0.1460154430518734 0.6363366320095272 -0.3978750578207384 -0.3741692617504571 0.7375563708711458 -0.5488662084255612 0.6206825566438144 -0.022987462476014298 0.21460939084714925 0.05128565631364011 -0.3794466109553311 0.764157862084636 0.24016543099675727 0.005097764044136719 0.8897386880324137 -0.64400000221193 -0.29889983628597533 -0.0124 -0.1327
-0.9491 -0.7196 -0.8667 0.1491 -0.20700769299818966 -0.28674688447737035 0.2897055464766775 0.019936828793302448 -0.10374570272573568 -0.6740930655689596 0.36414584843870607 -0.6447121462594639 -0.9219548224593936 -0.3521965219965764 0.954057676406699 -0.016534568142941904 -0.3502090372719512 0.3675582789343585 0.6116100610955026 -0.9853218387562034 0.29947999572113293 -0.6499899530929163 -0.672079860041604 -0.9419008225751313 -0.2406 -0.7875 0.2074 0.7822
-0.713 -0.7897 -0.0076 0.4722 -0.0754 0.2734 -0.1063 0.3664 0.9573 0.1599 0.0093 -0.6042 0.9529000017290978 -0.3092002873713094 -0.12590032398718323 0.9894999864989404 -0.8381 0.7541 -0.6994 -0.1732 0.3331 -0.6554 0.5615 0.2305 -0.138 0.9332 -0.3101 0.2422
0.1229 0.5405 0.9212 0.1877 -0.4315 0.07320000022954114 0.17610062074272576 0.5644762267545966 0.49963840224285155 -0.3677316429913769 0.6675959922739276 0.5339584907481891 0.5984315238061044 -0.7729869114133802 -0.5699370106255329 0.4436428878216076 0.37666132240313627 -0.9289744889950762 0.8550673330380199 0.23326064176554961 -0.7436120984816411 -0.37412996281303545 -0.5550988600618194 0.6090000013553263 -0.5431 -0.676 -0.174 0.5387
0.3622 0.9062 -0.6653999988187781 0.8570326230600491 0.0924445715160735 -0.5239969809408664 0.9439576725615716 0.3211534375431413 0.45513935968423885 0.0033995686903289628 -0.00450730596354344 0.1489204771310657 -0.2556564639550739 -0.7747232698711221 -0.47783140633004056 -0.7810923875572484 -0.06091984612886649 0.07305304943135012 -0.3177111548645173 -0.1683651800324153 -0.596089173186111 0.4757116307662538 -0.7871713810088637 0.5015164312714082 -0.7009764266584595 -0.873174606645158 -0.3531 0.3583
-0.4595 0.7704 0.1635000022949761 -0.45584159124715895 -0.21136798424849124 0.012669291092699231 1.0000001274733648 0.33946679786650225 0.2711433261669634 0.3779700980821717 -0.6062429956988451 -0.1547543557011751 0.721612356004193 -0.8355658554959098 0.40484163420940106 0.02007021521075248 -0.8252639256515485 0.7889820532667329 -0.6374464380164291 0.45245682301660617 -0.6267610815222653 0.9841806194420005 0.8110292340938526 0.1896115479741632 -0.5881283913694408 -0.7012548148112617 -0.09744897117286136 -0.9091
0.2341 0.7504999523587478 0.12689774346501484 -0.2541554582715983 -0.23504773636331924 0.9376662180894172 -0.7278127345752033 0.6728722735854972 0.7113811115369651 -0.6468688224665606 0.6351478622924389 0.4829637538340072 0.32756278328996385 -0.6655708798991351 0.6788274894940393 0.45287555716362554 0.6711608210719243 0.26251293005130416 -0.257432958823971 1.0516410996019658 0.944424753078086 -0.672393727852886 -0.0697582758846465 -0.9445402180418094 -0.6960835749571656 -0.6747424485962817 -0.919794681447703 0.5205211535097917
0.2555 -0.7814 -0.7598033161969854 -0.13261970906810802 -0.7833715666365276 0.8468167679090398 -0.26220454125914494 0.3068111509321827 -0.7257219400873541 -0.34054835405172074 0.031984804063606764 0.1335509791177567 0.9831175262593271 -0.48825971512510097 -0.6355579616432834 -0.908685939009948 0.04519112188045743 -0.22839231871668855 -0.6678656306312503 0.44641297701039895 -0.5943782963265901 -0.6212227678239269 0.10316203649592101 -0.14880130181156254 0.6923336691389911 -0.03606222658144868 0.32263700975968884 -0.9215672881121999
-0.618 0.08729919864376282 0.6249132645939545 -0.16458547434907095 -0.7425798252990659 0.5331699000292153 0.19821438074422457 0.1325400869260743 -0.7887887733550908 0.42947226820973206 0.49389388299476744 0.44206671649760965 -0.1525513864144265 0.32935665620931875 -0.9493677206942018 0.1965985592363439 0.2547382121642093 0.6248801159366273 0.6498315177937948 -0.3899236677854834 0.3823772588205747 0.43962488162104923 0.9670122111881004 0.08015102389345866 0.8182894855233906 0.14770285768410651 -0.21694473995176083 -0.9761420050935065
-0.8448000002240602 -0.6192567056774565 -0.21100838507291275 0.28812064480214766 -1.0135712600358078 0.055314164308187974 -0.6396404905544651 0.7615193875451548 -0.4648480322317532 -0.8386781360276098 0.8256352701672808 -1.0499329180874648 0.07856592435222466 -0.43080053155191994 0.006130456191390214 0.09989001247761485 -0.3273184535772361 -0.45998455700371704 -0.5512178079301154 0.09847953024166729 -0.7986978989300004 -0.4238696244403461 -0.253862176684504 -0.5726330598633856 -0.2639990036698212 0.8029540626050642 -0.42644242710831615 -0.5133650925135387
0.47099999908941365 -0.9508434405680976 -0.6514769988978499 0.37673260735021047 -0.2933123640157735 0.7703971579307904 -0.3103044957537864 0.0768653699698504 0.6037491288618527 -0.29293908224765997 0.4272177410146193 -0.09163165329022199 -0.038603138493154526 -0.6096025427608609 0.7333017128814856 -0.35465347707320094 -0.9857209371937189 0.09571394960230732 0.3297769457557795 -1.0805262815202896 0.5669274866057907 -0.18637354025023345 -0.7799443773375839 -0.4955336540807054 -0.5481374986252754 -0.5223349761618348 0.8455162759282157 -0.0905153399225412
0.9979999998521665 0.18423131006201912 0.928092371844184 0.0445720075030782 -0.9402998827281174 0.15036176578130514 -0.23032151583785834 0.1998492242639202 0.4713255952726571 -0.7246964652977341 -0.6756082160385476 0.8484654989189404 0.3036357157962174 -0.8220855520841237 0.25976138198033727 0.6920267469219864 -1.18313181226234 -0.597483388479923 -0.9157890050809085 -0.480011694509263 -0.38286795282564495 0.6382541281223193 -0.15003091565328028 0.2900921442190033 0.6288175184999605 -0.6170898934710776 -0.6809380019671781 0.46361699284777286
0.057300002752878915 0.21291363022084814 -0.0065888384542302616 -0.9797687640603996 -0.8542691021374218 -0.5414015375851913 0.1019600607184838 0.3094554858062681 -0.31731482345912204 -0.09833880807765773 0.8380509679920727 -0.5497147128538404 -0.8895919463158303 0.4921018697483482 -0.925751599582201 -1.0306625333032802 -0.26455631532182644 -0.33911146214286525 -0.7054348923219548 -0.31036293949999477 -0.5088806470115321 -0.9416565307775961 0.6539272198167555 -0.8102777949890354 -0.15017314111179408 0.1618351254596657 0.5974793092131835 -0.6655596057900569
-0.6882996463515076 -0.3555452468916664 0.6345084338853216 0.38432896573823894 0.5641041356618874 -0.15009553766107991 -0.6835957920859375 0.7787478998733598 0.13211841503179864 0.08979581731099893 1.0405129650337617 0.899212638363267 -0.29521395972495956 -0.7298533057072931 -0.21996146193720031 0.3144466793688471 0.36366483230069413 -0.5143085094203934 -0.5722457390718405 -0.7286812444116507 -0.7187463944690022 -0.0020135236491959523 -0.3153645261053346 -0.5961855349325309 -0.28223032989176405 0.9241096338092858 0.5070848511572427 -0.8315380079855076
0.6154999432771517 -0.5487299214134153 -0.08075206866063706 -0.18727439647351093 0.21386640218917835 0.13692253949487626 -0.8344965218939397 0.6798052522208576 1.0497813142538006 0.20810191421972052 -0.43137433508368234 -0.5562109700669027 0.8881322981515359 -0.7350954492120503 0.784499572709181 -0.6759731828035844 0.2579472120100895 1.0406912672695598 -0.14087619493464118 0.3817215615990848 -0.6514592489063955 0.9237677992079153 -0.7503491539838015 0.985886849352019 0.8025255843019834 0.692185874606595 0.18091784039264105 0.5375067004206978
-0.4904001317933069 -0.8991212931041956 0.86516831349127 -0.9040024975489196 -0.5345699765579662 -0.7870212772641396 0.8157784146297611 -0.24339480596644011 -0.20824169390266517 0.8675781724218012 0.8082822025128955 -0.9200608115170078 0.734207770076264 -0.7200150631106825 0.5215022252728563 0.5298076479934927 0.19678716078521968 0.6231235782250292 0.31279639061262887 1.0770598992964258 -0.44490866661181616 -0.5363654744453771 -0.637307918324551 -0.7288571166712984 -0.09497566096484336 0.2846845100454996 0.48555873892584855 -0.980501672449024
0.8920303223589067 0.8237499799768958 0.10272241770051031 0.5308575086987904 -0.11456234368219298 0.5026304042994559 -0.7610575610549257 -0.14241157276923247 0.023327867694562573 -0.3769036518063446 0.6927774828968228 0.29513230715192024 0.36622648368622845 0.7356127076725641 0.23317035980097678 1.0670763421151108 -0.5376826483944209 0.23284991475200228 -0.29366749441081685 0.6429798984688397 0.14221491012552911 0.2573182438877023 -0.7113977697078956 0.1899408894882505 0.1981187964041534 0.512202307361953 -0.3068478641021256 0.1250402178411602
-0.474990077656286 -0.6933243830928799 -0.4998474390725147 0.47365579024866666 -0.75973949457647 -0.39580316799050397 0.8676111346831953 0.013244019236121037 -0.4230406628548596 -0.6801946059327999 -0.2839260997874627 0.02583737036115426 -0.24525928815746456 0.2787213559422031 1.061566250958332 0.27590476226145993 -0.40641106643824204 0.45643129730905757 0.09364211746209919 0.07731688475973411 0.15215947135330038 0.08225101151185901 0.34641105923728643 -0.51110713107322 -0.49260030630720336 -0.9823110477230773 -0.05243548146133559 0.01574147363110763
-0.6179000409950327 -0.6828591755898652 -0.4846987551574097 -0.1159529372834527 -0.33051820626029793 -0.02793894347703433 0.5593297761556147 -0.7121726030072224 0.7444962279493801 0.8947301559248161 1.1401655054387245 1.0987043016098494 -0.30882285575479107 1.1520700487085154 0.8205033136874672 0.9275721245369704 0.37203723018498375 -0.035530794314001475 -0.5791431835328228 -0.7013975970658751 -0.23882520998880372 0.115708973290813 -0.15379010157495143 0.21659836481443923 0.742158277951952 0.710819994487008 -0.7908408634330223 0.276193175768317
0.9872 0.9470335185150701 0.10922238746034006 -0.3562057031545264 -0.5997499448263981 -0.12950187737368946 -0.5502035624555112 1.1325202838635102 -0.51062124732458 0.5862539402527162 -0.0530295738773568 0.6409911963978211 -0.25736291675640893 0.4868825084797044 -0.026441568563244488 0.46233035992805094 0.08604248779849553 -0.4190385888189069 -0.4061630487900516 0.2134509468008138 -0.6534823102148647 0.3117897827682728 -0.3420444829141758 0.3054967812339735 0.8556127540476851 0.6257599874804922 -0.8008284046661073 0.3136467046003256
0.1011906589078686 0.8442799287016752 0.15312758518605674 -0.14842393349599686 -0.060012323313393644 -0.16127165817276404 0.45330305328802967 -0.4958319179734231 0.7506816531155056 -0.1851155904313997 1.0386837703265965 0.1268822542282506 1.009296748619498 0.06982443031346162 0.11777668310233358 -0.6431295834546361 0.7417886870840178 -0.038644242279027054 -0.8563724545393581 -0.9770396849980509 0.4285402824726735 -0.2584233974021013 -0.02778519792791678 0.625414009865169 0.38335577091918493 -0.2130284227397657 -0.6471730055208607 0.3584868273175334
0.0847 -0.8326564287978375 0.8594089237024525 -0.8014720931302174 -0.7357585729724049 0.6019391756627789 -0.35597930096004965 0.8035595556251709 -0.747198430693873 0.8487459139588814 -0.1883212452248364 0.812893894304143 -0.24037590763498623 0.4786648677788021 -0.6754934644552973 0.7815101377296478 -0.5437933492623397 -0.65746516563277 -0.8533544208575372 0.8197225329519056 -0.3377258025684005 0.6411349696893446 0.9325507661386733 -0.7373369758843441 -0.436247155689031 -0.13209716530956656 -0.21346141057456441 0.04790518511677921
-0.1344 -0.8890884933314055 0.21853648859654326 0.9394006984523646 0.9381710944799627 -0.6491165636139433 0.7137994801514993 -0.3114577964162603 0.5074947958975806 -0.13171250467649354 0.6319143723872057 0.382281244974926 0.140926799501886 0.027807501185710418 0.19700914385239707 0.5194073334747348 -0.6151186129221564 0.3950339496262815 -0.5060862553570423 -0.2610436062296449 0.4997300538041354 0.13591310122911165 -0.3924225668363165 0.202906346899869 0.08352440197242196 -0.4055862154225685 0.08435273994826376 0.8719994859976017
-0.4515010265368001 -0.6754262389859466 0.9421744631051171 0.4150989200337186 0.05457679357641018 0.44778722887233613 0.02622688264096698 -0.5683041112184635 0.7872710121802055 -0.4825778752116986 -0.05614503070871618 -0.6048857192048716 -0.07157114303880446 -0.7885555821397742 0.3013735662787938 -0.28357933736361474 0.18930644712677666 0.3014210041276666 -0.88201933230001 0.16888703607661754 0.998420696970251 0.4890650988896292 -0.47425193197581605 0.04319423417845104 0.39912030579189334 0.6056534941984032 0.8771670547200914 -0.8118000134606405
0.2644990053635467 0.20809942805843795 -0.06779421574992178 0.7411482018574874 -1.0075996682572055 -0.9492528822216428 0.3848436575767101 0.5319357496379559 -0.7418663665705021 -0.41882466064675256 0.2740881054332671 -0.1174566806511794 -0.5146016150388325 0.11832256618881357 0.24602790467391497 -0.4716497631971871 0.3899287770657575 -0.07399174254416112 -0.34121634696812203 -0.6010941865792089 -0.3635108521903366 0.6974365472067258 0.663678831919066 -0.359618309526975 0.9118118962473407 -0.3645973727494579 -0.6530186652828635 -0.06100002486124828
-0.0151 -0.6522 -0.24272849833584229 0.6427944637566909 -0.3801841491176922 0.8962752007145135 0.5628895991819306 0.5979589716854046 0.029161905143940497 -0.679513454011177 0.0459734369691318 -0.6865853122031579 0.15099090656192216 -1.0171764296299535 0.4740534397202315 -0.9323482841122277 -0.5218020266398298 0.6603572859836812 -0.18626222511900425 -0.9856035284058545 0.97236658235538 0.3692634715488127 -0.2338727627583724 -0.2764529360598885 -0.47460232774644656 0.357754952857464 -0.8881087618665647 -0.4763
-0.2517 -0.4794 0.9950366252771713 -0.3409485955256055 0.5703492258717454 0.050813100122461506 0.6866349178438547 0.6392703949316372 -0.061877547275452804 0.6307346543723 0.03233512190588847 0.20269978827272592 -0.22255951748877636 0.3584010670886967 0.1702653474903869 -0.618518431448623 0.041058900823457256 -0.7525855224745955 -0.6128390892592089 0.13564673468628075 0.24460861767402475 -0.19173036867268756 -0.8572709399574154 -0.39733318768361386 -0.7494836290309076 -0.8053319295276982 -0.2166997110067378 0.2089
0.8279 -0.3417 -0.3129534364403249 -0.2708751058681106 -0.9100924301575762 0.7756993394404457 0.5660400183922459 0.1188356614012222 -0.5587096372395353 -0.11478173854569963 0.28051597454749844 0.7298645185202234 -0.007701566190998097 0.6615785864867707 0.7136585205433125 -0.9324040056954926 0.7418828601719047 -0.5011722651532903 -0.5970058267038963 0.3438506452636854 0.9825167120307245 -0.12163433082398448 0.586952255578524 0.5470963364466354 -0.07653339463032657 -0.4151404826226549 -0.5885996933347585 0.4309
0.7437 -0.3194 0.772 0.9189009561527237 -0.4639919713038964 -0.8573443508175211 -0.9247245348046197 -0.49668294229265647 0.9546371129668367 -0.8490989597264346 -0.7364326188719262 -0.49814947081870214 -0.6206971583906375 0.7641509944914051 -0.5079984913241423 -0.13053352599661758 -0.142698597973244 0.4660007173130645 0.21029151657142062 0.6638821192239687 0.3447118689716967 -0.625196266288638 0.42378988195530765 0.2241480588021409 0.9944013878353999 0.6726994132648447 -0.8564 -0.4258
-0.7424 -0.2047 0.1946 0.5746 0.13489554263794945 0.0572958577724035 0.03763145732027985 0.19618168989479406 0.1294483986582528 0.5259807963263644 0.8366332658053492 -0.2674773352270241 0.014359647389419913 -0.6243350063248646 0.38197529471012287 0.5696851081915202 0.020792051959460045 0.6528512054242109 0.8218775443504156 0.3287177980948726 -0.2571088119783508 -0.6665578436808066 -0.544618779965769 -0.6597968101599756 -0.0637 0.37 -0.8893 -0.976
0.4736 -0.5434 -0.1637 0.8624 -0.3821 -0.512 -0.9719 -0.0854 0.6179 -0.4942 -0.1671 0.7121 0.45460168202021856 0.8047036831633304 0.9687000000260745 -0.9075999999989134 -0.675 0.7303 0.4112 0.4009 0.5693 -0.2297 0.6805 -0.2524 -0.1665 0.6417 0.3837 0.7011
-0.6822 0.4081 0.5394 0.488 0.3825 0.8366000010901854 -0.14864121701207667 -0.0323967728712889 0.37642340343917774 0.1037889826599477 0.7679528555185126 -0.8526074961615245 0.9364675170933323 0.2688350794411683 0.1692764969202248 0.22011733955346688 0.40489023710781535 0.29117815901534433 -0.1431021828783238 0.7377034366952694 0.47690040635876685 0.5345993063234613 0.8662000168132299 0.6330000131215896 -0.0663 0.9199 0.9432 -0.8096
0.2427 0.868 0.22660011004857122 0.7360999983721574 0.8201000051576305 0.17550164385717787 -0.9828360632877063 -0.2537492621251083 -0.5835537059740881 -0.31172725179867633 0.7559280238709777 -0.2513113499945848 -0.3516884889745582 -0.6629010525228289 0.5072644980943722 -0.7181435902774462 0.4099356123640147 0.6598309653633841 -0.6198951999350221 -0.06416507883657332 0.14866459256303957 -0.2829180090338722 0.34684565942784334 -0.6060040182852342 -0.24289701279831327 0.6718009523982723 -0.1296 -0.3848
-0.369 -0.82 -0.06789975758005462 -0.5254999446359884 -0.4531446001228964 -0.6781323921742064 -0.1530941975973735 -0.22456793715486148 0.3119588372964154 -0.1385379340189172 -0.3514454449227215 -0.14223083685807608 -0.5048116731253514 0.4111187194620273 -0.34317983414585534 0.10486838890831553 0.48436900584890824 0.5771263039401925 0.7359732610617064 0.4390872592513462 0.15217346438081888 -0.3091766012988327 0.5616445486733473 -0.9506335152130433 -0.01331690214614917 -0.2918857319330789 0.36645098255587294 0.1888
0.7805 -0.5297996486923251 0.8757996642153687 -0.7812941933672605 0.448119455308879 -0.05831492683720946 -0.5768885451606911 0.5481380882211571 -0.01949349816319342 -0.4330618667698562 -0.6234733914299359 1.064896215268488 0.8685986812406143 0.24166149016655925 0.8454043661210798 -0.20226532110640227 0.0793736201410521 0.5176579456435292 -0.1335649654107969 -0.21990390330927445 0.6951810026576729 -0.09048497276600599 -0.29088145127181 0.15900603815303546 0.6486574602622296 0.11452946910937464 -0.4379301603467863 -0.06868431936434481
-0.9397 -0.7747 0.7344407797949307 0.6272927842193063 0.6665563027334847 -0.7430655894705435 -0.586488170561082 1.0177602693003396 -0.0076650136276656495 1.0236404673946637 -0.7691029887906295 -0.7409712797538175 -0.31642088343328983 0.6164886709898498 0.1973714784192531 0.572157652769069 -0.5654757192290008 -0.5940004350861549 -0.5698162018479288 0.7734640713279505 -0.5935393435525752 -0.5992700479058377 -0.3375980272673417 -0.6506201865397013 -0.9243204295566562 0.5964956186643866 0.6671054772239937 -0.050373566655222385
-0.969 -0.9182001915677237 0.7052243695597473 0.7265762698183139 -0.3791887870317245 0.1628709621614203 -0.027935204284624735 -0.858249257916446 0.456770292632521 1.050756585826988 -0.6213785801961517 -0.8816306737973151 0.7240696524623995 -0.042835810700497516 -0.5171691917456983 -0.5503634118074876 0.6761773127269757 1.0031496949164413 -0.39989011963123894 -0.25785614791931133 -0.5311172917011918 -0.7445032488535286 0.39164885670866373 0.5160913706591321 -0.026102008183277778 0.47410935232296836 -0.2457508500133633 -0.5201075851354292
0.09330000037680888 -0.2107934262149599 -0.28513637194781266 0.8299908028350302 -0.438711047765194 0.6898891212153111 0.9017912593389065 0.22985555634931928 -0.250489737095803 -0.2828480488663583 0.4406027262785453 0.7894122729929147 -0.4574871672513062 -0.021913878646344535 -0.6051520428210848 -0.8770621804694413 -0.4632628837752076 -0.7155249737570056 -0.716664515723111 -0.7050404665927515 -0.47058641742759344 0.006609470679475501 -0.29775983750187573 -0.7252888834905681 -1.0580416845643061 0.734571590990666 0.9513563355294021 -0.7026462850366332
0.8177000015313611 -0.06830791362323177 0.09703256973195239 0.6070727800165612 0.6750659886235748 0.0460137833256897 -0.4503013994375483 0.5060754730698347 -0.3766638428014022 -0.4411283134077964 -0.47040142324693635 0.27707178747105465 0.7407796995492256 0.5596396157168941 -0.7484525485874939 0.1713361400166993 0.5525124122995722 -0.21178458065163472 -0.07072788943824493 0.1887063794966897 0.5712228545787558 0.1930556374308196 -0.3719598094732379 0.8453483367931967 -1.043215194646774 0.5670380838739177 0.6486229139118221 -0.7233070680017534
0.6526000002486162 0.24748690443275295 0.0807638727641501 0.5666406035485367 0.41549205158345043 0.28523991431103596 0.4274145582605992 0.8957484698238178 0.013251267862920206 0.8589303396469818 -0.7168245748240645 0.48007606589004226 -0.7717481161636659 -1.0334470699248142 1.0263853198768433 -0.0040317189259444965 -0.5714398596258491 0.7068654364750515 1.0456860867185498 -0.6689974628866467 0.812944927085466 0.2521352262688868 -0.6607481016783172 -0.4111371281872403 -0.6854374634442463 -0.8411171982090206 -0.007307758950151838 -0.5966374165575518
-0.8394009334332039 -0.15314025835253994 0.2958168626954857 0.7308830433364073 0.04053523955134702 -0.4894012096658077 -0.42890015529802894 -0.049612011589232854 -0.03871716839131588 0.06276967561330883 0.3562913678281636 -1.1212891741887911 0.0952982980044098 -0.498028511245479 0.23206404138665984 1.168843948299029 -0.33221277527918996 0.003086180951243009 0.44888779131599904 0.3599789390199807 0.5269926078182672 -0.629436092557769 1.0193591230817796 0.12985910772806253 -0.3245458559701398 -0.4555928126512271 -0.27556153277229584 0.816350604563308
-0.3605201423608999 -0.666486577005961 -0.9834364379486988 -0.8873766096314031 -0.7770883772080006 -0.11323031384728313 0.4513780047374337 -0.5457616831010049 -0.1737930536114567 -0.7125781346042946 -0.030781570701453823 0.05381628255020768 0.6025996531174282 0.24615013308723846 1.042088892826534 -0.005957449484525956 -0.16092892399391387 -0.34182703663777847 -0.503165592548366 0.46844613471809704 0.8313105148538226 0.09583903941722093 0.47481282279645887 -0.7036782092042982 0.9684996339613294 0.49094755933845713 0.7877250979684152 0.05062575862783678
0.11220013301976718 0.895505595515286 -0.6970217864957493 -0.9329319405377313 -0.9745571441228416 -0.8524772849715146 0.12589645612520753 -0.6282677671534186 -0.3160158185249223 0.42847620621678634 -0.11089658637278314 -1.0961300526961615 -0.41381410992507034 0.3379327937000263 -0.8040067860785586 0.3608356873071985 0.3006675360429822 0.7690857559120677 0.6708744498411865 -0.23408314627017912 -0.8215675175992875 1.0218908672447302 0.7353683501460401 -0.6716736251404456 -0.7308379130844533 -0.686344068114018 -0.46159156031583776 -0.5161836987743127
-0.49159974792160366 -0.5273006446957862 -0.5645651345131264 -0.9373152985490303 -0.8190223063187176 -0.563774726726562 0.3726647268684788 -0.06867205649577222 -0.7901206694916225 -0.37838237806814096 0.7363673135697403 0.2695612797690125 -0.12145032159157379 0.7572391747448304 0.17680349905503237 0.5232487175308143 0.3467524449488095 0.7816025480784276 0.7331714422155231 0.4170279360208701 0.10612413489942872 0.009031766127239202 0.1280872486782538 -0.7726812720998573 0.6627901103068468 -0.8336460821502586 0.3996449659853272 -0.5253817992333363
-0.47273321219554254 -0.44389607228387823 0.9774498000264017 0.19846304707233153 0.5883006472726084 -0.811166943381431 -0.6020811270522236 0.29998685439406575 -0.17577363324029757 -0.7493006790739812 0.3825459815658625 -0.6396726164054596 0.29533077286662857 0.3789685137721307 -0.5528469040996832 0.22128420636608512 0.0031365329263713065 0.6423313454119147 -0.7642450044563591 -0.5087989591246705 -0.23256769546296707 -0.31321751199257236 0.9659660638943157 -0.8811526125283176 0.2647022108204285 0.6096872271268913 -0.8211420016330073 0.7885583829688823
0.8352250461106269 0.3867196252375 -0.1492868854708868 0.9956163195636224 -0.9213625459118527 0.056853146124937394 -0.3182625117999219 -0.7024207992300161 -0.5400865951331215 0.9165838243745537 0.030661262460599248 0.6505151369584324 -0.658311142285359 0.03126313736908662 1.0617758937972355 0.36559177914262986 -0.404108927524699 0.20397500563039908 -0.15779470242880164 0.387909408757898 -0.9871556577687278 -0.44440933273243843 0.029666743108277813 0.45249569034167403 -0.11369194392327865 0.28978414618641785 0.2825074725461111 0.4766422130022197
-0.6944919263351169 -0.9475957715031209 -0.8123051196832384 -0.023641413077445154 0.8611956030727854 0.7922571238547745 1.0621519026341022 -0.8452325439534857 -0.42876513482579093 0.8310730388608227 0.602990716202782 -0.44504944579890515 0.8026634164831152 0.005736475769317736 -0.12064053687238963 1.065261952668586 0.8532117154120614 0.687604824415966 0.43318699117649057 0.6630605872104136 0.5358781307390348 -0.9740279169431275 -0.46248076742502214 0.402704711964161 0.22931925451822677 -0.757552023850519 0.033920883750474064 -0.9157813911579734
-0.4061 0.6332351800320741 -0.8911674760195389 0.1135827058444254 0.4201512558702383 -0.6974641290887745 0.8717727759641701 -0.03717921309576007 0.27531200492502744 0.28602455594401116 0.7695016243429417 -0.5003286896525561 0.39660950350578794 -0.7077727233017586 0.7831533790806362 0.011488661764149831 0.0464417959511799 -0.5259908456610705 -0.41281859031333484 0.6954108713275778 0.6134303639223686 -0.4678463496899616 -0.11881075752762052 0.7819056911760618 0.062307230864049226 -0.3143364208560812 -0.4210310757747701 0.025557201948663625
0.05970035587480694 -0.67889070326836 -0.6338228749661148 0.007098571819384011 -0.5513105541079639 -0.867136655244264 0.6567920477470822 0.11298840623114059 -0.3142353415778696 -0.6848890384169809 1.1156171083506092 1.1538714745800602 1.156586197154021 -0.16856693125476904 -0.29369075232107494 0.1119324540384023 0.406958646425782 -0.7142985135388941 -0.5718297776959778 -0.14497894139665884 0.01748396880905127 0.36617209231368725 -0.26189230568880145 -0.8983471230925908 -0.11531843899538376 0.5366285380729651 -0.13600512605656367 -0.25904573602945624
0.262 -0.3366865724963838 -0.26475280677103386 -0.4824576543787569 0.7771383972739312 -0.38738298981727587 0.4851241951837443 0.9573250198761967 0.18524263572157884 0.4042476619855154 -0.14946856681077555 0.905460669760061 0.9784724450641047 0.7146126095315007 -0.11715854738681707 -0.7087329677445676 -0.07991842783610618 -0.5864718632337522 -0.10017638002433661 -0.17914481702217538 -0.6935333420626533 0.6510128292832609 0.3431579961662501 -0.007572945868570791 -0.4660958411435073 0.7855762720990533 0.8068424925974608 0.059855910738729944
-0.1058 0.6046041566377642 0.1210873766480028 -0.16647513964896302 -0.341522275525927 0.08835690937066097 0.3938654197244742 0.7158729019390876 0.5010654533741645 1.0956867256662008 -0.2765375891580823 -0.0637106952100118 -0.3085446070959812 0.6563636105207814 0.5313052257772212 0.6238043818304694 0.6907965107426669 0.13701185171034586 0.5715066627668831 -0.3991874954075414 0.732324792961233 -0.5210804225533365 0.0982931504348916 -0.8267303387465513 0.13155906846751098 0.5587113346353275 0.5624884100093372 0.6780999533666634
-0.46009988241219757 0.6641130314678806 -0.3566528569585279 -0.1501954339340693 0.5853041607072055 -0.0704380984408502 -0.5454763908208341 -0.39627226371886104 -0.32187332829802734 -0.28652556645496047 0.007919504827778067 -0.11610221801699379 -0.5059542275333937 0.06595091153498209 0.39082157478737206 -0.281729238976976 -0.05819909364920478 -0.012192478714962483 0.07241538389790005 -0.0169144286705606 -0.32875918169744006 0.24006227055373233 -0.6808078976491694 -0.04750753453891983 -0.37998185437246673 -0.3737746155315984 -0.06964025843655329 -0.28970010322902207
0.9662001139336793 -0.475300285053505 0.8336701586452514 -0.4996235373917343 -0.893500836554103 1.029134724576376 0.3723486335041446 0.3413268663729834 -0.5319356744252123 -0.10932120647111286 -0.8120567224176045 -0.5496500796798899 -0.2827970275621196 -0.1200288186620574 -0.24446634498489936 -0.3781538211343023 -0.3441322505711271 -0.61413930903352 -0.3055185729546344 -0.44982468427278505 0.2907065542567394 0.0020405983889365607 0.33647011995209075 0.2836725340373822 0.6391945945215107 -0.3830353317066455 -0.8134226804205527 -0.9844001906597504
0.5544 -0.1898 0.37851429578333173 0.27362658269381596 0.7926547353240544 0.8176102068547848 -0.29573368417466445 -0.6615198422427094 0.49317320885812443 0.2626150840392733 -0.5916594157370322 0.8563371433802416 -0.7464821893931327 0.6837448500236017 0.36021921819410563 -0.1623489588271015 -0.20117816569142383 -0.3320308617930609 0.961572927173278 -0.14047634091610575 -0.8987687879906638 -0.8595311977847504 -0.8688885456522947 -0.39605545570149636 -0.9244087069374614 0.3666554442186233 -0.36441650888375937 0.495
-0.4307 0.8797 -0.2832557184081888 -0.8054545280247014 -0.45556810421848604 0.8682930269050926 -0.935033614966406 -0.4273409791087622 -0.04631697078213701 0.8471250229920467 -1.0106369480245279 0.47165128366461434 0.221301987351202 -0.4502477061893833 -0.7769227494856402 0.2428385996060781 0.6584395239551969 0.7192605676379559 0.15961834966601102 -0.529904198094949 0.8825039607860714 0.3270394462145899 -0.10624293735940561 0.7251513577816902 0.7477092370072893 0.7715379570138954 -0.09019442151113789 -0.6975
0.244 0.4693 0.8908061681653735 -0.19587152435378652 0.013510894083642314 -0.3709433045087157 -0.9916620277316996 -0.9811455832434676 -0.4977686962231126 0.595956352418273 0.3776951514095121 0.3964570438135906 0.6562300483323047 0.5541823247752762 0.3803564486597901 0.4717606580115649 -0.9113725655981008 -0.10721048470014416 -0.3913539037477147 0.44525605439144206 0.7643580779762723 0.38429025908843306 0.21945092408920286 -0.08082249333474406 0.25413539402157154 0.9937048896882861 0.23100591961425443 -0.2085
0.5583 -0.0965 -0.9416 0.5347907281478121 0.8456633803027136 0.21627685376708347 0.3846438928597006 -0.9701439267296373 0.9408817663388863 0.9445547722792303 0.9431802472660187 -0.039618940075917874 0.004599854846451425 0.6160226824466561 0.9623301580688144 -0.1314681693319348 -0.0763075517463485 -0.3976497510543598 0.8986141745567816 0.19652803402999666 0.8530333764648219 -0.5467671552079423 0.9735441325947192 -0.8027507545372825 -0.8558000000163326 0.16790005516437181 0.1691 0.9014
-0.2204 -0.841 -0.5774 0.0313 0.3388002638783421 -0.6113940265605603 -0.5812975125953125 0.6210798388194437 -0.7812697385765308 -0.7847741201752634 0.2824422148893377 -0.8034904928984149 -0.910471719862631 -0.011367702037461375 0.1374102980733039 0.6939054663448233 -0.857399101925966 0.43642771780723844 0.048405132984125965 0.8730559708428058 0.36351996019422905 0.36216422446604807 0.4843328997459946 -0.7986925771122624 -0.1888 -0.0894 0.4006 0.0083
-0.8091 -0.536 -0.1666 -0.2465 0.8692 -0.8562 0.2488 -0.3363 -0.226 0.3823 0.7277 -0.6047 0.6958644309249179 0.04740735715361817 0.46228357927126185 -0.22280068427780006 0.8486 -0.37 0.2177 0.8042 0.9418 -0.6076 -0.8894 0.9804 -0.566 0.6551 -0.2365 0.0738
0.2228 0.1722 0.1837 -0.968 -0.4083 0.8679996344379824 0.2963138967076008 0.7942868287965557 -0.5764527805338093 -0.9234528242061698 0.5886910074448531 -0.8942949529427481 0.03337117120385586 0.6968786696326086 -0.8008904514002958 -0.10840423834027489 0.40646312918434474 0.5172892517873783 0.48675496005593527 -0.11806655193075599 -0.5699425969614543 0.7297510385926764 0.13060647086175983 -0.45803089997188595 0.119 0.275 -0.3771 -0.9127
0.103 0.2728 0.37389969975188553 -0.5922854656346611 -0.5356658430441895 0.9575552733970608 -0.47505915297637047 0.7985410254969191 0.9603646928143951 -0.8258253808804852 -0.1944371240773262 0.2078132925812328 0.8440905881402826 -0.31910262705843534 -0.9143091580251468 -0.675398754958745 0.44442335622803003 0.7341735987558548 -0.5903158258268277 -0.5946381056688822 -0.31269445890368197 -0.7360759621517542 0.16637822853044454 0.22133670076975517 0.30964321736962674 0.9462488837964271 0.9228 0.2392
0.7204 0.0257 0.9982988550875912 -0.16369492072534217 0.5344313271851148 -0.44397030945214766 -0.2570877671728798 -1.0017569334948944 -0.04535621053832458 0.14601931378621882 0.6752716712824345 0.3080715275257392 -0.8174220818039349 0.836888786667867 -0.027599097191309162 -0.4069554064197298 -0.5323290413138079 0.005924875005977119 -0.26605416073205107 0.8164338487721388 -0.8144032393535917 -0.955403175768923 0.7853422916457886 0.04728259047329039 0.9134735515142214 0.26251127764176696 0.6776680261644491 -0.4956
-0.1175 0.6001027578065932 -0.4998572829791644 0.3452521612965827 0.11307101735426557 0.6470213946176223 0.021795771518932385 -0.7576867439000495 0.3959751335245533 0.5141120603331563 -0.5732928494394197 -0.25511416971016404 -0.4540108214591967 0.9193671669831168 -0.4654163251910031 0.5700957947954528 -0.6866881144167414 -0.6286584262085699 -1.0317858437173542 -0.4598053352744305 -0.33264378306459663 0.654281848797068 0.7418453767447278 -0.6549176188438464 0.9687702734156044 0.5934319769912546 -0.36307902903949413 0.8211995445616562
-0.2388 -0.8443 0.645147862643848 0.8222960295390264 0.35454034523248984 -0.0906525512386789 -0.9089796726987944 -0.46545269328668676 0.7977527701509896 -0.5639987747990111 0.004887463692944297 -0.8862713651344203 -0.6745170126885501 0.48258137009887647 -0.7467960991054432 0.6959945345980242 0.692261724117434 0.6318697291767309 -0.13233725345891317 -0.9422692626862778 0.7940494261918383 -0.6561939580767715 0.11759446027353976 -0.3967597995651807 -0.8152835015179757 0.3750600526630256 0.3992006378321992 -0.07481909173259528
0.7537 0.24940019773369138 0.02661969428775157 0.4989897401445016 0.7880779230505042 -0.16514611034148943 0.3936739476880869 -0.0755131072721105 -0.5983069182840721 0.8726418613471563 0.3651136993286298 0.2623495648088566 0.6563581327659855 0.2859076264198379 -0.6183087379494993 0.2819879780405781 0.7586647336576752 0.16526547586429083 0.04476071675679357 0.650400349023139 0.8245680591543846 0.09552933305394426 0.25573341698107493 -0.483620537433827 -0.8182709398744926 -0.05551354179460629 0.8882218867136754 -0.45792812514991044
-0.9881997753987088 -0.735659219825639 -0.7223284206956812 0.6418781598233858 0.06280064513484196 0.9620391954116725 -0.1488456528962506 0.228168874942705 0.11921222971791656 0.5546898464421376 0.7685327869689055 0.8460770597455916 0.6950006248075512 0.9461321940990943 1.0654098703259178 0.5932684421683694 1.1713308906627826 0.5057707482792964 -0.4213058995708161 0.07966675698176681 -0.19368283788269278 0.011374440673402491 -0.3872810271832534 -0.2901608840007942 -0.9511176275225216 -0.12316756848343384 0.20619565823126226 0.961312964066355
0.4379009127854965 0.9821991804665551 0.7491912928180182 -0.9431490958801425 0.7186665150777556 0.08430367576500446 0.35181094806114627 0.4663842663290152 0.3500151090065654 0.3571634121395448 0.5144719538084772 -0.5266315768514412 -0.6100133596651427 -0.02345645353838846 -0.6161451589068986 -0.22355430537326262 0.3734461214568598 -0.6846118233709038 -0.33670406236905903 -0.5523445309061676 -0.19951806883194495 -0.29093396952489453 0.6690004750976384 0.21033830209999543 0.5377230182999962 0.712918933876996 -0.5740310643725071 -0.618601472664505
-0.02629985180945746 -0.3781264231574891 -0.03187570974357384 0.48890046896961825 0.32260085936085325 0.4258172533230813 -0.03788560779588279 0.2676354189627406 -0.9671241366526973 -0.8103001690912233 0.5616784159515392 -0.11422640904087702 0.22380091183911563 0.6470060049661756 0.8829869806711604 0.5867447183904358 -0.7916607115761279 0.09631688389746436 -0.5152495462867398 -0.08278908801588142 -0.34323698859089324 -0.1102209549422129 0.7016030796744253 0.30770440669426596 0.8862195403745847 0.5973708836518795 -0.64673465192724 0.13644425986860875
-0.37329963045442593 0.7305550036017352 -0.5029036826217325 0.29035106708496966 -0.4024775716454377 0.13310608727444068 0.9681621674630063 -0.720618974006521 -0.7788620509317132 0.9506232273555071 -0.11558919471540201 -0.23791946441225773 0.8326780571700898 0.4201852670183209 -0.8053918061603526 0.1251465431651633 -0.12259879457442871 0.6161836901750463 -0.7525522360310695 -0.5245046262515356 0.6118504257041 -0.29465040977754303 -0.6530100479002604 -0.4780877289121839 -0.21784065851892895 -0.17901785157740485 0.3529889355960735 -0.7512068195843389
-0.8524523697194135 0.7850822653957171 0.09996322019025647 0.8095013909289612 0.12849203867533002 0.5535407402516399 0.4815487270108996 0.3313935331526508 0.8414021854454948 -0.09582039084955872 -0.13274626517312665 0.6237837213026498 -0.29132937662463526 -0.4331183353055056 0.21585605478502023 -0.298878485939793 0.9809439238229855 0.6309764645923647 -0.5673466507217452 -0.545628058923638 0.7279530720949458 -0.8507909876499633 -0.7628807818136931 0.28256176708389635 -0.26492491889834757 -0.24740465275468904 -0.36101255540323174 -0.10052945315224844
0.9686001020822617 -0.3648468255669694 0.09786347498396031 0.5957289773090803 -0.13842660341117968 -0.4729763805233865 0.17907475446203217 0.912399874664128 0.6105836093299366 -0.5273812211948439 -0.7613353545095023 0.7869698170427489 0.3508642796353124 -0.922456153282401 -0.08553421757600857 0.43820200005582893 0.890072995051007 0.6462426579933976 0.4771999327353923 0.7309178856121175 -0.40282445201192413 0.03562233141740448 0.3150752782382186 -0.3480254613167163 0.17046849998501307 -0.21510838422984604 0.7442687700733824 0.23844187465511052
0.6691989299164385 -0.9542166088731019 0.8351066215834047 0.032035683933346736 0.06852765489008593 0.25262968484680726 -0.29850546274406886 -0.78713295280248 -0.0015183245034374815 0.08871251915872924 0.4330428350980163 0.013592954850745877 -0.5896338311301299 -0.3872283473982002 0.6635133489178737 -0.3570646864482009 -0.33763670022914694 -0.5208008887303689 0.43020045254109734 -0.6579707993918877 0.2264160475440962 -0.19948728291152956 0.6063107822477005 -0.012765154678986437 -0.3914225276220749 -0.6993995882668307 0.1666910717140007 0.5710645380000632
-0.39662767184009756 -0.2148966508012314 -0.4440914812641077 0.5234600483937634 0.10598399952650332 -0.23653775385810077 -0.48660286259635277 1.0485704664275064 0.26906834569423227 0.1545013424802764 -0.8348326086272995 -0.41575736910349825 -0.19025418449837364 0.471265336413962 0.5062705483507147 -0.835866080963836 -0.7210250211491589 0.37485699933408345 0.7044193143726311 0.5830358568903038 0.36594435048884916 0.8165537974971792 -0.3696851056425621 -0.9150654392391417 0.670363720664693 0.24252383977175224 -0.05793501676070304 -0.7073717596036028
-0.1383089970186222 -0.7881935643781761 -0.8806651265269863 0.8817712240378717 -0.6091146427055802 -0.6169905348192016 -0.2710293721122347 -0.4159560686204514 0.9747560051475802 -0.7798670299851995 0.3175244239532299 -1.0124158448620861 0.16350877776616657 -0.4833470600633204 -0.9648787184613252 -0.36916608028019177 0.39801542068619794 -0.37309632452292335 1.058604414406885 -0.005742507960170762 0.48478870042757477 0.9648315279884836 -0.42439607456041606 0.21078873739379994 0.9079030031441454 -0.04271359036270904 0.8141205427534857 -0.9636008030894361
0.17170036832496824 0.4448698543824272 0.3860391417576746 -0.703103081748072 0.4241372359429315 -0.21842814918454884 -0.25281103024526447 -0.4698095880339606 0.3024633600376933 -0.9133021735170814 0.3070935704354226 0.4119438579799099 -0.2630905595800654 -0.5528902049445092 0.7542001391583243 -0.5251281971643363 0.3609040762657429 0.7998314832321658 -0.4984835131585624 -0.44506491174681484 0.0345975463945862 -0.3292875566534618 -0.4848270747249712 -0.85446187709676 -0.7253973979122708 -0.23069746808284117 0.01680386491863578 0.6511757372125208
-0.0902 -0.3024265337438206 -0.3917174419208827 -0.448218683216623 0.668041960328461 0.7625434071525571 0.355831026573892 -0.32261380094141273 0.20953924554472592 -0.7081511234281835 -0.3748827808004836 -0.8518033209984716 -0.41855731217059416 -0.6310419798200879 0.5004134082815526 -0.3722457301198176 -0.5158798717799502 0.5556056994634352 0.19300050776902603 -0.82305805633759 1.0181354490163446 0.24043381863252294 -0.38525035687534365 0.4897755440347389 -0.8190153797058458 0.927619188362265 0.7365023177833088 -0.3587983888544644
0.11060294674516329 0.30455027687538644 -0.12781050271573147 0.5133362826713144 -0.7023775260907673 0.8510917201047703 0.3826365520590016 0.7011063827010795 -0.9879233235033076 0.11854119815137928 -0.8585182782228677 -1.0439990606457779 -0.4056315415898879 0.49495297763219503 0.05834874167054032 -0.10868125531481537 0.45788621012839126 -0.6645885220357466 -0.7708495988959765 0.13271355784154523 0.030140334231123122 -0.5486178422335778 0.8250509760436829 -0.2517478921177054 -0.08742683992124461 0.88866818938472 0.1928230242838448 -0.4225460922896808
-0.2179 0.34224063881423616 0.011706688205205642 0.4740623860295511 0.832361076214873 0.6431550805556212 0.19525457652178685 -0.8220468018336498 -0.5078260223565265 -0.7862413898068028 -1.012240176462033 0.6403156648864156 -0.406061497866316 0.4418201765658038 0.5855907405965268 0.11929147791398653 0.4501378307540524 0.036185572405707495 0.1316789027848514 0.8461001350939065 0.13715237339702704 0.18512952017186163 0.41799112699490243 0.5064739054471311 -0.4136451052744964 -0.6073287958227386 0.07323486721961138 -0.07499270991921284
-0.0068 -0.6219713347059028 0.5789769861418868 -0.4320521165884773 -0.3037010473648379 0.8781052127047403 -0.18752641887964203 0.688834604593065 -0.39666890470281296 -1.1490356730603963 -0.2524120234915528 -0.19037803366349834 0.006534283469790434 0.3918089828228511 -0.42771136613142696 -0.00892833185940981 0.003906621675211643 -0.043022944642215684 0.8841248223365152 -0.8030369900213185 0.2637778414694716 0.7781406960277083 -0.5249421454686104 -0.3402695533692437 -0.80234953274258 -0.7306049064276031 -0.3424034154048595 -0.8761999068451675
0.18860034266041767 -0.6199572966693925 0.12738062901291886 0.48224534837890665 -0.7725154117938029 -0.9363373128404925 0.891178511738343 0.5749696968819187 -0.9812761048668015 0.28614736572464133 -1.0074013318342088 -0.6378070158618511 0.7355948681985933 -0.3779148033366122 -0.27352192908295275 0.1199283180297222 0.85772151144158 0.8050048054095599 -0.19885343883099943 -0.5667011062528019 0.3942871756237872 -0.5340960787950841 0.3951834480062023 -0.9219795996171877 0.1817357873533973 -0.1719284116010787 -0.6076882597474156 -0.7169998895670783
-0.2851996679879937 0.0793027708270569 -0.6631407428483875 0.4072078871297897 0.35004604316389 -0.9739212175941264 0.4821786024470894 -0.557955459850437 -0.46531278910708596 -0.9364931726899774 0.5090883979956794 0.3541464487251624 -0.6463717572833767 0.3803997964328855 -0.2285705837379117 -0.48546797663097035 0.25105260187493517 -0.9125478173403265 0.7460612798983488 0.09060599612118962 -0.6296545638750399 -0.26284543791908704 -0.09266747539582909 -0.08947233382953763 -0.9360477591966153 -0.37595049002655745 -0.14356803043279087 0.34800020396505615
-0.4242 -0.0445 0.8755725043118081 -0.06049851693385546 -0.8103043932270547 0.5706724407418803 -0.7658759627825489 0.027315181225709872 0.09187457340747367 0.6208423755285378 0.3198836659587225 0.01945635539409448 -0.08387983050985669 0.28327182707621246 0.4119585126469109 -0.027670658002764387 -0.3531681744238948 0.24365165665964603 -0.9260839241438634 -0.9254757322917981 -0.7537065716568515 -0.328649596244489 -0.9828665848021885 0.015308272100368375 0.13607855017844236 -0.7088194909431884 0.45165955649343215 -0.8182
-0.6143 -0.9454 0.41647187028831595 0.2879857843344763 -0.6810826900822867 -0.22358756320713688 0.5006255394082885 -0.11279026686320748 0.23903148483345937 0.6422484735121623 0.21780416835887706 -0.6915856086484331 -0.4775649952159738 -0.45756680602243577 0.38216908316273174 0.018254850046899238 -0.8842098372229098 -0.7373428189335636 -0.8847734840935536 0.4812704285941824 -0.08342679982375065 -0.10771638594145375 0.8208700766842649 0.980194612448489 -0.7524274696997822 -0.5668540513116093 0.021653470599462515 -0.6086
-0.0931 0.5177 -0.5202683223568023 0.9724041353139001 -0.8290360439825883 0.1817813139848317 0.6701801768080488 0.34319372381939967 -0.5351490810795798 -0.14542233405515093 -0.2732177306282768 -0.21656916965005077 -0.6722548521645596 0.02096292471307952 0.16229375119773556 0.08806088287988319 0.08987248151635839 1.016173851488844 0.03523388687679325 -0.12596331159836416 0.7102745852793325 -0.4970986959054763 -0.12478295449282963 -0.13503704700783653 -0.9638683242016595 -0.11274120135304956 0.9404506253199605 0.0515
-0.2251 0.9494 0.8972 -0.775363458830695 -0.9126764694775034 0.5946564787754445 0.45310830666514323 -0.13615692172906882 0.6958227199187661 0.6553311571302967 0.2691743899359075 0.08184250141616065 -0.9198489631735193 0.17581730645469698 0.14136459561968862 -0.8157064342141912 0.24343656989952492 -0.2205436612878734 0.854428012364003 0.4255880605883582 0.7735628185124357 -0.36196930345586126 -0.14538969304081875 -0.33698215182952407 0.2924004849829653 0.9790028993326994 -0.5462 0.1101
0.2474 0.6876 0.2516 0.4067 -0.7299998583115651 -0.09229766040138228 0.5860878003284767 -0.1358510838294127 -0.003380740375683785 -0.2615200238814331 -0.4450851820982174 -0.8504662927500279 0.9708175971084545 -0.09592389039578667 0.602472206358592 -0.0016399878106887614 -0.27204129723019704 -0.11238638186708023 -0.4420405115763783 0.09943535919301781 -0.7203552064220394 0.5827824143461339 0.3307731859037756 -0.9096816335540376 0.4004 0.7734 -0.8867 -0.9185
-0.2087 -0.7276 -0.6621 -0.3224 -0.3502 0.0404 0.2628 0.7953 -0.6051 0.1517 0.9473 -0.854 0.7843103118487151 0.12824637598916544 -0.515294631168272 0.30050022372772994 -0.7626 -0.5704 -0.8114 -0.7533 0.5592 -0.0134 -0.7321 -0.0963 -0.0748 0.1585 0.3156 0.3319
-0.1417 0.576 -0.8179 -0.7201 0.7036 -0.0002999699033765415 0.16825129080572906 -0.9853519097993303 0.9148966849545038 -0.7989731191768277 0.8617244206536199 0.08626465442058136 0.9898317509766564 -0.11496460098759641 0.8123174062551143 -0.6021279240318789 -0.6731667685457218 0.011000228990610313 -0.7192421752922862 -0.9990608208108895 -0.22019188987534738 0.45735784125215156 -0.8377915492898133 0.8015162115559552 -0.239 0.4066 0.3703 0.4493
-0.1359 -0.5769 -0.04889504206415325 -0.14382501232037337 -0.9683407996727216 0.7642285489850189 0.9406211175081348 0.36195952908939705 -0.2550993129631153 -0.9272275044759688 -0.37730945745021505 -0.5560143001798713 -0.7477937201295449 -0.9171012530791274 0.47070290285380634 0.5248725548416515 0.5064363532000964 -0.29364782250133575 0.746196460287396 0.7835453220212317 -0.18151576785569795 -0.438020130949878 0.43134844166780034 -0.1273588662588568 0.5650608893566536 -0.37709222280218724 -0.8404 0.3942
0.6267 -0.9585 -0.0858890775165794 -0.313170967826013 -0.5033360849589638 0.6788162005541036 -0.4853740640334513 -0.6895348698134529 -0.6903446659993879 0.3956660019224348 0.9485616610693626 0.5416473922310054 -0.18917087113679046 0.49217547698884034 0.700459733050572 0.10448414359089422 -0.15835801920903553 0.03251040005832769 0.5157183601361804 0.24822968005158133 -0.7278901572243284 0.22821117296068855 0.3313539802477502 -0.5484469296944724 0.6039319149157928 0.10481235615681567 -0.569835087272567 -0.4555
0.3987 0.3836994643753681 0.875798417109744 -0.7995204265013651 0.8619278958352504 0.017029638097040504 -0.542314154323333 -0.5482043710649775 -0.023764123712962437 -0.29883041062797683 -0.46213934808516755 0.626788191746505 0.4985639062798225 0.866910119441237 0.11181043022885545 -0.02022487956622391 -0.8560555045611956 0.017008322359901747 -0.3496419451814258 -0.3137771121459629 0.5369843406721423 0.05143723805178325 0.19771934535518546 -0.15789744545864404 -0.9452808630306195 0.30089650893645714 0.0020758219885870567 -0.8796782867120474
0.7816 0.2987 -0.5543494184578299 0.7462440946568317 -0.6593749787264535 0.19379204154780025 -0.8166418608738607 -0.31676455982881074 -0.804759187872222 0.5649588951051533 -0.915405322522833 0.6020342316336692 -0.34484810913071046 -0.7342768761360161 0.46066857516945675 -0.5055468875030333 -0.21073521864671366 0.5834082350197788 0.6587522986652294 -0.5758492124768334 -0.8145314258008537 0.8259507530498144 0.8525372397261113 0.09095369449102256 0.1252333728595046 -0.7855500655313027 -0.7312821404915465 0.6027260201431279
0.7485 0.7840005174044701 -0.6334673255253641 0.5664168224200397 0.5663596695041387 -0.10716322243969238 0.25194769024034075 0.8697955070803238 0.7036310930104626 -0.6012004945725122 0.9676997020315813 0.9230474011733247 0.08272785760787177 0.0702103727462255 0.6185956578034602 0.07140243699273051 0.5815772728206656 -0.10009645225886923 -0.038979374237816375 -0.2783969750470234 0.4643081756369921 -0.7690139010651069 0.5947864906910846 -0.42896913821625443 0.6298485869156278 -0.4167629599035548 -0.41844900086950315 0.9655121598012566
-0.26129999999239834 0.6344595430410204 0.31103917605602527 -0.06829531799248913 -0.6863758044683068 0.2485133051994871 0.9933353046455295 0.4654681413464867 0.7697393501002581 -0.8492569776045918 -0.5953159483139138 -0.3888029895921265 0.11947845854326848 0.32990087026777876 0.7490259955188453 -1.047205072852973 -0.46389104816330695 -0.24930209071901582 -0.6680488488154905 -1.1054807637004889 0.0476194480732685 -0.6688208779380185 0.7289319512979944 0.2362893266092807 -0.04620999786632138 -0.03828650313363918 -0.5815230300909484 0.5530617547957491
-0.7940999999691067 0.39841986779339056 0.7368702236037117 0.21903189996963743 0.5968152015398901 0.8343240514705678 0.420310597883078 0.053473684926477284 -0.8416789325546995 0.9193855463439636 -0.7291966802159318 0.5728938341895814 0.8342474088237081 0.6489685649950857 -0.4882084671718041 -0.21418154739401213 -0.34780292864326134 -0.40823815522714624 -0.3318597666927278 0.06574150955143475 -0.11897602646757091 0.8764957517868588 -0.06582872432203005 -0.7106736344577208 0.9392021944999602 -0.23792734893086442 0.3916578617320237 -0.15126306064218115
0.9060000000050156 0.34449586337587595 0.014209203202707564 0.23206700266393193 0.8130461577646961 0.19898185855144687 0.9371608545148753 -0.49310028057815786 0.8256893819729539 -0.03797801306963977 0.9907754733907369 -0.050438917287927605 -0.3967962636921245 -0.1318784560636628 0.250476327276599 0.21555926613781196 0.034379333241368625 0.7051296997883044 0.07453551794581703 0.7303803164643407 0.7765670749157011 -0.2644405994596177 0.6911528678334948 0.5903540677515536 0.6960141094751571 0.7745529251324695 -0.8950228221175671 -0.8136139464454368
0.3682031891072359 0.11920734382030918 0.593338156031824 -0.009661369924335717 0.11523757298054009 -0.9015237131744428 -0.47874458634305983 0.3166232006413535 0.038209422540040706 -0.9535811173872794 0.18959486617822205 -0.5885217766956247 -0.36395037920633183 0.7597754442377705 0.01639268053303797 -0.07221129710738604 0.7628599441734805 -0.08062799359316931 -1.092101268815748 0.7567835239592233 -0.7694807306594282 -0.861755133449781 0.21735512748887506 -0.1608420301111831 0.8309195060219008 -0.9005315332343334 -0.4404595022149633 0.17481666488373213
-0.6445894887846557 0.13471873491359404 0.43981974167714805 -0.570450377103482 0.9187465662135492 -0.925970056800638 -0.2685384366567527 -0.7745783712326701 0.9512653394449777 -0.759293280073025 0.5074656028706419 -0.337389016954509 0.052472818160855694 0.2199696431377604 -0.29675737239206157 -0.6058731300889802 -0.9612436523937432 -0.002686246529259773 -0.364067119783861 -0.16465859669598218 0.5741922230391211 -0.7787215576315525 -0.322991013617961 -0.28081475162025904 -0.23212927728108143 -0.3068835753531893 0.09568703563165605 -0.9933911987790622
0.7467560328802677 0.9816520921321549 0.6049179488469194 0.9871318148945358 -0.8593778588805573 -0.16792811598053184 -0.7324192538995589 -0.5175231497906884 -0.2852784109244394 0.164432712883655 0.7525774704138148 0.23855008180488083 0.6945695001194478 -0.6200955325286346 -0.24315679486312983 -0.9472423546230296 -0.20722126679765154 0.04425166903133935 -0.8656551241077471 -0.02602234037972864 -0.8623289569634387 -1.0202717097002565 -0.150346836975347 -0.12644773699904338 -0.6790191874026764 1.016150042875505 0.16527305593018113 0.653394845824677
0.44819958812082195 -0.10412886378821715 -0.5712571178754906 -0.46675566440534044 0.5772940058834238 0.4127588486038477 0.6879582031523485 -0.5575281552863873 0.684756236292295 -0.4138996729539428 -0.41413005716667867 -0.6029977313931162 0.6728030646868968 0.3839411073322882 -0.9446795652947001 -0.7736593704875461 0.5595018963222133 -0.27447465913460206 0.12058643462769265 -0.17426123482177366 0.06075300040376356 0.5435321963255023 -0.8772320869675331 -0.7438640992238336 -0.3934006157386449 -0.12928205577893376 0.7416269705204579 -0.3218352922516266
0.7862598671224023 0.4804257676455769 -0.08129163004315526 0.8750410434540449 -0.6390535127719222 0.41014147261984524 -1.0524555253437373 -0.8269350138146294 0.017876114175586724 0.653273654999942 0.9362507761360856 0.03488716207024837 -0.09276438882322952 0.7004050457101523 -0.7640147012099405 0.7840579299928471 0.8494693245905001 -0.44000349800092364 0.485888164998698 -0.4008083501829209 -0.16374979059956982 0.21223527747045345 0.4833635769124774 0.7870846030236799 -0.7713155945829386 -0.7342207192194772 -0.8151406641508113 -0.0318955816804793
0.20645287113986738 0.4541182459714865 0.3172105668062733 0.9358854145158025 -0.1002905125781479 -0.8635903773227913 -0.6691038726949671 0.48606512193902723 -0.7966950420935176 0.16506288449782427 0.5285322631235438 0.6717218496612549 -0.7185031312368766 0.5924323110608152 0.2962782195106922 0.25112084373891647 0.6896454603679306 0.3448428718162068 -0.2922344671316331 -0.5413740248147253 0.9061636202810145 0.8935958829891697 -0.7946639628407268 -0.1683302751648395 0.37394760777053077 -0.04194944847503241 0.4461224446260876 0.9447774398055433
-0.912297032254386 -0.4392803203746407 0.940666460939464 -0.7454553194425311 0.41797953876556093 0.5816973442987249 -0.5634681095831476 0.3199636919717482 -0.8841518068331314 -0.2916632662926584 -0.6421863672749567 0.91745070614376 -0.47935422949594325 0.3657185431407349 0.31591209002310067 -0.07970802485471201 -0.05988554590901282 0.4233857600906411 -0.6598165961884067 -0.531281411139857 -0.623727702208468 0.4883938882545303 0.7440245294733187 -0.6116223176567815 0.6903628336381483 0.9229865710487021 -0.006932967137399576 -0.051526868438692044
-0.458 0.7834319751548551 0.8395382621290158 -0.9510277570967376 0.93437557627315 0.0214748077993019 0.8312755046503751 0.0029935189507435686 -0.3550388262025505 -0.401743632434941 0.5066485587608569 -0.6791973885680427 0.8214089858723711 -0.39236273510208314 -0.4055877666916722 -0.2805396081959831 0.8604729796664757 -0.854311019038479 0.5756290200501543 0.167214877456459 0.7064960035380062 0.3163956274348407 0.702771397047617 0.2190921996266413 0.09910797572570815 -0.8323301370490607 0.16369317812286524 0.43356664483747814
0.6198789646143124 0.17708786937138263 0.810084964149615 -0.38351697004040847 -0.2443464604496604 -0.8011456555735068 0.850765870729741 0.5402850395991217 -0.5731718476246744 -0.5410042523612516 0.6059712458643739 0.5159141567497566 0.011069481703568343 0.9366640518223566 0.6976075966418083 0.7754414195937798 -0.18073231096976408 0.38722331043718894 -0.6678349701654455 -0.33787208435543564 -0.14429863860474873 -0.15127147593159346 0.5706291535092202 -0.17139902917914024 -0.28802327793471727 -0.7704435600975412 0.6008667933500642 0.04789262750877903
-0.2375 0.565831281849735 -0.6816315518714192 0.5744478225899552 0.07868733269195054 -0.3142935922067077 -0.6990625466017008 0.004197119143002193 -1.0522392623590835 0.39816911616190825 0.8809468821283265 0.7759067503657581 -0.3739193488842521 -0.044228844398209365 0.3061967144960737 -0.2782459085812856 0.7452866541089066 0.9908420457666957 0.2772903932123855 -0.2658622938743958 1.0092350195435489 -0.4571688505769248 0.10225779127994662 -0.5897554752024068 0.34433244332452445 0.281339409955034 -0.35432568141116416 -0.8848494384820665
-0.3038 0.4806177433053119 0.17972675401544097 -0.9986098159324509 0.7460235573755766 0.16265140029844305 -0.31692214259120877 -0.4879223419670865 0.4799077547014718 0.0714489530750829 0.5504179655509832 -0.49281274932677027 0.050448509908713045 -0.3814034836207142 -0.7147420770412247 0.9343465871650363 -0.47597286587148285 0.019146270820348327 -0.25242113308706143 -0.8416194855494142 -0.8562221873134249 0.4384712967607801 -0.07915250941031182 -0.5241435401672718 0.7402466443709049 0.7519049262954582 -0.3747140792304139 0.14810008851562653
0.6834981620045844 0.6532859949531757 -0.21012986778107612 0.3382816195225307 -0.13283718409073797 0.08295582161403223 -0.6141004739128237 -0.2301314118387825 0.24027250572390496 0.4151554392742396 -0.12804560017865582 0.428610978291199 0.7721792029620521 -0.2930986713849203 0.5445504501088057 1.0302257759521543 -0.7717593478599952 0.9909742898743479 0.39412949647677364 0.928130014838886 -0.3037439217663707 1.0198493808615294 -0.727805758986089 0.9304400874088693 -0.7548649135786522 0.3723310375949744 -0.49739420954447217 -0.601100538549844
0.2441982191215733 0.056599183640039165 0.8808202022131046 -0.9791069106607034 -0.6161691894603013 0.5413676927166123 -0.07261399632272142 -0.5669257258252682 -0.018532675360189148 -0.7741501672130531 0.32738936633542987 -0.735272222815137 0.09782627501573057 0.08133960182747738 0.15373718461165126 -0.43641828269731725 -0.09228471697227494 0.9847137013125107 0.725613182751166 -0.9401112987747923 0.91858507729349 -0.7789491988089243 0.1000200114682578 0.025290707180516223 0.40853473676635943 -0.08289315915976128 -0.6860905510187467 0.4041990053206279
0.0697 0.0001 -0.21176182399282845 0.8555235947676421 -0.27129208889638323 0.5314685764869521 -1.0350874212069456 -0.07460716815058256 -0.22813356714335262 -0.2678966816179212 -0.45932047877678334 -0.1303676013497979 -0.8812004776121706 -0.1637362402570733 -0.004344788384681224 0.9038640083782675 0.010888868845384246 -0.9280030228117307 0.5549843820452773 0.30145750488498285 0.05839925673806412 -0.9493319974172348 -0.3723420067063034 -0.3200015294625457 -0.004931394339067562 0.2589221258205371 0.0365921809554842 0.2862
-0.4738 0.7455 -0.7307227358957151 -0.8535984459894871 -0.1152317928752162 -0.512394530084715 -0.42399122964404146 0.5296765736535105 -0.8685227288063962 -0.11894551466484042 -0.9484932237797065 -0.5419922478648375 -0.23970070957713047 0.9451529739633053 -0.3122623465227337 -0.8446488042897072 0.9825366914238197 0.8603504477008972 -0.04766913875899818 0.1771365983093207 -0.7224503398390696 -0.9440993500237926 -0.38413138091901444 -0.31053899127425916 -0.5739141755403221 -0.7064165351253675 -0.6783930998233144 -0.494
-0.8849 -0.3537 -0.48216064958735544 0.42630950967314624 0.568509686782343 -0.5081014943716341 -0.4159669706869107 0.6050573823725114 0.5564842829907198 -0.08077246271111192 0.7200396056046835 0.8156874775630949 0.1245556194430463 -0.6993249460606386 0.7358321386608783 0.879684062395789 0.9880329760772558 -0.5660649495237827 -0.11838734855963404 0.6848140982954964 -0.49716280153781167 0.7378448204041848 -0.5756462168861033 0.45238170080997503 -0.3836985288572413 0.8300053285742864 -0.6965926778765226 0.2783
0.1078 -0.7583 -0.1974 -0.2521283596138799 -0.5095890448109716 0.2840458427758891 0.19360534065189386 -0.14966943488572107 0.8258450767012606 -0.4317596018899404 0.41107949171783986 0.23217678396867625 -0.6883712037627506 0.7935821688422816 0.37246589772435984 0.12284044576962012 -0.6493004123914458 -0.1672351682035114 0.7869200702128271 0.2856649317212715 0.6343505999647631 -0.9496679586884195 0.5338598262576416 0.9103710253344944 0.8843999378200561 -0.3481999132091817 -0.8976 0.6937
0.9907 -0.8726 0.6615 0.9334 -0.9385915147328598 0.1945500448986224 -0.8017676150618458 0.1411974384619288 0.8162312644282341 0.9783795083764201 -0.15581762800980647 0.8895331012313333 0.2760360131645692 0.15068956805301922 0.8382132972319613 -0.029750593278385692 -0.02780389415808732 -0.5104225740322785 0.09174384598881223 0.220991424986129 -0.7342694612920789 -0.503116611337029 -0.19097124792659204 0.17070887128541393 0.9679 0.7804 0.0825 0.647
0.3105 -0.2787 0.2874 0.4429 -0.6166 -0.5334 0.0672 -0.7417 0.9168 0.4145 0.7007 -0.7065 -0.6115753386755448 0.7563590459763639 0.01859988960348376 -0.8174000046003979 -0.5306 0.3443 0.809 0.1603 0.7931 0.5608 0.0315 -0.2167 0.9118 -0.7551 -0.6157 -0.1993
-0.7984 -0.8286 0.7248 0.5369 0.6862 -0.09300040155635483 -0.4127112011838138 -0.5143124705786623 -0.31906827394073234 0.6013427067947019 -0.1845260901007143 0.11772965576672693 -0.5462035003371789 -0.11739061721837236 -0.17221797446771472 -0.4444890220237252 -0.29220087264497985 -0.2840671883240699 -0.08375323100299782 0.580531189208282 0.664623824885174 -0.21720548913188703 0.3060557476685743 0.3062946187890531 -0.3983 -0.9088 0.54 0.8373
-0.0507 0.4565 -0.7538000061096501 0.3501440792886878 0.6918593420927549 0.150496651877674 0.02778975603072929 -0.7311326351899914 0.23538250632094584 -0.15911108606817562 0.37316593032290524 0.49357232827133224 -0.6864652565976336 -0.7664583675198107 -0.8964447562062493 0.5975748275337207 -0.6530043401132059 -0.41393163142836703 -0.2214139236539877 -0.3430479360824286 -0.9561318237909945 -0.9794371925639818 -0.8167654654012702 -0.3150934316733693 0.30284292412063096 -0.7671570826900593 0.2193 -0.3743
0.8391 0.4874 0.6137995895034162 -0.07296269548173283 -0.7783337408732083 0.5324070870991922 -0.3542354700527545 -0.99101655937416 -0.2801133641618474 -0.8106450132057922 -0.7988398562701452 0.7746149557068788 0.6800250316069398 -0.6546171604017085 -0.467749591889998 -0.9361830004090819 0.18394044421708583 0.597390768207218 0.3559220288724854 0.3309597710849683 -0.7758559325503355 -0.8362743356382755 0.07590117024632517 0.27992076098338037 -0.9397329257356158 -0.8197007131887938 -0.06439104872667485 0.3604
-0.7289 0.4643000016859236 -0.37545696920552746 -0.7735450634194434 -0.4153396364971291 -0.00037481582958132504 -0.6903064666659453 0.6588278423678806 -0.7139283647843974 0.29305770341297765 -0.7528473935560541 -0.6679388702505622 0.530815284296205 -0.5932541857994887 -0.9963735580562211 -0.12314894872742822 0.7326727073191031 0.21770661959675905 -0.878800891042088 0.2036021466992108 -0.9921880351477658 -0.6136059424398264 -0.08153661018733986 -0.2100382117958509 -0.7706041419708188 0.3074879405066071 -0.3496119915682786 -0.12357773806961073
-0.5094 -0.6498 0.25251746775264045 -0.5587135134957131 0.5100187384668976 0.3224040749812271 0.8430777404706543 0.10760450806152834 -0.2199778541235763 0.07615487227330986 -0.8183472897177174 0.9296370722083056 0.8360545646648232 -0.4852481845723966 -0.6305335351030197 0.334428436075737 0.18461910518534258 -0.7664583131344049 -0.6318523888610293 0.6431896413139557 0.26941142041764654 -0.1886298643514759 0.3611875245169887 0.9232484695160759 0.4789059390648086 0.3501217714341632 0.4513297341093154 0.014031076955585283
0.9264 -0.07509763473478136 -0.3751845312944726 -0.19480206701705458 -0.5266459106500663 0.041923389134227364 0.06929562369072584 0.05234328898313055 0.9481387277412389 0.6812325934630808 0.5187786172608104 0.5886536717380709 -0.37957506975426625 -0.7488508645803685 -0.9902054273156731 0.09614383125125212 -0.8490700635777074 0.692199230286681 0.5332624764035928 -0.4538083766832401 0.00019781855731547282 0.6255761834139751 0.8844277295807912 0.8929563631962175 0.46205388815687465 0.7357954574566542 -0.39411018135545184 0.3276618463175381
-0.6251999999530319 0.5834501821997522 0.23012927649055856 -0.2624293539135856 0.1772431724483635 0.2379690173244209 -0.36850859927942603 -0.34008608711216837 0.27959949073643103 0.6082288102318488 -0.15005075824666758 -0.33824635926829616 0.6445408987104699 -0.8793021310324611 0.056833378344198236 -0.9987857148721119 0.6336370717968177 -0.2848836798703339 -0.7840562710975991 0.5242714517427961 -0.39966698858809685 -0.4935617206334287 0.8631943330100036 -0.8575491845455617 0.32970504032681225 0.9062393367105142 0.9717855217077407 -0.22296070763155226
-0.020699999809120188 0.5776196948188551 0.16719726502202287 -0.09437239742372541 0.5339892661392842 0.9464427393047545 -0.32193244088975437 0.9547073615877055 -0.7698691742366706 0.4381165633590544 -0.39880903252190447 0.6101441297514094 0.38294150000481786 0.48414309534314726 -0.5052964104292031 -0.26991539145958904 0.18932244410721577 0.05428013744094725 -0.46408382056619296 0.4280840425961084 0.47212740206416326 0.5154617329107886 -0.867399795251051 0.34669933304836864 -0.49025762275846646 0.4655826773255304 -0.8546361923450786 0.24672780062870456
0.3412000000309893 0.9819633056315845 0.3443928908609939 0.9661173977468502 -0.137192601769862 0.9736654506877076 -0.6694487862340542 0.7676830177531352 0.6475534808815512 0.5694185482653911 -0.71754120201227 0.13164213136017977 -0.25215641777634046 0.13359997148936037 -0.659732232611127 -0.7432029545870815 0.5045590451997333 0.8129258517611275 0.18685707863738313 0.8833094848776408 0.08178485472386858 0.9241983822300541 -0.7109485123200421 0.8667022525459369 0.5076419358443462 0.3956574857149071 -0.42016617099898884 -0.9717618736808603
0.5710033129394393 0.7522422947731495 0.9311748871821982 -0.5687289802005556 -0.6343037409334434 0.8832270151195138 -0.3570769562552668 0.15690503306785883 -0.37723991552454833 -1.060502431768299 -0.3182072991581436 -0.8615999122097431 -0.6726191578414344 -0.006104034949156956 0.9158709151527492 -0.06543608965568262 0.1805027428684721 0.23485373895334208 -0.6036215127624412 -0.29561526768946406 -0.4231032966539924 -0.8487729744999916 -1.0142604079743813 0.6762408521351237 -0.9588236267640959 -0.2891165005731734 -0.09240633310064077 0.08185372975886447
0.926926445856213 0.16639283603084049 -0.46168297775217654 1.0102047081325285 0.9862739252904885 -0.26024768938181303 -0.3773059996437053 0.4867242812943935 -0.7794784503362332 -0.3031080100014454 -0.43126855605749054 -1.1592516283231646 -0.9911161688515078 -0.09068661346031745 0.019992895248870757 1.1332610873425906 -0.48825301954312605 -0.25969479567539155 0.05043377851568974 -0.4675330279253914 -0.22313491680206257 -0.9316372092115711 -0.09566014773041524 0.32746760889798365 -0.6577725247385092 -0.9106774842562355 0.1181804057496569 0.660090502326149
0.05817355245489999 -0.8840678840015845 0.913883979817425 0.24431178201118262 -0.6935709392103988 -0.9470104314898636 -0.3557910432239106 -1.005118881057675 -0.12050985829466968 -1.0705237132095453 0.672715446927608 0.16629028991430853 0.2797977213147988 -0.11049321117523987 0.5825681229713994 -0.6089421823871322 0.5538777743102576 1.0613068390240694 0.5824983129535787 0.3014073551725872 0.0491492216922728 -0.17381065902051826 -0.9988012424384495 -0.19709550854245939 -0.5215898653834591 -0.7791280249027657 0.17931867786291866 0.8595295784825981
0.9576001067790306 0.5764360688260314 0.7754701828673747 -0.18817890885510793 0.1824876122344864 0.288690502048806 0.6717405768387011 0.0015518620270302378 -0.5457071521424764 -0.2553448930912052 0.37807240940347425 -0.088878369332913 0.3456219728109977 -0.5746054435544472 -0.49094945214188557 -0.8034081885354081 0.27646657597555635 -0.4295359728898929 -0.4394851771859111 -0.2629945008945081 0.1888045774231769 0.41768684200435546 -0.3824611345405037 -0.7141167272299069 -0.1692975195485062 0.6704997145101247 -0.5280546978915036 0.07769517400307765
-0.2966451095958004 0.41367237205823765 -0.4533698369116227 0.6819365087119842 0.2849562615203739 0.21613131793805965 -0.9417351602137731 0.6113549668110205 -0.6671098049029616 -0.8978995410368299 0.6066157227706668 0.09345714931574249 -0.22693480034684305 0.5633969404009952 0.4813109403388393 0.032305581731819216 -0.5237238626624071 0.9701070431719409 1.0490405784671528 -0.02672096729219934 0.4838175789080334 0.7684562729990632 0.4295862176885894 0.83801143222934 0.14642727230775285 -0.5385034488201338 0.7846704811977488 0.20304401502676445
0.609222444668725 -0.9756314299559808 -0.10299519263830476 -0.21080558713717468 0.678780569503686 -0.8694479161487638 0.544129904278769 -0.7865098331644661 -0.4055935658594212 -0.08299741595882386 0.20329377437522342 -0.3908076929156766 -0.024891120207822685 0.31246467221936897 -0.022356275627887195 0.5710516401244147 0.6369573183766984 -0.08774942221525886 0.6015438259324585 0.6190783694710863 0.18844816948296966 -0.017504095159868765 0.007820445112625985 -0.2443748334813386 0.0631142589095022 -0.1530520263256864 -0.22779931030117115 0.8384741538273058
-0.11438454035482751 0.4278798750931087 0.48840706137858586 0.5378786474422077 0.20076799062033843 -0.35301590967413304 0.7670477022429357 0.7880009148468609 -0.7817808551239797 -0.20932697593102742 -0.5176101619738833 -0.6525918592299242 0.6346550760308508 0.6531732070976416 0.2730315277783533 0.4561385827626518 0.32506680290080886 -0.5955730535887825 0.6711852000214883 0.667519741656145 -0.75548564412729 1.0320990411058597 -0.3121219740445384 -0.7700479652865764 -0.8835547584437169 -0.04820454933330067 0.8631460068215508 -0.9072512072371752
-0.141 -0.3694096014502426 0.545474339835936 0.13604486439460525 0.6783025320176808 0.16238620686364583 -0.31682428145613595 -0.09787898497060317 -0.7109187099430809 0.053509980319261886 -0.8702642698390587 0.6900785030832548 -0.5349217407250579 -0.30301643974497083 -0.6652312284682012 1.1777452930908885 0.17663283587024461 0.9159395378293308 0.8439295083417414 0.4847520101611698 -0.5743454565669346 0.5460521336241275 -0.352542881445796 0.5558148475248313 -0.2825849360807583 0.4036000483349348 0.3245949131425283 -0.7260613581208429
-0.9684299046024678 -0.718376400608746 -0.6043888166992014 0.4669123043832598 0.8880424582973498 -0.09260843450943848 0.7441014984615917 0.4073241315275881 0.49002101574954776 -0.6259157217199395 -0.529113486337632 0.3108216914195343 -0.47520528473947704 0.14735377995585933 0.1710603606442896 -0.3003458588046157 0.3292304645610802 -0.4296240411306878 -0.20612714355796596 -0.5146338593191461 0.36346025156362816 0.7630326889880729 -0.6837321616573979 0.4505226820046776 -0.05200666685295617 -0.22977158688919755 -0.9044006849353107 0.18708990623328342
-0.1699 -0.11537950696311293 0.6509874913433545 -0.20880544845112156 -0.8038609143120349 -0.5667613202532524 -0.11830139646865526 0.19885461257931714 0.39052638317775173 -0.10327910045022348 0.6715323166199071 -1.0440562890436365 -0.6706977233832602 -0.49077559591376774 0.6318340746775643 0.6500102761240285 -0.7615038354270922 0.8900004764757015 0.4131011075401738 -0.06396706930703641 0.4869374053497937 -0.22388505488841004 0.5836233505600209 -0.20486939228386625 0.8282854968648131 -0.0961863555764405 -0.39166344308908985 0.8310794298574552
0.7535 -0.36547227487800427 0.9345941878304931 -0.5244987035550913 0.8068430762212639 0.905478687878316 -0.22410018479829713 0.864596356832099 0.36618570998136196 -0.40431400256590666 -0.8893943329078892 0.5837836178299507 0.04039940893431804 -0.8185019480841423 0.10227729409158123 -1.1197542179484774 0.7267754940522465 -0.19938426591638508 -0.5401118261101483 -0.8015065632829887 -0.6340759802603222 -0.3837659942287164 -0.3467078439535807 -0.8566808710489199 -0.31469727000230274 0.738484306263745 -0.27040028170409786 0.1508004978725138
-0.5686006169649594 -0.9448894650773585 0.6367770344681873 -0.9068741433930589 -0.21289724980557034 0.4885851062454084 0.21095786425611548 -0.018870409972781697 -0.7287131207176877 -0.29510240610432714 -0.045551918509363284 0.7062145610197876 0.6886016736994495 -0.08765071955955152 0.7247790964150846 0.7347349822559074 -0.41307325508827686 0.9816696873253323 0.5423010819577607 -0.33328683992117747 0.41068941473431014 -0.7106087940441025 -0.866901638977647 0.7995148455283212 0.11482396097149979 -0.8557636895369369 0.24037709667861326 0.994599999863334
0.5672994022076567 -0.4472873511642983 -0.08186709612904254 0.805339777989307 -0.3829244622096764 -0.8837523385176144 0.30916079429969145 0.3785757530168753 0.7007001872184151 0.19107958075644854 -0.17276135971306758 -0.45483768069128266 -0.9131464394475252 -0.914639529759645 0.453192793515314 0.6253061149697121 -0.39146747772171114 -0.5667026700714518 0.027408278764883567 0.2097931903507231 0.6544981651341926 0.27693449077004567 0.4657822872781038 -0.9961054110292151 -0.13213781677839825 0.8710511709986916 0.57517318345247 -0.15290000025241654
0.9455 0.7384 0.1366333614900818 0.5862513613924976 -0.20351498579345964 -0.4147850210027176 0.8010646117097012 1.086880312608759 -0.6044685173974865 0.7838450839291259 -0.3467064869913073 -0.17832363783514474 -0.424766908794795 -0.8308747022611331 -0.9494383986038447 0.7824115872523573 0.21270118801662327 -0.6277453277934162 -0.92609506052785 -0.3113038562363745 -0.4454954515392624 0.7464694105568438 -0.23670620846036833 -0.1141349673574283 0.847898739153641 -0.24599915874816938 0.7135599975777286 0.0088
0.2422 -0.2999 0.050221319162625774 -0.89258982153428 -0.046679304490677406 0.4520817066182495 -0.579947869957462 0.17991027476614 -0.6313685620983801 1.0606678393330438 -0.49729704441690004 -0.4551846048531706 0.15356694237220447 0.7252697938485929 -0.20144915454552959 -0.3646284150966474 -0.9089615247704819 0.4437819477254484 0.5346314763225042 -0.36765326946623866 -0.06288367701560749 0.7438764976794887 -0.10355400739177481 0.009142333711475567 -0.24128792817358258 0.6011702081795748 -0.5671610376409475 -0.7549
0.3723 0.2525 0.1343330000115115 0.7808434866322861 -0.8712169623658551 -0.9329741219227574 0.18163358042042774 -0.2518125777677425 0.10104149822013998 0.5101248968924897 -0.6763808230685728 -0.8252925752202215 0.050071428478311926 0.14234497720335573 0.49570781853245277 0.2653969460975318 0.7407015093413882 -0.011587425529479809 0.42821977610162576 -0.6926337547731239 -0.3866863416656335 -0.45198769690791607 -0.8709870257146292 -0.6103345235632266 0.008363695917391402 0.9291301735375277 0.9204413449128848 0.6475
0.9361 0.6579 0.0435 0.4027975124925569 0.38807063235576433 -0.6660002268113394 0.9842559922079035 0.4061716371296044 -0.9589329643655442 0.8204908266536092 0.20326079658239632 0.7458132233019737 -0.9093228735902813 -0.3448015624152017 0.764544082718814 0.3978071180773031 -0.4058098708244614 0.44091959480846815 -0.8315115035379878 0.789052962037768 0.49264911095426833 -0.39302128198156394 -0.28477586181095915 0.8353190176516423 -0.9672994577490802 0.0535047187901313 0.403 0.4538
0.0557 -0.5744 0.4838 -0.5427 -0.2380669508614596 0.3731359057061269 -0.4407143971004068 -0.9180004820871825 -0.3864222354189695 0.2744387100875141 -0.815659315211736 0.7562087568444905 -0.2590107348703143 -0.8566658798888517 0.15514359186248997 -0.07880255682116563 -0.017402888159690995 0.2623739376696312 -0.6177394197489235 -0.32399973510928626 0.5998616506798611 0.38447421298629597 0.545444388589606 -0.36658841918866353 0.965 -0.5277 -0.202 -0.517
-0.1757 0.4103 0.9737 0.447 0.4791 -0.6094 0.4687 -0.5382 0.4137 0.8027 0.7018 0.0507 -0.36900187057789846 0.5744702463350703 -0.7477285506808024 -0.19520118975213357 -0.0217 -0.3014 -0.2302 -0.2397 -0.7225 -0.0884 -0.7288 0.9923 -0.1251 0.829 0.2139 -0.2849
0.511 -0.0828 -0.1948 0.5441 0.6965 0.02859999977049433 -0.6218001263400732 0.20089624295050537 -0.3310108931931579 -0.5708300118447939 0.8852374282486501 0.3488090466956418 0.20508461163990482 0.15133045800534675 -0.6246986586354161 0.25885707880828 -0.6475133861120088 -0.6175545141694458 0.8620664976202987 0.8926408662696799 0.013441233199457869 0.9876273119047803 0.08752100549636155 -0.12174644491918687 0.4597 0.33 -0.5166 0.2743
0.1341 0.9041 0.9517001027533298 0.32537588016676633 -0.8019055719372963 -0.6524265821485449 0.6752465526699746 -0.07006102434191788 0.953086760084169 0.6595191122432412 -0.15702836911490012 -0.45519975053951905 -0.45230765865186373 -0.46889667667972185 -0.39976129155198675 -0.10025577119280894 -0.015922815471679914 0.2438506677494637 -0.7571664638012531 0.06794244349524488 0.7432813742933516 0.6636823654570858 0.36922696767091673 -0.7664112355333137 -0.24214886915394448 0.08646501158621013 0.4774 0.6122
0.5629 -0.7152 -0.7450005764054645 0.8486303129804454 0.7907694815799216 0.4611064062757148 0.8171997499915346 0.6224669687885216 -0.5859868841644538 0.4268432445079225 0.235986687382451 0.1989594880040348 0.8306213496038877 -0.402406223036975 0.45351460822720985 0.1751745726634674 -0.4872239240420525 0.9981335440504135 -0.6697242989123077 0.46039912659623006 0.8406977566428965 -0.684389108712282 -0.9267547863721795 0.9829051786635492 0.5947114458440044 0.5787793184812604 -0.2967570022055909 -0.2896
0.5799 0.06350077666034241 -0.2575065956742395 0.2808021776082169 0.7829407204226685 0.309870664349628 0.3041044613271393 0.2699426088351225 -0.5141251594298111 0.25623501511124835 0.6781391221197887 -0.08646908877030814 0.19924069906267836 0.7513867271038802 -0.05988219950847568 -0.720300272868834 -0.5475533767500649 -1.0655734424223868 -0.0824679664886617 0.9060397722809976 -0.1296335897116387 -0.5984964755258003 0.6818632343771707 0.8119076925874958 0.8657020324570661 -0.08813762855671632 -0.17402219041805297 -0.5112296486548898
0.8076 -0.083 -0.3144942124659798 0.5682014183629752 -0.2008917709998048 0.34353698833961394 0.05134929870401194 0.4120416801268422 -0.008048332365584077 -0.22309788481565385 0.14786816766730837 0.05564004198120952 0.6831440418097563 -0.6826134937795458 -0.6427988357643445 0.5670830756604645 -0.6478543510759154 -0.6693355515404391 -0.1853801880589374 0.19867616518686124 0.09650099845224794 -0.3191563673130146 -0.6751516894302793 0.03465032374013069 0.09650622574014853 -0.695566464183725 -0.36363900496251517 -0.260697829358933
0.0541 0.27069916243806963 -0.5174376812203642 0.7061176578546408 -0.09963928534032168 -0.2033686602497134 0.8729708093023004 0.14201716224044042 -0.7144052754065099 0.1466053333875804 -0.02168376546042112 -0.06308654961721925 -0.5629090135699275 0.08058961410296503 -0.6007066715609215 0.23049985541695692 -0.6913094136599099 0.8235551685110134 0.5805112994218655 -0.7578881972034622 0.026285235265100324 0.5720346692070242 0.6708981491874643 -0.12638727272965924 -0.9089694549765439 0.7005098647847536 -0.10745222531130448 -0.2738503224469419
0.5442984469388235 0.7473363358336508 0.18888516342371492 -0.31086432109014267 0.48153239851477236 0.8440288995067226 -0.9106795266529693 0.06401519699402389 -0.7289522550580526 -0.6572372814366872 -0.5425853608000022 -0.13384575177140864 0.05443678944942469 -0.10778962867948004 0.19622401398447464 -0.21685252674239228 -0.1647330221404111 0.32491858376213545 -0.4031799606109125 0.19027200659775842 -0.5860308829364146 -0.67301291916869 0.6172645147271629 -0.5757680789954686 -0.5088017837010418 -0.42994289172680467 -0.6488790826500752 0.25998735507840814
0.41549368831893024 0.32522236328848597 -0.2936248218871403 0.8124239104352383 -0.28567322768694775 0.7816511431412382 -0.3758212089056601 -1.0110236778419588 0.6793637665884235 0.17506751648720634 -0.3851804188257418 -0.7550656743838041 0.257772783730555 -0.8774637404484742 0.35737824341132324 -0.6068988650360454 -0.5512792857467425 -0.11360620610060865 0.5312263956349005 0.5640659432850315 -0.10850760046983922 0.2928394465737193 0.16760316578536116 0.042704242829859594 -0.3020625789018248 0.5252564790704176 0.9609564413207127 -0.8318098812793857
-0.2832010247001577 0.6898623130820043 0.03810137610116301 -0.972190007881181 0.0997842030642336 0.8161769789607266 0.5263147415997129 0.10566917975335463 -0.6786381493420113 -0.9118731326826602 -0.7397333159924601 0.560117734555961 0.05855212551908492 -0.06396352269374746 0.7351982695635991 -1.0502916149707686 -0.48714912698415785 -0.7884355052220454 0.6347771398881376 -1.0404365070454122 0.041175159236637976 -0.7170801288611839 0.5264616796920649 -0.25187597150447993 -0.22074619080924873 -0.4253948000441617 0.8023619978787812 0.8813722057324854
0.6402998026752423 0.8703605742174904 0.16808589392401196 -0.32926724121835327 -0.8252853450512252 0.5222086451078687 -0.5717691770007731 -0.532573764200327 0.4246578069058861 -0.22144732768290007 -0.327833685623727 0.012238828234001891 -0.9521481666637037 0.03985905742150518 -0.5459032293679894 -0.2588700926310751 -0.43586248523413534 0.6057393263358467 0.10981217838681552 -1.0748188206309766 0.10985968516727852 -0.8632953482022614 0.27503939207768713 -0.6683963571245566 0.0415389931087785 0.2799747728035062 -0.22592048360091493 0.3282318409978997
0.5339738989957478 0.5107155002744266 -0.39900377967970185 -0.2747966946821142 0.869706082379005 1.000313186322043 -0.5073041275001449 0.6391235339726484 -0.027770754222152548 0.5137141373812923 0.8626603961288962 0.4261061666703872 0.7371203926970363 -0.4103124095386906 0.20166752459005288 0.0524590618467185 0.24617982193428503 -0.2516598749286584 0.8338168309604639 -0.10480902018827076 0.003033647420901251 -0.7958463281749375 0.894865323385399 0.22913376622301282 -0.9531119682960901 -0.9084109203348569 0.42534184102282496 -0.9875138426797508
-0.1976301626833119 0.486132976969419 -0.7137425315920936 0.3009329486816902 0.2534414149354766 0.5951327976121183 0.06668255122194956 0.2275983944307055 0.9554152433608927 0.2993478730911779 -0.5582012984195232 0.4637555685745571 0.32902372849120465 1.2477191204535651 1.088836683461538 0.6518174963998572 0.07554291257301016 -0.37875422457944696 0.2826982673297178 0.8137499248951964 0.8134784129753945 -0.28757363580614315 -0.46584704339165234 -0.3873736565065253 0.28596150266920595 -0.6913865599756485 -0.8935431774520544 -0.20257834324150548
0.06989774631803568 0.09230397465187676 -0.8639749816382977 0.2171287428645192 0.4546985494617091 -0.653966813694503 -0.7312066450858842 0.31824043445121303 0.1376675771340479 1.005612860153367 0.6332124039486978 0.7794191263291005 -0.4348671124487104 -0.5814039105018647 0.9882475868378179 0.6465746482204157 -0.4298820334294765 0.7645449600445184 1.1168962317035107 0.646664342929696 0.679695323765976 0.401852627412553 -0.2533715705806984 0.017239393851835094 0.1717555480695485 0.00854860378114722 0.6034953192265468 0.05306538086136939
0.6061999334063861 -0.6495351786725949 0.5494719552349675 0.4410176755061065 0.7135745834449676 0.8304595044054135 1.0532316037894454 0.5599015489752758 0.8407737155493066 -0.8771302840714296 0.5005144810284438 -0.114316871022104 0.9162077150873418 0.8632207896319977 0.43081385493060836 1.1457618043235762 1.0770158495218274 0.9979566706191499 -0.4938843988655108 -0.3067464603332091 0.7873418818630745 -0.8221552862802383 0.44305165622397974 0.3355694323152302 0.21001193745218039 -0.8866347678241739 0.5280202668659789 0.40924240782534815
-0.18680007915846122 -0.4453837651030184 0.6552552347376026 -0.24679643244968233 0.340705820400304 0.29425407898450995 0.8821056133653522 0.7034847820261272 -0.4630769995877385 0.0177522418463774 -0.7113801039830293 -0.5430727466601879 -0.8898417780421685 -0.10307528224229573 -0.700098353830812 0.5379862695154667 0.03844011979367914 -0.5882509699485403 -0.39724769823341893 0.38313633755105475 -0.1173240102453338 0.35698782832954273 0.3416265644505944 -0.5326493412582136 0.6792442247157103 -0.018205066984984586 0.2065733055974796 0.7317221072295625
-0.03840032721548979 0.7363452808710758 -0.5527499959631496 0.934766652979371 -0.6442026837600852 -0.900418831679733 -0.16261782472481842 0.06405301246615443 0.09912388025146947 -0.2657768814372925 0.34409131471518256 0.9276898602743665 -0.006560650065845215 -0.29291133132612207 0.5860736165227785 -0.0932405450527281 -0.16096651867253345 0.5796539209403706 0.7942182220257734 0.7067931815232622 -0.7990871646500021 -0.7844054300655128 0.549259353386376 -0.040904145376400185 -0.7702298105699041 -0.33612365528415195 -0.21375290830421517 0.10900019592379384
-0.5016 0.21208686264066245 0.7186834810336912 0.5529842472165624 -0.7954900417809453 0.5765273987945988 -0.5274962071644506 -0.16884697467222487 -0.5384826091868568 0.15254109376968944 -0.03663030986300189 0.3270211146679116 -0.05765330820411864 -0.4839128258326377 0.3214785398282245 0.022226906236501545 -0.6377335387173947 0.2655551890899982 -0.28725430947832103 -0.08606805535239107 -0.7417867503258602 -0.09777853440697326 -0.31486017387686915 0.6346194928436539 0.4046629208687923 -0.8614500498776316 0.36907888001721 -0.5710088488752542
-0.5027983608889817 -0.9513985266499356 0.7850428988245048 0.7850540036812979 0.6636214072532032 0.5304103923835041 0.3977861963128955 0.305845191308525 -0.22908434614379006 0.29608914997114405 -0.6427199333113719 -0.6890542767182953 -1.0297797945015326 0.16320514202556283 0.4539909002104426 0.4132072099134032 -0.23362799465682196 -0.6214648944475529 0.4083051862825579 0.16894976305873557 0.18168242510662094 0.11294968462872604 -0.5354460890924977 0.36393225428445125 -0.4918494383785674 0.5438056443352931 -0.2425126582138145 0.18660756241677456
0.763 -0.7992727882435492 -0.563184732358387 -0.8428972080554613 0.09643427498647314 0.3300057449854324 0.8333632016747052 -1.1076740208313993 0.6438480002562315 0.14672415246289666 -0.14168161524943693 -0.15110196332467912 0.5729103346688956 -0.4615558762748854 -1.1258371110362106 0.5069905003361862 0.8158493648134408 0.9026461341675406 0.813890977951893 0.22582435524562816 0.2829927352484396 0.2412599891858766 0.7528547034225451 -0.028566306166104765 0.735656440317821 -0.13621619944713487 -0.49880036707099695 0.3556933837075943
-0.0477 0.0007516611754807814 -0.5319910561734934 -0.11951996897987802 -0.40193145932144425 -0.8462561467557692 -0.285938427458729 -0.5124792980513156 -0.20884011603175093 0.7357135102562855 -0.8446357458274748 -1.029562513925886 -1.0511793257121773 -0.3137987580149716 -0.5832378251853075 -0.196878526119382 0.3693008070939018 0.775571870603811 0.31306754378579565 1.0164221441258667 -0.8419451503050408 0.5597785874169721 -0.8437086551891667 0.8648848617119206 -0.46888802264499607 -0.4803965978506878 0.8414251433898161 0.26170010208853556
0.8324000208626843 -0.625242651048917 -0.499879488622297 -0.8628500759931078 0.23998750332439736 0.6097067557673249 -0.8193648824989885 0.8390227723004284 0.6430118424977279 0.27847882821499825 -0.7988196606850344 -0.9035601726784271 0.823540825890582 0.5895122968684487 0.05045837959745454 -0.6913920773885349 -0.17494379812428068 -0.3579013324113503 -0.7362050862790778 0.5170371927093402 0.19461334742265576 -0.6446897795028091 0.5209530814577266 -0.6566144104605792 -0.9283956032336194 0.8130048081159407 -0.915884906168209 -0.5065000106546198
-0.45079997978563824 0.17619936973957467 0.8478999166341831 0.9234723185980309 0.3640716776631657 -0.9256160587472373 0.9140125507292275 0.6567644046576989 -0.7512503309472676 0.845993144767212 0.25542866160052985 -0.3471079315891431 0.38398529581052826 -0.8859393407757007 -0.6587112516322754 -0.0682077063730235 0.3096970244676224 -0.6699511694846921 -0.6295857563848485 0.12682707176440178 0.7092721020838285 -0.2280171806465348 0.19365175306796828 -0.2498563206479247 -0.002834428824379812 0.8829297989370322 -0.08986217724526954 0.23369998032135625
0.0572 -0.0616 0.7251736264450908 0.7432305542557328 0.08710738483148814 0.2569980592284075 0.4940333954684957 -0.6943540347253874 -0.009747421482296756 -0.0073588032965668905 0.6707253713393372 -0.8384455731464234 -0.8093344449366922 0.12457567187920252 0.07770744442712291 -0.5813258611333372 0.4431329811098738 -0.8624060878835355 0.8410321487026768 0.8060650695611377 0.32535231823769717 0.3865229462978174 -0.656052633151487 -0.3506470966084025 -0.42526779287340394 0.3603470993960274 0.6338658205072634 0.9473
-0.8822 0.0859 0.9170663563834452 -0.0160158610138464 -0.09243058744258707 0.20529777159372462 -0.6181171943388749 0.14209700517137874 -0.0689150809853925 0.8596477435614079 -0.0049706343595904605 -0.9063976525149237 -0.745394364167279 0.6744173339148668 -0.14131610389344687 0.6849602944719623 -0.43676613565107747 -0.24650445635158835 -0.25056516603666656 0.7165417850727603 -0.8421703706220427 0.5954968615350851 0.6615447829935658 0.7662129186129774 -0.6162545017811174 -0.35564128719555843 0.5908889997106516 -0.7118
0.3861 0.2155 -0.8344510836222044 -0.40743308513191556 -0.1256998852863794 -0.9372482558796219 -0.340806515038825 1.006602318200445 -0.3157829553608737 0.5276624253265101 0.15288978411871068 0.4630620620367102 0.31240788861768337 0.31820891875257545 0.723124443100028 -0.8781140813083524 0.3102253986753099 0.17016302803895267 0.6917324319225593 0.6135052455587596 -0.11004925863225368 -0.5869373771285598 0.6470299555213503 -0.6392676470536003 0.12298675901243675 0.5689543385202988 0.3549577519698248 0.3769
0.7692 -0.6422 0.5465 -0.19407292791277483 -0.43008575672854654 -0.5249038742554313 0.06558972984597583 -0.7816241487629202 -0.2663685090632739 -0.15731429053669224 0.3653221047799849 -0.23722345900036262 -0.7649597862359585 -0.4035884202761578 -0.4223953506293945 0.051382412548954835 0.3684779729813548 0.5677465896759035 0.21222396388757156 0.3003276209880666 0.02656635733614689 -0.49812724725379837 0.6929856336083947 -0.2545937216538188 0.7456007470625304 -0.7082000246606239 0.9498 0.2642
0.4363 0.2415 -0.6435 0.0773 0.004293987630757834 -0.6405574804339625 0.5870369628367569 0.9739851883028721 0.15452603194984726 0.05844587664568969 -0.9982956481295309 0.03517070492750335 0.034204204743962754 -0.9827915828625363 -0.5741003814648078 0.16095377993060275 -0.20201179261147595 0.945013952436193 0.4985329267437046 0.13456271034369183 -0.1826699509439191 0.8661733056946065 0.49976051222230744 -0.0006146233019281395 -0.0691 -0.1255 0.1678 -0.1698
0.0233 0.1368 -0.5512 -0.34 -0.0883 -0.3403 0.7613 -0.8348 0.9051 -0.3713 0.8972 -0.2568 -0.6477854747419687 0.5572125345886967 0.1574996657938507 0.3442999860730999 -0.1515 0.5326 0.9929 0.1039 -0.6168 0.916 -0.9943 0.0794 0.286 -0.1997 0.2005 0.9963
-0.4 -0.5115 -0.2371 0.8253 0.8898 0.7356999550024476 -0.5160125754117395 0.06627548062629564 0.6594741939865577 0.7115545207620315 -0.7360960700896271 -0.08322383548523067 -0.0018064076610090694 -0.21045390859519028 -0.49419412589947526 0.5551372111772668 0.6824741972921228 0.37312238546288745 -0.5353719350951237 -0.3723491345524023 -0.9594320328991774 -0.685145126189066 0.4030111007915709 -0.8052559631316487 0.5158 -0.2344 -0.7663 0.316
-0.6644 -0.9532 -0.7215877678345256 0.2644987725074001 -0.08288089459826002 -0.34637904647139045 -0.08984636831733196 -0.41050505015160027 -0.5464404486397121 -0.5309152388670211 0.9394224002377172 -0.2580527293415932 0.3387935606706033 0.9716373427688262 0.34083824855809136 -0.6415304934596416 0.5966691298131067 0.37957426814171263 0.22646039904423795 0.9658693382832904 0.8888690670092448 0.14906245930505369 0.3799276313852278 0.9661889636940366 -0.7666447912509022 -0.7075654687887951 -0.7985 0.863
-0.9449 -0.2905 0.2278268017860559 -0.3469019385816909 0.8375667402602599 0.2517983603812312 0.04566179545256896 -0.9269129591987856 0.6859163285470623 0.9402723799044573 -0.327005737857418 -0.6852976584994531 -0.15601373362976026 -0.1458367377192552 0.06816004441119783 0.3779042651639097 -0.06705196807977103 0.19701469876248126 0.16777745285335366 -0.5839043750627307 1.0239569038903864 0.9350460865719673 -0.10598034931284317 -0.71210907038102 -0.006579775588739412 0.47452627924727236 -0.23814102505786885 0.5506
-0.22 0.2612998737782493 -0.3650006749087987 -0.22342818948581572 -0.5820856036394254 -0.6319143569249005 -0.5463624838845326 -0.7524798903708408 -0.2446742706963798 -0.8900675611693276 0.19103741949133116 -0.2262549381747248 0.4294538156615319 -0.6540555324878183 -0.4841839958191371 -0.18294791461198986 0.1506986591368536 -0.841866912148157 0.8508523870357468 0.7407351377810486 -0.6844464476146044 0.21373325942832158 -0.7619763358655693 -0.6183122560620318 -0.9438757239240179 -0.21385768198760224 0.9260872959664991 0.10603659916189577
-0.965 -0.4866 0.5096994562304697 0.48387521195266164 0.42479614665780563 -0.7261164070851295 -0.5750210012845474 -0.7424599397349196 -0.9718496941746653 0.09884651235797352 0.2943584261851433 -1.1070627907760526 -1.0907890877706994 -0.015777160447938313 -0.14709925863877096 -0.304514949368856 -0.3678415294904772 0.9172098886835648 0.09918213024936577 -0.8874131278456907 -0.876929042126539 -0.2626312386579673 -0.8071346030868272 0.6457196699698641 -0.8393297904641541 0.5210482262913066 -0.10078715189685288 -0.8596647573883045
-0.5787 0.13409962067120193 0.03111808990126731 0.654681793336438 0.8900113277050729 -0.08151539812461013 -0.4182541915466186 -0.31869621396033354 0.7455659341383436 0.6489114974885788 0.27972477249979005 -0.8991510158861953 0.7140584740969984 -0.9819241296047455 -0.7341817370536883 -0.9576029371815469 -0.6415296399540509 0.6871452149859305 0.3212109148627093 -4.186214444658768e-05 -0.6180761811140469 -0.45946692285776525 0.2804080660954838 0.0659232211662432 -0.6233909255602452 0.05045199539393286 0.633487647445988 -0.929933653173031
-0.990699179523884 -0.3760159049304207 0.16770256807052158 -0.7470372618490011 -0.41553680451925706 0.3606980202908637 -0.03430143468309654 -0.1214331162157948 0.5029833213968284 -0.14106077271879616 -0.4517022611878136 0.2237675823345336 -0.08077669104362563 0.57037050811387 0.7540893815299942 -0.4076436455409912 0.07098949022626333 -0.5561105011175937 0.2220020696849595 0.3445146301687724 0.815272553064715 -0.0335839816771806 -0.4341684580792144 0.70786820784656 -0.6430795755216456 -0.9978398459306601 -0.9495507496945771 -0.4042061352760294
-0.5801966655636955 0.5226268671466836 0.9265648612675969 -0.09525591940273813 0.0206175773539515 -0.7689293914057014 -0.26884110558497715 0.8690462845347909 -0.2820276732676574 0.04819652983531158 0.29496489502069906 -0.3152803893360621 0.12569051927173702 -0.30025731428936503 0.10414817991582942 -0.7309748016793406 -0.6837643874053859 -0.6876571264730631 0.5665943386752044 -0.7708465256802268 -0.88499788641961 0.7556758473937281 -0.9098312642885019 -0.45208229797277216 0.712253875960661 -0.8911536176107243 0.2141960650988706 0.7275424620944577
-0.014299458654933752 -0.49689902297063804 -0.16310161209697482 -0.2143718727346292 0.5589837567923526 -0.9029329886345592 0.4280733629034455 -0.2476464951455841 -0.04918558324659354 -0.137164231019208 0.9585507330133581 -0.26349910401437243 -0.038269913792318686 0.1997104217635297 0.3649560034592907 -0.2214338600262941 -0.8637030680160432 -0.5461839211592056 -0.519075062861435 0.7685052906569722 -0.30635879034432034 -0.24329309774370134 -0.6356914997033617 -0.7109114009909359 0.5971421914436292 0.3111319721058414 0.012616745194074859 -0.40967039510596065
-0.4881919245220283 0.24771945641771223 0.4216132648186238 -0.8953765060059118 0.7727200453845962 -0.6165666476800492 0.8340001330394582 0.5860999390786656 -0.4972045554146859 0.8673115672013498 0.3516762071117108 0.7510657143043192 0.7930532988080543 -0.6783963005879019 0.9434743805717049 0.7603207731262881 0.1072093546096604 1.0253364885521143 0.7001943297834959 0.7226230799547179 0.053088655313004475 -0.01393919521097333 0.3982856435596825 -0.05335144520543839 -0.0934775789828942 0.4738671311370376 0.5827539380338428 0.05958128227639373
-0.6761599387079636 -0.6511976326400626 -0.3292801564816278 0.2692989837423164 0.01366931755335516 -0.9065564895676784 -0.9363689090034205 -0.2305540045964804 0.1427720631367255 -0.7052179078667831 0.19843836644098006 -0.029058503694777055 0.37856672529299273 -0.3665624685515351 -0.9395359956167301 -0.616337575439321 -0.3659509450766856 0.20102852613085637 0.793275055830487 -0.8133556591748644 0.8703136711344948 0.07148002888309445 0.14125111628124246 0.7223034090660282 0.49298408432505963 -0.6325038083960669 0.26895834308854366 0.6691243681714786
0.25871070075780106 0.6558119174997168 -0.8152208382267447 0.3262361507959617 -0.4572770178575472 -0.36532499739309554 -0.6837062403668807 -0.11282598278640489 -0.8841633301652019 -0.8173692380097018 -0.6905444248718204 -0.2579751011694018 -0.7672917420756401 0.22776228947459579 -1.1268622762992444 0.7446208435738627 -0.8437702227169119 -0.07717066059266922 -0.7794202684393773 0.8549303280553828 0.2673489006916172 -0.5827216961168386 -0.38754611583491777 -0.5303983427307566 0.23637650892587383 -0.5682167088351647 -0.3585113260336581 -0.29564246269324346
-0.8754996879870719 -0.7872228833455488 -0.029105212825947305 0.27759306233640396 -0.18665197755098656 0.7963392437498656 0.26331271585035443 0.9089162534136419 -0.5638239306029161 -0.7793378247757895 -0.8396950889151354 0.04975718018449372 -0.9316531896182869 0.04984439588424597 -0.1462978399664865 0.7245201458202057 0.3557818119281171 0.33254303445336525 0.7385315576787973 0.7486980333378979 -0.616669613669313 0.16136216375848758 -0.5974514802313928 -0.6380422365744666 1.0006301976437277 -0.3049177373975944 -0.6669338910023925 -0.6863399941634709
-0.47654746774989376 -0.2782494920987604 -0.3483011223187018 -0.19930821709272759 -0.3357445907386988 -0.8621392919004722 0.19926719276659932 0.5471115674906877 -0.18074854924355202 -0.23803106653016043 -0.7789138398318123 0.2559631941080589 0.6983798096802889 -0.21280913892325531 0.18837322367952544 -0.06285765760069337 0.8976055748785733 -0.6742997142241635 0.06205236091125902 0.7230106376221062 -0.5805773240289205 0.407127844651242 -0.44354720304450024 0.4591774852471059 0.09068316200587619 -0.28451516404861743 -0.4731255766318443 -0.8749875582323217
0.20588502665833291 -0.2987266637136952 0.5230191437457032 -0.20647683698848124 0.3650339128207279 0.6892269828203896 0.6230121512533342 1.089034705841667 0.7005158185536008 0.11064576535450073 0.20325152965700902 -0.14267714191697503 0.6325279683704805 -0.09160746125929498 -0.9616622123371105 -0.14125704147495735 -0.11960420180634351 0.24245640096376478 0.32854729094523094 0.9809381279612682 0.9220223075539642 -0.46871957174635454 0.004739082485644855 0.766817339591459 0.16951782070809698 -0.736964558310392 -0.4707590393762795 0.6250983751730913
-0.5582967438243799 0.49955534338587004 0.3339102760909949 0.31293109889562615 0.6105585627630247 0.173345981184085 0.19722216723037886 1.1632671607972487 0.06466787947215444 -0.20893892846688358 -0.556693627782641 0.7487448649597772 0.616343914997846 -0.0379361665668959 -0.9895953773386179 -0.2510540343936329 0.16344921496697695 -0.1700007809966087 0.6921281324208826 -0.5389030841215602 0.19584069875409887 0.904676985214239 0.6938500391039859 -0.7555798469079174 0.9712790335661518 -0.4120991634847443 0.9062527064027911 0.0817690289863108
0.3034 0.9425255685365933 0.07435062986851561 0.37169982996067225 0.4456233230180054 0.9730434220333917 0.21516712482142228 0.9147593536745423 0.06555354510714183 0.1126281108069875 0.38407952844515864 -0.5896709673190943 0.5522046651878306 0.8266326757195637 0.8006172568810068 0.4053555514092709 -0.09894738991685358 -0.879697410136799 -0.05911925840906328 0.8101043660895746 0.2964035384108976 -0.1408429270049305 -0.9560715371788211 0.6073386962103594 0.21434502194980634 0.4104039484880574 -0.8915483927061454 -0.6786632890456573
0.4342918081038353 0.5674983841924832 0.2614860459299471 -0.22903493773380754 0.3383322940916622 0.8131746924539797 0.06209297219060331 0.9302827014456101 -0.06093587265572645 -0.7371137551456318 -0.5385699894757939 -0.6578800943319754 0.05596844098430828 0.7118332903631502 -0.5730205217853613 -0.049800537348393945 0.5549506016019387 0.04881909095692438 0.38742943994038453 -0.9770628142326763 -0.23692932811308176 -0.7416154426723469 -0.08457351248162599 0.4232907377797452 0.5441136741105325 0.5595770783933652 -0.7392292184124843 0.8947511516457505
0.6099 0.37395338576805426 0.8215533667024747 0.0554416162742632 0.023049069169083336 -0.8403805181794028 -0.7250211075433035 -0.0863474927031244 0.4761852021833501 0.1364146611043368 -0.3782259759269404 0.2839317848570454 0.3226408468673199 0.6454063665069267 0.8620713455347767 -0.4437330081377863 -0.444120510358406 -0.31916866212016337 0.8886117770721086 -1.0311032979601031 -0.9876524614310066 -1.0060559663538742 0.2794941706303165 0.9199237271296041 0.7815104979148451 0.8336643552857463 0.4412044484989672 0.6353145951948573
0.9982 0.7353969663495653 0.40087386047690937 -0.7584596007668548 0.7341517428885552 -0.9170875130830165 0.001296497151395903 -0.2990176359909515 0.16743632499490593 0.24231017148953593 -0.7027032025182608 -0.17593146082091063 0.3607832254698644 0.28192326482866176 1.0746142748371244 -0.07614012928062662 -0.6180551135409431 -0.6800765952261263 0.1065300137069791 -0.25288960676153865 0.671891841475258 -0.7854381884645384 -0.7806905145956916 0.7594649167111219 -0.25760266431066237 0.30147677431597436 -0.6144176638498644 -0.2564000012234151
0.8336001779525045 0.8165920674996819 -0.9016151296484851 -0.5840230042504514 -1.0348874897537093 0.5948601662510518 -0.03446153564402158 -0.41850703825479574 0.1946713407743305 -0.8770169699729714 0.607325428216206 0.42574133269668424 0.8256506973291283 0.8601518241459128 -0.1502848293803496 -0.25626962809661186 0.6733266033540036 -0.6640847631144591 -0.6215473238453647 -0.1611618335590352 -1.028084591542646 -0.6476584085912047 -0.7853985264219617 -0.9839807888502287 -0.3444565582958381 0.4238150534001144 0.6248099855849608 0.794200015456964
0.019200172422506316 0.23578665361876866 0.4447940198648736 -0.9990841716874925 0.3131758227503178 0.2821394167904313 0.7070325898419407 -1.0645426984127562 0.4178658343533746 0.5699286341538605 0.6417706272825555 0.020389530654850323 0.03175638049395413 0.4928531933518352 0.5838340428218352 0.31921252616442836 0.20896015416237984 -0.05450253479187526 -0.12615103332872035 -0.017492852442138898 -0.5075758352876174 -0.7697432595102295 -0.6621187148112582 -0.2752359322733923 0.597221487957306 -0.3675173395050042 0.62494965510815 -0.6556999714516244
0.5638 -0.8359 0.8423872342470783 0.042439339648203525 0.5649454743259935 0.9928166927149272 -0.1679152284539197 -0.2660351194708063 0.25177001459059917 0.47566293906170715 0.8203727795952986 -0.2910967237858566 -1.143920817985667 0.26886864680946027 0.8546427858524162 0.18647436132296544 -0.3596663884345524 -0.29940295080171775 -0.4436847294539064 0.3037724908469923 0.6198338466081565 0.09801036136991327 0.03346299077694857 0.7183752903441075 -0.4528513756105369 -0.6726905588358725 -0.42092278101297753 -0.6512
0.3632 0.2759 0.8766158418350143 0.6286733965164162 -0.266788185725021 0.8953168578560943 -0.9325835203868484 -0.7045030719034682 -0.5732181113805636 -0.8548761761210469 0.6905943995316879 0.11233418486131859 -0.8074661464957156 -0.5111921910787341 0.9404881237517128 -0.9086783072203206 -0.3323695286949823 0.034229669032863196 0.36696178761219594 0.036146491020250984 -0.7104500594162437 0.28728344235197106 -0.3371202899085896 0.3839145389514385 -0.4804285606080163 -0.7262248468257956 0.5767363393140583 0.237
0.2266 -0.9462 -0.47591434588120723 0.553142525301823 0.43325155866034654 0.940004178363032 0.43202645915099347 -0.356913066437351 -0.16949142097892486 -0.14555553857241216 -0.6059465510241077 -0.5305099409066133 -0.13139212945565312 -0.7623570156631886 -0.4134300684839692 0.9353888234889761 -0.8706393410157895 0.3034122201894197 -0.9623002429656141 0.060765660086867575 -0.7889881871428593 0.564285050897582 0.3129496112690491 -0.004311297174198738 -0.11295408067669728 0.2915812410834585 0.054738561468313775 -0.1614
0.938 -0.1768 0.2289 -0.7459708683498029 0.10539954046151848 -0.9663987306993358 0.7198338792398407 0.8089468387281086 0.9079620491061491 0.26972765228774864 0.1613921259720122 -0.8883070350880045 -0.19419633334765446 0.7939174038543955 0.6166853643244876 0.5934162608130501 0.745389034865928 -0.4704935251463814 -0.9630259281630527 -0.028022486305605988 0.4970937815691618 0.2541332229705081 -0.5629178238080538 -0.03158668069008679 0.7241009729879014 -0.09189999026852066 -0.3757 -0.3826
-0.3343 -0.05 0.3389 0.9297 0.39533953430231444 -0.4769221689776268 -0.6694042307320215 0.1940501837265648 0.6484411262938059 -0.6935286868163713 0.615228058238661 0.0001996169472458485 0.24115795977820995 -0.055257276955333744 -0.07648759387132172 0.6226334625579584 0.1315668555773359 -0.5436581827191687 -0.815032642535633 0.934913044734026 -0.80483439504632 0.34569862259331563 -0.41114942625110024 0.9654369301193427 0.7661 -0.9327 0.4917 -0.3739
-0.1624 0.1482 0.3332 -0.6559 0.8718 -0.3224 0.4776 0.9851 0.0516 0.4861 -0.0599 0.3324 0.3520299995471298 0.029449196149427367 0.3974027562765294 0.1455001148584128 0.7816 -0.882 0.5596 -0.4754 -0.8796 0.8087 -0.0166 0.1459 -0.2708 -0.5042 -0.7691 0.6518
-0.3674 -0.2112 0.8149 0.4373 0.7159 -0.5383001176813748 -0.8296357320515667 -0.7652575478274787 -0.5510601681791235 0.33042916231875813 -0.8201561671978758 -0.3687679972395376 0.16952495336028936 0.800629272383208 -0.6400815718866917 0.05998046909002789 0.39685588344065575 0.8106228090250148 -0.9360105441417746 -0.5301249538643368 -0.06920591302661443 0.7214191955043524 -0.9303211551280025 -0.4353009895167894 0.6072 -0.0605 -0.4921 0.7462
-0.3757 -0.6382 0.28979994968328654 -0.783199024589045 0.34382635743853895 -0.48910128125111496 -0.8593810957161216 -0.7219004874253778 0.24181167071781262 -0.06570325391522643 0.8740337202104851 -0.27696525600823363 0.2183295721507041 -0.9962259547035843 -0.7685446780416199 0.9199035707338341 0.7479040628751034 -0.07174469695958859 -0.16135102610730054 0.6475177183316956 -0.7433370258122506 -0.6477307491479293 -0.5480792328840299 -0.8599031394921746 0.28165487173393144 0.7461117101891704 0.9848 0.5594
0.6968 -0.5052 0.5669998921329109 0.5112905176984985 0.6832159511544462 0.8890427719522026 0.05881763848965764 0.03335604672024977 0.037868893588056556 -0.809997038960188 0.7228472705598563 0.511812650123666 0.3245690258298807 -0.5135258932420617 -0.8285377826755722 -0.9566910961192924 -0.41750185021430203 0.631104948963792 0.7839093182308334 0.19847110526722833 0.3784765492519406 -0.253540217041046 -0.2015923829734404 0.37263485860982243 0.14507091801132138 0.036088213001002886 0.10828830239472718 0.4437
0.8629 -0.9717999659514034 0.10640059369855566 0.16917573470123692 0.2634132828744902 0.8508133088650641 0.5312594008489665 -0.6162550960408151 -0.39745972187444045 0.32329244278779884 -0.8018401896130983 -0.7266768974915025 -0.09921361064750316 0.586754429042247 0.623076131434585 0.264208667036839 -0.4054479283232495 -0.315517026489758 -0.5501301873924545 0.7640444344656052 -0.8668084884795707 -0.579345943208277 0.9325017930585707 0.26311943642579383 -0.3356244212317811 0.9581600485135364 0.7354719899773958 -0.803301174091441
-0.2363 -0.3743 0.6225116112794561 0.9503623863223474 0.8820721308668492 0.8720106980802365 0.6499568374484689 -0.38946527165247213 0.25662165230233597 0.7830123615070077 -0.8479461595342466 -0.5240797883035802 0.6866808848506941 0.5132992605115421 -0.13501163769743485 -0.020561754176980786 0.23665365992490617 -1.0261723804496943 -0.08753286150981135 -0.19631186970121164 0.1434198690931893 -0.38341156922639325 0.2816296579440908 0.08955113308176386 -0.06092165567456518 0.09391295371556715 0.8290220157957632 -0.5057120599107278
0.2705 -0.2607996515275803 0.9568453352301248 0.6160297803712764 -0.03150081693854635 -0.3163664015753073 -0.5299515790484401 -0.1845176411487727 0.021756067447875872 0.9628051080338118 0.5181373251495915 0.042318559568475515 -0.08215563508470254 -0.9351817268920066 0.8140451415737389 -0.3409304519312963 -0.5852960168083255 0.6425240984083312 0.6399855734375922 -0.6372902922085596 0.5820795628616718 -0.6052864389192307 0.09861342255520249 -0.14017268061319418 -0.8163882917100461 -0.6195513352902839 -0.2641593454074911 0.5553973309540274
0.14940198063136287 0.7632566097431256 0.38907476139847885 0.5377666362026484 0.920599506455912 0.4837145649674292 0.8510482864804833 0.9533639177359436 0.4694143479919756 0.16984610653320345 -0.04641496535640192 0.10687520287989906 0.7257467502105931 -0.5386519436432133 0.3956389485769887 0.7760132242051145 -0.18500071298431212 0.4072779637689912 -0.6579413478640431 0.6971677309510201 -0.6985291273482679 -1.008065448563736 0.7529957358480432 -0.7728244382556535 0.19915978016127178 -0.8044899815607007 0.7720801487450183 0.196876614945245
0.40980804933744325 0.8982963627173213 -0.004277558047374752 -0.27841258975195415 0.7011803824172517 -0.023983772138322593 0.4546835191891042 -0.2233181430705216 -0.7375991671344848 -0.22573907319256006 -0.8105174337345054 0.18657071810670783 -0.032951164277455 -0.2597516970108469 0.39621104909117477 1.051825336577505 0.15782736193052363 0.618613681921403 0.07535792936440323 -0.7641726536424748 -0.5769650128794678 0.28652741394113 0.7204928155850547 0.26308427678910024 -0.4874273948095056 0.059600424604022505 0.8159168181069296 0.2885888122167195
-0.5662986931916781 0.9758034538785991 0.28557317400859955 0.20843183464165466 0.062479477005511014 -0.40900179262456965 -0.5765233616585804 0.0358357991194317 0.06593743685286747 -0.3486767564445547 -0.7450551234644371 -0.2016671017927986 0.5936063219379152 0.37606780043290167 0.14835495189717793 1.0318091924829575 0.13239007089311058 0.4234859256442841 -0.6148989777052362 0.9190348372203754 -0.9209280716681028 0.918704611257328 -0.18877614112472915 0.5701170366161072 0.02996494656986132 -0.73808244992746 0.9195196663853678 0.6237234085611714
0.5654026196727328 0.9074323893681456 0.9242384846448021 0.3228936370972056 -0.8146053670853606 -0.39736467606742126 -0.9998791645407247 -0.3747642263818341 -0.4605672649117884 0.8000341155110283 0.684906453820498 -0.34033233618861464 0.5754386046967082 -0.522499974834434 0.02666130404070051 -0.24529529832700064 -0.5637411039556357 0.7198815156173767 -0.3843901646722589 -0.36778738337949884 -0.7944060297615957 -0.24931238024567928 -0.08168933227817494 -0.40216636643220316 -0.591913752957603 -0.7536893826396769 0.025820427563299417 -0.9689853460766876
-0.6827627002578893 -0.5603310278290743 0.21487804052207699 0.14220111235355723 -0.5111431007205819 0.22997537547158334 0.5217672868995273 0.6799277310443651 -0.7687736396987556 0.06793228665137041 0.21805192825045586 -0.31879798268166015 -0.35826295855401963 -0.7633635320989705 1.1116248123744523 0.6918816756451925 -0.5981489243718583 -0.8644191522168996 0.8659650909215739 -0.5860424258450191 0.7335527063825157 0.14462814229248677 -0.6945125673673561 0.7491422919504501 0.006043653824043477 -0.3007932525054851 -0.3097060510963647 -0.21088294992148898
0.8475242689744779 0.2705801480552167 0.7839290125145626 -0.9730131587862074 -0.563173052814 0.06372659285603019 0.3003772798872203 0.23144664843960533 -0.24431669830913658 -0.1902055012419893 0.23743415853721828 -0.3684231316012507 0.2106448093651769 -0.6098431519314838 1.0085920163530044 0.8348279097834932 -0.08152147952632685 0.46610471563185707 0.38609959188369203 -0.011025074334645847 0.0001779261079774453 -0.8847338497790198 -0.020247124942105246 0.731868420661552 0.13947189391243422 0.39959096840456776 0.45501476406493907 0.16458895877957772
0.6786000404358256 -0.007180918338094267 -0.5494292712045109 -0.21360613714978283 0.6218123918300785 -0.7488111403984866 0.3659148518671793 -0.5272043184301753 -1.0122287627706252 0.7411994038673919 0.26585717077813037 -0.8497189158401282 -0.15784449830685812 -0.7036807847630593 -0.4812070503278756 -0.47929387818752794 -1.1365389847731189 -0.5988964320624811 -0.6772129191603415 -0.2425824738062476 -0.7799245732131763 -0.14147972003572387 0.04000979360096046 -0.6589539528726133 0.6615720983805564 -0.8946592879137828 -0.49677615270061926 -0.41826344754122313
-0.5422784857161305 -0.398465562934027 -0.7752895962187009 -0.4466565397864584 0.9468971933953062 0.987503332202365 -1.0026265108087824 -0.32737599376253124 0.8193437024726605 0.36371095393596786 -0.9231438611226014 -0.13866319474327857 -0.9588158373382013 -0.20915377499646254 -0.5489058681243237 0.8480830843607262 -0.9502920899299774 -0.13794532696116346 0.8291213269420131 0.288334941901678 0.8059534689995853 0.9368017960829397 0.1654501931190273 0.7683700086680113 -0.0003561996717512441 0.4080020296347872 0.3694034261249641 0.5025649601471815
-0.01042475539840101 -0.4104036087870682 -0.6587141550131529 0.9454435137201792 0.015338732802393321 0.29010926028730005 -0.29409581728954304 0.3764421615200309 -0.5644906901687834 0.1900345755687304 -0.792567748150176 -0.9368810915273019 -0.7057172730897103 0.47023217619582064 0.08143373693291406 0.26655874897692255 0.5674647064852394 -0.478420068577236 -0.5191476964012284 -0.28388547174406975 -0.4608228233573967 0.24599276979695492 0.6510114326587658 0.00451454854583306 0.4245116391204704 -0.772353222122387 -0.30287863903408396 -0.37387410748136746
0.5583053972026398 0.2657125871433256 -0.5563248654494547 0.9045843170238329 -0.1956646430992979 0.17448785945514675 0.5829922591238029 0.26386513631701664 -0.4956722307792818 0.6350402919494701 -0.627281161686059 -0.6353082334915432 -0.4574300633744759 -0.9733423909399453 0.15579415142502756 -0.9062573449864367 -0.46589461634534335 0.5082755742825503 0.8711618674395611 0.8852615628618017 0.14369587997322075 0.30572825747571425 0.22489374622435648 0.6761410559124157 -0.2091824685756203 -0.9045367615381148 -0.9946632355449572 0.7711037988403016
0.4512 0.5103402853536902 0.6652388522151184 0.33860463663603857 0.13303618001038958 0.6133584069085494 -0.028787375654049964 -0.794415726920716 0.5577620839677965 0.6816468589394432 0.6366504326021856 -0.7297559905737281 0.5356641603099065 -0.46000801791709767 -0.18336693432444975 -0.3024829261809625 -0.87916381160323 0.652556845050741 0.8038503789996088 -0.7785162284302929 0.07784842960033941 -0.18654362866110347 0.6509815768874933 0.9548509865886738 -0.5001490587922076 -0.03414930307278798 0.16974018338673602 -0.929965930652219
-0.3176000539672094 0.6070126355468368 -0.9374206048155037 -0.258656415811135 -0.9137215320179617 0.7053139039694516 0.8167126580392308 0.4652441356218841 -0.8816842768239989 -0.21381076403525226 -0.3053491289231402 -0.2388428327989968 0.22425805965506962 0.24910103815821666 -1.0144355944773593 0.8964861193368846 0.8374367018216398 0.4938650083988866 -0.8950826154169894 -0.1718200812246461 0.9779779543542475 -0.05122695228484587 -0.35243870692351836 -0.7237758127926278 0.2380204312034413 -0.599246803200628 0.6263611414238466 0.7055170505654924
0.5679 0.3924660322104497 0.487445191419843 -0.5732819114378914 0.9159705238840282 0.7969533780376502 0.6619700859401493 -0.32073338005662005 -0.1300059948926932 0.7575679590121295 -0.33456069054192017 -0.919276052486487 -0.5850558717242019 0.05021565905285067 0.9622499783688141 -0.9971211353826384 -0.071049059862 0.7064967840479436 -0.24953101030861272 0.43397219497754647 0.29324701619956894 0.13053605065572604 -0.1671023266815766 0.4984619134086322 -0.3632697289697344 -0.8451726145405366 -0.9503018758520808 0.9733591741855181
0.9853 -0.30839415378626306 0.08248550249173424 -0.6099860117142388 0.25572590391960687 0.2600692649297224 -0.8347163709826882 0.553762758547029 0.017643262044659352 0.5930352777869132 -0.9406863253024634 0.8393200402372021 -0.9779976334004458 0.35774658447105834 -0.7155837777607729 0.0627217163876533 -0.6965154837672541 0.030609347710148317 -0.7684639736569485 -0.204876644328107 0.5259229779086754 0.2027493296479225 -0.6917250473502893 0.3188983870356833 0.5994383252495029 -0.3352017789405869 0.0706259017900108 0.9162001048262148
0.6752064648023237 0.9361371655630315 0.40505879131830663 0.2198732745364284 -0.29736528377470767 -0.8091874533326977 -0.9868078100092005 0.25772234964030666 0.7386401361684534 0.3420614516841828 -0.5891794520399798 -0.4224820803159239 -0.9153142675296407 0.5741617870823371 -0.805169666698649 0.1234490461485583 -0.6814697690456591 -0.38079722309887876 0.005372375494353358 -0.5011174594013773 -0.2544517255159718 -0.17827818981514015 -0.031491144888548483 0.42539709572525825 0.981643960901074 -0.7502710274771673 -0.13261079619568 -0.9249999242914743
-0.7651937360959158 0.7794201536869293 -0.15781487508549424 -0.02390606632894611 -0.3323379985604058 0.8236747648019679 0.833247269015643 -0.8464555558256674 0.3136341072403028 -0.931203276945111 0.9930347374495923 -0.6761198145764118 -0.11355338037394 0.6743077752452049 0.38740479155653657 -0.5013398888891344 -0.26648934692595805 -0.7111663137027551 0.44708506363407907 -0.1936736268710455 0.2337522056549103 -1.0259327243614456 -0.08354736036565613 0.049403339102097335 0.16864807001484247 0.8206888168231999 0.3698231526406216 0.7003001398305277
-0.903 0.9919 -0.8801426007188516 -0.3835175696798666 -0.5421729559024718 -0.957979615257589 0.43464874400001036 -0.7086302434702558 -0.2940511995269472 0.44285850182269243 -0.7242555344571149 -0.6605510338014825 0.5819486298083343 0.5147396446812269 0.04203901652325595 0.4919852273952426 0.8331703409864092 -0.7104477787341513 0.8315728620806986 -0.10734839109508922 -0.9302602651296269 -0.47843795285144647 -0.23786345457558483 0.25711419643272654 -0.43053016290157775 -0.7056093563255369 0.05708122043253195 -0.5236
-0.6406 -0.8722 -0.6681655452101947 0.6934317443535013 0.40301824789378266 -0.61615679079454 0.46550530828884656 -0.6038366876194547 -0.8466870221527469 0.26331171123661884 0.841691971302515 -0.4343785084789478 0.13599580927705177 0.6470301490629203 0.0036569700384989127 0.9760678542951543 0.4916383231066202 0.39075548800443605 -0.011717971256037246 -0.12583480968914063 0.199135252376045 -0.9657437800020884 0.6027203366838966 -0.9389395538804863 -0.6847191614609398 -0.22194717313110907 0.6291023623187537 -0.1682
0.2094 -0.9185 0.1118169307072407 -0.3336303643498357 0.21669747479037293 -0.3518225100955485 0.599973425130628 -0.043849641478678876 -0.586273661114517 1.00123055034742 -0.5049353286201519 -0.8409355967428928 0.32701748800191716 -0.7627194683454228 0.7565865604819373 0.013437503168764799 0.2081658023665025 -0.6948823265225313 0.7505763189207185 -0.3713104659307765 -0.2901956348260084 0.582946025845668 0.4156989346319036 -0.21454600665495624 0.5900697791914091 -0.1464983455613733 -0.4443974932251164 -0.4452
-0.2955 0.6211 0.4898 0.08610001563588097 -0.5466571023022471 0.5495158106557663 -0.7188138135058993 0.9632175736926009 0.09803283434437568 0.1276010381527769 -0.5951680177257086 -0.5757871150417317 0.8091351951960496 -0.7034020053485468 -0.7892410364768172 -0.13961628891978276 0.03388819026583988 -0.9344987202232434 0.6567176851669158 -0.7357068697498443 0.06925361850458855 0.6577795585765173 0.38124587601086146 -0.5997388400156997 0.036700087250273294 -0.7559999522960421 -0.7729 -0.5214
0.9165 -0.3556 0.6509 -0.2319 0.8281203285025512 0.5131521057324515 0.8741368931741119 -0.8221586465550511 0.8307384598089274 0.1299776482274201 0.8394372376516862 -0.22219702613755982 0.7141463071390568 0.4766556279764552 0.20163100955247526 -0.8192514904089282 -0.022058866161255904 -0.9746301079456567 0.7307029906041421 0.5865932577012783 0.2649630815680178 -0.36924299341398537 0.8717602269161763 0.7283206279590368 0.9525 0.5134 0.456 0.2439
-0.7854 0.4222 -0.255 0.3342 0.4819 -0.357 0.9889 0.6407 -0.2139 -0.9468 0.7612 0.8879 0.692424909747582 0.7490355736298676 -0.42660000037998447 0.9901999999841654 -0.6978 -0.7546 -0.0834 -0.9789 -0.3532 -0.3061 0.2634 0.9863 -0.9133 -0.5718 -0.5914 0.8215
-0.5289 -0.4953 0.1958 0.924 -0.6589 -0.49900000048853105 0.642491445894679 0.5301698650098248 -0.0817068978740983 -0.050489974544375656 0.559933118844218 -0.07256739918251164 -0.1412491478659381 0.6177192374230284 0.7854012161274231 -0.3670566787009414 0.8844593025680418 -0.200975794071965 -0.2900137941045916 0.3293491760589845 0.5542937177198548 -0.07771167545023026 0.6348340157728403 0.841231019818545 -0.9147 0.9398 -0.4524 -0.3145
-0.6582 -0.9455 -0.9670000438335798 0.6600993880180871 -0.8436972480854656 -0.3057950584188964 0.3934125783372223 0.7778443861294676 -0.17001250726814254 0.08646926967014619 -0.9878011666729469 -0.22222227983951365 -0.31707242021792215 0.17166206993058705 0.2536574528106038 -0.8614462406592058 0.1773309409828063 -0.5358940539010193 0.5701033520869188 -0.03198304242771093 0.03464099749189941 0.8633000813281538 -0.006166550375710745 0.9615182803411776 0.4509163568996519 -0.7005002472011389 -0.7951 0.0537
0.6459 0.5007 0.6361998368031317 -0.6276019069218433 -0.9472259877908952 -0.11064520025785893 0.048514694890228124 -0.5981628782778878 0.2529626756486844 0.5059409350256268 -0.6630675148592633 0.04785406476169259 0.9376626328766458 0.2433533224025436 -0.5648322864007482 -0.704072613360465 0.0016394575859097408 -0.34792232394749034 0.316752750644894 -0.08285823330960744 0.11605526566893878 -0.7189357229756407 0.17207165696134663 0.4580822369265572 0.4109769981809681 -0.21995471537558325 -0.6884066452235369 0.2804
0.1931 -0.46280000183313336 0.09353120371348547 -0.8930253041169974 0.010585395937018847 -0.3089273990020871 0.28432297732589795 0.2521016080445577 -0.9469856726835407 -0.5937125124234901 -0.3113086548632431 -0.5760475341410952 0.7431497488109614 -0.11149766224977509 0.29112887600851617 -0.8308270837142653 0.1482623083170698 0.6726958917340256 -0.7785096093294238 -0.5002074781122443 -0.6777353705328609 -0.19425408723509657 0.3025349160852457 -0.17564359913043825 -0.5305938265553136 0.6815519251754966 -0.2880566851931987 0.3724830777549322
0.1412 -0.157 0.15458515521029131 0.38059491210573143 0.7024711156247782 0.9404128134566588 0.30602556135396175 0.2791495136254974 0.7523526027198694 -0.10932548879762025 -0.9419741953994788 0.36108696475410723 0.7398577665418083 -0.8109149720270473 -0.25986902988836486 -0.8721482124796569 -0.18876277580204817 -0.5006316861582941 -0.7427875904057145 0.9194936537010244 -0.22730033326634186 -0.3859274517941721 0.8148162805549083 0.6449915901402125 -0.24393410289161863 0.2035217868975824 0.8580136104442646 0.5829871669256459
0.577 0.35149988549193323 -0.5492907434053265 -0.6372640069725992 0.7325046740699946 0.13832882340524771 0.31079853001257673 0.6132907824000486 -0.7707375228607481 -0.9049175965313946 -0.941211302122314 -0.20521395177078247 -0.3384301887225012 -0.5747237047872943 0.813338395875062 -0.606114174603178 0.4657546614768218 -0.33607186283542584 0.3934198018610503 0.8697352544092178 0.9958651567026914 -0.08021428191288875 -0.3654044188401928 -0.8534035525946547 0.6385313834549536 0.7475489469362965 -0.7852930887881675 -0.5161187796378781
-0.9141998391769394 -0.5990918127705563 -0.018655889149106507 0.5662470782299667 -0.8421657972075658 0.5779109182342852 0.4781626772483987 0.8910411242865736 0.09612713390367063 0.05704121401547759 -0.5935141742518946 -0.8139776254378361 0.6585759516108644 -0.8010456843625767 -0.3972850717858154 -0.08572060657000831 -0.6636963018223986 -0.1868801736303616 -0.9681562850909199 0.45854053999529193 0.34240675379342994 -0.06872919756798553 -0.09089445450509352 0.8119934268465191 -0.9011978768232862 -0.26170282704917736 -0.4376220768058161 -0.6018512299574225
-0.7960993464108932 -0.9337352685089287 0.14380196890145064 -0.04633395906237895 0.38979242252873486 0.5964512608359107 0.4547309660970307 0.37031819849464803 -0.06789447532126026 0.35059166787571033 0.16369497202272723 -0.6267649691588064 0.5593025845137569 0.6208886818240629 -0.20837243902185495 -0.9424690015459897 0.8656042466212638 0.1374538770581545 -0.73028319200454 0.7884423244992264 -0.2557354703141 0.18890650834174905 -0.9436211897766987 -0.34211947543648363 -0.9023670026243562 -0.3170206134854945 0.08922369483701167 -0.41955184538847407
-0.9108998938899394 0.4411284113076402 0.03828190136208742 0.8938467548643664 0.7489601537802401 0.06379881846355534 -0.5765674590457694 0.03357985660656567 0.92696781015496 0.29081977706695006 -0.8137454807029884 0.3874249558621355 -0.4166111714648199 0.22092603993252435 -0.40963827310393824 -0.018324444968732832 -0.2217224349424335 -0.3162252129488112 0.5410993696711267 -0.5870913269185252 0.496403712315617 0.2752740499891666 0.5283354916938069 0.032386782559771274 -0.599404613910263 -0.5339397971092569 -0.38263691314790493 0.3849382524180463
-0.3661976187240741 -0.6885514283649071 -0.16628486264699502 -0.03750008347029726 0.399565278313271 -0.6868577920446355 0.47229451252803545 -0.3463133102238917 0.1922620602536976 0.9137786866190637 -0.17940192511091566 -0.7252325975059466 0.4872161886098826 -0.8933899502267013 -0.4006567012503918 -0.8375259719776184 -0.06681451913156526 0.5196559676568825 -0.03975483979634699 0.028934197187537924 -0.5641906691296156 0.1399101090852966 -0.9485128136131393 -0.41341878952939376 -0.3442778067241362 -0.05061309432837262 0.620116452991715 -0.6051084006793509
0.7814068477296231 0.5279914033309848 0.1648029371313946 -0.1673606690030058 -0.2898694180917604 0.2976824517951883 -0.33281014281199767 0.4366563364600925 1.0785862550799357 0.44951002090589814 -0.1610111439877549 0.6026429124704021 0.01608363142604426 -0.5488576928405121 -0.48661174689668313 -0.2340303008281408 -0.1050987583745085 -1.0026892300836334 -0.844603926722553 0.40272480693600293 0.16059650650389376 0.6997614159936337 0.16150635882527242 -0.7350822976122011 -0.6636935019008682 -0.9656660713974 0.062441797028040244 0.9652379587316916
-0.7962918698156587 -0.10288734659774633 -0.4582757179356568 -0.8607853144821348 0.3008778129035839 -0.8425281014994433 0.3030440807930011 0.6382395830735104 0.8358899421048757 0.40237923022271893 -0.6325462950120716 -0.726825359111316 -0.6413207559139349 0.09252064501891216 -0.08137661865130838 0.1844860672896372 0.7625234924352929 0.04575734060651043 0.8318226217106994 0.061313063034054475 0.8280535956154854 -0.19972456649639428 0.524299873641108 0.1470542237395792 0.056536500374025876 -0.7976467956426178 -0.9349596665796366 0.8802354465815514
0.4243000004802913 0.4513098722188631 0.49226577279214667 -0.6155957252544507 -0.4901619396092644 -0.8618321875711722 0.4565677372020607 -0.02083570576788514 0.06209174468217754 0.310474781553207 0.51719155507297 0.0006851194932100479 0.07552842822088457 0.6219540887544901 0.15051066301955432 -0.23486876036665427 -0.3544609837322932 -0.17560196432697592 -0.5429665632419284 -0.9655839529797574 -0.5167247415720114 0.05074482285018142 0.47226233837399983 -0.6160287486525796 0.5971144070025796 0.24735083391261514 -0.5406094028533899 -0.14398659177064574
0.7065615853128914 0.21866261467898432 -0.039042037245682296 0.478866750920801 -0.823301816077687 -0.4126683360413867 0.8762636840546294 0.1753255901753923 0.24914718383259182 0.2954865423544419 0.8068409028044946 -0.9087993897135571 -0.16404553413295062 0.6716731538697104 -0.3982912649863452 -0.4283996581865577 -0.34823153841516025 -0.384176407592179 0.15678398070975083 0.3381138200647465 0.8106196615601776 0.6226837033176461 -0.6020257933100537 0.03633790647757494 -0.7716865745006504 -0.5099894481688668 -0.1192551786213584 0.10352571305607672
0.1424202387324807 0.6710701570680196 0.17055187329501495 0.8773515691342628 -0.3653759431245752 0.38764744257700967 -0.25533859929625347 -0.9025388961841283 -0.49458215597335775 -0.5765511648627607 0.6695044289108492 -0.3416995046558475 -0.10078558102277685 -0.5824683570598639 0.3786407681594442 -0.4109108609924895 -0.543836186152314 -0.21367410849675456 -0.7604913158792997 0.9228228520209908 0.9635847056115331 0.46682824336424517 -0.09587393229224507 0.209680899148076 -0.9112122291781358 -0.023197428195820345 0.8245438979302251 -0.6262534346137932
-0.9899995911353369 0.2304112557013223 -0.7673355302543703 0.4168929011715042 -0.7049284447268642 -0.5221390630387873 -0.77686903510489 -0.21389309382629826 -0.6025801002281154 0.6441697916963243 -0.6545751251483506 -0.12005754212119046 0.8865092020891385 -0.7033324544126973 0.007883210468803132 0.31367358384138044 -0.1751724592950788 0.21371900723790074 -0.962127515072599 -0.06991999338341556 0.5103439490964462 -0.7650732428662125 0.8258204215202805 0.7747731544162418 0.4033414348090629 0.34512491857078903 -0.1698854777698817 -0.7139060238743964
-0.9667 -0.41536654923805044 -0.35945551923508123 -0.8884045844779934 0.49244936986431775 -0.6493421435392089 -0.7977750617214835 -0.5164430851455613 0.549417141293743 -0.3806910109396975 -0.3261893675281737 0.06192098179538679 -0.9397266960197967 0.06621402980153071 0.8183241027832578 0.3402195971798737 -0.38163827704828784 0.6647794515395331 -0.5104281899470521 0.4080982160289977 -0.9059941919130969 -0.3507859079634989 0.8476439827728636 -0.03935230380452027 -0.8164264408547517 0.34101908374124834 -0.18666307972062207 0.21575545296055476
0.6055999963346482 -0.8272030330549607 -0.6308962737804895 -0.3068068981891122 0.06019697181442148 -0.5117959396076975 -0.4654513136503371 -0.19491545366158472 -0.3456266548498447 -0.8659485323177764 0.5789469380877698 -0.06436893599628993 -0.16821887906752328 -0.6379521452500144 0.7019739859839602 -0.30667941229472795 -0.7973495317058001 0.5101063048249003 0.739479141831767 0.5508787732859484 0.34970006749033783 -0.4408350598872414 -0.8017823848037404 -0.2465597881268438 -0.8560954019820306 -0.9768720208155277 -0.03482244558846356 0.7409833463150567
-0.4626 0.769501342067841 0.01571644373619747 0.24189762153873617 0.9139153819838284 0.7991931659454935 0.8545509544962177 -0.860251287858158 0.41228669163973825 -0.6187184455179914 0.07475804573317354 -0.6251917569044451 0.04123627097430027 -0.9570041326530314 -1.0459604145067294 0.270678952829758 0.609600550351147 0.9399357160732047 -0.6039400623656721 0.5307046333924607 0.5887329805132856 -0.8982468547206676 -0.41193197249755537 0.5346824897644528 -0.616317347803116 -0.639470701458871 0.6477271982199894 -0.14670263734974032
-0.2285 0.35381278124773397 0.48951339901269536 0.2640271975935646 -0.7872202162813127 -0.4933478057077105 0.22557687101730314 0.8478655814931071 0.6847296221197863 -0.41595281072006046 0.3178126864422156 0.834286462416578 -1.0376599553715466 -0.2750886545731603 -0.3858031254034074 0.04197165568840468 0.39104606573061323 0.35586077384078346 -0.43614767523840997 -0.9727778824272492 0.3007808413906774 0.9044651191562166 0.9362361283595807 0.823507150671305 0.8073948370977689 -0.37222472405984103 0.7059808169492279 -0.4844999074078301
0.6131000042738088 0.5498208196927817 -0.3050260416131221 0.3400551708631037 0.540214947849614 -0.9498162131787454 -1.055933339458528 0.18202842747295572 -0.07027944774264734 -0.012890103272521134 0.10725316350500361 0.3674852454349848 0.03723445076247389 0.2407526559095224 -0.09150573218526298 0.3241392535447851 0.9490696314059722 0.7029131311575174 -0.3573963857342995 -0.7967853139203439 -0.5286983273931805 0.2695147945509552 -0.6375127704541682 0.2116262868112972 0.4879043821018264 0.2550031996320856 -0.8225236883240005 0.4389003459770594
0.3282000041409973 0.5606998653113806 -0.9529497327066625 -0.7129483111876666 0.07121804675502823 0.057919679794105304 0.9511089869005305 -0.2351660077861771 -0.017806787439015457 -0.5345788154020753 0.26019478198310486 -0.18235334618286106 -0.13296138031208216 -0.5494832364189921 -0.32780463120857256 0.5334506411414534 0.5047427518494157 0.9872537755635191 0.8402687313151418 -0.014072405399008716 0.3543025735615991 -0.462024892991515 -0.8502065897511242 -0.13133619504937738 0.40602507836390006 -0.6137355687240931 0.057441451424038004 0.8425006390053734
0.4912 -0.4665 -0.14829504552051914 0.1648593807971839 -0.5323122539731602 -0.7750754608003925 -0.7740068603345384 0.4138999670254468 -0.11659885936250165 -0.8861989257384921 0.2132064649729375 -0.8444932338411093 -0.4014597496607531 -0.13066066130024814 0.4309703258172605 -0.05680054491105941 -0.021191494725936354 0.08039917319057786 -0.43991480047627113 0.8793720416879349 0.47186209615589403 0.6094347470245934 0.6835295176109772 -0.5380318173652267 0.6294295729961452 -0.33421197467517844 -0.11157548432234002 0.7177
0.2044 -0.8023 0.5642555030980978 0.615568512700423 -0.26929005832895936 -0.5860742960241858 0.5109571049139812 0.1193403080680971 -0.5659183879661972 -0.0510620411107182 0.6420778414373048 -0.85580223598777 -0.02417170436194124 -0.12371435437189035 0.4697544280342969 0.17654776898582417 -0.8151379111154771 0.3671343826349133 0.8431687850212259 0.19189489864302425 0.3252401379019835 -0.012644661566534848 0.6395102830389799 0.06833539530804232 0.36197783204868955 -0.7930987293816842 0.05539364213863511 0.1692
-0.1192 -0.1834 -0.6350038470363589 -0.8758161416420182 0.5565089612102337 -0.4280676184788813 -0.4531810028329231 -0.8036335588193059 -0.1656394904259093 -0.10987895305400326 -0.9246215684124485 0.08889326978150594 0.31141859806154154 -0.31496058310015906 -0.20409646900978753 -0.2324542892395894 -0.8310248420486035 -0.35907977520537915 0.5007417081089451 -0.1982556283893334 0.9746906729489614 0.7345519386652428 0.07427788511080619 0.05470162044765235 0.9755063513874206 -0.42653642879097314 -0.7377067466454973 -0.2456
0.08 0.621 -0.6276 -0.501200117536398 -0.7075951800161842 0.08225487735748131 -0.1954896234923151 0.9084862623813095 -0.6156638112982167 -0.350260355962338 -0.15721012690813446 -0.8419874137281979 -0.7516168658814594 0.439987501721507 -0.45670725243331745 0.8811029882644609 0.8585122444292969 -0.6668902874889014 0.2111297446043401 0.2535959112303615 0.991098177028381 -0.6718531922522569 -0.35733126189553377 0.19883647879634375 -0.9775999191116569 0.26720000628686696 -0.6095 -0.9628
0.4411 -0.854 0.3352 0.2732 -0.4724977516660486 0.38414080749351603 0.453443114746809 -0.3882134267052054 0.5007942748793157 -0.6258691750125003 -0.11792207189921665 0.021432459714184254 0.7637791447053119 -0.4822973661993264 -0.17099952864486842 0.6995199425755501 -0.09070228713365386 -0.6715761108094149 0.2236009335866731 0.9380034510712661 -0.7099350714620573 -0.9478013399010043 0.5364680390652398 0.5579181399624505 0.1632 -0.8882 0.2155 -0.1091
-0.2485 -0.9232 0.1883 -0.3911 0.9739 -0.8732 0.248 0.7645 0.8239 -0.1254 -0.252 0.2368 0.41672786937865663 0.7806396510332706 0.431397325293994 -0.08980011145923977 0.283 0.124 0.9488 -0.284 -0.8274 0.1811 -0.1201 -0.7125 0.9348 0.982 -0.7509 -0.1089
-0.9362 -0.1345 -0.3598 0.0479 -0.3536 -0.14090087528316395 0.18885921023917485 -0.6674026737468668 0.0033858475080069364 0.33491122895080455 0.8600003355987438 -0.009218560635259433 0.002999694463745884 0.9430502794630837 0.12146260477927356 0.5267781088161523 -0.8718073849681278 0.6974475933012931 0.6594542453779838 -0.5144045207445496 -0.9270495706746237 0.707016239107815 0.9557682742373872 0.05025991630063029 0.8654 0.1057 -0.3693 0.4271
0.7465 -0.9664 -0.016031615783029075 -0.5536035583139212 -0.18718813941602194 -0.38782481642647476 0.4506655085586816 -0.300257253876166 -0.09614271799824206 -0.9422945917159492 -0.9133338058961993 -0.5466934219897316 -0.22450918250958563 0.16196983610072654 0.7913658020172722 -1.0147807411545215 0.17805388992141644 0.6665146377182075 0.26959650284352105 0.21430186374440116 0.20605894562964328 -1.0111390005209389 -0.8940316445031375 -0.6109528185178329 0.7103478743254944 0.05190248526082609 -0.7684 0.9355
0.0881 0.8999 0.7126303568956908 -0.26603532947413794 -0.7304059329526712 0.0770355389708721 0.3209429989893574 -0.4272256251332123 0.3101755092143245 0.09410984371219157 -0.31539474614921537 -0.8390656563428591 0.3252548507404108 -0.4288884211462342 -0.8215552768988837 0.4674044403760214 -1.107867777639443 -0.2048427401153885 0.7754450187616826 0.06707588648058022 0.506621589485003 -0.11911702265783132 -0.013133369155006515 -0.3478933328098487 0.6211518994137637 0.6561653171418959 0.8654198373691896 0.21
0.7782 -0.28430049054380846 -0.6455032145381426 -0.600811553200578 0.23513286723883764 -0.41757812648733394 -0.41386744225855665 0.40960452674942954 0.36738326207233374 0.4774180582614344 -0.08940684600762051 0.37498871398633415 -0.3873784267511764 -0.9841694431931618 0.5318532894352629 -0.0422781347916048 -0.7951997138511537 -0.10751200844540247 0.6790854062448896 0.14642066149578897 -0.54948911347282 0.8366494332579978 0.5342124669233564 0.007551366133895501 0.41967052047143993 -0.35158424529360116 0.3400039049691174 0.41219788256162526
0.6038 -0.1275 0.10539943418791153 0.8154818101653082 -0.9347768642884908 0.014041010485354393 -0.4251791892241804 0.7584200784932774 0.3082882665851079 -0.7585166705466719 0.8254924992902761 -0.16763617925486632 0.007361126770393837 -0.8022936537977443 0.944226843175524 0.5099740989673661 -0.21063513360367864 -0.6199130043703187 -0.303588901854538 -0.19700123004130451 0.9954341610042218 -0.23203278380288336 0.7390435446987308 -0.6043486018716675 0.33140540095157317 0.4391782728281367 -0.1337702293056765 -0.004531014166666253
0.1767 0.1814009824717627 0.5210364456523261 0.3485553659430911 0.18117518206446945 -0.788231815377647 0.6523078379092965 0.5147811282101094 -0.763115413241381 0.8918126996093543 0.3176799549590694 0.474900668513884 1.035793343314778 0.4298327182400078 0.7417653158929752 0.7872449366089967 -1.0179559615989606 0.9041517046068793 -0.7433533880269221 0.2612625646797128 0.4986078360310088 0.5716585269725185 0.49315296586909013 1.028336866844919 0.6534793691899747 0.25962510937620953 -0.6388349570493727 -0.7070564862802916
-0.22060000391360327 -0.36463367562771865 0.8815734898526874 -0.2768541567405149 -0.4601350898706472 -0.8730969784224619 0.5134439962511423 0.8223281283865269 0.6642688552061182 -0.6786761847836957 -0.16472858949993277 -0.08684073321604671 -0.3315571754853828 0.13358969276889887 -0.047347945028129154 -0.5214390370862361 -0.2427750173595207 -0.07726151358855653 0.7149222629150922 -0.7086139432841029 0.749384970771449 0.2746420622664892 0.4287959167555903 -0.2996333757461057 0.7009730405779293 -0.43124712142419785 -0.5529265682202705 -0.6969531114264831
0.6291999840950142 0.425229243077568 -0.5622107397059558 -0.4200242241679678 -0.15988557025281674 0.2714302341566957 0.24049802997859734 0.958318397844806 0.5432984091909431 0.4627601272282266 -0.8951455406413226 0.040511615373555514 -0.49016859861952705 -0.8757461340058974 -1.194909368496225 0.3432355840884428 -0.46510509951119344 -0.053279787920954925 0.9609602224359353 0.19340891616365247 -0.24832448689085831 0.08077877896317338 0.49841204098502123 0.9153372627282226 -0.2912399356323676 0.41961568755570516 0.4203373300167376 0.5564571433518395
-0.8780000025821713 0.3822408040687407 -0.9523560859891064 0.09559830970445418 -0.36171177344069966 0.8351983084426645 0.564691696078755 -0.8943787214164056 -0.9461904278978858 0.7606661334983913 0.23853306003541433 -0.6160604150122723 -0.601802185082558 -0.38852738168590584 0.5043735704965298 -0.8558225980530528 0.5001117696250206 0.3213192508862371 0.4240219648563886 -0.3714558319875704 -0.5549439679070359 -0.38138712141339215 0.9730073346169597 0.7882989611081336 0.199115417923939 0.8895955264846834 0.5797866665524272 -0.03639497692889992
-0.3841998768842912 -0.9409720236136114 0.49115383364987175 -0.6400352773680092 -0.4831590780585118 -0.5439322752753635 -0.3600327981052624 -0.8628573118070842 -0.503124090775753 1.0069081112532596 -0.3869360086030863 0.5689701786167364 0.5437189994662888 -0.4011358348220359 0.02550262949030174 0.060088673738225594 -0.29864854692564535 0.07383146477798874 -0.32553545599510564 0.9733531914920934 -0.655608445329131 0.22207328309941815 0.8588340874039772 0.22286127893550994 -0.723551409106533 -0.8104093715033273 -0.7754733629785444 -0.3596589476071161
0.26491584701331844 0.666330944747124 -0.6752977842023017 -0.6401994972064377 -0.9601158594707023 -0.5476076320536942 -0.30093623761717947 0.38540423111206057 -0.14470455086334327 -0.9174030237584704 0.674796252884287 -0.22037204356825785 0.5420521099609262 -0.281710679814047 0.22869730955568027 0.8217079674699569 -0.4820521671463926 0.6252233017760012 -0.5106578227967058 -0.8751898812970588 -0.4301456786994993 -0.9457981878373061 0.7948004298032646 -0.6413822665949144 0.460673313916318 -0.9610682995674439 -0.10859960555913499 0.49980033693939935
0.6846983509429112 -0.17733721862000726 -0.6913044797780232 0.5590486736890322 -0.7195012726901157 -0.6381710688145669 0.8068072837916336 0.8917182810879918 0.0471350525890454 0.6560153950855142 0.7468392772381336 0.6689869441341135 0.7079101333261584 0.46306192345989655 -0.0874799285486654 -0.2024578999160887 0.6724016666803166 0.4873261668994981 -0.4076774289126665 -0.13400206494662242 -0.7313526408946373 -0.2664571601971785 -1.10757067530904 -1.0939781266970028 -0.32908451281663226 0.5034197370541498 -0.7751367064010558 0.041882574102332454
0.6173988700185999 0.7808860992003885 -0.07007216309907414 -0.9646563027450111 0.28594018512170927 -0.008346979954935973 -0.7996484675776624 0.21424433325098927 0.7007604349992008 0.820478671769675 -0.8046259693337309 1.033568001349727 0.23842304361452718 -0.35238755617194234 -0.7257694423504055 0.04637499398545075 0.07905647459554832 0.2952980023088024 0.6573371932542135 0.6549559706722028 -0.1887934079518731 0.348585345450192 0.4502120942043413 0.14412047588713317 -0.018134186736691985 -0.6982847400242229 -0.0919261259875894 0.9555055979454298
0.9346093672704398 0.754389429205972 0.20397504009124312 -0.6902172423390401 -0.8708933729877794 -0.1889263738221415 -0.16315989580344945 0.1275203292107121 0.576454996918537 0.6505682404012164 0.39223704811567206 -0.41733019624035045 0.8695547576000852 0.10712148553054224 -0.5809039989266628 -0.2802065125642732 -0.9508920331564987 -0.4499603618868176 -0.4998413721194307 0.2832195949634706 -0.7950918902275425 -0.5533859332146432 -0.44976620599915773 -0.46748590348684543 0.8537263750307168 0.19814974581031602 0.1272247668663882 0.21179645331712058
-0.6143007525592465 0.6750572898952443 -0.3389196318802044 0.21776979914648364 0.901971217167924 -0.08657102241440913 0.5902383432898284 -0.018615704489028346 -0.18289025953015425 -0.8476288988639168 0.5494365547688431 0.3913337286184057 0.635921148557842 -0.09642491146677878 0.5136901481468124 0.5508599945164991 -0.43847539220075277 0.08231344904408897 -0.33597237388521883 0.1129225879927025 0.9667561657233112 -0.7556480503597215 0.3432156501679628 -0.028524490939475247 0.5807330776524464 0.6843412524822616 -0.573596012721819 -0.49764926955078737
0.5836782050613606 0.8854024050201384 0.36661211794900606 -0.17292107242431987 0.7694678113639808 -0.2418470264401806 0.9820938190583519 0.6591472099847061 -0.9387349764712206 0.9397129345196583 0.5930762474200553 0.1547993390928181 -0.6409651006179965 -0.49725077073390284 0.673143415915043 -0.381692103170168 0.3160175313419061 -0.48996047997074926 0.8030540190190661 -0.8201466928243621 -0.6582218576398082 0.13009921902818855 -0.47332464292988136 -0.41896334049627093 -0.7316786943210654 -0.6713828902878004 -0.3963063887605667 0.9929935902693465
0.26 -0.23868592848591497 0.24732739369716591 -0.7229855877100874 0.056452379325999134 -0.7118266337028188 0.5155068395401723 1.0310047876695827 0.23191361938744298 -0.8244985608589862 0.7066666648506372 -0.9935192900303796 0.21364046980724605 -0.4674261011779532 -0.7177467545195915 -0.40309551985020253 0.9932465959945255 0.49559476534994995 0.2905331657954458 -0.6434611509605668 -0.11508377681452303 -0.552427031213312 -0.34784730886539306 -0.7821033699351692 -0.11697738090084754 -0.016263243564732813 -0.03133082104178795 -0.971867929975394
-0.20587744666244526 0.7723981608866652 -0.44223724708263207 0.8138783430586992 -0.3350734365643495 0.07145319437248124 0.538940630742411 0.6724776993351333 0.73274832932047 0.8436411694342955 -0.671452445384132 -0.5594866035538039 0.30342642074107157 0.263242174512733 0.5960766697377986 -0.3111935126286477 -0.7912787120128371 0.3357647775887954 -0.9074889757394088 0.4528118070709642 0.0038423683650775317 0.2869704747875175 0.7266123220005912 0.22228409642261077 -0.09037230704595159 0.47041070260131124 0.9278390490965297 0.9220720486006757
0.7923 -0.28940920308039636 0.07152198453997952 0.7064777058618672 -0.5968030721168474 0.7416675172740491 -0.7072488379434967 1.0333952201799375 -0.8724450019866975 -0.98361194603422 -0.36957789832395105 0.45222361939256633 0.6678633578428878 -0.0560942473352678 0.31335763901807545 -0.49601227046791846 -0.08891710527229435 -0.498469613972527 -0.7099266512218239 -0.027644277949576877 0.0445350883467373 0.47428941494306265 -0.6405424611897003 0.1359748860842108 0.924128622858445 0.11602418286071596 -0.764565834855231 0.1549366021191642
-0.026 0.9866163871302697 -0.23319087529436958 0.3363592231404016 -0.02736625993091913 0.6442829725989262 0.4299374596271294 0.8358188354400082 0.005588854729833896 0.19853817224591935 -0.6263247324521369 -0.863770154694932 0.5842601503695521 -0.8232738874458249 -0.8524502035736191 0.11251875582176028 0.07794927996833487 -0.5020322352826727 0.6210954747706217 -0.5871186630755381 0.33355115131472507 -0.1913363625017332 0.8170403216437496 0.12703643924848854 0.04554988029364194 -0.29523983593592085 0.10155096502600115 -0.9142999881042444
-0.41090267570392613 0.9996910590337706 -0.2048039984368526 0.24748901634237602 0.7222125516959687 -0.2625153491035146 0.881428074346851 -0.1243359495418841 0.9250306792966024 0.5166346139889595 -0.4633442441880123 -0.9166767586635484 -0.53556074252349 -0.29493530689389386 -0.15176711918620087 -1.069569363084826 -0.33191345890217105 0.2839641995460429 0.7215237535617314 0.6074670629770339 0.7703386187854131 0.8277028284767248 -0.31137757190564586 0.8951925324448744 0.9099772618995454 0.4191792271162492 0.34466669014358964 0.31249989904990155
-0.7831025925545613 -0.006401360970245195 -0.26781742555857174 0.2928568822366272 -0.8883143746799085 0.15082844481221874 -0.5919513274946763 0.7410791641919932 -0.31271311823994 0.03178305563981375 0.10790221213244795 0.6376640901435172 0.32453547051496257 -0.5390345869173612 0.7140383011820429 -0.2129947957782612 0.8757290713845512 0.06185198356805297 0.5513154352022069 0.7225152821365207 -0.5304118781301109 -0.8401537483488086 0.23860468060035994 0.0654173551782925 -0.596123740541373 -0.6807619325544737 -0.35677931861293494 0.4423998135493277
-0.3471 0.4752 -0.9488731036810016 -0.5344778698155462 0.2763142727555238 -0.67414408264988 0.9120295054626609 0.5938464624298391 -0.36413983584503706 0.22724208221063488 -0.03364887511419105 0.41219318207375016 0.11504737699627951 0.7160335229870044 -0.22172312565737293 0.6851392568865798 -0.1796632252297003 -0.6704720500376183 -0.05790742473203354 -0.6893995458081907 -0.6601041930345627 0.5805544252082898 0.7822682743454485 0.658324605906286 -0.4583135673087556 -0.9276152807681135 0.9971783284849028 0.5814
-0.9985 0.4297 -0.9301120829654059 0.5643580519136612 -0.12301164536448848 0.07301391797493192 -0.7937624731031263 -0.7066396999482872 0.105407326597738 0.5070710983487512 -0.06276385035420633 -0.556440299602869 -0.043656884880365676 0.007668364682340937 0.45478203910378273 -0.6361672470977262 0.2859649187129751 0.3155034137931283 -0.8917251975902291 -0.25687027138099916 0.029502602442800244 -0.8190756971028396 -0.8279979702981807 -0.7000628391425994 -0.37611284216719354 -0.462683884363422 -0.5742295454370038 0.5165
-0.2017 -0.3583 0.862793397840185 -0.5460212922238683 -0.23677482922033857 -0.17833510193204435 0.49900394660337544 -0.5449948174436509 0.5665195590627986 0.14310205400521975 -0.8945237713726363 -0.7509266993339224 -0.2690474239804615 -0.9688046438036817 -0.4992652330024982 -0.03727910632376402 0.12631843745903434 -0.766124889646592 0.35938795780148475 -0.2757144693737688 0.906702913273611 0.6485348511292046 0.965635386297999 -0.8678876344530759 0.8291025108896336 0.5815465081414636 -0.25322523713039324 -0.0825
0.8175 0.4617 -0.4662 -0.519611932859424 0.6042908701826362 0.9794788222650876 0.02714501160734779 0.6364074502373354 -0.28225359958544904 0.7291872716059075 0.6546097762097123 0.2784350848979499 0.8599343785588771 -0.6561638662327588 0.18293412669282924 -0.7863477807841933 -0.7942638892196074 -0.023225137545872333 0.10127077330323793 -0.9236415013214098 0.08093570922109451 0.31185732139566785 0.5241705083830598 -0.1864067912628828 -0.30208995528011334 -0.1543000308442232 0.4179 0.9596
-0.6891 0.0136 0.9929 0.8305 -0.02650251651398169 -0.13950844600688073 -0.8642075866816165 -0.5248070935899172 0.4121312957406819 -0.1789432092441164 0.5595119938090833 -0.8058669286953969 -0.776619399667055 -0.8303693890935111 0.4293141192806562 -0.7960467527831361 0.7128676950824822 -0.7608764904723426 0.9096774471021047 -0.20149750630756277 0.7819521281638034 0.30821229378545795 -0.2715330494196215 0.9692513797131731 -0.0659 -0.8396 -0.8754 0.6298
0.3843 -0.1771 -0.0783 0.7411 0.3319 -0.5253 -0.5022 0.198 -0.8442 -0.5737 -0.9163 -0.7548 0.44648012055785047 0.4314565798925778 -0.6622998774343135 0.6487000051075065 -0.45 -0.3821 -0.8948 0.1138 -0.814 -0.3819 -0.2323 0.054 0.9932 0.3737 -0.3773 0.7915
-0.103 -0.9106 0.6617 0.5695 -0.0403 0.5700000001940161 0.47219812862672966 0.398399658635102 0.4655278033722971 0.8023031973663413 0.9804788880193892 0.5516751208626491 -0.8699637310203279 0.6732369544176734 -0.6778968693024937 -0.7447683052312781 0.012763124607263764 0.8320701264918021 0.7790774099478501 -0.006322146338346529 -0.769601791433517 0.14740572698935595 -0.24679213989004883 -0.4807980768436347 -0.1793 0.042 0.0668 0.3055
0.7889 0.5684 0.1520999981378891 -0.7751968399564856 -0.828689605342357 -0.9751873806790375 -0.3931028314548582 -0.4525591730216995 0.29162199432411245 0.1470180208377152 -0.6150609589001004 0.6368858693252757 -0.4724743916426178 0.7256181942981101 -0.009349519792723528 0.7179118110551808 0.9601094762666411 0.5306363227749257 0.9587996549997866 -0.00205054309105172 0.1401645856858783 -0.9729749703133844 -0.6147846085874651 0.19654594914974624 -0.7023188371986693 -0.8892034156217782 0.8023 0.9071
-0.9005 -0.9814 0.8633999921749577 -0.7516911839092939 -0.9184910323278084 0.5671899204295802 0.257040843205766 -0.8466494972420802 0.7462862058620724 0.45119779112520964 0.6777202238981663 -0.28355835270401547 0.19397742194883638 -0.6250899081633309 0.5480533434242617 -0.4136831103898641 0.9218461928373882 -0.12898967832019648 -0.28423412164340495 -0.767850899422237 -0.031171148326203317 -0.5439997317128791 -0.3157127400221922 -0.902882319334555 -0.1847842845589949 0.7788749577247503 0.4915004693524555 -0.7891
0.2663 -0.9706002334632875 0.026102115863919726 0.32825299703689753 0.17680010187928832 -0.21435979029682142 0.7233537502802955 0.8105213911650102 0.9536540585229889 0.7367950123745063 0.7315789619937679 0.13547139886671564 0.5545071880676544 0.15014422288238413 -0.18571856529390654 0.2171724406081477 0.6015461168581115 0.26370187072419315 -0.33139208759489835 0.4185837568213156 0.6115717357415744 -0.37153240062570764 0.457092243239841 -0.28823166494001384 0.9842864374375025 0.34346675244693775 -0.4577119498436961 0.35940101242228195
0.956 -0.9733 0.5278998954937405 -0.4004292979536193 0.6554789597491465 0.17145949820578799 -0.6409006437395282 0.634035745680241 0.7049989093747769 0.6648975684338745 0.6725760423345852 0.34697504748987035 -0.2721105421168794 -0.43675305120270913 -0.4768876486183357 -0.05610279654787487 0.24325201528404508 0.7767047123661514 0.5334101299465129 1.0547302595845167 0.3677025192555834 -0.7698652147991585 0.39059423611073907 0.0940556416224486 -0.1212851732787887 -0.059322703199035556 0.8482362400615662 0.8297092144122075
-0.0869 0.552705227537279 -0.03589669224677709 0.6979935148225702 0.32425085673702453 -0.9487659239198736 -0.6545264007263019 0.08810318605006263 0.9911543579409694 -0.6420864093744082 -0.9604523463739469 -0.6031515228795935 -0.29024243235690345 0.34464018592985307 -0.9122212635787079 -0.3577048120055271 0.0046062286457265325 0.593779395659103 0.2934136972151095 -0.8386757977964698 -0.6550887300170178 -0.14841675505653595 -0.5440793682399933 -0.3150225665388192 -0.22788015897543257 0.9959322229106334 -0.8095181707992688 -0.6588148458237033
0.9994004399088314 -0.9471515492782574 -0.17548071698386455 0.413385192207908 0.021686368542698398 0.13802820232154414 0.5748397154269295 -0.9609923865611382 -0.07457852365227283 -0.09236038876826151 0.5250697868441697 -0.4696985501851141 -0.0544110306708694 -0.9075124052408106 -0.8321157264678558 -0.06354284276664927 -0.01044276518355801 0.816050616887932 0.31389283200595147 -0.20815927876540097 -0.255558870583612 1.04503615279887 1.0257284200499996 -0.15000930791637032 -0.8482487512708093 0.22924286296465252 0.991263876071022 -0.4991745281080387
-0.8156982121990514 -0.1487015044144517 0.843369772752616 -0.6031656945207823 -0.9763056210857887 -0.641131336970456 0.8546562080035944 -0.8703672176132895 0.7826143126255869 0.6795861066747241 -0.5092108832901532 0.04670292990918467 -0.7975435756606841 -0.630860287938384 -0.1288977994383778 -0.9177669832849269 0.15098785569918288 0.8967237559428576 -0.7768993692165279 0.6751691300531055 -0.5987833182133665 0.28192708768711994 -0.3473610117080214 0.21277964086021361 -0.7360143313712719 -0.2611718618121465 -0.42281106843291305 0.696435668374027
-0.5469997097508741 -0.7727065739473091 -0.8711874759316066 -0.9017746555659653 0.9812351683505193 0.4281984466903626 -0.4720128904394725 -0.2505339205974227 0.4309529953801015 -0.4490165183568112 -0.07269942121209251 0.4134545225761095 0.6196915661823118 -0.11210937010377886 0.3260700713764764 -0.1593406758875415 -0.7654585260675222 0.3949178318726271 -0.05308701892615924 -0.15604835149248283 1.055919967935051 -0.22410768131687145 0.967853771598742 1.0455919045076991 -0.25079490929073284 -0.9200613086104633 0.1115501936103796 0.9895827718995658
-0.6408987955720518 -0.7370500179972632 0.9379828625627965 -0.6787444559187406 -0.5554387884103413 0.4064369091818705 0.9156280006273669 -0.5698520312365533 0.336147685911152 -0.300034568796226 -0.42312357593308525 0.6891495185029005 0.9861058224460878 -0.36296919921902643 0.7261344927784859 0.38813603951514974 0.9091487190729396 -0.8036959631277506 -0.4814964882622332 -0.7747333176977759 -0.7273859789805684 0.11779935322410293 0.5129119263581634 0.19276298816820084 0.9424943928017918 0.09842887000603091 -0.0503252727575194 0.4710052921323471
-0.43704496168498647 0.02000300625364595 -0.43440543771099566 0.7814585982971507 -0.8087303948314222 -0.8848471843988011 0.6238681625843269 0.6794755941877092 -0.3376271779933124 0.2963397950771584 0.6114062508933988 -0.7594567389135073 0.18565448667230394 -0.8434723497455161 0.7075004322339348 0.6926545600766125 0.24873018644936556 -0.8543519069482158 0.14213702485891752 0.1348366899161784 -1.050133363546829 -0.29899184590637984 0.9259803486501479 0.3792656287712283 -0.7010295014761543 0.47449134856401526 -0.855092532530611 -0.6321059210464213
-0.8325756646575181 -0.3797749780834093 0.0657140562005865 -0.33187211317060633 -0.5589129858009801 0.35624915090163145 0.11248333505917504 0.19873158126186116 0.005761366095899556 -0.5032890307937152 -0.40028813113996076 0.6353223918262105 0.13767751639513143 -0.4395696294368303 -0.9686153691353803 -0.9770660924593089 0.5064112340941651 -1.1110074504189762 0.232234296713181 -0.37347081758800615 -0.11085589073767246 0.39863877353227056 0.6545428670429569 0.9083972682319117 0.12693484752788578 0.6004219852127408 -0.14902527335554264 0.18758857237771942
-0.4480002887141584 0.8931607849730844 0.9100018097897729 0.650636144764274 0.2426554766607389 0.594382106776199 -0.7571327844832272 0.41153278175292274 0.08681401058640123 0.5260454832287788 1.0185766996387662 0.8216846642853334 0.3650428529360799 0.406206146356884 -0.1913809714742126 0.10910154916515954 0.6541778166336927 0.2650556470301662 0.05442937678119193 -0.6580735303421711 -0.14737027142061565 0.4221181671592462 0.2361410119066095 0.6401317247892306 0.21230620635598882 -0.10520590558441915 -0.6118732287565912 -0.5015453838325518
0.31323648132028714 -0.43966959614442574 -0.8669235307575904 0.01930754514116002 -0.5148638172659351 0.8075357191338872 -0.13732919671671326 0.7049441399151969 -0.946901969320636 -0.23929053964554442 0.018788913318471632 0.13214493109424955 -0.352912476138619 0.7047755404639022 -0.23027744770043782 0.5871022382999901 0.47148660258506514 -1.093762560862955 0.7043224861396284 0.26655768024436016 -0.6716791594588387 0.93008919614811 -0.21168979186709183 0.6409209398048792 0.6734903387347544 0.6387448585771838 0.8845138667408322 0.0026822265679426922
0.7596116527696631 -0.16780220159979822 -0.8384143730165946 -0.25869171288509174 -0.01911733607077879 0.3071029904910193 0.11647707564866476 0.7891073951045365 -0.36631739058996604 -0.10039151888322345 -0.5163650606518491 0.7913560622237135 -0.46302468842926114 -0.3782470043453708 0.6101931986696858 -0.9680277088963014 0.4409822401237479 0.5520651425466823 -0.5056335166703755 0.3723835335894299 0.22134374070999188 0.7720040324401797 -0.7288289779707836 0.3636642834449389 0.4364369730886742 0.054315618557794675 -0.7519133387613118 0.46604791052219513
0.923098324837652 0.7299952975604163 -0.3947330875838593 0.5827405832647734 0.2578133802114891 -0.5323747877188684 -0.5791714596202793 -0.4651926580315079 0.8186909705167978 -0.31791099043249155 -0.14346284867857212 0.13464651546771358 -0.29535085759481183 -0.11163642051936644 -0.9140488274597596 0.8492135554461684 0.5308147016781751 -0.6411742841903375 -1.1014663050557343 0.4518552405015704 -0.17223573745917792 0.4801707350554939 0.7717192431334241 0.3338623561203292 -0.9413140459327646 0.3306925929553664 -0.9355712466001221 0.0482421200029613
0.3488 -0.5454632117380503 0.34142071986279066 -0.2296878560883562 -0.24862010156044706 -0.04103610684962301 -0.6115643677861702 0.7886197964766593 0.5572465716114818 0.16752482474883423 0.6974247217622499 -0.3632963913100423 0.707800877238474 -0.737835973139711 0.7907752081564643 -0.34497382534479865 -0.9678134742996501 -0.17103447729501042 -0.11360562282724797 0.13358509786763573 0.3312939937878713 0.16172063303035297 -0.34628078425761566 -0.9364395431667404 0.618352505567161 0.6647719466396855 0.9950950021886603 -0.15856126451328983
-0.29800520832132504 -0.6420161360835449 0.05355409719405015 0.16847092019025928 0.292318251445065 -0.37092994130759266 -0.3208270161659806 0.47565945916329905 0.45260153650548673 0.40510708455227107 0.07693811174356278 -0.5911163187211013 0.6244575153226841 0.4697017805594533 0.02996266304312074 0.06440732342314634 0.6765217366180899 -0.8320069525492452 0.5352858423878472 0.9893411681333881 0.07618678056858284 0.9382973398313889 0.7099239334905438 0.25209399960524514 0.28308279091990274 -0.2369136964685768 0.5805938705385273 0.36475492144537935
0.6425 0.42566088485463716 0.39805157662813984 0.014683058677639351 0.9326150517874716 0.9287967104423135 0.33294973847716125 -0.8696160452649508 -0.12425115549328883 0.17794596192765008 0.9271723614817016 -0.3283168698698975 0.9602919928379126 -0.6679515316208255 -0.9260790021854699 -0.26507067103983656 -0.6352265828674287 0.5728308873181411 -0.46497156074347973 -0.8507938957248188 -0.24069175163925843 0.1694795916767983 0.21124498674744227 -0.2904470312391916 -0.706506513063434 -0.9958472554973644 -0.9808824465905585 -0.12416723827263752
0.9279 -0.7864863416053274 0.8996333422138729 0.2651156109956071 -0.23446164962108257 -0.7064758563801429 -0.5896900485319171 0.5730662353908782 0.9013754690649588 0.9660955358602799 0.35359324714657747 0.6861669043418308 0.5872824381407681 0.032671535798770523 -0.4366825290012443 -0.09154236826054886 0.8846998667845973 0.6716551388619415 0.5660611063121405 0.22736188735745422 0.05403854405450877 0.46025559676421995 -0.7022608309788174 0.041154580248982 0.618864993859299 -0.873378880378562 -0.5137226255680536 0.8985000031230839
-0.7072000108807008 -0.9729210540868736 0.2603626079605937 -0.7171099207766974 -0.190576686507691 0.06629323190171288 0.057405735587026704 0.84865658240884 0.6385539663185843 0.004860978484526523 0.73008866486865 1.0724868363972244 -0.7276970485975155 -0.21063725719972975 -0.7467694378550945 -0.20675439397144282 0.4664730172089952 0.4936972295303413 -0.7959428479630274 0.6504060655856284 0.31061556568572457 -0.7189922813441885 -0.6901473043821879 0.9010335733682426 -0.48553378362593735 0.5382649434982536 -0.11022303492407973 -0.13349999859178666
0.9824999894574246 0.17099895356228287 0.6815590790010779 -0.4640520337804171 0.8839217400986191 -0.010773536017606784 -0.38910985165394213 -0.4385785482082565 0.42081427628202644 0.9499143456567409 -0.5674179575462664 0.8118323748660076 0.5992884687909704 1.1804592915304288 -0.49558758696403166 -0.8124413338955533 0.8069526257288249 -0.3721114425036275 -0.653894334413377 0.9314975121923526 0.5620064452684712 0.7581991838955682 0.7393831464986602 0.4289874354159325 -0.9888189187987104 0.11940571041833013 0.36903018823945327 -0.2710999973990879
-0.8409 0.6457 0.8078908293318605 -0.9066928727396364 -0.1311177893635353 -0.6105539196590497 0.3287225668454269 0.1337978984845145 0.08516415111314664 0.28581526766819654 1.013766646303114 -0.09784835743375926 0.10217479528934753 0.3683710819571936 0.21681415506048438 0.034006121895403946 -0.35154214869064737 -0.7509615297682541 0.9595201662615093 -0.36838122609316687 0.7676766401089334 -0.16086127037052425 0.7696679022376302 -0.31719420388781916 0.490992604926213 -0.5117489990268264 0.17993055569118616 -0.3843
-0.9429 -0.3379 -0.48487245750646346 0.687813697344297 -0.3045915533997846 0.3135001179785841 0.6512241567339351 0.46355567865452485 -0.8750588012579893 -0.08952661464084402 0.5366197063276025 0.19104591573647028 -0.8196120126499066 0.7024150867966229 0.2895404963077826 0.840011643269437 0.6724612582271888 -0.08985920021979577 -0.4932428003023662 -0.6645613905594692 0.8991517145420918 -0.15149721617021492 -0.5948833498760568 -0.5494988616680794 -0.002906410857254791 -0.8497390720764567 -0.8347251642155015 -0.4695
-0.5681 -0.2603 0.9978524907414645 0.13194776581417775 0.9240289982642262 0.46098470662806784 0.283260529225787 0.9891741068523258 -0.3314302313314219 0.3703796075405177 -0.7886080855898114 -0.2898108449149444 0.8585232977913959 0.10749214908906503 0.3545246126020199 -0.8377256872330576 0.09689802668322299 0.20426118318027436 -0.3624925088909538 0.4607107246677546 -0.1619265151064499 -0.2763142180275567 0.9115320481700986 0.6918481986091869 0.13048133031796297 -0.4231337842073543 -0.6966205879965691 0.0802
0.47 0.7882 -0.8895 -0.8449000371855984 0.808471091954568 0.46672517973094085 -0.4903579857512618 -0.3612510103771658 0.5363365313138689 -0.9450921999193138 0.6547835387482033 -0.8500208656505907 0.7146252408337312 -0.43577541343181747 0.5059299325516258 0.07212234718882761 0.8950051578940067 -0.3141977659283455 -0.1020895190072272 0.8206119835254843 0.5122778338887615 -0.8876843107345544 0.7335715548664049 0.3918820821009732 -0.692199642647768 -0.2193000196444331 0.8084 -0.5741
-0.8742 -0.1714 -0.7726 -0.4421 0.31199999459538863 0.6807998580749969 0.3759148727289567 -0.49343166168246316 -0.7383562802978076 0.5675134233303516 0.553086275165873 0.14200563307380182 -0.3071727552759955 -0.8040739332260409 0.398357886948067 -0.3398398171717664 -0.8449855265405585 -0.4953741425612901 0.5930559376751455 0.3018170209315234 0.32361248508489887 0.06852066946954206 0.19855568035150747 0.47529949064620636 0.7231 -0.8177 0.9393 -0.8909
0.2176 -0.704 0.267 -0.5864 0.074 -0.7524 -0.9752 -0.3698 -0.1564 -0.9589 -0.4872 -0.1596 -0.6530128112485664 0.42871010287538425 -0.03319976252070771 -0.10059999010386139 -0.8441 -0.6456 -0.0587 0.1907 -0.7243 -0.948 -0.8408 -0.9456 0.1563 0.2476 -0.3153 -0.4334
0.0574 0.5229 0.5112 -0.7529 -0.0701 0.41650000172910845 0.5941134043972138 -0.8667485848910426 0.6488768229696701 -0.30277103782092296 0.9458787951261441 0.23599296311944534 -0.8246884907459601 0.6865516154279704 0.6604005610716432 0.3632130758202661 0.6245861049099225 -0.9728175369379306 0.8061280512585957 -0.930278308687891 -0.9223543422429109 -0.2815645012687236 0.8981054698011992 -0.20809785810438233 0.887 0.3488 0.8026 0.6757
-0.1461 0.1303 -0.7441870570021105 -0.2818471623923127 -0.6348910864287823 -0.8222777527274169 0.05515245897830459 0.8985418846122304 0.25514143549237717 -0.8622180791205231 0.08554985181290263 0.9509818357594333 0.7007094319758072 0.715164958652409 0.20928024785117863 -0.8995734054353994 0.7241686547384886 0.8144456406579748 -0.3267285026369964 0.8371682985779666 0.20192022446311325 0.9034876465948752 0.757177046647291 0.20807820207485148 -0.3018751638814638 -0.30604712740795365 0.4084 0.9823
0.7688 0.9858 0.3256296042293593 0.9110052610504392 0.2207707457140111 0.5484567491496679 -0.025346825845243087 0.7404917855873326 0.40654268517523423 0.6871123935052211 -0.78252564759098 0.5569064195927321 0.4959470022051704 0.8744249278987448 0.5503147264101539 -0.7744123131422729 0.36569963825410545 -0.9289371724968217 0.705228310871906 0.5544514175715122 0.02958956816896672 0.8555125839083306 -0.48956132680835424 -0.5975192040579447 0.7235090191953313 -0.35195067809155245 0.8288972345133659 0.5608
-0.3327 0.9373999361153519 -0.8898570606318925 -0.8384793202250189 -0.012812452512193668 1.0043889112290911 -0.06508495528083504 -0.11276305662978808 -0.4692913576780527 0.04091477930700715 0.336055646418757 0.5716389064592818 0.7499387793858493 -0.13603676524387592 0.05447562679216106 0.5949386186282745 -0.308547395392674 -0.20946160606113037 0.2597732732780291 -0.7705345376424924 0.23449639717205242 0.21048139349614034 -0.5931711641565526 0.734197907040339 -0.3787543922024181 -0.5844083685638151 -0.5636121186948613 -0.05670619243179688
-0.1874 0.0271 0.8153074839950298 -0.6471085988066213 0.791592989429075 -0.008839621675086711 -0.5028289838595734 -0.2064292039188756 0.8209721134543622 -0.894210856602474 -0.22087216244721564 0.7566128656200795 1.000822666647047 -0.3202652801419337 -0.0894968784709346 1.0247829273513747 0.4519153589709888 0.7120013717480772 -0.8017424646291476 -0.12980702142006795 -0.12747417371832342 0.3286016606993639 0.18455229093240852 -0.6037948060492722 0.46802380910914393 -0.6933446237850275 0.14150617745605024 0.6030907521408463
-0.4256 -0.9094958082095506 0.3688356799082117 -0.3013846387337258 0.4313414644893811 0.3517091693515402 0.9649380659157434 0.4682386866544349 0.7983907716633164 0.2724707456154817 0.9498345985814557 -0.416771029185725 0.29594667537849234 -0.301347412677788 -0.06438670775096605 0.7947822210298924 -0.180402817950698 0.8926751473459581 0.2603934199773245 0.8190835322359657 -0.14651615761670977 -0.09317630238200723 0.30890862569240024 -0.8675651746320475 -0.5955726642200069 -0.017160916410849904 0.6307821285520373 -0.5640905427488235
0.895300003304074 0.979930196756638 0.10384503457672364 -0.9205209713738534 0.9129438739531381 -0.2138912000516126 0.6517950379122953 -0.10961982959759925 -0.8940647303745854 0.7714899494022459 -0.7667059992342391 0.08403984897111368 -0.029446144891369545 -0.05347846406590966 -0.8893220212847032 -0.8374427358685074 -0.2791886396305736 0.124473091686648 -0.14464669301810346 -0.6517436505511722 0.8699537755287059 -0.8734969453602138 -0.76895085304429 -0.8761088155629054 0.6705581839861717 0.6663435762500443 0.08239421116659267 -0.5445395627447416
-0.5177999865721569 0.27077819421189664 0.5690170876439737 0.8194720984351891 -0.07727171764586752 0.5497585091130304 0.4401857290689419 -0.9164053634907751 0.05428147806766918 0.3490783927065118 -0.5743435626785962 0.3085785019760122 0.635923245123749 -0.6590934902307855 0.3041208042075923 0.05329021583929272 -0.3272784625104264 0.3936625249747848 -0.8060164567146748 -0.9251685873712538 0.3866234926940338 -0.12346161680107277 0.17292123165700612 0.5726802886357526 -0.14462045315684224 0.6433487290543156 -0.7521345200491585 0.5314426719795404
-0.4990999978199923 -0.5762970802791186 -0.5610281624785279 -0.646409863469128 -0.702071007531683 -0.8060548620822968 -0.12611608518448703 0.23851874841629025 -0.0642034340084945 -0.78930987476156 -0.39471444077824547 -0.8984193160513155 0.7662184975997807 0.8993432626182607 0.7731213026849356 0.6892173559813447 -1.1267574147727721 0.03234292943779215 -0.9661991091125871 -0.20368571936334665 0.724268638859621 -0.820114687961149 0.29735711875927606 -0.13071065284470942 -0.4764533656108747 0.1352754265707686 -0.49651588283485976 -0.6875657078475973
-0.3686997398976652 -0.08946078799339299 -0.6671650072731463 0.5256914781310741 -0.13781961267222273 0.5975748147332257 -0.3248174405099684 0.49546550725278776 0.7725332028113641 0.3816678131589767 -0.38554674645144366 -0.9684393852201141 0.5743877180031248 -0.7222578057009374 -0.5578540337516044 0.7567469077879221 0.5833203711865509 -0.8179444519922361 -0.08091085406765099 -0.8468385379105764 -1.0445341067699396 -0.1492210547248968 0.5129210083062072 0.21993648073401875 -0.019383516485179705 0.4809846010035635 0.5147040201948105 -0.16656748419266534
0.5040334799349956 0.1021207301863574 -0.24296572272238873 0.28271648435928487 -0.790272766050096 0.33881760370183056 -1.0341318850563015 -0.8389132378676329 0.617409406994781 0.7842938995070201 -0.8788291477252811 0.2166868716867017 -0.12560975239763683 -0.12794500377508067 -1.1381767211381633 -0.2133316445161377 0.2011282768771152 0.5108777958585312 -0.6676623215653773 -0.5060655561621303 -0.09406822708442554 0.5731223512933419 -0.37464226614161855 0.2056819354453862 0.476174177693699 -0.43470065550064474 0.319354026134539 0.8878835982879523
-0.8585924718357709 -0.46828545587243575 0.8845499465708749 -0.010789362680342342 0.29094936306337993 0.15501972556603388 0.3955740394381325 -0.5514519743328214 0.5421205836858275 -1.0840493650550131 -0.9719321845594594 -0.8760014624609144 0.38429666562937437 -0.3749599098705906 -0.9575113104559589 0.589816387842618 -0.4306564610138323 -0.8194906295485808 0.1379010728534071 0.024311230409770644 -0.49903465619477766 0.9046162706028078 -0.050130674568979496 0.9543680571822185 -0.03545878672442095 0.8891236617439779 0.8230109348193624 -0.4281907759605312
-0.5316966129653925 0.9571335421993722 -0.23331432841266853 -0.48091178378944516 -0.14868859974391552 0.15575745744034644 -0.3046750544731188 -0.256663756937279 -0.7085235445816697 0.04372944866078914 0.10220066978138262 -0.3883916503498855 -1.0002009810281476 0.7106273121692533 -0.7354852592666297 0.8863433091729294 -0.16810302371349026 0.8378449133984368 -0.2467046740189059 -0.9864949166130426 0.6210188832276352 0.7438581920046633 0.35454277452626304 -0.030230663445451958 -0.02998838703836493 0.1738573596634403 0.23997972333632206 -0.7309415259431317
0.17819976148183386 -0.23631500278049167 0.23836593310968626 -0.8442666915915203 -0.19166841652930844 -0.307995833142925 -0.393697842852503 -0.5147578200584493 -0.7570788354118638 0.22899599973885088 0.6865062651307577 -0.016716097943346914 -0.6236030437161412 0.6003737864509814 -0.5458832509563485 -0.617725439718314 -0.403079860713103 0.3296822486365421 0.5886747675729729 0.712590844778464 0.7449564195207998 0.2123643787241049 -0.7662858035175635 0.06547704870468754 -0.1527289232735818 0.9450152508235697 0.5458568250048528 -0.008758768440933953
0.24829993390383115 0.47889807077634877 -0.6845093399881752 -0.8334789727107046 0.6622074599631325 -0.5857408650481095 -0.7356217514986882 0.14640397113136494 0.5199288168534788 -0.846079532518062 -0.6488207663940975 -0.5974601028547085 1.1077110562993469 -0.7321798645409903 0.5509429331432317 0.18806938833885584 -0.7020651965674938 0.11521535602569818 0.769944256955535 -0.3485815195813216 0.5877532087437594 0.501682257219365 0.23282006198444719 0.9150497659987725 -0.5216419860471262 0.6325177274808221 -0.5558401874006542 0.6962645239722314
0.8416000685243439 -0.12873339488499982 -0.723556668449355 0.6341718018175119 0.3522763012376239 0.3769541739322272 -0.21395585677359721 0.18648577986468087 0.34681385436336065 -0.30854887580197443 -0.574109780773127 0.608221311938215 0.9872237440573333 0.9934758134779703 0.7800405270208554 0.9889312489985617 0.8154526700283229 -0.8017564762996172 0.0074147123581034926 0.16059550279849572 -0.01462560970175774 0.050808504896336794 0.48479906682194246 0.4146538352947735 0.9129489991472672 0.7199742412971336 -0.05805618938731284 0.016851220448715207
0.3019 0.404528128825992 -0.35007027682210423 0.6572664232027343 0.5718928554972152 -0.40206951293781684 -0.28388692626843864 0.18507169560715275 -0.16660502856938525 -0.25296990490207955 0.8697027983220104 0.12796043308557298 1.1243621816524374 0.9087580759074635 -0.12055915171617002 0.3782855850567732 -0.5081786803422259 -0.3879278474856985 -0.1682207264877458 -0.9312520221317522 -0.2539132312571355 -0.03223009965776465 -0.023423044626320125 -0.7835284582001357 0.9488320252278665 0.43152713100829865 -0.3441832255016053 -0.8956029828613857
-0.07870205152514251 0.9207896742806235 -0.4441888967869032 0.25635101488713163 -0.020031356285604856 -0.4861085056791209 -0.4130662044126643 0.24546301217466845 -0.7172622775691415 0.06811600101659236 -0.5332809736996439 0.38674161683023284 0.23401652652848573 -0.7312055611626573 1.0685073935929958 0.7831819440819637 -0.09550160421765334 -0.5773565272309171 -0.2704308606039323 -0.014302362471725092 0.684978589665899 -0.6553228208484742 -0.708572945179384 0.7202519054323567 -0.6737386350280016 0.7251047242772015 0.7580056529746863 -0.8268161290379361
-0.5977 0.0752498424338301 0.566465409738361 -0.5781003417843086 0.5866302355358896 -0.13808548727193842 -0.3253871304148755 -0.0820836454613266 0.9548341154042147 0.5060218614991693 0.8935202436256227 1.0265573403561803 -0.44852537060944603 -0.1538454070800869 -0.4715879034969679 0.9141049543815553 -0.19544998998080562 0.5964830137204598 -0.33821954391602577 -0.5238758901407078 0.45382743681699783 -0.2812079078554254 -0.6017058247415134 0.8228831116918229 -0.12956809827822907 0.2917507229957831 0.5255357140509921 -0.9250619042544064
0.3429 0.954628901762219 -0.11812277299677233 0.09440452581581357 0.0556358872099895 0.2449210082364604 -0.10719033998376423 0.6599588352133281 0.050387352080115626 -0.0984558495621647 -0.20913169806335702 0.4894121265531034 0.5224782561029278 0.4839026398494312 -0.7408904411734707 -0.09645799112446303 -0.3933714908482794 1.1211213880113877 0.8680340947450024 -0.5508309155229977 0.4297394618767435 0.914266562521739 0.9407051275512809 0.8942596169338168 0.6886384365612719 -0.7567324843055383 0.664264829690905 0.4044999995243799
-0.12839994892542725 0.11251734557918128 -0.6016614591987858 -0.1050944456664672 -0.4897616260167532 -0.6815141329622375 -0.02910480718911335 -0.1913560389204946 -0.7323315878289667 1.009206188850319 0.088634317047856 -0.71407611867656 0.21297866733916967 -0.09114414077259252 0.43046394415454375 -0.5649713722971855 -0.08074566131191326 -0.340697400512318 -0.7955774431817699 -0.36838927229104124 0.29063995953358024 -0.8521319974778204 0.22794760611433912 -0.39451924096401264 0.858025842072591 -0.8966088916193323 -0.5344098683583303 -0.27110000107546084
-0.005199950512605224 -0.9306000993943072 -0.7545861446240874 -0.4151036956162602 0.836420777272035 -0.2714570942925217 0.6132252559037799 -0.4066882479064739 0.3716372027474721 0.5273170308975956 0.7119008835971223 0.32825783017177956 0.012229832126748547 -0.7221133831285867 -0.5078208263278864 -0.7545819522233616 0.25442389204470056 -0.5546854947537481 0.3533569268379051 -0.3404042661591605 0.014053525364778878 -0.7200091775224889 1.0265666628113657 -0.9417610875316434 -0.8099308881745263 0.6399085060212056 0.8978829693217736 0.8924999980136682
0.272 -0.2113 -0.3780252546459413 0.15534995599330134 -0.9662328166576623 -0.5180962314942524 0.9597483216535381 0.24951657280783449 -0.5069066447813475 -0.9280493037643137 0.4161713382365121 -0.365603841390693 -0.5221232613738158 0.16733996391467293 -0.6435635911121418 -0.4377012099437382 -0.5158985421838509 -0.287544285860153 -0.9297802547813914 -0.4394016220871778 0.1977994417493873 -0.44809572429605155 -0.9142595616507693 0.2608454339047564 -0.5445107438789283 -0.6464022094463356 -0.4501539972155664 -0.1094
-0.9584 -0.5497 0.20574408477246925 0.7189235107484622 -0.3693249712547601 0.13486587023381016 0.24810790272221064 0.22794860260830746 0.6614657072946676 -0.28160398953952864 -0.2798327645024184 0.20416738808269533 -0.23849893362282024 0.5581858058473155 0.6439519108635734 -0.8822530472851504 -0.35520421779992756 0.17709173004340797 0.7723610656191688 -0.21015019693974493 0.5425749981151627 0.45294042376686894 -0.31257178442203387 -0.32541938354888056 0.4470880701501748 0.035929244786291545 -0.23033820576270203 0.0778
-0.8143 -0.4507 0.8852000841709358 -0.08135695941937457 -0.87877863256545 0.096016910157441 -0.834598292079036 0.332877553541405 -0.41366663468032544 -0.9256842491858038 0.14495482655870262 -0.7123915589145351 0.008312877720352527 0.3730604712915121 -0.325462929706749 -0.847817928418876 -0.21362354914018208 0.15212332195933412 0.3228836724629221 -0.7011027335672573 0.7296558344583268 0.30393534331067595 0.8687564625306506 0.7997197741902645 -0.2015830705393668 0.34073243311418866 -0.825122197007624 -0.8251
-0.6626 -0.017 0.3378 0.2547814686800431 -0.3853397567147141 -0.969544390968801 0.2314114815095102 -0.9948808715761921 -0.6775842122761024 -0.7066512591411104 0.39494349119246447 0.4755335342873296 -0.8674345043076651 -0.7302175938262792 -0.7995701289813 -0.15481858589706593 -0.10721499174344438 -0.37662097942921985 -0.6504102136173926 0.0073508365407948285 0.9320790135647832 -0.498740177467293 -0.02615008874448999 0.7954678329770347 0.6643995534138689 -0.7970001614043875 -0.6263 0.8772
-0.6458 0.962 -0.9425 0.7636 0.21829852820132967 -0.7097024139849119 0.013670416559261003 0.06642795171469777 0.6871928600369697 -0.018540097497580437 0.60243313990666 0.14667412939281566 0.43887701753278263 -0.09009285123539787 0.06759882091354169 -0.8225131653152674 0.9576245728426432 -0.05049762124144263 0.6208426480925402 0.8107394783817516 -0.1666755498671 0.967035439723814 0.23460607129123456 -0.5593874404380282 0.9289 0.2238 -0.5808 -0.3151
-0.4655 0.939 0.7351 -0.3665 0.171 0.6544 0.5361 0.4629 0.0107 -0.4305 -0.2223 0.9884 0.6101307204324907 -0.3819327278238864 -0.08899999635496103 -0.6954999998481055 0.3837 -0.0152 0.4381 -0.6504 0.9865 0.2371 0.5968 -0.9339 0.4033 -0.5041 -0.0647 -0.545
-0.583 0.8216 0.251 -0.9021 0.3596 0.030901363736868397 0.13975739152056654 0.5192672325622346 0.41021124237751533 -0.1615142206003354 0.23410811537434523 -0.6885295014456595 0.7504117009408188 -0.9548861589251226 -0.9954578655439805 -0.9836380886601519 0.35980119045071485 0.28990955219348213 0.23657397693506116 0.041794459510753064 0.8071538497577253 0.7770129192354666 -0.5942120655685453 -0.06845015028591096 0.5022 -0.2689 0.2054 -0.0062
-0.1809 -0.6781 -0.2915999716755532 0.3916006889434464 -0.7172612439570386 0.08167768130660515 0.9214906779433111 0.30149952134645436 -0.24354371469586486 -0.648292588673403 0.9684797168125727 0.40014363758752264 0.7878703172623888 -0.7248981398647599 0.04411293455726562 -0.8188792537141588 0.045137463851423566 -0.3432920869999739 -0.3006539616454088 -0.1080376383772274 0.33181515886943225 0.5862383685495668 -0.7803935984122757 -0.8885151624950418 -0.3337840762426333 0.6292234952962079 -0.9599 0.91
-0.5125 0.1631 0.9855001449631663 0.5358026371578771 0.16477867118366804 0.2142904236574366 0.12495095003469564 0.7745073401824878 0.05510761348360036 -0.47696177902479947 0.17983952553798502 -0.5913724920448972 -0.059430778739490805 -0.05433714463776869 0.10740236722673142 0.6848310845737113 -0.315077385315135 0.07925051972093833 0.02504064980429167 0.23714109316042314 -0.7457736493918122 -0.04200379374025726 -0.46433618684802386 -0.18897189250992374 -0.7595907263268218 0.08679400738219281 0.8752787267250112 0.9679
0.3593 -0.17799999972904734 0.23240037776179057 0.5245919761767055 0.2805383679672741 -0.4607228883802695 -0.3778933278777665 -0.7799652631275049 0.8730903083284813 -0.21368736593539692 -0.4506711139863423 0.2759509243216842 0.15118417941171447 0.8713472117894582 0.7436308282775762 0.9846318977604714 0.20433635560666405 -0.2665138344490652 -0.7128251926849485 -0.7555489600035005 0.2847314873620594 0.7556571287486861 0.9085446731830006 -0.9051274810408053 -0.7098881710887707 -0.18497173861273367 0.7493661777288209 0.35971286860009116
-0.8116 -0.3759 -0.5476174155982235 0.2462056565355226 -0.9671536751351795 -0.13883146044734485 -0.4664582126991288 0.6168919017905925 0.6524796859428179 -0.40803812007736284 -0.7746046980710034 -0.827538415260942 0.6587960789588636 0.6251135477483419 0.6892997973248044 -0.12590450402023962 -0.03597371112292617 0.5238738220588453 -0.6818872134172547 -0.4353042469586359 0.8573979978291594 -0.9514849631628991 0.9214503633899364 0.364625170280527 0.39711326126074004 -0.7355635372851536 0.8774472269612386 0.8592849465867505
-0.2747 0.2239015168098927 -0.3274511856179898 0.8760682798796364 0.5245414056703731 -0.17743711673141752 0.3158533717859013 0.43898501129290446 0.342925893146136 -0.5258738299914117 0.9968735841486088 -0.6023581067618389 0.872493200316816 0.7261148465468982 0.759967622482004 0.5410762846800452 0.5566893148249306 0.1742549020551572 0.7960015302767532 -0.7382770050333274 -0.6601739508271143 0.24265894558170822 -0.45251796888737866 -0.5728163994381386 -0.17993233953008653 0.047278312592703174 0.16107652065730485 -0.6889505688031805
-0.021100022413831975 -0.3637857910063355 -0.5354388229406332 0.2294503710995603 -0.41946360415860645 -0.7898863071636532 -0.20362677803041684 0.3915055684652926 0.9234739238941807 0.5746927470696801 -0.15106598973480168 0.08784618274091276 0.627996758310714 0.3424575355229421 -0.0025451480443783835 -0.6340869194876395 -0.6260351620882475 0.0332065314758185 -0.3669220281267106 0.48060236512469173 0.3857773474145515 -0.5498649897881002 -0.3855354363675519 -0.8875508917537716 -0.8322643141217103 -0.2655462642165292 -0.18611818956312912 -0.05323261532089647
0.6854999089096031 0.026826753303904886 0.09592527697792905 -0.20772432132333288 0.714673604448828 -0.3983706009204848 0.5386687142366785 -0.8431082284982403 0.6536576572194575 0.9284756763190917 0.07800537698249968 0.014675540542589014 0.403486362730732 -0.17379607490706434 -0.5265106584107391 -0.03704129385757596 -0.3743062526489404 -0.8912185044549755 -0.03683492348868382 -0.4679124608430885 0.4965225714284001 0.6662666338151835 -0.2649326032096361 0.28592135602921875 -0.6736173054396327 -0.26850492146657634 -0.2716913501571408 -0.061138356639812146
0.5412999852114924 0.020156671995364674 0.06450759833883918 -0.9080597274111943 0.6640752007469269 -0.5423961177500842 1.0453363062294125 -0.5869059599889475 -0.27621447907895974 0.4951169481246259 0.6607399663519827 -0.09185069122581506 -0.7047257420737312 0.25510279091804705 -0.8000798588811379 -0.8482781153454222 0.18709633407032944 0.46370327931880034 0.3995074352863037 0.6747734713417031 -0.5051913240700678 0.49876929353043753 0.9733969095960209 1.0084468519613257 -0.12759418537405587 0.9302095284721694 -0.5446084856257822 0.6571261906159765
0.23909305831843325 -0.3106983492470941 0.18372429116547756 0.7065261401009918 0.596969461175142 -0.3312956247758327 -0.11773127631690271 -0.6995372695774712 0.0798770339108064 0.7953775009849576 0.6471270528493266 -0.39773685143756177 -0.04686391630496417 0.9852262236724363 0.19475668205291372 -0.6451697367384442 -0.12209287552772957 0.21466194914351627 -0.02623661014309988 -0.7304571478460307 -0.6886231067424285 -0.5928669475844368 0.9685097029431408 1.0930989344359596 0.6603011610829281 -0.22297629415811523 0.9127551847633727 -0.027410762226364373
0.009306473155256264 -0.5160905716600914 0.26075511903968845 0.7660530205646231 -0.1683030289487562 0.627056631616576 -0.8808772333327493 -0.07137350432484894 0.775064892689493 -1.1059899840686378 0.3549419800996195 -0.5077726700318129 -0.1789253450994121 -0.4312772136418594 0.7900514942118193 -0.7372806940347573 -0.09809987514188855 0.5899308864622407 -1.0841685450052385 -0.35589137643088176 0.5862731484597248 -0.7940161405361525 0.14585508873601433 0.40036804064999965 -0.6967506553796081 0.36348092640998764 0.07190806721445982 -0.5753450034377277
-0.6218009587397811 0.2429339053246165 -0.44399536282218793 -0.43642148735302666 0.897067071288778 -0.1700171266591196 -0.5687138839188994 -0.6983607021005619 0.09171374333850815 0.14923743608356566 0.975923886665974 -0.3482250694419859 0.9873022367803487 0.7284226633577964 1.037878956432424 -1.0004849157824331 -1.124804252328067 -0.8831899632085924 0.6653592878951502 0.3502710718498624 -0.1676434129842582 -0.13000113171279848 0.05605591305836645 0.7409099605860412 -0.3503909188277267 0.7381370547248313 0.5416075404548407 -0.8297181347790095
-0.6399999375544371 -0.17400767133619527 -0.11016299553413819 -0.25672845994490445 -0.18033806027948018 0.362937054510758 0.21851254470854825 -0.8904882414435349 -0.31957447057156646 -0.0683385556800908 -0.08670820367860933 -0.6837844258428408 0.6472187920283429 0.9430573135843408 0.9638517841488833 0.5398028513848782 -0.4151665276730569 0.41338858893512387 -0.463364266814594 0.18902373702774838 -0.21060659476584387 -0.5062689893637922 -0.033871746099721795 -0.33219571266132947 0.2879354980175103 0.4041237380568304 0.5922465151298532 -0.6182599291492862
0.7694004533183498 -0.8973164140644759 -0.8356203326076057 -0.7267446530892263 0.6992052215656739 -0.06882834045657384 -0.8924766224360164 0.8076216493112341 -0.7194636811881063 0.24987222027876865 0.8094444287411969 -0.10834863002505465 0.5427588867224581 -0.028216628298079825 0.4354163542222726 0.05367037926076861 0.6149132717570709 -0.7258888589042768 -0.8348834717169531 -0.5645791832982895 -0.165318276042888 0.40539940450063605 0.3228957832729926 -0.9071430315507263 -0.3033035848024043 0.40723907379082597 -0.5486432951097384 0.9883598435487211
0.22169832975333395 0.551845206840546 0.44849420471625884 0.1106102202567089 -0.08682310938902245 -0.2920086825229856 0.473853746715546 -0.8015490686840399 -0.8148034623292868 -0.02175112772612443 0.890427191252808 0.638675760531663 -0.4221943781742592 -0.0038557660465705413 -0.6963720254727176 -0.7758316975354924 0.027395049081425944 -0.59813344323571 0.45325222075688737 -0.25395116035102694 -0.6562726380961665 0.18398119614076838 0.6345033649461973 0.31809601302727725 -0.8449275453270266 0.7879374520624219 0.13091095325902513 -0.4495716980633956
-0.9512103764692392 0.2968470272217952 0.4328284811443873 -0.9500324890706798 -0.46254064940306566 0.18692163989492025 0.621319072278106 0.06922492275790873 0.19281358032264662 -1.0405491283273456 0.567742743091401 -0.7817841892365935 0.879494372842407 -0.31381710529060697 -0.9963279006578002 -0.48978998131912477 -0.08424061161520223 -0.45590994200454266 -1.010612523312975 0.6677605504774567 -0.4035777737184638 0.4971089342673631 -0.8092582856727537 -0.6500169883372586 0.04779210435028352 0.5620441901593868 -0.5502868820813915 -0.9683018651510817
0.2722 -0.3744840507007741 0.44377096275696565 0.15267876249796936 -0.5372943003264515 -0.3072661220755149 0.7555085531213318 -0.8149151523280269 -0.6766579548710313 -0.5451506598895987 0.9161329086280946 0.9195647450166488 0.021687428453615362 -1.0256829481641687 0.024141983175111487 0.15870907233644133 0.44728596860330505 -0.6766692407913768 0.25833202711527803 -0.42555375614602164 0.993521138185307 -0.21537934811671516 0.3749606080925992 0.9743071129005497 0.521939606010363 -0.9677335178767497 -0.5726842711925797 -0.8245980361363289
0.5094014001268722 0.8209078461842458 0.5384669088633358 0.24037528883036594 0.9058328600812329 0.05603454334379091 -0.7088445314227639 0.10685322787352954 0.7103152486244544 -0.19859986218280443 -0.5815569455931413 0.3321262994794528 0.34684207932383454 -0.9326410925382392 -0.9982851565460814 -0.03654738146486677 0.10088081637291581 -0.07712366704004742 0.47634555762861164 0.7499601348140075 -0.891211134829151 -0.572465439933252 -0.617334434872961 -0.58150559600059 0.6053598600971446 0.5100825979595657 0.932776050447799 0.10838360980385385
0.4781 0.38788641823305564 0.377504732623515 -0.741320259617555 0.11404105480710608 0.14750751374917936 -0.014683939109956213 -0.3398255252951945 -0.17484947122359717 0.060754309521125205 -0.14039248494081066 0.74225658923762 0.5904167246055227 0.7514431492312884 -1.1292431947327393 -0.09106886463017502 0.9171723358903039 -0.16221378436575376 0.44611822245207283 -0.08395660071082131 0.9116611298150604 -0.3920345860683998 0.47811277230923765 0.5319738858798092 0.7650631628574815 0.4590429492950373 0.18911550404599956 -0.3865606225042576
0.2927 0.5151621928497788 0.5829248018752592 0.8167178705512 0.03554463743024401 -0.06652905966149253 1.0453270073400147 -0.46254503788592616 -0.1208552232580181 0.06960614268174574 0.5255771111817154 0.408691171659976 0.2266211203522543 -0.26151207455664005 -0.047542328224977615 0.921146921776766 -0.355288768270822 -0.34804100413923184 -0.319635944004943 -0.5887388538897818 0.28395973425174065 0.4121216582798105 -0.8942954151043427 -0.45985431732067195 -0.5260989652158343 0.7073706251293582 0.6371536297304423 0.7810999587676294
0.28330003355514066 0.9211058438285094 -0.4546641674973058 0.21559987710682577 0.0056243397326532505 0.977453748169775 -0.6909124755259343 0.18640810333279229 -0.7191820567270738 -0.6737714500550668 -0.02493635716876431 -0.7061343811343893 0.4333581456446351 0.659345217203813 0.9047710961772721 -0.11262784301891524 0.5993073191450004 -0.24574055237251533 0.7454195263978461 -0.6194852997319463 0.8450790705035743 -0.6971104207632177 -0.49342752273162255 0.6650727620323068 0.9114440802020193 -0.871120110435548 -0.2699535035409927 0.44529998552856226
-0.14379996748760873 0.3364152568682058 0.06769494375770502 -0.24038282941071776 -0.12594297911757965 -0.10276453987473803 0.011063486818085028 0.4137200606445041 -0.5535704549294206 0.30169966741509496 -0.1489579242550353 -0.30353993097519943 -0.4546694314073564 0.9097240722730313 -0.11945596522098363 -0.6934368223744006 -0.2643290176075888 -0.037183331305148976 -0.749304830568063 -0.052323870163554366 0.8249406901794564 -0.8356481976771459 0.731945608624849 -0.16348912476102156 0.7912240540424036 -0.9863842139794748 -0.7807700939627177 0.2611999732718508
-0.1303 0.8566 -0.7402791547512638 -0.9385118788448572 0.4843815799447405 0.9283906120778159 -0.383259178594687 -0.50455159084672 -0.15048401353788468 0.5660327165543839 0.3124564479035455 0.9593863225463247 -0.6070826758372969 -0.4734915994376724 -0.27756791598672015 0.7583494741886234 -0.15846246661344582 0.988767803723309 -0.7838637415532496 0.8364121774168132 0.6188963838790162 0.6213874714555038 -0.968162617296463 0.5016043493727222 -0.10732374987412023 -0.7822949645457565 0.952466237595397 0.0734
-0.0941 0.5355 0.8911815079062118 -0.756977520540223 0.45687291150875475 0.4520287968644867 -0.3486526901776413 -0.31011350614798205 0.2110518928782677 -0.2569689683685472 -0.19761003882793537 0.0768764571156337 -0.21723930520303225 0.18106917151380905 0.7571655677072702 -0.6740707323779489 0.34684255377098067 -0.2564205772492406 -0.4038938419794196 0.16646962621323758 -0.4570754783098057 0.13550741758773452 -0.6482163903921399 0.7678329247423626 -0.5465253021371855 -0.24476369987223184 -0.029260202624742902 -0.43
0.774 -0.2961 -0.9720920825664844 -0.67280156263383 -0.17834913915515185 0.6480357903024537 0.0405937292870197 0.5262509922548724 0.8185830010952168 0.1306906890667296 0.16556365872476117 -0.7719675315869405 -0.5168338197653493 -0.48420937839595746 0.04828792391276272 -0.7526970176046875 -0.2224880554704754 0.34757575184930123 -0.38306298393004495 -0.1425519602663276 0.7060685805707314 0.9344356204866604 0.06910721854253511 0.8664460529690692 -0.9772342288701769 0.86435647375234 0.6434300009618262 -0.7583
-0.9164 -0.1686 0.2148 0.5575993936076022 -0.9854480904093016 0.23992717587731224 0.35922240004255257 0.24385803971474368 -0.7163878674066653 -0.04806183438394319 0.9341716509777986 -0.24259035324680964 0.4670323764487135 0.8695007193035941 0.5064756271096688 0.27786749263095745 -0.8906840041336326 0.29237314538016834 -0.0007104204213379878 -0.3936559424484974 -0.12218303466395773 0.7180969962335794 0.1490288731673576 0.7744267836309041 0.8284971759687546 -0.5887002374125742 0.5239 0.3623
-0.6038 0.4534 0.1976 0.7432 -0.21163233894472597 -0.4460926190908279 -0.23672474313086359 0.20191875640694631 0.37978102645261025 -0.48662557346809265 0.7995277239538984 -0.15608536551218255 -0.8266126106819426 -0.5181097387475614 -0.8397224861998785 0.4411168724780733 -0.7510478279448812 -0.058414277522380265 0.21797431569931175 -0.831600267961643 -0.8709317254604476 0.8549046728014265 0.011713353093929865 -0.4620150913319116 0.2895 0.0514 0.7116 -0.2167
0.0822 -0.0944 0.0982 0.956 -0.0337 -0.7103 -0.49 0.9782 0.1215 -0.9963 -0.6019 -0.6326 0.2267999973263239 0.660499227227381 0.7783991466076455 -0.7974000355622124 -0.2028 -0.1842 -0.1434 -0.7394 0.5647 -0.0319 0.0233 0.5683 0.9534 -0.3552 0.3036 0.9401
0.0473 -0.6107 0.5498 0.7405 0.9341 0.8644001976032938 -0.10679008691457424 -0.7629761634802252 -0.058233522387778125 -0.9825015108181792 -0.08112284303214248 0.3351754441521081 -0.04101940610925934 0.2389496785302163 0.07810709294101417 -0.5651364587245964 -0.6012724389370265 -0.9844115197456845 0.6348646449935169 -0.9091274001661876 -0.1915450884234109 -0.4251934030164621 4.7449869554897745e-06 -0.1310605834069856 0.1723 -0.5354 -0.4292 0.3241
0.3304 -0.0099 -0.6015999411179498 0.736000004184282 -0.22067380705275694 0.009306295913572151 -0.9703614356581454 0.19646440865730405 -0.11455351967145949 -0.794950136810987 0.8205066330462445 -0.09105082622936458 -0.35526003697666053 -0.4159217971275126 0.6853647449577388 0.30399830146419915 -0.20155852589523968 0.42721215438617144 -0.31033550553193984 -0.0808354576847064 -0.7586000598703038 0.8070508142296773 -0.10064233705251793 0.8825760205753317 0.11618288027672044 0.6225026204845382 0.4697 -0.0023
0.2816 0.0697 0.5785999537285489 -0.6653995019460496 -0.10269499545043313 0.2752977368039884 0.8160115083232079 0.9960951117790998 0.4116841370258185 -0.005074706283078679 0.1939038612630565 0.9752165600985822 0.522257011814535 0.4090303111198291 0.38423898705782666 -0.5754902867022337 0.22578907879094556 0.0999043272472716 -0.45178059324834874 -0.2836300062319445 0.10073777812771069 0.7738860056186377 -0.3392515667256068 -0.22293500348753034 0.9982816755138266 0.7149781806194836 -0.3742990506427458 0.3237
0.4392 0.010900033578845161 -0.6702093116961233 0.1481295111591535 -0.3046514743254424 -0.24304996843817464 -0.34546292895892444 0.4076405592265305 0.43122960721406267 -0.6368204297342195 -0.8977529639414681 0.3520919919795741 0.8446683047243942 -0.7065736842513526 -0.5635468261446669 0.4820469651163674 -0.1282078753255922 -0.24618598956283544 0.885091286042625 -0.5219653775788966 -0.2030299789080689 -0.8183276894795677 -0.6216656117395049 -0.36714355448084834 -0.4188988447694871 0.5517304656920454 0.08254987610421542 0.7347014567914799
-0.9158 -0.1856 0.011570280614901611 0.8262851665977637 0.5500590457440856 0.42279176418732667 -0.3152407543411065 0.4550906492609904 -0.9807335060995745 0.5802556792309879 -0.2068464979354471 0.6354254925886669 0.08654854348468015 0.7873922457114312 -0.36247115326062207 0.17381356117682328 -0.2540379748295947 -0.36988415077749764 -0.7458758465738158 0.864011966714369 -0.476046454370953 -0.8067109306429051 0.1429820996244305 -0.6701695197179649 -0.11135966248480691 0.058593442318135146 0.09031067827027078 0.8545303095877768
0.571 -0.987799394833567 0.8783468830179428 0.2351112392261717 0.07053520422909311 0.6394389441368501 0.966281991891258 -0.35045197956726387 -0.6451824339882074 -0.1087513951031866 0.04909083977284494 -0.03170093360332164 -0.8317461766617157 0.6087631897200027 -0.5240972498078978 0.34882601615021275 0.4529741586704611 0.18680044164737916 -0.8394849016571054 0.9428860880161719 -0.16467285338130877 0.7141141681397434 0.25092545811551764 0.43666542590986335 -0.4256728032912546 0.8374039307370064 -0.3175078468712681 -0.1713788425447155
-0.005500006729463246 0.2501460451779527 -0.23282805383755345 -0.7709046530440179 0.1303714081760173 0.5394064997271387 0.2837811469955326 -0.11789141273016464 0.6295251128672105 0.19008392321613118 -0.058415041114324974 -0.33021379322016664 -0.2193542465427392 -0.23758840507154227 0.25968683255113645 0.3255902413112638 -0.782288041065705 0.6936218395609841 -0.5247610719287151 0.6314911296757532 0.3141600013449682 -0.9321664002771529 -0.8133275783669968 -0.7993026699102159 -0.5009184961765814 -0.8712684189978223 0.20592182661322034 -0.1371655724385891
-0.3451000273487139 -0.41483217941698297 -0.4767535984598446 0.8287574984008318 0.7301728340301512 0.7485475609040186 -0.885825806440801 -0.17538029804580893 -0.6399168138580216 0.8743824897192514 0.4726233332470747 -0.8137201399943819 0.5842216460002656 0.9225197135547375 -0.6341795459488654 -0.8714826964016557 0.06315357772718015 -0.8086242753274774 0.5228352863881249 -0.5580636160477155 -0.20445976845373012 0.3005437354514801 -0.9241032050796014 0.4037020186513038 0.6973943510029453 0.26099443183677873 0.7085726615256545 0.22259831093758656
0.2032999955599418 -0.14772852598997113 -0.1698982041860652 0.8882392890528228 -0.208850781236532 -0.9558815989338556 0.9623713199138259 0.4953327523622137 0.7925659923349623 0.8408307093175205 -0.02189991841968701 0.21311536325354657 -0.7669722300534395 -0.339946246596024 0.7501483354947424 -0.7861619306252289 -0.2749930951065786 -0.3318617078396454 -0.5886300136628041 -0.617284682699896 0.9290405355628967 -0.635278787468139 -0.7046435706019993 0.3499374491181142 -0.7639094492483675 0.8790626562954702 0.027258900284285494 0.03615010355723954
0.9948999879418806 0.9569661250908277 0.7127298268824168 -0.16203252052413716 0.6313907891955751 -0.8302141404077514 0.08893755040458355 -0.7359919992403351 -0.1823161105340974 0.1161936812491075 0.8479380434744563 -0.30994461359981373 0.9892542261805259 0.9535756955825002 0.7571355464282697 0.0026099793969375186 -0.04828721227002709 -0.3910571588059433 -0.8990807761344738 0.6748566219079362 -0.3487144746427577 0.43667161153631895 -0.938309227563606 -0.5961240268427094 0.6685850629282604 1.002948360078277 0.9936211275045902 0.6266220654398676
-0.46560155378566165 -0.9426641992876328 0.3713850529281369 -0.4524422183673627 -0.23859549138373637 -0.08814419414633146 -0.19162341472558755 0.8145288223293446 -0.48678332004474234 0.06050845153299804 -0.42517534705957316 0.09634540205843667 -0.1939769817295328 0.6748314397132983 -0.3153047126203118 -0.09421377983691637 0.09169777010306321 -0.8430077682026191 -1.014967809389649 -0.14417493696108566 -0.9140726765523627 0.3755122753816863 0.0033149535751957012 -0.7047891350342071 -0.6611003785907665 -0.63331369092001 0.3173387998031239 -0.6456771114768197
-0.23370043180486588 -0.04272273115922766 0.8862028474495943 0.8217441752737633 -0.5565655056192237 0.536848166621797 -0.27441165855484656 -0.37773558593323514 -0.0016364940959663619 0.14980065036453646 -0.4082838088064691 -0.08354511836199159 -0.5781933111153287 0.885410914664164 -0.5497115294291626 -0.46230113298198205 -0.3013883240154327 0.09108946707713063 -0.8674846094653782 -0.15628376470978247 -0.8206897328631253 0.2902062099177248 -0.26972585036184404 0.20723017600600357 -0.39265301666568 -0.30177232653515834 0.5605750000976137 -0.8979167434612342
0.6028008512178731 0.007679773403326371 0.6936278459996098 0.6551767100947806 -0.5601355274678058 -0.2949484596636242 0.039645758531711095 0.5643210973742151 -0.9339125528263589 0.5808822163679936 0.08515468299407684 0.5553237448648359 0.984861555044982 -0.36089076428581934 1.0606732103030303 0.4712329806239543 -0.12648482618213935 -0.029410454208362063 -0.5541525687328301 -0.3630682172257253 0.2760127482837768 0.29409148427994586 0.9040175957652237 -0.4897180283149959 -0.31205991175663034 0.984350500787131 -0.5707172815486112 0.7299387219452913
0.9325202675855069 0.3800332401182115 -0.7263922220917426 0.21009243716589146 -0.048413152241692806 -0.9353652101191493 -0.18238150308899792 0.03872229470961221 -0.6155594893741708 0.4585665859625521 0.8094243489184 0.5359085865251886 0.4175970664662594 0.6202780323069876 0.8110433429651962 0.3285587704297586 0.09306954701264053 -0.961255113059345 0.05093681486073207 -0.16348148438200893 -0.37850054795896326 0.2768822529784762 0.6636239542743781 -0.2686602066329577 -0.565470178596801 0.16089742514972444 0.9362338478993744 0.34589113139192446
0.7650062316987686 0.3469735966885486 0.4305090073402894 0.15161978908353668 0.3309688880572301 -0.9113711783161316 -0.8230995830120543 -0.5007558003055386 -0.8035900225801235 0.2606513111624189 0.5129380315151261 0.8984945954638277 0.9466909254674344 -0.24723528426207717 -0.3400731808296957 -0.24767934556737684 -0.5767618180240611 -0.04791394979827479 0.4467472489297642 -0.44623843928953166 0.6542745535567387 0.4896366549018352 0.795534558541461 -0.6320825730963191 0.32185123041820507 -0.6079042263999815 0.7278897400777518 -0.9655788584239381
-0.12560231206666578 -0.8786685515087599 -0.06349906762930464 -0.6496385678747502 0.9293331879967914 0.40359389831501025 0.3039773256390678 -0.9928410856540919 -0.9513925756231834 0.503887680710544 -0.7236435653231585 0.9550681857408091 -0.21793165571694065 -0.820041324498554 0.3737213759924955 -0.2910143950237196 0.5098795781121347 -0.5759103877271786 0.33186919721250874 -0.9459499827444846 0.438614467892073 -0.5608960339456573 -0.31011190823958196 0.01386932917005286 0.3394904871338453 -0.1886648288116759 -0.12302030238101193 -0.18630712986918507
-0.9162 0.49300053070855027 -0.7084640621134498 -0.9968327916639242 -0.7014616601188045 0.032292018546716754 0.4299497841587292 0.6844109056331699 0.8744223835098572 0.6539072044629133 0.4919563942724324 0.0669657191709319 -0.02095188706589831 0.5747736099392806 0.8562361537934455 -0.3700813769679669 -0.0075779173176636445 0.049515557568879064 -0.21073146575361593 0.14685912341414484 -0.21948287027717917 -0.21908969234078038 -0.5027181747439782 -0.42348533399029803 0.497861429986816 -0.28110687789549493 0.8353059049714578 -0.20177228993442264
0.68910052085517 -0.6599004449377618 -0.7500302474161975 0.7680644203193933 -0.659146961138872 0.07562966235723706 -0.21571799112576434 -0.468745885692661 0.17008739603910214 -0.08013536828841565 0.022113521269092634 -0.7243352974768845 0.05884185632080553 0.6313284908902097 -0.6761128557814831 0.276162151046918 0.4073132003658233 -0.13215007099852397 0.5440252002906308 0.1056244084919843 0.9175991720403712 0.587646728310207 -0.18478469306985937 -0.6480238497815658 -0.610737208063955 0.9946514127042451 -0.203560531077331 0.9345938890999885
-0.7751 -0.3963778786883831 0.8882056442043768 0.07699015169086756 -0.6280530196568607 -0.7666166098561329 -0.6642530514036097 0.1874952511718525 0.9323774626876492 0.907098266727483 0.8424471300743392 0.03532324726335734 -0.7970198468359909 0.31272117121325366 0.7061750282876347 0.6048443840664854 -0.2227054032934466 -0.04492409517965175 0.608703834728708 -0.6813102989232391 -0.12496790985428849 0.7476276876526197 0.772435147607795 0.5547199438323138 0.36048591176133227 -0.31249360971596 0.6694423556936685 0.23502313692207355
0.2551 0.6919795291714768 0.8358388648933308 -0.14383023680203932 0.10921246516777941 0.6828647846667406 0.8570141284201735 1.0975409216707983 1.1329376349827742 1.0553484599957408 -0.6812250375442757 -0.1241879282817818 -0.8373763476428804 -0.44168297822137365 0.356864575523721 0.225695207157156 0.6129852478822503 0.2085549968347135 -0.7383333688412679 0.5905840918557368 -0.31274712467972415 0.05325428279142856 0.603750902937631 0.6480576895897118 -0.8283075462309315 0.5814617090747667 0.9934595521917082 -0.18989988453913204
0.21050219122684344 0.907792579005445 0.9781474759949221 0.726051581828584 -0.291545410221733 -0.9721939353670846 -0.8208917231065379 -0.1269407925511528 -0.08010800831477068 -0.6830158009359778 0.6902201730426905 -0.2957161251904296 -0.6954258380302764 -0.015083752636393737 0.3635112198948371 -0.28474046945090936 -0.1309752283350801 -0.8045272908818685 0.052294830152828466 0.9206066962287296 -0.15448698719926676 0.4207578878567795 0.47493290825682477 0.7416495726544757 0.2223241697031886 0.6086293368784161 -0.9174118122708796 0.6498999724882856
0.9493021231329416 -0.5797881709053682 0.47683423131258956 -0.771396152965619 -0.9079378565621596 -0.915244846902093 0.014815108746545888 0.9309942392131105 0.04035600426418501 0.01745285704251944 0.39823892713441694 0.5324094336769419 0.9627239282682639 0.545341480293921 -0.2791314326511657 -0.23864684045097823 -0.8170061586865979 0.5568403665711277 -0.6448346306216873 -0.19752189714759597 0.48418407960603943 0.7597765978418654 -0.03835417417309083 0.13581391675715884 -0.957790979504585 -0.5027229485585166 0.6413630455900285 0.5700999491869971
-0.406 0.4942 -0.6706521428688392 -0.026271894728464945 -0.2925609245285554 -0.015287209213469084 0.9349629289548053 0.28570065913260606 0.25002416985297105 0.12722742705417103 0.8191409182272651 -0.9034075215377205 -0.9059733073074274 0.7730408843802952 0.5761693952638607 -0.5323049838246 0.4243717247590432 -0.13932849778441025 0.1083731092334282 0.054534916880637094 -0.8107702118590219 -0.10152706180314618 0.19224783944684826 0.6012524423408294 0.37056463622289304 0.8020615087677366 -0.6985933313462841 -0.1062
-0.887 -0.2572 -0.9864287329637443 0.1388478024021994 0.9731424531590035 -0.28680238710186956 0.5156752195677103 0.38737896825595974 0.21736471215021783 -0.20430894499949773 -0.6068369018237627 -0.5061614231482015 0.4925599843388728 0.6476798702394736 0.45193833695451147 -0.5547882183652131 0.8163323309775561 -0.4443259524068861 -0.9130614451845913 0.3461794502192178 0.20898188256276024 -0.9727849216785384 -0.3912499764976004 0.7503284625680875 0.33547478398938374 0.4657753251740651 -0.1397000906919447 -0.5077
-0.3116 0.3089 0.4271046842718418 0.4964595538241745 -0.6895131812184861 -0.01754801206771645 -0.8027568220230841 -0.8388059378400736 -0.11504354240507149 0.20831907796117394 0.13401620171355638 -0.8833069754759876 0.5623402871440214 0.28648219354914406 0.26614637685578263 0.11000179419708432 0.5035323793360262 -1.0002939258600647 -0.5520555154610661 -0.867042396775426 0.0429465694915389 0.11154441591870479 -0.8834123392185277 -0.07109353322334191 0.6694601057482447 0.1842204997139489 0.8217999037622299 -0.0586
-0.4591 0.1531 -0.7278 -0.8636361515367632 0.45097030534381105 0.837579346812029 -0.26730911668342605 0.8693511878203557 0.7450678568543413 0.986541102871428 0.23012944102236862 0.6957015609757248 -0.00905450209282374 -0.9169797467491182 0.7310693486315682 0.2514689540795865 -0.19605407968934763 -0.37728311542531245 0.2318750771705148 -0.4783475327900558 0.6646588314483746 -0.5298258185109714 -0.48251454088238926 -0.7263084019028857 -0.840400037393292 -0.8529000358861341 0.3807 0.1174
-0.3321 0.4467 0.2447 -0.8007 0.8604947839945626 -0.6459970717893779 -0.8111110576602114 0.3509298825534446 0.33075648366815946 0.7944855148400692 -0.7687986139084373 0.990745627832569 -0.05277049680043425 0.3982693380688545 -0.5293661560138444 -0.39469138656113006 0.25675505496816853 0.9592647744178616 0.291247790442998 -0.4787574087685023 0.9752125432655115 0.8718585701153113 0.5388643831062262 -0.5422818245876105 -0.8528 0.2351 0.4325 -0.7131
0.9863 -0.5746 -0.9562 -0.5124 -0.7074 -0.2009 0.3202 0.5146 -0.677 0.5103 0.8068 0.7718 -0.6003547146907207 0.8811213559202639 -0.5541021376660262 0.2894999109200676 0.1852 0.1972 0.9107 0.9471 -0.4269 -0.234 -0.2766 0.8647 0.2993 -0.9866 -0.8764 -0.1965
-0.2993 -0.6895 -0.417 0.4072 -0.7995 -0.7683009605728195 -0.13077957731219828 -0.12412293359783225 0.15865813767856893 0.10517072879705955 0.05943659850351679 0.7045414230144325 -0.9783279158645897 0.6940391951136107 0.6284088122343764 -0.4256574834228252 -0.24117849659491164 0.5764595633123676 -0.6852228692767705 -0.7603113854008443 -0.6228096120493595 -0.6513187532079774 0.4412940197955825 -0.6424237264521169 -0.8258 0.2836 0.3574 0.9396
0.7601 0.004 -0.19100018970469063 -0.42702500912968006 -0.136016691501551 0.22734255207511625 0.6986829455016508 0.6747049030618675 -0.18425769117472723 -0.335879312836396 0.8113267080920267 0.717554778413964 0.5365827871633612 -0.11539275563544438 -0.27266307887811725 0.8187404293568434 0.24002110960386125 -0.9069291873993416 0.7665784050571679 -1.0007490496202907 0.925209001264424 -0.42657259906658146 0.4028972589549692 0.4588624984478849 -0.6094541880866637 0.3440119491463318 0.6914 0.6406
0.042 0.0843 -0.5900004180292351 -0.8359928430420032 0.3507284498354835 0.14363265176019938 0.10074158028398535 0.8875107923510627 0.45148621465003586 -0.24360286795947456 -0.12916236203473958 0.9840629325100851 -0.6597579274759303 -0.8764482077078488 0.2608452818108203 0.7390613768942751 0.42669843564518234 -0.38185886943275854 -0.03009243416761384 0.045203194531732195 0.9148898431153392 0.16125939043780155 0.7220487734412402 -0.9395553069328305 -0.6010764655887805 -0.12322652884371077 -0.6800997622659419 0.9219
0.6818 0.15069975958137913 0.9982987639097113 0.1069444336854459 0.1117589780236703 0.8687974839710282 0.5474718085829059 0.04217746735062962 -0.06874947742403602 -0.8602590734879391 -0.329584393081505 -0.5941616749143098 -0.23095541058184654 0.3200917693875509 -0.4223240157031898 -1.0053880650529445 -0.3293619450554466 0.1842853791034351 -0.2218910225971451 0.8031109326986807 -0.9211530059573005 -0.6988309221661017 -0.532488496081123 0.25603372086794945 -0.8799346931787223 -0.7395204091085726 0.25590580868699403 0.1873809504787472
-0.785 -0.2498 0.9823005104347745 -0.2616922160638925 0.9812923805632622 -0.4689191047272532 0.29962531823085664 -0.17509871935846552 0.034861620586162385 0.045912945363059135 0.4194920414710048 0.5091271478790428 -0.4327683889476675 0.6497852246942062 0.678775180952369 -0.9601223818013668 0.5359713895858852 -0.18177361940672201 0.009169049485103085 -0.02051583083513109 -0.8632329680897314 -0.5954024508485681 -0.1570159897486886 0.6148773222398648 0.8566343364063498 0.4312953411367503 -0.7546683757128424 0.16099596077492717
0.1001 -0.8000985179859516 -0.5144141717419105 0.2715912299032696 -0.4861287214579277 -0.375324711205823 -0.07974740464020039 0.4314572658548317 0.153314188604514 -0.8933050311487286 0.9229150054178522 0.5606311108842915 0.6774236625748576 -0.7615734254176878 0.7382617245587976 -1.0866342613617503 -0.4045742162039209 0.07492019283855582 -0.9318825292228284 -0.4452299602266715 0.7318821320298556 0.9974449852299471 -0.5740435971249773 -0.44181801101755636 0.10401818729745284 -0.527637629620209 0.35843104966568995 -0.8636097939728415
-0.6477000000962159 0.3500492044720748 0.5464806834282123 -0.08727391281731646 -0.1547512696332971 0.5322556932117819 -0.9467530551150808 -0.9963779064112338 0.9125689389169304 -0.8649824094365536 0.1259913870101708 -0.24008932602717595 0.26422217787807584 -0.42318956281520437 0.616718789245263 0.04141768009128756 -1.3533894328751765 -1.160251872804868 0.43642888808890756 -0.7236186572369618 0.6148753527751479 -0.8833372401371556 0.8715459244590368 0.4752541994404332 1.0316714786579384 -0.5437134520685248 -0.8872864357984392 -0.9351978317796064
0.17259999960897643 -0.13695434224193284 0.48262051629301955 0.46413749661084286 -0.48594514033562886 -0.10425794843599087 -0.27072013703472 0.4319437850255867 -0.8346912441636876 -0.6494478431280691 -0.9228963388509136 -0.334466028227708 -0.28992932234054636 0.9985574277530719 -0.06759536179577968 -0.9559714002230051 -0.45047194008247726 -0.011862717558103256 -0.01348109752186672 -0.20685556578851552 0.3685461587408871 0.6507345701475531 0.349860640487889 -0.5329755313422552 -0.37136038898664653 0.8433411039982283 0.14635881024474942 0.25409271085497004
0.3769999999365174 -0.07994758509997812 0.08908368932530869 0.6481689045143098 0.7833968075154297 -0.4856902972311811 -0.8253662115307557 -0.8888322494222997 -0.8142321985121428 0.35511765843961596 0.5794166594707477 0.4540534552840561 -0.5009492021149131 0.23113882730848007 0.2022792845495009 -0.9644885493552015 0.053344188766448614 -0.47445884683346073 0.3881253099255767 0.10233513932775949 -1.0023457074057656 -0.1691265447113752 0.005144889661299708 -0.8622785393608318 0.15800570179477652 -0.4783059491517997 -0.5863051010023258 -0.24648319611665384
-0.037600017404325344 0.780061604174603 -0.5715315918254886 -0.5234190100918334 -0.21642851623516293 -0.31457794305321235 0.29491265978324865 0.2504650549106884 0.07663469013750582 -0.1530086888286988 -0.03965818346100613 -0.43355492863150163 0.7913774911969275 -0.7002867411323935 0.09381215235212197 -0.6162130374632742 -0.9904429600736652 -0.03495590211450919 0.06516795391679078 0.6974666299361285 -0.020165251746073233 0.6427282365429917 -0.44925134381881404 0.29209268619259043 0.29206480774544935 0.7879354068859226 -0.5464337441351507 -0.16943835051925296
0.6880977597892985 0.468481412380758 -0.8490984249963053 -0.8744019644794511 -0.5521204156453724 -0.32597845042522455 -0.7797497101237973 -0.4990253448104742 -0.6532814009212918 0.18442105419223975 0.37735206701269414 -0.15881292095995658 0.5460532033827913 -0.35520889088301233 -0.34499949077209807 -0.08552934847220409 -0.9482104316109672 -1.0785615797936356 0.4206997851274694 -0.07813027868483884 -0.819830166935832 0.08001261837719094 -0.07646335615655588 0.849635392387562 -0.6968964733600347 0.2835285843136678 -0.2775670548260922 -0.9668960712364003
-0.06210000827057101 -0.04077030695611171 0.37099713392509287 -0.23606675804509805 0.9671929262088111 0.08301365829091469 -0.5441728765357569 0.14113926705002508 -0.8252004625017797 0.4871658335887838 -0.13072274045982035 0.7585672140594645 0.9465204499282814 -0.12362754928679412 -0.7711919904005702 -0.8445814006783222 -0.5131634289503627 0.7490951516001388 -0.6251960439245718 0.5409480452105886 -0.0009570537170480191 0.19973061291133387 0.2633734226439807 -0.15839113762560617 0.22521790021050658 0.2823174184570438 -0.29445576362730613 0.5432031112084763
-0.5310999003659987 -0.1943317211718275 -0.3961601165508621 -0.8229156923078417 -0.3957685790167473 -0.761253059076558 0.3470836818206342 -0.25908557329733606 0.23571809106478878 -0.031127648188515055 -0.6329444429331818 0.6642337784356246 0.058267539994666225 0.7417382280996675 -0.7525249655967743 0.5043168057364324 -0.6851689267471155 -0.8319765771045999 -0.5730085953159711 -0.7042003405911719 0.4081618801422549 -1.1219873556419808 -0.8420361969730699 -0.34701982031675715 -0.1276213968241534 0.018034740091811476 -0.4423110048739433 -0.9841637082724516
0.5540916741625914 -0.9746186171494127 0.35734786725408213 -0.5114957395077688 0.4026460994737371 -0.6539997193852453 -0.1314821380492083 0.6428026042977012 0.10101794825055871 0.9464145775557083 -0.1845183077331542 0.17894594090693755 0.090712045131318 -0.19095083386175232 0.13141627035215658 -0.4419325745981153 0.19001813337768897 0.30957735710213624 -0.8544802296259004 -0.6472956508614921 -1.1167650266689446 -0.9071114733933877 -0.9155990480930961 -0.37171660377271665 0.38377944199904435 0.31783977523658546 0.9248785021376469 -0.24058877996301783
0.4149250759332016 0.08467585336782317 0.18337194481679964 0.15719419444333046 0.9592178083019546 -0.5695347711474426 -0.3203153747607658 -0.06302387597134562 0.6605428475739962 -0.516889621387042 -0.5410325565525862 0.7008909538460899 -0.18692959310610524 0.046218840012632614 0.6809976819592221 -0.038393086773694796 0.7870658973683374 -0.5984332592483212 0.5690195772257913 0.28762463705100016 0.3588412584785427 0.7253797932970459 0.5325034437385477 0.0851993635296032 0.20356879823981178 -0.35434573511599604 0.6087720619882299 -0.4782350246481819
0.17977179109201816 0.9427976679517875 -0.29680294985979516 -0.48478484496118157 -0.9522730313818107 0.893193484676616 -0.6447627205236819 -0.06522559584412464 0.7368587000680156 0.650496327774321 -0.8470428847083701 -0.32158058296229775 0.28443698187728467 -0.14840105200106085 0.21292315961485625 1.0535715460523172 -0.16045427781597782 0.7609533703969483 0.6778955961088032 0.3330780319224901 -0.36268333863933816 0.529931829605233 0.20978188019481914 0.5267226935559709 0.04473690006965141 -0.004071793197639365 0.305917872065249 -0.3607387937868617
-0.5636 0.22489494568174506 0.6687796533714276 0.48470561144936336 -0.7663983412488322 -0.9061681147160582 0.18003471489421113 0.014502731759937998 -0.08874230352506353 0.24918847978623848 -0.15458497617285327 -0.4446925532104483 0.23561970857650447 0.14685495380825733 0.860051984763763 -0.10436833311897066 0.6482436874166141 0.5058006971044436 -0.20650700982777953 0.7970471222212998 -0.1873291032973457 -0.7838411367774254 0.37143785192508055 -0.6316000141968066 -0.23817687516800756 0.05715406663991532 -0.7779181176326413 -0.5960615621203172
0.9831990279205096 -0.4270113794845721 0.6284492996232598 0.597274246719251 0.24884724504057082 -0.9246263554763366 0.47920649527992343 0.6042041316107671 -0.6375511556259252 -0.6202734071999881 -1.030364256923283 0.011094665872352997 0.7089033573821686 0.06059500487876966 -0.5506550071005376 -0.2688629527513887 -0.07755971945870137 0.7362724371649813 0.5218443983293668 0.7259155562405529 0.5310525479057961 0.3912053318342309 0.020371315710892637 0.3100132470475325 -0.36454998668309474 -0.6616898190552639 0.14186419184211801 0.3277953732397659
-0.8875 0.0011034126714447967 0.8353554058961999 0.3181468505978221 0.9850139858550788 -0.43990753518567605 0.09581976464172441 -0.5219516349424794 0.10418464575192789 -0.5730940762432384 -0.32209096343520255 0.5061661263830541 -0.4429895085092777 -0.7709713304069618 1.0327990786184418 -0.3458462646050197 0.582141697710171 0.32282619269160145 -0.371850326078428 -0.12172277704755712 0.5828778275352468 0.8795317338084284 0.515188350900167 0.896257879022122 0.5945397441527682 -0.2624504628825692 0.612563729089974 -0.7912839989885588
-0.9448 0.9609968729837548 -0.9796937110999656 0.5511360292919631 -0.4380055859840927 -0.3450220359723895 0.9489023075865418 -0.28237552798916615 0.36375587357123257 -0.10510676856639274 0.29182251617667054 -0.18050261963928865 -0.8489332953324948 0.16648069811935026 -0.7647709196829602 0.39136958532314287 -0.23934766892345938 0.5830450018064283 -0.004253778208018696 0.5640110371053334 -0.6118358030434359 0.9213996475331865 -0.7370725460603277 -0.7918670924960548 -0.10018627664953 -0.4236036575777483 0.8320794989493959 0.6753000808377343
-0.3009000000304713 0.36180047439341845 0.36365078218161806 0.2712880441325423 0.6442857622862954 -0.3467163337265535 0.8809853100349428 0.1862796869058059 0.4320107759876847 0.6697720749622228 -0.272872252094356 -0.5228203391132396 -0.3364052857800144 0.19095921496166865 0.4414223343896273 0.6075207813159135 -0.9334166839239171 -0.848955266729118 -0.9534275007463937 -0.12445258455004757 -0.16798725903169362 -0.1403763150312926 -0.26957176647029385 0.9150276482171101 -0.48946755827704524 0.7504615427253764 -0.9116901372866564 -0.8361000013887293
0.8032999999704755 -0.5158994847232954 0.3801632446718003 0.2344482216805261 0.880652008227328 0.23389612107552388 0.5859262346554698 0.8335505705564442 -0.6226857750603784 0.8410567691047602 -0.04854992892043869 -0.1569208411188082 0.6475611397659277 -0.04529495489352233 -0.5411658683072299 -0.3455248145324304 0.21247818682024355 0.6396415228422309 -0.06868928632322718 -0.014281385222306785 0.6008649562279683 0.8771036337153763 0.21356760215735654 0.6815725159298932 -0.7673154629780677 0.7091238335452963 0.807428248224644 -0.5596000025649258
0.0109 -0.8807 0.27693635328029936 -0.34720842131002694 0.8709198169304774 -0.3977557475855763 -0.5578489794373667 -0.1683360222068215 -0.7085343170827605 0.8326487888111724 0.3872017300198285 -1.040163051021684 -0.9075108585701847 -0.9266149812251465 0.4990704240222231 0.31063746045602286 0.4491002797631105 -0.6611436285804344 -0.6612043095528065 0.9123603247460387 0.8604727582820928 -0.5247553893891018 -0.04052369240293396 -0.15718716325532572 0.8374005636622573 0.924699394079646 -0.9849428004192665 -0.3353
0.1322 -0.7548 -0.12528591909555478 0.8675318265291412 0.6624628457381389 0.811914386512227 -0.39110746061611035 -0.7356390326606462 -0.7841974824554719 -0.00084889160613589 -0.5527997588743699 0.7884093288948488 0.32858946462834565 -0.25761283962832787 -0.894266243243829 0.3680648227611188 -0.6301790729847463 -0.759401489451435 -0.9471185892625921 -0.2527126943604471 -0.5004717117160904 0.5920585640264662 -0.6990350643401582 0.6153568946368764 0.9708403595114361 -0.2799080364186843 -0.021254771659404783 -0.6078
0.0131 -0.5221 0.5368077540517434 0.3920945066596431 -0.8953917574148967 -0.7586131864371459 0.836139485515154 -0.7805895172608489 0.4586434456954896 0.12617916293336073 0.5861596049188207 0.11710032245154997 -0.1642440930030569 0.7322081879100188 -0.20993260714395554 -0.613234390333522 -0.8744002748185268 -0.5856558330033658 0.793238792895417 -0.27259227629830746 -0.02170270102970493 0.5161529057076774 0.40997993591256976 0.6590833799626629 0.5361697319017458 0.9053034718466492 -0.6739336608969693 -0.6385
-0.568 -0.4407 0.0382 0.46907611156771456 0.3213528790238671 0.49653599220462113 0.9772271859429185 0.22484492776414877 -0.6412902457790001 0.8455245543572998 0.7857305136149451 -0.12648148602510476 -0.7632382506716918 -0.42134758364690733 -0.15970035063265234 0.2758473026224448 -0.7549408500231318 -0.9002116775212148 0.7898133327918954 -0.08021432487149777 -0.4392633632696716 0.26698322350259074 0.348145186354191 0.58341569478272 -0.8896994768113545 -0.02540012998523294 -0.3466 0.4473
0.6131 -0.1453 0.3895 -0.5172 -0.619507885674543 0.39387744352892606 -0.33611308227695097 -1.003613187187567 0.0057492934628768835 0.8421467921717448 0.4662594853283561 -0.08076359411501066 0.6694128914578646 0.6157312721422651 -0.6861533671283118 0.6844244276560141 -0.7942290807672797 0.2878481410433476 0.09910108223058084 -0.16558627256190472 -0.12190603060117419 -0.621562449559832 0.07338720287709607 0.5866984558259752 -0.7288 -0.2473 0.9645 0.7265
0.5882 0.5931 -0.6112 -0.0751 -0.2628 -0.2342 0.79 0.1734 -0.8675 -0.8256 -0.8981 -0.2059 0.8168990705392737 0.5202790363029607 0.1911000475778154 -0.9480999980173571 0.5013 -0.2423 0.5456 0.1819 -0.7073 0.5846 -0.6494 0.7324 0.3403 -0.9232 -0.1077 0.5892
-0.2277 0.7965 -0.535 0.5576 0.0009 0.22069999986832245 -0.9424004239853524 0.6182986516913331 0.6113604459762295 0.716973456064482 -0.13612380183119954 -0.8605994377249008 0.5485876860919541 0.09402573025649634 -0.80046820731088 -0.20590028609185249 -0.3838329636082116 -0.35399200954024346 -0.46722484529670333 -0.4670243420228321 0.02094455423359533 0.7734693731058078 -0.5664264832702813 0.17208474501866486 0.8587 -0.0187 -0.8191 0.2915
0.6361 -0.1774 -0.8317017027343669 -0.8496000889741904 0.21815789515299214 -0.010829694056162291 -0.17519330419823798 -0.5034628214002697 0.33925592552987044 -0.11668382391639573 -0.36148383117643146 -0.7248040804784048 0.08726247462467433 -0.9402452228284464 0.2596973193240207 0.4383505917308119 -0.5737970095224149 0.9182174989302523 -0.052593265881396095 -0.5795390054395949 -0.03933847558906945 0.9801124730426333 0.22749740700061027 0.31765299010755776 -0.7096679314224021 0.42200062991250625 -0.4442 -0.5993
0.6639 0.0159 0.9205962634678319 -0.6935013658713141 -0.6973022959665708 -0.5887723383171365 -0.6880156485302579 -0.09229857094034144 -0.07808981658704617 -0.4852820573000628 -0.6514617587399111 0.4889149695408189 0.8229135285274938 0.41929910531030345 -0.2020601002762324 0.9370502640279497 -0.156502577217351 -0.8117081945277007 -0.8151610212638687 -0.4665180528994395 0.40114493468329787 -0.7367449015628779 0.27803535154069814 -0.5187074176741523 -0.8609874512528014 0.42529672936182555 0.05996341289434046 0.0614
-0.8086 0.21420041634375672 -0.5252285094726905 0.6821422523927739 0.7451184366883669 0.1130387526856692 -0.4756965300671662 1.0230664608569695 0.05851894618838442 -0.7984736731041981 -0.22776870436560226 0.6749354433218525 0.21238110343445168 -0.1382285178132981 -0.39248798018824255 0.2580010260532101 0.7572854188956284 0.3564902065998309 0.9165296383491864 -0.692420620368743 -0.8775235454050564 -0.3377960227942813 -0.15457742693731752 0.13047713013901308 0.8985687190846646 0.45917840825276046 0.09093027023485073 -0.8836009474428705
-0.1603 0.6377 0.04526574735154317 -0.7719156748395414 0.5041449129505806 -0.15823748977742663 0.10469712125060773 0.37555722920689905 -0.437126383009526 -0.7258554590071069 -0.24581970573339113 0.2479105520332125 0.9682216786339695 0.6779906934566643 0.7270136243092443 0.277284387784661 0.2511029381075934 0.24943598726620983 -0.5291000587034234 0.5994180328647111 -0.41632304988720104 -0.666170132828175 -0.2669090813311603 0.4212138539321022 0.3360520334242485 -0.5103675532791132 0.48201579603342454 -0.7805257741285911
0.5717 0.1571010281269936 -0.03194084169370425 -0.5514276519457818 0.058758927870193385 0.6523933538837158 -0.3184693857667042 -0.18208327711815656 0.4702140191341516 0.2533970060183369 -0.5738126690388022 -0.8139137877897947 0.34490844839747575 -0.6808804501248629 0.24488344861584416 0.13936277832425178 -0.29259752737551115 0.9279044817063613 -0.7102862830665849 -0.28036510700577705 -0.7997304234322767 0.7237765372487441 0.529923158882472 -0.22453011669079015 -0.2264310285419469 0.6291978447482591 0.6454625394558741 -0.591758793141509
0.3665999999782874 0.26354417184700124 0.3807652776967143 -0.6050032976032305 -0.5078001667022654 -0.8051962724186252 -0.34429817403919183 0.12969002361323084 -0.23656087178106747 -0.8661094770684734 0.014958767622853081 0.1335382492648362 0.014663588227679318 -0.9808215329306096 0.5440769608034584 0.6439856234393637 -0.578209278978514 0.15852629604463037 0.7727593364683928 -0.27012835089447124 -0.7799497953411965 -0.5617677626651542 0.602584732608696 -0.6153545797115586 -0.7614095243678419 -0.34351139740492265 -0.8333297467227087 0.3437454920605408
-0.14440000008824058 -0.14640824700413968 -0.5604994488971605 0.32485651179058467 -0.552663515907782 0.3446969899856678 -0.5704613879435275 0.43549203687446186 -0.22221026868886765 -0.08325677705178919 -0.9326359733506061 -1.051447139173558 0.43157604389196136 -0.3254645362589094 -0.6418861787672253 -0.798539576474829 0.6283572208308374 0.02203782579804177 0.17391118018834265 -0.02764373003370592 0.4864414156869107 0.11275196786085244 0.6106850367762151 -0.5909556598228584 0.18434269848178125 0.7327920074362066 0.23349461056086748 -0.47850647632058835
0.6407999999856742 0.22695264776945392 0.5040620790302665 0.08265620242989269 0.28863492531427104 -0.09336366399249925 -0.33016922113018543 -0.41820217112114766 -0.16587114599465252 -0.41119143512430323 -0.3093783392668807 0.3010672035396023 0.5494492185473612 -0.26353149891136596 -0.4066921976214766 -0.291908019363405 0.8514634651258022 -0.20723416829599176 0.3376310284522623 -0.09761961081305574 -0.03669293386832412 0.5325477760803697 0.48525127312539595 0.24132149495569394 -0.49235368446267186 0.7021339689637219 0.28192513707991507 0.10559940185468983
-0.45839997640664343 0.10217895918825091 0.5653164783020764 0.1464529625498395 -0.12912585044452163 -0.5316727240816302 -0.8288195940520418 0.14568355135539926 -0.7949308779567436 0.5328386281738339 0.6064868480882829 -0.5057409192344431 0.008021424323357916 -0.4983561774213524 -0.5228502133666895 0.122536362179897 -0.7921766794880103 -0.02733400733390873 -0.13821573117172473 0.995750269316966 0.5438632210409531 0.7629056406513061 -0.9270342536421118 0.1788908420600187 0.46886883009174357 0.9317845666088239 -0.915377217625342 0.03234306311652223
0.3388030366394067 -0.8789041157430713 0.2824817662018638 0.44472960787832555 -0.2642083351297417 -0.8924188805499133 -0.25817470817294125 0.13916553226284956 0.03344647628585253 -0.13348743505405514 0.720525475013989 -0.03943129235028565 -0.4712836014737351 -1.1268000576214727 -0.8263307162544468 -0.665839378907276 0.30807777162134437 -0.5661273771819475 0.7571577906383349 -0.8422924093061743 0.018458913128824868 -0.6844883467915519 -0.07911041798848775 -0.6480403048444623 0.4361724855056141 -0.045031642236692655 -0.7060926581813677 0.43486621116544905
-0.5564000055072781 0.10288828697436694 -0.6235745695936853 -0.9425897897247015 0.5575085995495829 -0.27842390444085036 -1.0818757933544163 0.08502673485271844 -0.049168646501925165 -0.39328576030261736 -0.5764738414218197 -1.1895360604964562 -0.1518582430927538 -0.2770669720586917 -0.42029539708960306 -0.9564677007253147 0.8283266896872965 0.14259498589653397 0.4866837738894349 -0.7117579352592046 -0.7718310623455507 0.7830933181611391 -0.7639157827806062 -0.7361681202942828 -0.9963213822500847 -0.02948543040993235 0.62803067475759 0.9985785018600019
-0.2068999999154549 0.08359498385709543 0.12419959197937705 0.40763675445005876 -0.45455048995413433 -0.19209297690523 0.8180433052995211 0.6315910292180977 -1.0662588318783808 -0.7009695056584216 -0.8656699205179689 0.13161383404875995 -0.6531244084343331 0.5258261706903126 0.4268678052687565 0.17431761553354091 0.3671257134598177 0.7131154016598644 0.7754972682965683 0.3291665058934139 0.4226780843090306 0.8729385777708668 -0.2941049091992708 -0.5996523206139054 0.038182337022223255 -0.37033268309485945 0.556669165454273 -0.9483671630871119
-0.005202833304523446 0.5929447620865403 0.46206764074486717 -0.2633463701106589 0.7339641779848856 0.649339389098731 -1.0446036980946176 0.23596243370722772 -0.982055531674667 -0.596468150427939 0.24475825326075226 -0.446110015368736 0.9118113721278639 0.09233998089861759 -0.6808100756646591 -0.8061427245777669 0.3079105673073798 0.7077633186040218 -0.4433047608054826 -0.8571263140006751 -0.5206972673779331 -0.636140674198106 -0.3037369891835833 -0.6507502317353688 0.5778221495802628 -0.9204803287799798 -0.2406571582120259 0.6945289267236208
-0.07150092771260269 0.8338230183089163 -0.9779255539815037 -0.7414724794358163 -0.2874631730626694 -0.26080047129517075 0.25415153705210636 -0.7120432977206674 -0.2707704973957988 -0.23371743572033912 0.09612844947365029 0.0698462099022462 0.3681918777964857 -0.3490581901662358 -0.7655497785142096 -0.45478794901562447 -0.7526206809773528 0.17439824680311056 0.4120393637749724 0.1044844609919308 -0.2235194296743898 0.9186191687566265 -1.0510775904395435 -0.16375635649303874 -0.5891598223925615 0.7681219419833428 -0.4665325747251845 0.07705451665602808
0.8456000005540909 0.8906136877212166 -0.5985529573754296 0.4924781037850279 0.04295983358337975 -0.6599993963981242 -0.4424517544245752 0.7560216048415578 0.9625522207918485 0.5231783503225406 0.4280763411629729 0.8730948471447403 0.9178359880160448 -0.108255056169359 -0.11221877772790836 0.9656771466021709 0.07569845723492617 -0.7494263482975082 -0.296310928636591 0.579780185083962 -0.27477815790354626 -0.7062501722087362 -0.2069139349883262 0.6897512855497054 0.19858825312734635 0.9630746424118637 0.7943844318593583 0.48517679806057484
0.3937 0.056195199512909966 -0.536245806089831 0.20922087893487348 -0.8430479396726877 0.19683733355876876 -0.17074456497506998 0.010213195651568717 0.7416626681059391 0.2249914895780567 -0.6605265390150106 -0.22350217768551528 -0.5350833208117112 -0.6767482326526161 -0.5661809297168864 0.46617992677223163 0.9173636812195619 -0.8363038536963662 0.8610988911768999 0.3535497181438887 -0.2999262567178884 -0.7174203051132316 -0.3023845936909593 0.8110601873018395 0.9541894139372532 -0.9286603482278574 0.7362534265399343 -0.9192613459423571
-0.41317785841172605 -0.6206940019804494 0.6121100511560311 0.7744587629168598 1.07917313668472 1.0217358454058882 -0.5900866005683754 0.3102747228623726 -0.35319744212566795 0.23768364831989203 0.7355482490617564 0.7761548322420216 -0.5612567940372618 -0.4627272114405634 -0.519037063093354 0.4840392561254939 0.019426667739052026 -0.631933679837901 -0.5238366363546266 0.7696032444509109 -0.026282919133706357 -0.6196236408520981 0.049414643262337285 0.9590442650778636 -0.5324669469308722 1.0315440918301337 -0.7746089875578616 0.24799087658142335
-0.4312 0.5477066812404572 0.6929127813883141 -0.18890055299592362 -0.769484275265335 0.8692718450236798 0.280760288342416 0.0181865794274787 0.8901640730275685 0.11447795556076557 0.3294521997315109 0.19053029317713935 -0.027253731383008416 -0.5251638271076088 -0.15164918742658998 -0.06787845010494349 -0.1746865403732086 -0.70174493795107 0.43767767314387584 -0.9424073816228201 0.7211717359853093 0.571377901984505 0.2806680770170994 0.4311816119198946 0.03532201518952952 0.680515394251855 -0.538067366626539 -0.3734843872175601
0.6925 0.14200390542545413 0.7906762129877452 0.5873809171585602 0.7470376846878463 0.7968699558031518 0.9871382630716111 -0.7642002650288696 0.30802736780003476 -0.6953541766277481 -0.7741490403305704 -0.02702648584727239 -0.004494494859885102 0.18727091653586703 0.20406220241913997 -0.9551202260654741 0.20622985437765134 -0.5973500138840931 -0.7697006032908146 0.6079008180323903 0.6908243466073045 0.9175566896445587 0.5076643588562509 -0.44849283871301393 0.6070029835842666 0.4962248518158289 -0.42373000279334994 0.20739999977066564
0.8292994941802602 0.8712920310572098 0.23537549466582092 0.6353052635270978 0.14298720771897427 0.3644303865751967 -0.11514458225012215 0.5334164180672765 -0.8368473269127955 0.8248457517952354 -0.29785560418312806 0.8407204271741159 0.6763406169979037 -0.2675170620187217 0.5861618112834501 -0.037154089407711755 -0.7547653965466802 -0.9174908760896859 -0.421063447493231 0.791604464990242 -0.6162067561350846 -0.5046494731612478 -0.1045023221590253 -0.17655465262769057 0.907722312351441 -0.7764933396554864 -0.3602344364027751 0.9814997626991466
0.3178995098989612 0.8758986232904309 0.6246807324943509 0.1516106297001306 0.10224295126787271 0.6462028345246074 0.7606136561742701 0.6659864548715765 -0.7043556385226348 -0.41235386982749805 0.8010144318669842 -0.06331460845733522 -0.5696245292158547 0.539335585590143 -0.6628902921946344 -0.5098577287448827 -1.0278571244613042 0.605905080490465 0.08801715036068194 0.4907451398406241 0.7981000501160634 0.0009548809866572829 0.4751715761701694 -0.8780469380169554 0.5143816636413456 0.19102438399061522 0.69794765091793 0.8696995617151014
-0.82 0.4225 0.9661004481061872 0.0527896274777284 0.4856228580621887 -0.8934321669143652 -0.5781927372804346 0.07744129325313466 -0.9343613297355815 0.14237456953498592 -0.24313539616642796 0.8858373859743104 0.39276245828186684 -0.7262310248572706 -0.22627449693266516 -0.4862906782403884 -0.49241723266760223 -0.5024369299337361 0.6506024812097259 -0.018304732814995176 -0.25965461792546524 0.1710090927336897 0.5281737832751928 -0.4508861671280922 -0.1491685288088862 -0.9828216003935666 0.22778664125897066 0.6182
-0.571 -0.9201 0.7643695855946943 0.8934039358374141 -0.5841649207957942 0.7921116138010369 -0.3978402593129885 -0.8496186160477907 0.5186047349367922 -0.7376945135388655 -0.7861532033899371 -0.4167763559454665 0.4922118948408157 0.612100273668158 0.2641779478419499 0.6479260746888007 0.676538850502726 -0.9409845120387379 0.44573770723450173 0.9540336079400187 0.1292427381796465 0.43237528424508226 -0.44758934694997693 -0.06608136727219883 -0.3859245962239445 -0.3752970856883213 -0.9323530403988421 -0.7934
0.0732 0.5075 0.2057246550325635 -0.7974594514401592 -0.5015897278817081 0.7701856890466058 0.02218923391294895 -0.08731457417769413 0.6721951200271552 0.41667074126487635 0.9501721339502592 -0.718716869091076 -0.09272431200505767 0.09587654520524244 -0.17365962784092784 -0.8517414949535952 -0.6679557572521188 -0.88589081480841 -0.5728050641617818 -0.1447041382036716 -0.6504528844149772 -0.4236508309964989 -0.75467679393176 0.790256951319291 -0.688664687476747 0.5627080480723564 -0.43493182376957545 0.0898
0.4229 0.7978 -0.8237 -0.6909995228132536 -0.20302407581860463 0.5354148364285596 0.4841774290051388 -0.33580889173256573 0.8571138169949948 -0.9232698146324039 0.672170275219767 0.5523223718832213 -0.9659892269037912 -0.9890117260842805 -0.41270238340587323 0.37485264690125314 -0.7057528074083106 0.007005836538652176 -0.7726138094660455 -0.1625309018596092 -0.24969251216184526 0.026928593844655777 -0.581413927764545 -0.652409114568068 -0.9513994715517544 -0.04809972454591417 0.4534 0.7241
-0.5539 0.0548 0.6841 0.9999 0.4058092919041243 0.6548568068441499 -0.5376199220984444 -0.8487954337441571 -0.6351889268855155 -0.3534651191110579 -0.8293363707102929 -0.8898482041189063 0.6436667810947627 -0.31899620532253303 0.9242175322158561 -0.7421753636695284 0.12036262514717305 -0.7549371243836601 0.7003760563483712 -0.7432190751556754 0.8484355465533243 0.5358328243956153 0.973580117579152 0.16900036528311216 -0.0581 -0.7544 0.6376 0.5522
-0.6625 0.8288 -0.5209 -0.6272 -0.6358 0.8468 0.7771 -0.5121 0.9887 -0.5974 0.8234 0.0765 0.4360799077876427 0.8935181990912237 0.6822001531765388 -0.3169999936168908 -0.0759 -0.2323 0.0125 -0.5947 -0.1649 0.306 0.7687 0.5125 0.0578 0.5001 -0.2068 -0.2159
-0.3245 -0.2342 0.3937 -0.6604 0.1782 0.753499914387326 -0.4753737325462694 -0.7979418712591781 -0.8492865719336647 -0.3550220307623526 0.6504242106871344 -0.5749230798741533 -0.08076483566069886 -0.5761266261551332 0.5261508699700448 0.9182287243159367 -0.5697016313581486 0.48329620642725407 -0.6329883024002121 -0.2693266381557582 -0.08377780858496466 -0.41146392915240193 -0.6491999943317287 -0.16179351362786187 0.0062 -0.528 -0.9363 -0.8833
0.9647 0.182 -0.02710140325396962 -0.8263276285795517 -0.4396461650025596 -0.18201116878136914 0.4920251666659826 0.4890991480172839 0.5191026223680236 -0.2907668559124678 -0.8456226161386521 0.34040349306613954 -0.4283364380965914 -0.9837974959425466 0.240370079809646 0.7633454786154565 0.9768418424330332 -0.22810993349272837 0.6940884836682188 0.07105809912117869 0.4664391690026917 -0.7945382670368578 0.17781647562143366 -0.14945859455042654 -0.12783305660584818 -0.6611288363730183 -0.5724 0.7034
-0.4955 -0.5607 -0.4755030898639305 0.7672178698974887 -0.9706154500484977 -0.2409471355434381 -0.9545140612145144 0.5032564423648156 -0.6998072730943501 0.20223069961358073 -0.33223050541916654 0.7672285815433267 -0.9093534672024425 0.504587971077726 -0.3126255699330821 0.7440652422447963 0.9384041469791615 -0.2531626876489499 0.19014023687456097 -0.2534643080399661 -0.6294736399177729 -0.45425605789508805 -0.5817038747979671 -0.6785999866309887 0.38673640899302353 0.28286372369177487 -0.9552490390112051 -0.1289
0.11 0.5731003513537807 -0.21659226198100093 -0.860088457504483 -0.7893438843028131 0.5530374093672505 -0.8137941220634388 0.7085317610611606 0.09438764840628683 0.6729369015470364 -0.6441650206269515 -0.5948258450101397 0.5363383936538884 0.285710826749379 -0.18723834281050916 0.9385996520488207 0.2261246033840807 0.468802669301006 0.3860956257612407 -0.9455697485661664 -0.3783140087424414 -0.3953036723292821 0.721216549623025 -0.8818578352965278 -0.7583520113353124 0.8418386038701711 -0.8753789729144196 -0.0039018502733480635
-0.2888 -0.4318 -0.3536689624433461 -0.06879329276848117 0.5332518409780515 0.9534792741534326 0.21978016279651297 -0.2614215533703589 -0.4567344297824282 -0.003960729054816261 0.30196405110499003 -0.4794562452949252 0.03648610806144286 0.6170533529213479 0.8627298303594532 -0.21319915332066625 0.849076855480205 -0.06952097161305588 1.0071445416231775 -0.5680202932531596 -0.39457034289529486 -0.6009478411648785 0.3549106786014895 0.7102983373409627 0.3757936415662715 0.6823394644220293 0.39073103371020246 -0.4808605270129688
0.8408 0.9132103787964971 0.24072763309155842 0.222626070032163 -0.3284139622158982 0.8837964599940401 0.016627767828314922 0.18587260519551507 0.24478390761064922 -0.21793052681077754 -0.03223359385398562 -0.8053285910354236 0.2526620690118959 -0.1429073863019485 -0.5574906016129383 -0.49164129646037497 -0.7008783638079226 -0.5734499716986686 0.35731106017661723 0.1462483936377085 -0.31227081566048526 -0.3663284456284742 0.4090527746063561 0.3367838317137942 -0.24567712257374683 -0.4624012393603428 -0.8041795179323863 0.27385309807409675
0.22100011087771662 0.2562923155887612 -0.7896379451292899 -0.2694105449514878 0.3718728000995624 -0.8586059650104751 0.963181257523941 -0.48730882202080333 0.27129667345964303 0.8134839109098906 -0.6014253090566705 0.7536097466292832 0.6712991363190902 0.8407023189640083 -0.2015234344845538 0.6950583352290479 -0.6068221419303566 -0.4141305897463992 -0.9613074365325844 0.3211856696947663 -0.2517555532252144 0.8547088263652015 0.13766196544428672 1.1974052143826757 -0.24459532435486328 -0.07431555673951219 -0.24999377282920404 -0.21364003035244994
0.27910045060992816 0.07591203352973408 -0.8029031416330492 0.32738879403783394 0.1436536751550297 -0.7997239477233911 0.06814582247430531 0.43075483284711713 -0.3796232757031861 0.7731284759366984 -0.7000718472196484 0.7132953560992146 -0.7492597129131918 -0.6553798876112776 0.3504337335581288 -0.6244775856943064 -0.02663979650890962 0.39610035719283615 0.5355883225021245 -0.6400531112660129 -0.1543273997560353 -0.7639757646947245 0.3017141604163798 0.7043842553757289 -0.0977324583325278 -0.22500988459544546 -0.19183836028366208 0.5695126527467772
0.2338000731564316 -0.5972688964521072 -0.4353901277530829 -0.021505414283502645 0.5653245489248833 -0.3299737525155063 -0.6332271834462677 -0.7584021009008812 0.33396267232929827 0.22948962748706636 0.0364163391214497 0.601803495784106 -0.23578843517580278 -0.5391764074986118 0.5374793483712668 0.3514547305353867 -1.0063102312799632 -0.8132933215932304 0.3325909996816592 -0.14956715609162968 0.362023128762975 0.6294565798829249 -0.7803243206794667 1.0327317756475816 0.23633510128171564 0.6324617725523639 -0.08296472085323912 -0.44626783908474194
0.6427005262667086 -0.9129116551344845 0.9303662819504215 -0.4564147331050394 -0.19625440465454283 0.6890904122585699 0.12617675176628265 -0.6637354780129415 0.4937623833648366 0.3853672599690629 0.12780261859417114 -0.6145442530092218 0.07934966638853941 0.06646058014446225 0.7221065374038348 -0.5228350594262765 -0.7401601127829689 0.015327892928966563 0.35447926450086364 -0.4070742695331738 -0.23255496797111125 0.7915851014673054 -0.7156304243965197 0.5644984023268872 0.04386731792328409 -0.5399447511666708 0.47772952093720294 0.05715257644539704
0.8418677795626649 -0.49822717111158876 -0.513044435807215 0.536702072854399 -0.3055374767187817 -0.7564680605992085 -0.634302426732336 -0.6056764586441973 -0.5487746536584931 -0.7700846335117554 0.5420503041799387 0.8048206314699202 -0.624373761857196 0.9152302015815672 0.630770474084942 0.9086078331073373 1.001158278216796 0.6950440815894834 0.5372925228495223 0.24740663374019983 -0.9469439159050469 0.5681204095886524 -0.41668726452976157 0.6659132282026887 -0.46534292671799304 -0.8210397115720492 -0.675229200591699 -0.17443993725548335
0.17735939100143197 0.409324928833002 -0.6592626747661825 0.7438784783959435 0.25010242474218847 0.1409016888189533 -0.3815123970863634 -0.8432013977742057 -0.0766949267122228 -0.8767404851655477 0.17299102274712258 0.272050948639829 0.1806477691489821 0.5320901968781508 0.8464636999506971 0.12248529312147825 -0.650412765320689 0.6413500021826523 -1.0434331909746246 -0.86796237386246 0.5626671417399949 0.05961697369739996 0.5469265973097808 -0.31483282294152937 -0.7198630652452578 0.42532797850689136 -0.5866163940476687 0.7992604499796636
-0.8729999998004861 0.26975208560537633 0.7384226611838743 0.3197492186041059 0.4010510434968483 -0.9754378097670291 0.7643633308808429 -1.042679190170551 0.7165092523146953 0.18617069873418737 -0.5784670013894739 -0.6761978847188406 0.41418397545472163 0.5445040380595668 -0.15336696751583137 0.4783545583588429 0.4627816355996185 0.4735898576768535 -0.08613876532582439 -0.7741588881560152 0.3290682378859491 -0.38290929221323283 -0.9141141413060859 -0.8849200749650536 -0.3235811982178938 0.02553587342290812 -0.6036862826725675 0.8506347509267511
-0.6363808107271584 0.8359349632490609 -0.2844709171103287 0.6632814281250468 -0.5456252124136862 -0.33596891419872693 0.7305138634374219 -0.18801024955743062 -0.5441210871675424 -0.4158566321039058 -0.29047169811441476 -0.6239506177681268 -0.737827350108884 -0.7831687533607866 0.45541550437605416 0.17382889265341345 -0.10769048440920881 -0.39354193629413886 -0.6703545195726774 -0.4000563036730358 0.19243855715682812 -0.3745449212674354 -0.4629037170741597 -1.074092643518928 0.662210207103652 -0.9174876819827255 -0.8649138532810623 0.24521141210285266
-0.6116936121391527 -0.63609080020172 0.9622912904865483 0.342342685687114 0.5584522753942613 0.7358982745243624 -0.9967890827140976 -0.16019701610366838 0.7318210644868867 -0.45106344818989996 -0.31079007045339646 0.22171746203794113 0.32100988095320476 -0.6537063034819837 0.4840908929169154 -0.04543073769838095 -0.5970298458817631 -0.9299624623298556 0.5393545157861057 0.24461209282857527 -0.9355490014418453 0.15950652083083613 -0.5215724898937292 -0.8180227115839889 0.6128223281352259 0.3689563230134477 -0.076058043353763 0.016684795244172025
-0.854999406436338 0.7459367168564687 0.5535855228786621 0.13923353373815076 -0.23626885419530444 -0.6086983321753023 -1.0981537093072482 -0.35530042102577 0.06286706075101366 -1.1850646054491498 0.07398216439522604 0.10409926949308032 0.1615467603947744 0.8051362179645296 0.5684098709338363 -0.29846725701613186 0.7943242839758857 -0.05415861465706892 0.5272598790739681 0.020249302960317024 -0.30979500567224477 0.553030523897142 0.2211038391543344 0.31400307342857414 -0.5473131023362944 0.1932587499440068 -0.5619774532638057 -0.024210291391223666
-0.5706 -0.8659624213104903 -0.8458913904612855 0.5854661019542945 -0.4296091145234082 0.2680092520934789 0.6320298858510919 -0.5157941405642054 0.2017547867769035 0.649342595189718 0.509987187624382 -0.2213323231303345 -0.5979465626752054 0.9215960522465287 0.7848770334856374 0.2900920074876985 0.5813582123007969 -0.5010618100567732 0.1879950060793759 0.08964015150731125 0.42167662976071074 0.2216787745982106 0.871127568836827 0.5555120730647363 -0.9600288561076301 0.4120869700054415 0.594633367297125 -0.7458504060381361
0.1136799221034352 0.8283088836719918 0.6389861115622121 0.41147611644371956 -0.46624387313151494 0.7770758160781818 -0.573449108483522 -0.20079328490808818 0.24740811261827458 -1.0598481525030699 -0.4925543246059494 0.3008312493732091 0.2980740028830485 0.5021405936407648 0.5563554453462891 0.3007899256659538 -0.6219376134053104 -0.6435844396119637 0.7764702990137777 0.507992687585614 -0.31875986841935394 0.3411587125218088 -0.7875106418043797 0.9973230287131558 -0.9543722709221948 0.9858073830028363 0.8629660802640202 0.9320652564927326
0.6478 0.5999930355969777 -0.7389458044314428 -0.8699065700903602 -0.21497311116078063 -0.32854037886816345 0.6385585147464351 -0.5753351563240815 -0.9894069763274735 -0.23816288956729845 -0.4903525766548655 -0.342878819286139 -0.18167936823422295 -0.5094289045477786 1.111695120582444 -0.21518735292756785 0.012660484317469436 0.4811954612588036 0.5110529068004601 -0.056136921510192755 -0.6865064500930493 0.554985655605408 -0.09317014227635893 0.5815610286834082 -0.027829069913684765 0.3942969687509033 -0.47074522880878594 -0.2665766338877313
0.4059 -0.49131611290679444 -0.7297075739205895 0.13801189870392463 0.965222883460993 0.586064530656272 -0.433541247710455 0.36977753691812293 0.7828804014784798 0.6459704923079929 -0.9343107995509037 0.5819178641150007 0.4313700876420202 -0.16552764021002875 0.9900719382124572 0.5812751019602047 -0.5920112364470723 0.24752417017972783 -0.4783970345222078 0.4247344539085808 0.7204606339745919 0.6257289771857358 0.965946297750825 -0.26001539704965393 -0.04086311706962386 0.7443187957578232 0.8763167033784537 -0.816899981855635
0.30539997921594425 0.4244400500010192 -0.24802753777384198 -0.3676117827361587 -0.5601403911238034 0.1608499769871825 -0.586344815742998 -0.5736002991766477 0.6610724089365267 -0.13378010834894713 -0.07564965257299408 -0.9422550777642202 -0.3119718776489722 -0.8380972684465281 -0.45401942626685826 -0.5199943871380138 0.283040355180386 0.2603304520438089 -0.4322720810989219 -0.11204940386686266 0.22283288723616035 0.3850448335892846 -0.608064712314495 0.3344259341382851 -0.4273020095388878 0.7881411105535597 0.6713940861056411 0.058396967390402815
0.19189997986182333 -0.3886950601574963 -0.1472703674113534 -0.4615628565038513 -0.8487077554305862 -0.5046011876786434 0.7597759757022932 -0.8752441741899167 -0.33365285224845037 0.22448201910772167 0.3651441735325286 0.74222808145426 -0.6343208951162341 0.6555525157091939 0.9973604761578475 -0.6266439212945301 -0.49400192726279607 0.3887314993822219 -0.28689965398450856 -0.328133253318352 -0.3026169490697895 0.8153214901358373 -0.596758816956346 -0.6701539213656738 -0.6775650431109076 -0.5850998270584744 0.3274451280662301 -0.7226056011049722
0.0952 -0.4531 0.5167913073102288 0.914139797502278 -0.9114279030241275 0.4052878269113824 0.9213605815102153 0.3000546770650941 -0.8437908254029801 0.49745362057558823 -0.34007111110032257 0.05936919442773628 0.634758977233633 0.4120158693660429 -0.3170986757056679 0.5532527718836897 -0.22879080986570174 0.9750116600508318 0.5164788858559702 -0.5875206774991986 -0.4158705782742173 -0.5209935369540177 -0.8475511639901344 -0.8587790115739502 -0.976011905065367 -0.8731145902337174 0.6345435473658788 0.9648
0.6649 0.2731 0.386204197496397 0.6019710652505493 0.8496345718554611 0.05666478322371272 0.5921669759706633 -0.11405902023191317 0.5441712316551665 0.020849034885769713 0.315830224700276 0.030026914946141053 -0.7871919157364413 1.0181360580532972 -0.1758235575411729 -0.007036760622125017 0.3362314923939096 -0.834239729309991 -1.0000073757996766 -0.4454966545578153 0.16784060639157664 -0.9375254720150568 -0.7651450442462132 0.44609278789228873 0.2676227054523539 -0.8417795729004951 -0.34927059247104253 -0.5671
-0.3977 0.6006 -0.627994357205645 0.5701640498017259 -0.20842578859558997 0.24139834185049555 0.6116171059010316 0.39924238155217884 -0.7199259587034057 0.43017525139414287 -0.022833628426232905 0.24984395728285105 -0.8239344325790904 -0.8312698849879947 0.7394645367214506 -0.8030890183519052 -0.2764707040708003 0.18226479796994133 -0.14037403485321417 0.6777369452387898 0.3145805141265209 -0.9985440867863135 -0.8776562064638598 0.9545201069102189 0.8873751254565088 0.8909105372325216 -0.38986267918212636 0.5137
-0.0514 -0.8345 0.722 0.8963891746903692 -0.3596972016403359 0.5454871599011933 0.8200054748799657 -0.04393585838824066 0.65463827800611 0.8257421562202415 -0.6501554028500783 -0.8857598657500362 0.3762218098614451 0.9011827090907292 -0.11139554322707858 0.6469664863088608 -0.537089825737755 0.6516371242180762 -0.37627518071455673 -0.20375123645194598 0.6070804382981889 0.9522347258848249 -0.7129547583550815 0.23296807598718464 -0.8137967942670473 -0.8434000928745848 0.3218 0.5495
0.6027 -0.3499 0.1075 0.9287 0.4280994392655049 0.14989000025250157 0.6527155886565578 0.8137132977609135 0.3546959378247341 -0.49382364563254005 0.7642466792769433 -0.38123246210927364 -0.5111942986787561 0.41032665140117885 0.9774129554481146 0.008845345663304355 0.5920810158644022 0.2217929012572779 0.48224340747357547 0.3042094885743742 -0.6044291028567673 -0.5053224607034755 -0.30923180023198044 -0.09949854654204762 -0.1553 0.3675 -0.9445 0.0072
-0.1027 -0.1218 -0.034 0.6299 -0.5605 -0.9685 0.0442 -0.8719 -0.1382 -0.5536 0.4895 -0.1104 0.648057698583667 0.5910936683179405 0.5737847510618053 -0.4013006354474304 -0.4247 0.5227 -0.4613 0.9618 0.9019 -0.7588 -0.8285 0.4261 0.6931 -0.1495 0.1302 -0.2719
0.8949 -0.6735 0.5391 -0.0027 0.6454 0.8061998410368292 0.8844664905441286 -0.43059762562261367 0.7196958588416689 -0.7098681776066642 0.3105100193194116 0.9893384353206817 0.6353038379477848 0.6458253360342526 0.7787783473718524 -0.9047953819862088 -0.7087145139058223 0.4078215524882339 -0.5798204776505242 0.6361273314562007 0.5698168859793955 0.4770123966167722 -0.6307269066110903 0.9853676041293493 0.9349 -0.8892 -0.4529 -0.5005
-0.1603 -0.7784 0.6817021532786889 -0.16630908406439518 0.9147634842243302 0.7970600905212444 0.9508279558780949 0.7115502016762304 0.6098623176413829 -0.17919878005742002 -0.08333663959291694 0.8170405307829242 0.79889086216445 0.6340054648080482 -0.8203439041773918 -0.5771999251064481 0.1626755320296128 -0.6616269713676558 -0.06462565350902122 0.5634031992386206 0.629742263874576 -0.15601256549669956 0.2960772382404382 -0.7542901836695864 -0.8856173413537037 0.2898386362566319 -0.6516 0.5346
0.4729 -0.2544 -0.685296580496518 -0.37713034765017406 -0.4626622727382729 0.293432756916784 -0.05284120696261186 0.7531625676614614 0.9141242574024424 -0.7882908471292293 0.774177146770738 0.19656337729890166 0.8493560380196367 -0.6888355682114483 0.28945184265587565 0.7640813937758344 0.7258061064334081 -0.19932534611364863 0.13434709967500158 0.9898277004443935 0.8395565521570526 -0.1858538869441351 0.7158921955520412 0.16544404130391077 -0.36418899468555577 0.24688833697937707 -0.5706129609850891 0.9261
0.0041 0.0556984714213126 0.5973941311288329 -0.00864663633392938 -0.14266426326718992 -0.28360529760820957 -0.5611893741267948 0.9151296285893674 -0.9584477169019042 -0.8185701703136457 -0.32109223581953816 0.005863992337778797 -1.1029735163472156 -0.1196422449118698 -0.49280771268007767 -0.5947700749251915 -0.9147272169235112 -0.1233415605534654 0.797977292770923 -0.22811149251318052 -0.8627552870343074 -0.7819214573510788 -0.027682998271012053 -0.24834969629679327 0.2636981378818356 0.27576474014778807 -0.46715993954347973 -0.059043595437992376
-0.4034 -0.8598 -0.7294145762901677 -0.9298240763061408 -0.09858112024605582 0.4806895581658033 0.4731806016379887 -0.601146018880403 0.7676389670083814 -0.15233389367870612 0.32133043815819706 0.33020342346170767 0.10592805792113848 -0.8439261436933255 0.33821041172508226 0.5993866677972836 -0.28458943373535506 -0.97406670958908 -0.7827699207844379 0.8364487644814081 0.15400377147905936 0.09672587443120692 0.8607138907726212 0.4657838259971258 0.6964762972890254 0.8671913960084339 -0.6670179231240231 -0.2766638264138033
0.9534 -0.04770899654187653 0.7455097338103659 0.6225790395333242 -0.9455521589280071 0.2966594773435218 0.7777194799124894 0.7748012122198792 0.06061867299527655 0.7526654321327031 -0.9903054741510816 0.052749423749777646 -0.17622372442579223 0.4958296576353943 -0.4612202686279566 0.20848098676796736 -0.9232809756530997 -0.5986404153218147 0.7301191435681122 0.12747355418490916 0.8855377726124256 -0.6621476001079653 -0.010463351215510733 -0.7667637699121 -0.8607877656853132 -0.01000508715432724 0.2251149712590389 0.10675057705544203
-0.04450008963582998 -0.9974659972137937 0.8199819694163564 0.6399770905115753 0.5007251935546684 0.7739574795559477 -1.0619288808107572 -0.16184928562538228 0.16909422121143905 -0.6380678252710777 -0.2353199562682006 -0.061611027456482954 0.020519494381947972 -0.6645780368579254 -0.24722986979288725 -0.08159367658639582 0.5866361863681904 0.3356595426817937 -0.8138353318043683 -0.3851639141301249 -1.0231446294492377 0.21418801525753325 -0.44087905055102905 0.21740380831861764 -0.4390526786236633 0.5327169450976358 -0.07593507538312035 -0.5084778707316092
0.8745996357176524 -0.7724535805175413 0.6036052765173724 0.45095803354913533 -0.5706165430509199 0.8990251197496462 -0.18742602051984847 -1.0542401567864121 -0.9465174069523987 -0.055248080261555775 -0.9519670638380985 0.2258221519321581 -0.23069224474078123 0.1898170845825432 0.16753952486911924 -0.2215898481315119 -0.3033258859414115 0.15003597924521164 0.2468350781557256 0.8356814707598782 0.5248915578260109 -0.7308838187446893 0.7354724014970266 -0.26290156034164464 0.22814962927375923 -0.38882181223782813 0.8253098896196144 -0.1678969023750632
0.8143999408588338 0.8456880220477034 -0.756018041283728 -0.6912025327196627 -0.1824379930788522 -0.5751627440509152 -0.017837449341473785 0.8187029600151334 0.3754768300898525 -0.6051390710478437 -0.06470318838455741 0.3278545901696475 0.8784220362748938 0.699490505099264 0.13473485235533894 -0.7351921043474688 -0.2653237805736979 -0.26845954065869476 0.043343661619956814 -0.1573443530098271 -0.8844300059611617 -0.0856287698862876 -0.4819612648379442 0.4266728441082912 -0.8305586264407913 -0.512130697243467 -0.6907687443890302 0.18495778838985774
0.43870153358188285 0.19919206819184382 -0.09068716975749606 -0.6342530834649394 0.8556682241155058 0.454228975830282 -0.20027410598469733 -0.87292910130601 -0.7919981715956474 -0.6208986255556086 -0.8737500886944906 -0.1686532747043039 0.6128055239602193 -0.01045354383048905 0.9521621633359398 0.9293568827388169 -0.5514767254295547 0.46640302177807325 -0.8477386866164112 0.3407894453236083 -0.2692139353697116 0.09147643337778916 -0.9851318718070895 0.466946163943388 0.22102514962972258 -0.11877733573806401 0.8650925047774106 -0.31063768598038766
0.9605974235651636 -0.00553256058567298 0.8068535982450415 0.25872113513971556 0.9687625283908341 -0.39577986079936905 -0.7000084924813659 0.47288479846278164 -0.47773354406217966 0.3801464936962496 0.1920527282529108 0.601687155066328 0.24306923920343537 0.4715514891220454 -0.1677760905823355 -0.28112871674808076 0.2902826479869109 -0.24629009784357853 0.6211400413708615 0.14472956570963685 0.07684625300101446 0.5875104371437022 0.2156114053740092 0.9311567956988707 -0.9835756480960709 -0.5964046276347259 0.8520679109320192 -0.9326845147426771
-0.557166113355491 0.8270709820729047 0.8112525438821387 -0.9178588344973948 0.26691964634214826 0.5969971667663377 0.3309627534936822 -0.3555871564024134 0.5768448133736579 -0.2134134687234994 0.4691220158557533 -0.019773633650995014 -0.345217203291486 0.6058224802529728 -0.6195646901979124 0.7306043934158597 0.9632418733876527 -0.31742279805978346 0.38298551594602925 0.3040011066335222 -0.6150831794317104 -0.7596948987700138 0.6153762052946841 -0.784098636835633 0.4294448271591962 0.882000637248752 0.5844164555497637 0.8437077291595944
-0.4563993183114868 0.42695575325300616 -0.44666850824738497 -0.5513773604986204 0.04862526284404872 0.7870464206653229 -0.7786303829273721 0.5486259468219054 -0.27998540429836644 -0.8971822249510014 0.17952379234366503 -0.44473596097641827 -0.326419494170209 0.8358797281162594 0.1755330486116084 -0.5511684155012632 0.20031952925273722 0.4503102841309349 -0.0686557174730137 -0.40162326967923856 0.1360119870889418 -0.179862386663231 0.42220841319075175 -0.45566039198752933 0.9127805120402519 0.8395080849779504 0.7871177014713527 -0.32873003743210033
-0.8773143821660703 -0.3343261260973309 0.10611241459392033 0.3737040407387062 0.3050184221384472 0.21612096719701054 0.708899428332818 0.1721213265076782 -0.6650851537947885 -0.634193073617544 -0.024810152107652174 0.6126656946326903 -0.026825603516204614 0.6187729783460635 -0.7555235563736634 1.1528203667695007 0.6428901983489214 0.7884353738766694 -0.7317477390323615 -0.1375683234725749 -0.4151666159956998 0.5802789813046088 0.7649154507140814 -0.18065680628389885 0.2762384660827643 -0.8893073875696546 0.6462319297703525 -0.29268222321901044
-0.8941705811549459 -0.3164029870985674 -0.23987015792146854 0.6961394013341314 0.2746472714987729 0.3068945938179602 0.9745952096699447 0.12737204076173475 0.3629212517891416 0.14290384336225642 -0.7259259439412488 -0.057891076327532036 -0.10726910082250814 -0.3001378821466307 1.1165574457153011 -0.29675642040082034 0.2534543123364871 0.09838264696889477 0.4295863737733769 -0.4190488098276291 -0.5861431143708236 -0.716573858579603 0.2895221174643198 0.7660287020340298 0.6358076016454411 0.7321444048652066 0.3071721251497303 -0.0959586960813825
-0.06379211534071293 -0.988251033035929 0.21136738507429878 -0.9512859809153223 -0.7642641969180086 -0.3982917752961758 0.9700983598374472 -0.04311620771267977 -0.3572512918495429 0.3462046454055542 0.9338285345128037 -0.7432146505873136 -0.2516094124779085 0.4836671100949109 0.23772947356374002 -0.3165430082727402 0.20011501457767403 -0.943136828225141 0.06972584166400593 0.5706329598496367 -0.08020016157568705 0.610484762295984 -0.8124393074022316 -1.0093725089175094 0.34018399140838407 -0.007390897074567784 -0.3849093585617796 0.15507860226688586
0.6861 0.5902078678469268 -0.7241675188247727 -0.5611511833117181 0.9092930299308802 0.6600560532532491 0.6959045719590793 0.898678088943937 0.6241739487787953 0.20480230908461713 0.885017229269339 -0.10991938140263477 -0.6436487963261017 0.9676332494918866 0.8905455617634583 -0.5914670807458403 -0.6878281355997001 -0.3896347968690396 0.27352730462702834 0.5317957596210101 -0.8878158093859682 -0.8285190715438376 -0.47701772061647735 -0.4794273728976263 0.5945135497981304 0.8191494350860232 -0.12850032100934486 -0.3714965722681247
-0.8359997644130446 0.743672895787682 0.6928939187687488 -0.3132254413380839 -0.9845513525167836 -0.09175624545637548 0.5511840022505837 -0.19055915109327193 0.008000817177521645 -0.7431424205070845 0.016364820290062577 0.9500635594484089 -0.1567839282939105 1.1733420889446367 -0.42738803954273524 0.2815009578715107 -0.3964382697146885 0.2634200815245368 0.721437111447899 0.6243351179589144 -0.12056381211124872 0.5624697620781325 0.8086215108825555 0.8626650263661126 0.9144300580433093 -0.6730859649781308 -0.1999960624057958 -0.35257592042445896
-0.8952 -0.8907071452337003 -0.8509853051656351 -0.4888141593415187 0.7865830643145514 -0.7968954371255101 -0.9811810559109703 -0.8342022576357555 -1.0705214320139789 0.20490968370779175 -0.34900050117378334 -0.9631416673614346 -0.3977212032876205 -0.6988274672336673 -0.49116161339721415 0.44102469133133276 0.39188918228055836 -0.588189458550256 0.812867640243871 0.753217508754144 -0.2852387796094661 -0.70251477177525 0.38405297982887704 -0.7446564423622195 0.3210130910868202 0.1640166197401105 0.8761054838669243 -0.9331743050889939
0.4034 -0.39656170920694933 -0.6616818555206428 0.13215413099546017 -0.701255380774408 0.30498040104021323 0.4317529570603639 -0.9072894168080733 -0.7866677043004118 0.7213690766167017 0.24144863104818695 -0.6188422386598689 0.2822837314099561 -0.26346665167483974 -0.23614165299897 -0.13785552704331053 0.0238870157577997 -0.9283807956712041 -0.9009160578025172 0.5980461151883335 -0.9665997122750836 0.21714618925955376 0.8028583539545368 -0.931848857583522 -0.11765331055958927 -0.8049650444538945 0.6998400911822923 0.5788999764231316
0.7428016709645505 -0.7564560569258119 -0.3116572335783499 -0.522255379736442 -0.38726236147288995 -0.5210739365730966 0.36977483394890903 0.5327025121449261 0.42414160148286995 -0.8156120884084419 0.39865114384797495 -0.2233892992108599 -0.4786435974363587 0.9749094486909883 0.344917275233666 -0.28871146782346063 -0.6538968767091946 -0.15180081556072286 -0.744228677030938 0.6716560045522313 0.8388872348214775 -0.6099127854329863 0.7120369345090823 -0.5343452457810303 -0.2766323710543285 0.9228572284245075 -0.573946402216228 0.3146000000082057
-0.9927983809618379 0.44879082005466836 0.8142569580688686 -0.15210246305237157 -0.8667372549367225 0.4959062591829506 0.5207399987947707 -0.1805548321754474 -0.8865787655049827 0.28036301922170587 -0.612194265340629 0.4941571428005523 0.18200814454650813 -0.46239455390750084 -0.6782318342758807 -0.03663254781544495 0.8055318450925032 -0.324938798492541 0.14656942030975156 -0.1971508610154925 -0.04420526329009603 0.9429620906731915 0.1073472296847954 0.4684580549739303 -0.930002868563162 0.9695542400091186 -0.42274150188635773 0.8423000000151558
-0.9682 0.1002 0.310851922923157 -0.578924648447051 0.5903129431776731 0.7947866425843604 -0.8175795842634955 -0.5666732665911594 0.9316843945310984 0.43836840161285295 0.24358527012451509 -0.00393493237243356 -1.0094215163572517 -0.5418279963262315 0.07328254397153129 -0.6179751551433175 0.31822862874129554 -0.46217062724018027 0.8423271416061905 0.7968785048222907 -0.34663786510592154 -0.5477549364255545 0.9389018600610697 0.263144601600737 0.9757163140151944 0.516576862931869 0.9738858538530977 -0.3864
-0.9125 0.2145 -0.06477887937177498 0.9755728492281324 -0.6280993752956991 -0.9608111971718726 0.4550492767038934 -0.7216247580278101 0.4941142301683965 0.1606092450283931 -0.17667007856652392 0.20510170921126405 0.05415012720507862 -1.028453043421477 0.7757273152971869 0.8363170601189822 0.6717917369548131 0.49938714877344065 0.844792851145561 0.23926288052147524 -0.9104592492869361 -0.30714296310102274 0.011038562584171411 -0.871107554157117 0.2691464333681852 0.3106537807247255 -0.457111002217118 0.3418
-0.0488 0.4493 0.2958313273059671 0.31473425675011735 0.07323736361097259 0.24360066069269387 -0.06136433447678596 0.2629187709068774 0.11673522885109185 0.011009344029706191 0.3095683766914118 0.11060052614917386 -0.5936348276326616 -0.10588638787346262 -0.8540917544821656 0.8813740973477654 -0.04713012846358291 0.8629440935337921 0.18783569547485807 0.44890782415449326 0.39149896630644865 -0.5518272649162743 0.15968522852529632 -0.4833032221955568 0.536913066406257 0.8387906767159188 -0.9837116750042694 0.2957
-0.5582 0.1758 0.5806 0.5328024315413569 0.5011247880770117 -0.7634300387533691 -0.87130220757947 0.9686117608608371 0.067603092079834 0.40211055858938716 -0.5035043487327854 0.42396595318767666 0.8976508311350644 -0.9710026384205642 -0.8973538167685191 0.6565761520355576 0.9200822978751599 -0.5969197160730166 0.6627104965209816 -0.9644104635429354 0.23677569461713277 0.17358964707645466 0.15105414714644647 0.013146154598572482 0.9162001470876697 -0.8257987383258906 0.764 -0.5037
0.1824 0.9345 0.061 -0.4656 -0.783495495264798 0.339522758488148 0.3596390516610366 -0.525293496661072 -0.1230863033592248 -0.47930465578978093 0.12779675917981292 -0.874101635471986 -0.7021820150463838 0.25722705346459657 -0.5056877358971078 -0.6670360525049498 0.4520423047724749 0.9321554088514171 0.8462527059558717 0.9145044473130959 0.5641125006177359 -0.2611007012968355 -0.2667425800120284 -0.5015674424920726 -0.3181 -0.5414 -0.5401 0.6417
-0.0169 0.2804 -0.0333 0.0771 -0.3181 -0.2396 0.2255 -0.3771 -0.8155 0.6246 -0.9359 0.6981 -0.8932002251098989 0.16769951514008646 -0.49149999102458153 -0.14899999962598007 0.7951 -0.2448 -0.5542 -0.3192 0.948 -0.6474 -0.6499 -0.9365 -0.5779 -0.3835 -0.2411 0.4569
0.6391 0.2381 -0.5508 0.6971 -0.5741 0.5635999999359871 -0.6629012457149446 -0.45991779606217975 -0.1851536606239631 -0.07185624687484504 0.5320666308883596 0.47519441008804086 -0.16579816595238472 -0.8666350286256936 0.8447085435043289 0.6258053636630402 -0.4148410541994253 0.9242659672449429 -0.03129090908983968 -0.28755048155027013 0.9858776338917459 -0.8114006886579443 0.8213984738780147 0.4958985198359946 -0.3871 -0.3755 -0.7455 0.2345
-0.5413 -0.5326 0.44779995589804317 0.9844000007498938 0.679732684868266 -0.34572613904844385 0.8010721689632088 0.5627689782070767 -0.19319258454457203 -0.08329106743831559 -0.33498929439900654 -0.27014458412475434 -0.15365914292469135 -0.8156041432994824 0.5471181157653998 -0.80267254942919 -0.49473142427526 0.4935393322620332 -0.2871302429079306 0.014715970646670604 0.20323230596445843 0.5647321562221922 -0.940234838568958 0.5797594107343819 -0.8810525424876042 -0.5132792848599569 0.8039 -0.9962
0.1454 -0.5719 -0.2999000866355455 -0.9596000159039898 0.48972974406431236 0.7169864557378512 0.18220739845246534 0.27078208402652326 -0.27755255084242825 -0.22240876078882962 -0.5331818308180216 0.7369948699172431 -0.23971152052647116 0.6551011813007627 0.22589526570177743 0.12074810463679621 -0.22315323211792323 0.32630103146090655 -0.06200609445073308 0.15862147593702333 0.8549868058964467 -0.3179745262674598 -0.820612667738883 -0.11798563071936598 0.7139531556689364 -0.43208666218499475 -0.9383056878025735 -0.4709
-0.2221 0.9176998971302146 0.18667572670158117 -0.8603005589000305 -0.9450974205768115 0.39380543620420366 -0.6553249788903395 -0.6650020150378191 0.11377195406562608 0.3918666934929656 0.02761157241879625 -0.007812005312671304 -0.15360758548473763 0.4073246013590495 0.12325742736315112 0.32979607331534655 -0.40933679589490357 0.8567625216891991 -0.47477204980069787 0.16350071705241723 0.8693111766051245 -0.9312501222656541 -0.8375656385192717 0.2290920454404341 -0.2539195504131797 0.9417583507102484 0.4631520570298714 0.599470359985929
-0.266 -0.3122 -0.698175470619604 -0.2697878072652192 0.27178821115251234 0.4448591314812788 0.9156804151931652 -0.6690763851729901 -0.9452213482664704 0.20398178878844292 -0.3886274840156964 0.4813490560522915 0.8119251805188985 -0.620975023429575 0.46968506101289403 -0.8186446188333835 0.37307567466637537 -0.6812009528551138 -0.8934754772566861 -0.5446006452605874 -0.8962679522871345 -0.30569875361299576 -0.9368951784369133 -0.6440657829368441 -0.553128515024874 0.693992197793246 0.025902004813132113 0.2570846240931231
-0.8521 -0.8516001265862968 -0.1742190453727301 0.4825068778447331 0.7086328095835667 0.40802635810685195 0.8743675034706043 0.82980667101822 -0.8225412962366063 -0.7338138358071359 1.0282450035699404 -0.9465474728826411 0.04687288873796439 0.01762570206018305 -0.25531034622257914 0.20712708704154842 0.7477602756803637 -0.17449892700410718 -0.37658582045855943 0.9934574543599529 0.764354592260506 -0.7474704112001717 0.1791511758281194 -0.16998711314999482 0.2077977368762147 0.8930432867719983 0.2989065597771015 0.8001219451052852
0.5033001719784262 -0.4556450681870206 0.9226565382143475 0.12620579689799333 0.9604610452981839 -0.6393105886983631 0.8720541462464104 -0.9756815798339509 0.5273521374545688 0.9940024831617807 0.4356754096654748 0.08618853554001471 0.8040175096846343 0.7722782019291711 0.8858202639853449 -0.7338352545347786 -0.22666639334958796 -0.8350328739924969 0.6661446976924542 0.40968911452612616 -0.38265324056482775 0.7061019947925188 -0.7973389601153795 0.46892634591022486 0.63995163605264 -0.33814403530309894 0.3969653529590023 0.6704656279583535
-0.06719930107519673 -0.09680982934781994 -0.9919438001669846 -0.3957135351995934 0.5546374981228622 0.6447433099575502 0.407112262642896 -0.9664153739937094 -0.4672524688954446 0.09489745973228098 -0.6601528648253077 -0.8931771858238787 0.8299764473325238 0.7585120189472088 -1.064182805889465 0.16037283401855365 0.43767353552786015 -0.052643803070474345 -0.2532210130682941 -0.021180689916674298 0.9192738719841538 -0.7200447590110853 0.0949993882655904 0.6892360286635321 -0.9136707070726032 0.7636545669388302 -0.7789294794672806 -0.9948140967959499
-0.6755998865296982 -0.8066166009015328 0.7680750504383925 0.1707715564115002 0.6019677112117928 -0.6586467560136009 -0.055940623151243235 0.8056762686102952 0.4403525806575327 -0.06387786733715463 0.7777879060988326 -0.37506645859256754 0.7304123042312958 -0.019982198272838102 -0.24488842559121646 -0.12239344784328798 -0.11549289583318637 -0.04168987254362343 -0.8075916977379145 -0.4476991627177796 -0.796692146586457 -0.09915027188200716 -0.2797328680807521 0.09550865153621281 -0.8517863445952908 -0.04670264158309795 0.5135833140631848 -0.85112278582953
-0.8339997851224134 0.9405568174879437 0.8873835013296968 0.4735368728710129 0.10310099437409102 -0.32746093338034504 -0.021957963299955908 0.7605481896433262 0.6847278605416224 0.6382705126294066 -1.0371556508088697 -0.831711897634904 -0.34311723629266766 0.8185165169455982 -0.06250183952653843 -0.876080516387568 0.044750239142303354 0.3504045586778016 0.45026119053314795 -0.517350424955753 0.7462190947255273 -0.3952308739387638 -0.035773967967522455 -0.22333441542763105 0.8682624809276506 0.136730772713706 0.3054237315203686 -0.3593979611787378
-0.5194721989890325 -0.6735341689004689 0.3181581774483067 -0.27537204529291565 0.2284620735175124 0.24176100968448944 -0.04185848793438073 -0.7074552024606068 0.7698152431634787 0.21363387276720971 -0.6053403917586528 -0.5715437748596005 0.42766050162686914 0.4703973270792374 -0.7008662810959118 -0.6067220198580067 0.23145156737031689 0.5969961382970604 0.3002950536824558 -0.556264082986027 0.6580165102672185 -0.2915685407640095 -0.6303069502140719 -0.6875860446484966 -0.36842795463225264 0.16512966786998068 -0.45854931355323303 -0.7235992765880206
0.5360111002088446 0.299727214551621 -0.09310435145757767 0.08955346798734747 0.608331785644489 0.7256401835538567 -0.034578968905553 0.16062210882683853 -0.9291854757166105 -0.8733148579299327 0.7530751672648027 0.01127568322724474 -0.9335969312654746 0.5613692816763093 -0.6727289868100592 -0.05582750297392661 0.8647469903956749 0.8311525058688424 -0.5120121444672412 -0.9615643517282411 0.9215181674605933 -0.40961028101561686 0.7163636855464981 0.4967284958812767 0.4857761716015833 0.9492546260239715 -0.8532016364575078 -0.6007248082524285
0.10320005004940347 0.3111215037097679 0.7558725226129149 0.5003096189428562 -0.8016024966679743 0.20682184107164375 -0.48889286539560745 -0.8173332479068007 0.6498523607730611 -1.1888387821673887 0.12964957197813623 -1.0265441303302152 0.6148516390613982 0.09736036104358052 -0.6341558016072912 -0.4923675700062192 -0.587262995343033 0.04875467559661789 -0.29123332913704775 -0.3601717574379728 0.8747420536899594 -0.2520409553279952 0.25404145395318317 -0.21838484638720643 0.8046807313907424 -0.6500584255987344 0.06843069319787103 0.2471962016494054
0.9187895320275931 -0.8757864587763181 -0.7444235489720816 -0.9336962983348679 0.9899728712211907 -0.11511341281612439 -0.29425378060801416 0.08099054155355156 0.35017459862484773 -0.013066376490134764 -0.72831516607815 0.07050483274328558 -0.4981062946373093 -0.5032248354926525 0.80858575464288 -0.2806817800531801 -0.22004398943768905 -0.3429125635452338 0.39336355540822787 -0.05454967872974989 -0.5341562217556416 -0.9379946783455548 0.21763558044851872 0.34063981177943087 0.8866518933249568 0.10718332412084201 0.3298298726714129 0.041492834152015254
-0.34670334684523235 0.22670487761136748 -0.883792754993301 -0.15266701150861003 -0.14853370613718547 -0.5974728237095049 -0.9466330783946386 0.5479999255653799 -0.900753550328464 -0.5388461223229933 -0.010443423630615317 0.5920129083445576 0.010778780052686841 0.7806178094655215 0.529863126175851 -0.7046123610481368 -0.8665982569772405 0.048861408426524276 0.26151359169139876 0.43746693514418267 -0.5028084317858662 0.7777656200393834 0.11997524395567752 -0.27278320492759983 0.20184785163979826 -0.5886208066300164 0.9200147970731364 -0.3264899750517178
0.22700046245823594 -0.449891599094714 0.39051790776080614 -0.17559027609792202 0.6821495063419095 0.3239364010624559 -0.07059262266805294 0.09946897444870152 -0.6269205740194241 0.6353126144817357 0.4702676174913005 -0.7795992601296193 0.1716760226637062 -0.9440437877024763 0.7438558656493623 0.2923474091101581 -0.8441213692732512 -0.9085546442134503 -0.9138646465104785 -0.7377428000921078 -0.7620371115999071 -0.7242964598293207 0.5735382264349109 -0.7944669685270498 0.8621833080603405 0.3421698927384911 -0.55054327820053 -0.7061980485236189
0.1488 -0.8851872055316042 0.3362348626725333 -0.35507866751141737 0.9345999857353945 -0.37239885601214706 -0.615140245689416 -0.7830720765624581 0.09364953984871019 -0.8415397461723003 0.7141692765003362 -0.6463703520884849 0.13218702251811845 1.0091941388445986 -0.14486817814315373 -0.8605426776584325 0.022104683132672394 0.6833349856089251 -0.9265866957414629 0.5390118399099497 -0.986025065698762 -0.8463208456278767 -0.6104776908952723 -0.12377324560064772 0.22588052350099397 -0.46368609648823605 0.3315848915709815 -0.5824793367626447
0.27779997946259555 -0.17070049579564459 -0.08481520360272436 -0.7135755823085395 -0.6161915622792554 0.19842838131217624 -0.8552225791992747 0.2797791089713052 0.2802180845208214 -0.24681155303487037 -0.20013556624661422 -0.6773018017753675 -0.7180737606667399 0.43240132152189004 -0.593649514947478 0.31406779190651674 0.7801557532297686 -0.7998533342388406 -0.16919671936950362 -0.2859577180430571 0.02249682321524969 0.3206151841586719 -0.907114970978406 -0.2861749570964675 -0.6474055923387854 0.260411295236746 0.7170050125702367 -0.4882231371471091
0.7138 -0.21743501884124825 -0.9944431691590446 -0.8939158191244888 -0.8057136143721427 -0.08746882403218245 0.0531360478659367 -0.8176004163313039 0.9478358333775088 -0.9065103841149688 0.8556735198869326 0.13497390560127503 -0.19154772740507522 0.19427406708898504 -0.8932948546814401 -0.9984704130153844 0.3631394366546706 -0.19112571210307092 -0.4636089119431348 -1.0499043947590916 0.06369632934968823 0.8598474173206208 0.18360583851697046 -0.5883923979240065 -0.48472435140707737 0.6461387687038435 0.9596249221118267 -0.3250324244457448
-0.1986 0.5026231676823083 0.7858003882731135 -0.5333237102125721 0.830374024484738 -0.8984086908327238 0.6061053209341629 -0.65525923217993 -0.3729017481432898 -0.18253770822638235 -0.9434660551767333 0.13037769412886596 0.8839543270426421 0.8353410796727715 0.5664012441959461 0.5434336900281347 -0.757003695529963 -0.14204582525538623 0.7068727934108056 0.8934780443830228 0.6326714464886042 -0.485975524215239 0.059208225374775436 -0.09941612192101303 -0.8208002329642904 -0.35243346060459785 -0.28466708824088305 -0.5320000120843161
-0.9171997666057248 -0.45504787665940677 0.9205478058714656 0.9104177499404732 0.5016061628247769 -0.0459993575175529 0.9013027853909301 0.008204359509439782 -0.7291032630548379 -0.13778797732812148 0.5703437269196135 0.9233214779788068 -0.713033579299692 -0.2957501302780765 -0.037311384742465835 -0.5170175739452402 0.7487533109854037 0.9839650523784214 -0.8613913393320791 -0.19432590481252746 -0.030632752638656814 0.811747703495926 -0.11369978298722887 -0.008880312298651067 -0.22772309637375907 -0.07673339194306883 0.04284708516288645 -0.15749997687385153
-0.024699773858614684 0.8955932482394483 -0.7845646532468699 0.7307362176973657 0.8114104444526562 -0.9630117332751104 0.2178891269691789 0.8869203575492935 0.4137543708712811 1.067663274444715 -0.10753044892702425 0.8643670397812736 -0.3316235121207928 -0.25662668137690975 0.6818024373226121 0.3945088784064751 0.7459573946979347 1.0310223484951642 -0.30471432467519505 -0.8174181878426605 0.21633211685691048 -0.30616872011402924 0.45046803900546745 0.010174102497751367 -0.016853463919449176 -0.9133092175316802 -0.07597999634478439 -0.5626999572869567
-0.0645 0.5149 -0.07133790414836844 -0.9342347861744691 0.18575307151952591 -0.2431043230032233 -0.8156487728426599 0.23176416527875765 0.4730225308447047 0.9943578185977586 -0.9275516140281957 -0.8635797700981136 -0.8984045272400252 0.3934850840477456 0.410049204434559 0.11132229524494014 -0.288471153072401 0.4668324197180529 0.4936337607585432 -0.8335050602183945 -0.8748411551911766 -0.20936592996495218 0.43136370084582415 -0.3583901652085213 -0.8897330100953907 -0.17342464609545602 0.9095447119314779 0.1158
0.8095 0.2967 -0.9260340047832541 0.08578537782269968 0.23295894787289761 -0.975995113093473 -0.14264338367321158 -0.6014529178186974 0.8798186545518372 -0.5125370457895769 0.5363134914697828 0.3279537933005961 -0.9381463120742962 -0.5610969832289017 -0.8338999476477144 0.4883589842316462 0.771475250592478 0.37130046264443667 -1.005495134173805 -0.38404224715923535 -0.5527354504463133 -0.730375367017266 -0.7089797512840944 -0.9913247746610492 -0.7820095031860708 -0.9307799833020971 0.5280686084459121 0.7351
-0.2557 0.7791 -0.6285033251645727 0.925739704670282 -0.3000303830903056 0.7574501695063882 -0.5618251165115598 0.6814812358760188 0.24953109655698186 0.6836785041245286 0.7985676824828148 -0.6021643097815393 -0.9100182187987327 0.5303426474961069 -0.3636612283938283 -0.8932804206201368 -0.35694754987436944 0.7524128410757849 0.7191420677331087 -0.23074118685971853 0.12171266974770313 -0.24699533431965412 0.9365437777027538 -0.668573087185251 0.8217347655961088 0.4452460145863806 -0.16332108112348967 0.749
0.2952 -0.5733 0.2638 0.7875930817596264 -0.5564577933235785 0.8030192432570525 0.7151721758163454 -0.389664670043203 -0.7559652019019074 0.04239828711490588 -0.6311426217468492 -0.5189623868288461 -0.5829434045920374 0.1591893674662424 0.7037838684803744 0.5037574851836282 -0.4423361210456727 0.2841342031683677 0.303647726822621 0.685105251607952 -0.6348637564012092 -0.7556983569548691 -0.24535768615826115 -0.5541152474631323 -0.9721999999894133 -0.4370999411995825 -0.0933 -0.9623
-0.0045 -0.7554 0.1838 0.5191 -0.6992895011210338 0.16966276863341215 0.8927579011194104 -0.37300132050757934 -0.7122261399068657 0.9154061369936128 -0.13858501151769784 -0.5617191181004304 -0.20056929862527312 -0.6989439447768594 0.6110224801580677 0.016671890049193654 0.7920744366515658 -0.30432246517066447 0.2574189175739615 -0.1552590103934813 -0.9184260148190441 -0.6957899112948608 -0.436102431329528 0.6863002665068569 0.7803 0.4227 0.825 0.2006
-0.9745 0.9711 -0.3242 -0.9411 -0.5019 -0.6081 -0.9338 -0.7841 0.4808 0.2396 -0.4938 -0.5626 0.34500916180490676 0.38141997536441624 0.6902999039136023 0.7873999959959275 -0.6164 -0.3184 0.4287 0.0432 0.6021 0.4383 0.869 -0.3466 -0.3857 -0.5451 -0.3803 -0.0675
-0.1764 0.3345 0.6342 0.6598 0.2713 -0.1798999947147697 0.47254081315735585 -0.3491376683878668 0.3102029377441729 0.009788877514999371 -0.014708555650485804 0.5897946240665238 -0.22364190339899992 -0.5119809578815003 -0.8234771033377052 -0.1597380154783151 0.27787920258511384 0.7462741999293523 -0.9328844166745625 0.4083170845078681 0.8258161301704778 -0.07336346970929503 -0.9212310220519522 0.11768990760594158 0.0722 -0.983 0.3905 0.5652
0.8064 0.1708 -0.4469999951864933 -0.7919996618558576 -0.8531995235525446 0.9748000784872372 -0.7152755037792652 0.77630048195693 0.08025332753486605 -0.318699280353682 -0.4882291430713537 -0.14350668981452183 0.1497186795811857 -0.38178204228953166 -0.8662078722083233 -0.8629815420384692 0.5644784461209357 0.48783551315930795 -0.1398837749855287 0.8484748419914393 0.8759370371181232 0.7882829957031505 0.09432574854099716 0.35920562295728137 0.49752760258158907 0.11508054572137431 0.2061 -0.2045
-0.8935 -0.4792 -0.12409999880589392 -0.2749988291853679 -0.1235002277550197 -0.9635774718529909 0.09718261535712772 -0.09745089619628748 0.2050121925947369 0.33312658027006603 0.512414768194539 -0.252718931341882 0.5491387822895516 0.20729510778448174 -0.41243666282333735 0.9090607890955237 -0.14643950666627523 0.012328552097287934 0.2786424873207828 0.5217682287733476 0.1831365274148031 -0.42979668551760086 -0.4061214145409193 -0.10680679958036003 0.27439696264249025 -0.9812591496964364 -0.8454003794581049 0.8873
-0.7151 -0.012899873341472102 -0.24309738014436347 0.9620890329653324 0.7753017532740203 -0.013842899748185894 0.12160456284489575 -0.44498702216408914 -0.043248617151793144 0.9464908269897941 0.9747340692691357 0.12014501494239242 0.39200864591555257 0.9906805333612742 0.8467973399900481 0.3839119584845756 -0.5438902008898394 0.6957848056893114 0.9152058768019251 -0.2835203595284632 0.20866665945387597 0.7846750555943991 -0.8770090675703384 -0.6296187185551729 -0.21056151958468158 0.271852635337579 0.5480754911300452 -0.0485974286024234
-0.9414 0.2815 -0.7603002273250541 -0.3544216382847686 0.04226301785897774 -0.5737599648172855 0.7491738042278033 -0.600183949447022 0.37138505895992036 -0.12191599240602412 -0.9391226966592967 -0.5571743512893579 0.44239902332474695 -0.44227019142998236 1.0057290336625857 0.2544580135672296 -0.058698220050627456 0.41216760621251536 -0.1706157831341404 -0.033462788978555556 0.8301567452297086 0.6607931221604255 0.22444975567282532 0.2651100659944086 -0.9549620147083407 -0.31813885890496196 0.10351311809335692 0.9785944247888099
0.9987 0.4846003520672263 0.8686145558454313 -0.6172137085365432 0.08138412520099254 0.8213137821996471 -0.28507722128295715 0.34055550504734317 -0.9542777773058035 -0.10163110208512456 0.3685751012579779 -0.9594547362909839 0.9532120269294878 0.6531496519986807 -0.6001844341084559 0.7376851053525033 0.5746601328140081 0.783593533658759 -0.31885202817841385 -0.2257406303887171 0.8391825293919927 -0.13915994334978493 0.5703140455253414 0.9692151222951202 -0.9716241613576412 0.9158896119208915 0.21516329502447032 -0.17577005528071973
0.10269996296196889 -0.8774602710740076 -0.5426647063658891 0.7674044646194034 -0.2933137936491423 -0.6882075488852447 0.9599758767576949 0.7990943102794044 -0.5258666639595799 -0.8611378884844463 -0.08672634714660286 -0.5179263286302692 -0.9785177663794845 0.7170335531122215 -0.20332256585834604 0.011844851307141595 -0.2231025038528003 0.978649206769724 -0.004604716269352156 -0.12804964555296622 0.06113522160344237 0.1530248207860298 -0.23573914755524344 0.40339555064543986 -0.7680852318354648 -0.7705912856150925 -0.9879200380161585 0.19040889557524307
0.7429998494764769 -0.16472992367511358 0.327075074362363 0.8537978507152879 -0.7127964719450732 0.9629844764090745 0.5159490563581975 0.40891158411771944 -0.23322689908959351 0.29357704205072355 -0.931710692558512 0.2779154121765424 0.2386406402682584 -0.4159327782599795 0.23153793400315473 -0.8331330596647618 0.2654295300886525 -0.31833785980294926 0.29520810438458306 0.2486666005775594 -0.5612411139002287 0.14651074212227663 0.9401917461662107 0.3576615460127819 -0.4761422903693311 0.52823491489611 0.5933216854386345 0.6817189881977501
0.46949997556253614 -0.7306580570388025 -0.8020557196469741 0.9630127923998695 0.374028482713265 0.7592346813845078 -0.766658766781111 0.7273201909387682 -0.658392555852197 -0.9097875882253676 -0.4881093248266122 -0.22531572961602336 -0.44404004590349516 0.8543288463520822 -0.8048971592666795 0.5270269451919242 -0.6730899787862453 0.7285623103194475 -0.6278429104380195 -0.3481195700663111 -0.17994626215334833 1.0092875608315555 0.390299654859534 0.6521804920593964 -0.03924354037364989 -0.44736694680834516 -0.5907357094110354 0.7874463319727946
0.35859776728865733 0.6921131684249686 0.9375845586677731 0.01769875238745716 0.7937279794359032 0.7397068554677967 -0.16481436230082558 -0.6029386267018221 0.4341850352850407 0.21998373272848187 0.19962550273571794 -0.9302634044559887 -0.7400616720008694 -0.5913615102162967 -0.6372093152707047 0.04226540197574252 0.2967340326797986 -0.7867764039291242 0.8603282228612096 -0.11093721564447004 -0.8496287376246657 0.9225370538641661 0.2826380823743851 0.13352592430275537 0.6994270870571608 0.5145356651167331 0.21229476358781366 -0.32134279177424124
-0.7232873928331793 0.21806798317134735 0.45445115186723795 0.38255048784569434 -0.1530360905961269 0.8294905977677749 -0.5826788288718778 -0.7718976246699601 0.5373862302624748 -0.3645481925645688 0.022360262138511493 0.7192781906106379 0.9736228909261759 -0.3191634272871743 -0.8355905539092761 -0.03430029522882337 -0.9893291945927859 -0.6009692409818955 -0.44066355777126004 -1.019761702512691 0.24964773346163957 0.8081484083259775 -0.7102714057793265 0.6999209716237103 -0.024479584209920514 0.3942055943340805 -0.31484857346361933 0.8960002434439185
0.586073169082893 0.971039577537343 -0.0286004117026798 0.24302588598719976 0.1050671064090674 0.5802838931307168 0.7620261760143127 0.8294222789323243 0.7434009866056364 0.5893514387996057 -0.3689971629845542 -0.7263878996554259 -0.16514488437665878 0.9193264543572653 0.06258168340383052 0.4852801004576056 0.7429961888717678 -0.6725402791501005 0.6080510518677192 0.7458210753350173 0.21045176677182514 0.8094168423901706 0.268611850554945 -0.973074916955436 0.009661100684076452 0.16466801661183716 -0.874707878989389 0.9666547530663063
0.3204000949542233 0.2665889520809411 0.1444355239804706 0.19893989793032207 0.6513484815309323 0.6258649382886633 0.20750617382283584 0.5301965630946552 -0.9605038006503053 0.30033566372391746 0.9646106508444499 0.6686654963726535 0.19088570322450393 0.5810018619139864 0.02710612313391528 -1.0057126878041682 -0.4296440299793419 0.39066381664688765 0.6952752774285611 -0.09995620144496856 -0.7302184684517606 0.9340805190591975 0.7620081926298191 -0.6985881790937134 0.517914373411383 -0.3207319841653307 0.1617179248501686 0.1779596405988503
-0.381468827161273 0.4193941646270633 0.6543593139133307 -0.23746764627397035 0.9127192582382073 -0.9686562062556835 0.07352112654697147 0.3041924658414797 0.32704084095220565 0.05967891885205718 0.5119277969678669 0.9534695676195291 -1.00435108978786 0.3760114850225169 0.18340400226560566 -0.24995853751325764 0.24989714606145433 -0.22106866840793413 0.38349244198238563 -0.3032648608181837 -0.21198175847312545 0.3175537814276006 -0.29275896859988276 -0.8438869517559777 -0.6621238541269291 0.9121692611268106 -0.964615996894448 0.18861922138346388
0.8585091253786269 0.34539978512492536 -0.6101332584751892 -0.3289464857372064 0.5310355423325149 0.7168782503325615 0.6738068628872034 -0.11968296027645453 -0.1278044853464495 0.7467586230229177 -0.7311383339633108 -0.7241233258942738 -0.29387790047853307 -0.2560996456493371 0.7319686139349696 0.7813422757264851 0.39913026403898727 0.23175052889027675 -0.032499970188082775 0.37172241873023515 -0.20276379692819038 -0.4938929036219448 0.43989609204434316 -0.6185557246010424 0.5097830602871091 0.5544912578306611 -0.0490023997266907 0.4639747717113839
-0.8151061770285796 -0.03145952138937777 -0.9991283395610175 0.8075835238501603 0.8434895177090306 -0.11089295138579007 0.9990563737315205 0.3392676482194453 0.04706566440899026 -0.769097823797114 -0.030176899267088362 0.4115367331630131 -0.9481393674416162 0.5560457287841905 0.06317126245313247 0.7205422806082868 0.10503907582079394 0.38941008063172405 0.6862714452946689 -0.8292390093857293 -0.7615980766929081 -0.40697341987412566 -0.08021807778849704 0.18807209671689779 0.9197346635936611 0.8763618400102916 0.38017351267598115 -0.08710881370202328
-0.2148 0.7771959654323264 -0.4899948043488492 0.7139200173631796 0.41317388418984785 -0.5830680716730507 0.43106372637417595 -0.15488425799823333 -0.4831518218618546 0.322526296503394 0.2758161810395901 -0.17424527526362296 0.5805086922937441 0.4728569739170786 -0.39282699519557995 0.012270437117562389 0.20017925875698453 -0.734616251928284 0.2687104734367767 -0.6403920581907472 0.7194720675702262 0.24970728720532792 -0.1144137151462141 0.7876196392856373 -0.1388427947635514 0.28490874267533994 0.19507272401202916 0.5136787567210265
0.617799841590731 0.7815978930943582 0.7330173459868713 -0.5963226001182165 0.6034429218601192 0.24755834272939042 -0.6328813589550774 -0.8565102215784661 0.5216386882026282 0.6647750790041254 0.5238287574258476 -0.6224738655631165 -0.7084629400745373 0.6070289511192251 0.12485158916550435 0.9046543506448722 0.07717506378903348 -0.9408047072805324 -1.0137866592065536 0.4429346146931843 -0.1949538681960691 0.05879572595612304 0.19963662879259586 -0.5061205269836264 0.6517887191995594 -0.970869666535458 -0.9659881526793636 0.5534903036643919
-0.2449 -0.28757103654291494 -0.35540355624081665 -0.6644561841209224 -0.1956978621273359 -0.9465833722845359 -0.29580493237260613 -0.2541607008494273 -0.30136007512079843 0.7163237232453822 0.3342467382736927 -0.637603986669871 -0.0036410521938154247 0.5683861868553166 0.7112768628439813 -0.6650944709951373 0.10788277270706392 -0.6900168855201954 -0.8572761273543039 0.4896262389871805 0.10333858678070257 0.05811790208633611 0.8915936916401722 0.11417105376154883 0.7947118831832094 -0.03836271588210563 0.06414865691893648 0.354494913154524
-0.5216 -0.6273653879246254 0.857547000966458 0.02683094666511117 -0.40673081399339456 0.20018230818633548 -0.7220734310541221 -0.30334347551684815 -0.7206494624497701 0.3957926814960374 -0.5463753781154834 0.5967949624143342 0.7947507532344493 -0.7777398064832225 -0.22531981264984702 -0.06291659632222425 0.3812456461425316 0.21447157711005693 0.1472831992556841 -0.28479015636970545 -0.1406137286319248 0.35618493010407803 -0.06363502009849129 -0.5756664860568768 -0.27029077305013144 0.5808040361229941 -0.14400219612537007 0.34699999994586256
0.5366000407586359 0.6495420928891946 0.18397539265043117 -0.09229607794621647 0.8350474906047736 -0.18127575598605708 0.10764568936127966 -0.05075528320859686 -0.29674196611928677 1.0115363836961988 -0.1862476380586421 0.7316570756355121 0.5890261921351808 -0.44261613515652304 -0.5921568109972788 -0.13338371451820047 0.9322598023194993 0.3402588012193115 0.4375992828745995 -0.02670761858191164 -0.4818862191733055 -0.736033217287038 -0.7503801096446888 -0.6546900152107439 -0.6736725618462621 -0.0534999864161158 -0.20655630746306242 0.5945000016071854
0.18970003949203276 -0.674199366782483 -0.06984120625902866 -0.9549674513955955 -0.376083927562002 0.9921111120226568 0.047169970169587974 0.8976542315124126 0.4931902617538967 -0.47172015935857026 0.1744337898837991 -0.7783674331732284 0.19571308644590557 0.8361886163892062 0.019899489744882978 0.7835325732950328 0.9571999768735279 -0.3501188552303859 -0.3283853958464706 0.04351589362527868 0.46470633811413314 0.904654088496803 -0.7138552616769952 -0.9424955065517661 0.6866357932850498 -0.8134874098868008 0.4632023240504974 0.2035000029684053
-0.2293 -0.4739 0.12857126953910827 0.31631945676516393 0.2791049906345764 0.9965842695846348 0.34527599115538776 0.07614559685689466 0.4070291097783701 -0.07589778414903157 -0.45840210515289304 -0.10831568690344148 0.025138853841036007 0.8476135903503941 -0.9588880923213736 -0.3629831654333085 0.05570250206519031 -0.32097630416519 0.1504605052157499 -0.44560133846446676 0.7923238278462581 -0.5510991909915792 -0.7394630074240102 -0.09215061475634642 0.45438846240743785 -0.939482126411512 0.503843974837137 0.2438
-0.8342 -0.8651 0.6688732052484041 -0.9161210333725255 -0.5454150859858433 0.8573216013375022 0.5742068146068278 0.6120309777829351 -0.24815165481098178 -0.7491219880190407 -0.27560908592030864 0.20007258404156678 0.8892027095274418 -0.08516104313758592 -0.186562068383948 0.9383828515015202 0.1547442900212591 -0.4885666101544975 -0.4244155302495795 -0.15380468461234947 -0.5103982900651525 0.9705072249978244 -0.4332835338025431 0.05846239060381975 -0.2587871718080147 -0.8618187937024633 -0.3710000756569337 -0.6775
0.0996 -0.5506 0.5342994197534864 -0.7386327273340636 -0.35186364079126564 -0.19639997374392737 -0.587539142058268 -0.2162263623245123 0.14172134228981445 0.13450697678174672 -0.6707992288372813 0.6113468919121549 0.34535929783869174 0.28377132056826465 0.8633937131557056 0.8402899852839524 -1.0061734882953028 -0.42538300576162297 0.809518985743858 -0.3927222012356445 -0.7186263486529608 -0.6477131776737555 -0.02856226216509367 0.8453002707193683 0.11662928680023765 0.7893968147818151 0.019499919716633937 0.4244
0.2125 -0.0274 0.8572 0.3871995231538014 -0.5974211794754536 -0.21399649551037828 -0.22484620150035664 -0.36447098860278576 -0.6013443682543675 -0.3950207749914543 0.9059152520477782 0.4992370535362959 0.8041252086816361 -0.24236068953053766 -0.6962798276958444 -0.021303656901192545 -0.06232000558285747 0.36811776367280735 -0.5428678091947776 0.9554010775345585 -0.8917428119682344 0.9514439535085479 0.5834081344101227 0.47028720548412245 0.37820001907261236 -0.2796000294973866 0.8042 0.9909
-0.6746 -0.5952 -0.8427 -0.7354 0.8277999216926895 -0.14440109941023815 0.5467302474123404 -0.10644914015231416 0.5182004927469233 0.6436028139629004 -0.3434906779791171 -0.2644728178414735 0.09692582732306733 0.014175348428617745 -0.5651252613649271 0.8189627052909992 -0.048192741951956775 0.29431198933967284 -0.716654691062262 0.8729248764722535 0.6858810490112546 -0.8633770336950365 0.0722804201128253 0.7629973867261114 0.7398 0.2796 0.2944 0.6582
-0.5131 0.0516 -0.9726 0.258 -0.3367 0.5395 -0.2325 -0.3126 -0.3832 0.2499 -0.5916 -0.2671 0.9921682996983726 0.8641484919694437 -0.6915011847524187 -0.5735000493705116 -0.985 -0.9914 0.6849 0.1278 0.3728 0.7399 0.5673 0.5826 0.8979 -0.1378 -0.3019 0.2507
-0.5732 0.6917 -0.4481 0.2249 -0.8244 0.8433001407757533 -0.2805758525051209 -0.8443646309145125 0.41465448057749443 -0.16657753090353436 -0.7643829062149833 0.5675496486390346 -0.5311362955423402 0.3740514232733978 -0.005323728831149382 0.6212135974198012 0.07661118483093174 -0.006166586580327659 -0.3232926487333927 0.23455204129457471 0.5227680011145185 -0.27289863723366337 0.4902166211070039 0.16970065273182813 0.0174 -0.1109 0.4033 0.8053
0.4369 0.0621 0.3006033801909596 -0.060499999342640186 -0.12068667196668979 -0.21979317397888146 0.9659054841259412 0.0701737620317737 -0.49429874982051963 0.6564829024018697 0.23928616190211435 0.9884189203482432 -0.902368854893561 -0.12279972995353848 0.5734550650938289 0.3176435453742271 -0.3912420892606398 0.7761183512498351 -0.5194537767777204 -0.45073577587393454 0.8344190375502631 -0.23645837092188562 0.6010230231076396 0.9923199982511571 0.0822908553412856 0.6965203189298441 -0.7358 0.615
0.5775 0.1817 -0.1329925548577822 0.050204070271183864 0.014464543408002756 0.43949825267943055 0.3942108919181778 -0.12962026206364194 0.16980556474589853 0.5788878211556625 0.6277000424992228 0.13677453825187047 0.46435161129971264 -0.49338481941823736 -0.8748863366984757 0.057744521508687356 0.3209658864124017 -0.3664844929708524 -0.6946195646380685 -0.3777520538476262 0.8905985310309599 -0.33447971182185204 -0.2589806464811927 0.9561525388271125 0.9756766416161269 0.2588631359577898 -0.5237120119197459 0.0885
0.966 0.8432999996740224 0.2156932710090339 0.9832827660653947 -0.012555776861721041 -0.9629262336339043 0.9421404745675134 0.5296243347940772 0.024190606711922344 0.7634041675351109 0.5510706640648302 -0.4120368393037706 -0.7824192474681753 0.05810595591788124 -0.4848804747776938 -0.2727869899291477 -0.6829471555230219 0.7281883795076467 -0.40179861467029765 0.2752786370035137 1.045257737254184 -0.7874536936618469 -0.8566751584317367 -0.670917173020032 -0.004250769125320035 0.3259123388870879 0.9813783088970507 -0.25527885969350306
-0.1073 -0.5635 0.12683250942097526 0.7688062914291102 -0.2615098159783876 -0.2516208594724898 0.46148066523660897 0.2017983017677023 0.5273839322368196 -0.009097217072322252 -0.5464055432169326 0.3722747391591566 0.3461446917616808 -0.3359266464013913 0.6720497846064035 -0.5354788397366742 -0.32966960824418684 0.24075554803821364 -0.16314411700913792 -0.741182435183185 -0.06327553154793202 0.29346355275505376 0.8404562565745652 -0.17649641775987684 0.32315949928323157 -0.8878907108287212 -0.4283552494871847 0.5785089600780982
0.4494 0.7555840823321628 -0.04811819630533064 -0.040087203574767916 0.7867225005967403 -0.9121959912009233 0.551051834100315 0.01296360217538573 -0.04663618449041541 0.05110015859123808 -0.3440262106733235 0.4156890265939327 0.5102177027915096 -0.31367292046168826 -1.0065316666098967 0.539712474003511 0.2431175250302443 -0.37526880971644255 -0.11028957877483499 -0.5595301724985116 0.7365696749875946 -0.2403318136771465 0.8603415110992818 -0.0769639832860204 0.0088805238582575 -0.43876745765118974 -0.7749040304739053 -0.3543896901249362
-0.013399483633539443 -0.24683821283286783 -0.831330890394905 0.6987049838211081 0.6398635569643382 0.5410187416628885 -0.7225737091351053 -1.0774833869061582 -0.35281903877652177 0.06847924661014215 -0.43306009653276173 -0.3541370490411888 -0.7843995548677983 0.7989772386188413 -0.18805118828446868 0.5691734233454671 0.42166177677342265 -0.7398626458635086 -0.6836385250804862 0.75308838039527 0.9408282748601913 -0.47084272967770896 -0.7171559220502208 -0.02786540974861715 -0.46908988131411883 -0.814486377409826 -0.277035889275357 0.8896287590371654
0.30830209852674423 -0.09276744889775214 -0.9845725672956136 0.2206931448174125 0.533866210383515 0.6817710887209529 0.549378007512403 -0.039442678556865694 0.41269876476443834 0.4435393975099925 0.6574050453445711 -0.016415126498142044 -0.6253376950869154 0.2162282662158926 -0.19396029834139963 -0.8438674868561693 -0.3450626156285827 -0.5432518893372537 0.7615857748030069 -0.7582759265089689 0.664320669354758 -0.12636856734025478 0.9910059986932469 0.740933972801258 -0.3214952845536771 -0.7746035957548851 -0.7325510584499805 0.9571178851204745
-0.5593996593046033 -0.0706681762592837 -0.47826570496372794 -0.9287037007070191 0.3761024890049542 -0.11901581441686393 0.6697257318483275 0.02756856822694602 1.0111417642384997 -0.46517956412388756 0.21146302495260874 0.8412725724221484 0.8572267935961935 0.6680165358495278 -0.6387440612842288 0.24441994067757117 0.49256461742971097 -0.6743544683534861 -0.4966127266803764 -0.7038587126213803 -0.411831431585873 0.4592794582111441 0.9072748597098311 -0.8942793587822567 -0.00595791264938774 -0.5291393061201797 0.849770722955325 -0.6660916034315857
0.6167046287779456 -0.33278734351248584 1.0024649649432267 -0.5938007761601626 -0.008497936071609622 0.48964566551742655 -0.5555822913389431 0.5238750913018884 0.9511450125658915 0.5082736714739853 0.48262741506974877 0.19189186448009157 -0.5156059174835723 0.9061558782212465 -0.19271360483353683 -0.8359228316119823 -0.6045204141063029 -0.33567623439779193 0.4369519768760717 0.6684621441593607 -0.269915606559164 -0.7011027446801182 0.8020566559379954 -0.8978470646830896 0.31956529322027244 -0.2418623398354583 -0.15579622021792078 -0.4422783653161689
-0.8375038277717329 -0.2228117634321342 0.2904538229558049 -0.8120600938001175 -0.8763080536897176 -0.25730479583929067 0.7840771205120276 0.7114451357960565 0.43798823167989964 0.4811573574039679 0.9685488045377377 0.4977066131487443 0.48050733587882544 1.100672743577153 0.9666546868586159 0.1361378542041047 0.6804017470947552 -0.6464467618472193 -0.6104818006803779 -0.1582691303796547 -0.4531380328387208 0.9264209952034458 -0.5099339678817841 -0.321796167131032 -0.5611348409121453 0.12700203621025294 -0.17898291629002244 0.944059915818116
0.7041106944067587 0.7087615782316347 0.13542544363009038 -0.8494509111131457 -0.10052460473421938 0.47402176188083767 -0.31045615809744614 0.8754486871146695 0.11939757786957933 0.597003456420092 1.19965297080656 0.6538896436350394 -0.5193348339471646 -0.6964882877598911 1.1702277145616164 -0.748939781161311 0.3858653452007686 0.42769326842028654 0.4703026515200809 0.3189364789072274 0.746598943529922 0.028309103134434004 0.8880700119210888 0.9224506165036791 0.3370612803117576 -0.2461591586660549 0.9700212413607973 0.4704895280289487
0.0083000692017586 -0.9912039725455181 -0.35882481768620583 0.5663857552250698 0.4766766191895829 -0.7680389765300362 0.7370401083403049 -0.09608095108730717 -0.27590427520377797 -0.5877243167342161 -0.28800995536158236 0.21003181630583043 0.8776578826432428 0.7708311741204408 -0.05451815378635093 0.2741641838176835 -0.4348231924361164 0.48604543788686155 0.3605971571296821 0.09576609967627002 0.4281373044541757 0.9863075577653042 -0.7597905980328507 0.865253118294958 -0.47200375517230636 -0.8669024918812595 0.47575567738039337 -0.026139636967527243
0.034961358179336016 -0.1950552549750063 0.3281675806538253 0.3141004010159105 0.49123165733006585 0.1775787864820046 0.5108091106853923 0.9983308742955934 -0.234655612606972 -0.04934034600356789 0.009816087665437397 0.7344318397546881 0.08146324645553979 -0.0390059694540325 0.09626976536933766 0.3937381867883571 -0.900114289520885 -0.6534084310231252 0.357837754146182 0.17319048400904655 -0.9568688957293067 0.5875510048232541 0.9319633091075598 0.33449883233145833 -0.17902946396587857 0.23156760007097998 0.6946976770613829 0.02617082455010491
0.14705117035619844 0.7061230228051898 0.8814808465625698 0.38436925289176277 0.25678782847607734 0.1043117891828974 -0.15385754583651026 -0.689950287456652 -0.01858166852288346 -0.5888660797633815 0.38819655680475557 -0.5078991992019449 0.06511567477527735 0.2491891704802236 -0.29090349977235147 0.7587882063369034 0.2607333519755668 -0.5666276902434803 0.21849319121816724 -0.43797733309153597 0.30351543585386415 -1.0165451012197588 -0.5445293070776505 -0.08387727911613667 -0.33160493438737293 -0.20035110778334786 -0.3481191291753788 0.2856059695063242
-0.49539947834543824 0.5267867303338334 0.6663083368767322 0.9061336382200789 0.6898328389655104 0.48193487028472726 0.42321018520347653 0.5908315146479738 0.2007197458127456 -0.5288794347777606 0.9393745246165719 -0.43519635804770607 0.04909750691718332 -0.0024938848083219116 -0.14117463032356758 0.7321264139181272 -0.05951919433360885 0.38630378541793436 -0.3392855448738834 0.05254178846512496 -0.4123439612601396 -1.0000478505489345 0.5232778059001161 0.7174192291891568 -0.9619087726400046 -0.9286920422299728 -0.9022903675114841 -0.14849307262021336
-0.6587 0.02027401636317539 0.41339555115926 0.8059979717915193 -0.41555096574392625 -0.9442359517825093 -1.0065022847711647 -0.7320397575307891 -0.5044254576545247 0.6233851543201194 -0.8583055219928063 1.1167447553404883 -0.21106509952478292 -0.6744381332220887 0.042939142690624224 0.0675553948234556 0.23698653156462993 -0.7336305945524508 -0.3113040479546833 -0.8143405405038354 0.07988607426141858 0.6653770315181193 -0.05037817573674765 -1.0532789492996022 0.5135390646001357 -0.7676996330361765 0.18375317746831357 -0.9621004150909902
-0.712397801210996 0.8213685260907846 0.02136127867926821 0.47114111624600863 -0.8513465395796823 -1.0188252876953534 -0.09504410765752601 -0.20410922765881598 0.34040715227231094 -0.15245111427291075 -0.8608767508953403 -0.022615371148026288 0.05826379217314616 0.6754034404510785 -0.17684859545065829 -0.13349319365382875 -0.46560170161723363 -0.8629131846655098 -0.6368562580705408 -0.8921291635572816 0.140647254341246 -1.0710125518825453 -0.9784549855283549 -0.1873595795633972 0.2966697060086589 0.5553045660715235 -0.11959753818701202 -0.7531415127825283
-0.4399 -0.13282412378608524 0.706972965894853 -0.5669155854547284 -0.914838624773518 0.8896916436526745 -0.032317295222417934 0.5000154964925966 0.53570033303038 0.26529943758715335 0.8382161976281353 0.6757545365808302 0.47641649026952954 0.4804406755909969 0.36984465021421364 -0.09173504673976014 0.3132146217932596 -0.6622053878752341 -0.3516741369954199 -0.7595320146421825 -0.7217280700531774 -0.6170314442875958 0.26433643087432807 -0.8088117745606398 0.5656045079233438 0.5650198837532185 0.6217200048098097 -0.5881934159794155
-0.0225 -0.8475081630659799 0.3705843143803939 -0.4287960689484764 -0.5195219013425821 -0.5254265746054726 -0.8203137367173595 0.4273502799814651 0.07813537347450296 -0.24461182155196554 0.4070899301860327 -0.882080466647484 -0.1704453298107647 0.8922864116200696 -0.18853977117315332 0.15033098558316382 -0.4067746750864098 -0.12147600785457624 0.2946825618241966 -0.9187114329438767 -0.9532721769483683 -0.8362293640344808 0.20743837346191146 -0.07728964223196064 -0.8933782243121864 0.6923259507013731 -0.033298400830996736 0.09869999995108049
-0.9441951917033989 0.5373957355659337 -0.090544346893038 -0.5528260974792247 0.6093848832061398 -0.5603234350260856 0.3442587287402939 -0.4980606087574373 -0.3317515738287286 0.666338470503511 0.41077185002958067 -0.7319823608458945 -0.2567460144240028 -0.8005294031955356 0.31999206175375633 -0.05218934784551508 -0.2730002261331396 0.901937308362409 -0.28240083763664375 -0.8534766970521073 0.48102673447670824 -0.3708164781747453 0.6861694222257992 -0.8093530954414994 0.2539494745931418 -0.7741729281845529 0.15479631612911698 -0.3909999810902214
-0.04099534112456824 0.27990127164633405 0.07855249802535512 0.9325328897447739 -1.0197243980320572 0.5798467209922398 -0.994105063146922 -0.79858492423554 0.2780941224122045 0.6246366115558836 0.2673177602838423 -0.8806386285637985 0.34489528949660614 0.9254626266218805 -0.017809953655521744 0.5353852005854078 -0.5857427545456527 -0.3333185668922903 -0.2985481170701945 -0.3951658307390025 -0.8248374431395603 0.1280124539296387 -0.5129002563897901 -0.3370158554797128 0.5606544126293055 -0.13640004792439386 -0.4115608384342364 -0.9965999650744181
0.741 0.6857 0.7160144648864977 0.16506416145566918 -0.7207263167179748 0.4233234446690813 -0.758744620412909 0.44943444591085796 -0.45344931454684345 0.7785008937255335 -0.626991184329172 -0.9612126758692079 0.9721846661660628 0.4050648454130827 -0.07725465097419874 0.23794667725690916 -0.8082293442071972 -0.6317194601852871 -0.49436376277813 -0.9701564479492889 -0.6072082186619808 0.8925363820408508 -0.4465730391864887 -0.20065172461899022 -0.38668362736901185 0.2504758376547616 0.3836056557984769 0.7127
-0.7199 -0.2709 -0.1410263704163866 0.980575444538489 -0.9938223938982941 -0.5372956193425642 -0.8804781150266978 0.8982623506901403 -0.7235376481589412 0.6137983646905742 -0.877450737113431 -0.7044851600527039 0.5850960064705248 -0.8043276438135308 0.03836546164391405 0.7782521012147445 0.7463868785775242 0.18610403591904873 -0.576119449224306 0.13247757282233957 0.3659295518453459 0.926258159786122 0.8241692994353302 0.3548123315831776 0.2701418527872282 0.1630845516439861 -0.09793154778964765 0.5155
-0.7714 0.5347 0.5158991848542375 0.518556933399801 -0.4350116425455721 0.40508684292300445 0.17285819341282954 -0.23252830700065394 0.9522444591345696 0.912263514492419 0.7017568463406785 0.5343434390028039 0.5550382927033906 -0.4824684013497163 -0.08327940376501092 0.9172720219634161 -0.8386077205459942 -0.370126379234945 0.8643416659117851 0.1449678142856118 0.3484057770161799 0.8077392718697776 -0.6981846416215702 0.0285120770124188 -0.6283285352340047 0.6280702592907907 -0.9699334769414997 -0.856
0.897 0.2995 0.7777 -0.8689999649083558 0.36363249437023776 -0.37526323051629784 -0.5878908149100948 0.4488661868080753 0.16989268377994032 -0.5003686457078792 0.30051934569154115 -0.7382932038832062 0.5030720406363033 0.7278325801979927 -0.6763845639027508 0.18921590206154765 -0.6927953477719635 0.9940380123782308 0.5345746974002118 -0.7250064640063678 -0.14836359753089937 -0.6885906949915628 0.2517780499881582 -0.6127090269423928 0.7982999255405643 -0.7262999998929514 0.2813 0.8752
0.6963 -0.7573 0.5268 0.7591 -0.47609930917824966 -0.3971871098082763 0.606730791496269 0.2716796818242235 0.06743764794666415 -0.0940336049296704 -0.6512102661254692 0.8320242664708728 -0.4720553075276352 0.7031929302469501 -0.27166041842930305 -0.18293607440750248 -0.6342255706555414 -0.4015567468837607 -0.27325060134010687 -0.8970040310376509 -0.48992702958865164 0.5441575889386828 0.2722678021859495 0.3634004050085647 0.0582 0.7782 -0.2619 -0.9303
0.4209 0.9287 -0.1406 0.2102 -0.3478 -0.7445 0.6761 -0.975 0.2323 0.3251 -0.1132 0.9988 0.9042249957302563 0.36030258341757626 0.848211024694755 0.732100459416509 0.9255 -0.1727 0.5812 0.2345 -0.6548 0.2633 -0.7046 -0.7333 -0.4088 -0.1514 -0.1711 -0.8232
-0.294 0.8023 0.8359 -0.6345 -0.8872 -0.12969999913005947 -0.2069933720210532 -0.6566577463804912 -0.22594746440215782 -0.215194914001916 0.8605006203168877 0.5463902804162272 0.7415507870466389 -0.1329724407389038 0.20544731498314567 -0.6600578630274767 -0.10201212265185634 0.6676481877148419 -0.9732475674379628 0.9829695573883501 0.23742619086268069 0.6316824095780509 -0.5206181350391416 0.09232309375709746 0.3988 -0.3661 -0.0001 0.8914
0.5089 -0.5969 -0.42149996578301957 -0.46949991194814644 0.17732428075016057 0.3507145467244327 -0.17929040951616051 0.9672458269353149 0.41393570037169863 0.02549256173224482 -0.8148169293761628 0.44838175907068945 -0.590755051967361 0.4277676079192935 -0.36226417202091826 -0.9305066124618985 -0.5401080092874617 0.7697584034175088 -0.9101679155785936 -0.4854232602190577 0.8582346193762791 0.4164758607942299 0.44358206843568476 -0.552274248259161 -0.35506597017020036 -0.8038951379721706 -0.9354 -0.8167
0.2674 -0.5054 0.08160014098475911 -0.7417996886107374 0.9784552005318796 0.14045917376576758 0.8496191394393707 0.767787674688976 -0.5449592298268576 -0.5936294865823567 0.7740382699051644 0.7827570847853942 0.602876654142012 0.8680351357366812 0.8270894124928299 -0.7359332821308625 0.5244583954536843 0.9431053267399735 -0.6009597667348661 0.3999319665791386 -0.4178635274312837 -0.8721304327450342 0.746589702025072 -0.972275509785023 -0.7416906431146738 0.16612188826600066 -0.4333887752603075 0.5476
-0.1339 -0.7277000000343935 -0.27860268385515924 0.6910789209751108 0.9607403110713437 0.5376069317129606 -0.48523661906267435 -0.2845995448710617 -0.6320997946663658 0.8657865115514477 0.2765403687975882 -0.777827772644483 0.9579234393709665 0.9480109953187389 0.12754198059948654 -0.7929266549077462 -0.8016465080381281 -0.300384208303367 -0.5235912381834079 0.7298841466122304 -0.8391120975880496 -0.09998869094664381 -0.4655209326747007 -0.8578334894161656 -0.8409490846304347 0.40787409280242276 -0.4996033749415596 -0.6547748672345913
0.7258 0.4882 0.15520172378750519 0.5355503780161014 0.8999351362438042 -0.8107718504020652 -0.1930235573615019 -0.5059206054958014 0.801632417499698 0.7830338648438712 -0.6676418403588111 -0.38819823782317453 -0.5543740511286991 -0.8643988413985404 1.0214802919585888 0.8536057961042343 -0.8755382904535876 -0.34133317047785117 0.13060219576842932 -0.8922879234677523 -0.7635101314123138 0.8761108126007577 0.4016859149393983 1.0068016607261134 -0.6750561399829789 0.9439560065755188 -0.5063888259889283 0.7675838228661291
0.216 -0.7863009046412932 0.014118577095802875 0.42556059259887324 -0.5629423869782983 0.9353767481042088 0.5617468092257459 0.5270221498138559 -0.7541195842652132 0.8962930354340201 -0.427931245953124 -0.3633099345545776 0.05160119352395718 0.19520163672491664 -0.2908058558893501 0.07609047666975459 0.6659587243848684 0.2151662020616522 0.714127176279351 0.5768414287380417 0.04864415804585776 0.2632314101168485 -0.11987461944311029 0.8494303939325285 0.020851787204457597 -0.4176578353609013 0.5658206753512091 -0.08694841285345535
-0.32090000002647234 -0.9199291117023389 -0.20691660064121226 0.8400670539034603 0.03826888163922 -0.5377621697072797 0.2768442047109848 0.21925943299777925 -0.7421862701536794 -0.8483671166720544 -0.43739470290700005 -0.2181119955019405 0.2545401390871981 0.5807632011915251 -0.4599847551075137 -0.25686351300539045 0.9244742266794636 0.7443873424421448 -0.5946001577070491 -0.46754431352905645 -0.4129562380704705 0.9739603571592682 -0.16797789351382772 0.716823623589075 -0.5693624696769989 0.84502078879507 -0.5052754553076095 -0.1825532086272334
-0.5256000001075842 0.6159840122581987 0.6129930156036701 0.19736608894404384 -0.8966718621552594 -0.9035996427201216 -0.6205180696789557 0.418902521172603 1.055245593961563 0.5064967249696263 0.2728141100727309 1.047876689758583 0.8635587800221388 0.21916282255177844 0.06582404461480179 0.6166484330359173 -0.4538601151749028 0.607556634673407 -0.8784673059291939 -0.23736609283204274 0.18752186769207532 0.25622578850151323 0.6298443072778689 -0.7537068833100827 0.49346881855023883 0.8568802774115094 -0.07481826689047383 0.13942897796083895
0.32279999998253367 -0.7674945940754966 0.9711774922171587 0.15486605005952012 0.026161926664808564 -0.8618662212742544 0.25179172636248487 -0.4097716552086282 -0.1049498014156367 -0.6574372141590643 -0.19145406832043876 -0.44820044012228855 -0.5616235190349013 -0.09151381775698927 -0.9451617660347067 -0.6879160659431749 -0.3104266064794626 -0.3330961587897692 0.8314690759698111 0.5145836357530833 -0.15700305119831345 -0.7853027979368304 0.5900441374221205 -0.24064753783379064 -0.5396094895507462 -0.41994775478868784 0.28947266442130093 -0.635588290069728
0.0717999999740066 0.8837392871197393 -0.1345181206123981 0.78209734592818 0.2803649049126201 -0.37138967451011357 -0.09148496669756827 -0.15499926454094518 0.6027969694610652 0.3742185607909866 -0.8132710359837408 -1.0084333335249334 -0.8958548085186617 0.36365655388325946 -0.6124369600137609 -0.490071602299937 -0.001625088665738391 -0.5096752100914547 -0.38068543853273495 -0.4538063314574704 0.32092659620005104 -0.6778212109482575 0.7318754780018927 -0.04736111057754434 -0.1560292619969659 0.6346938466147678 0.0865250859357211 -0.32383586217703525
0.7369999940179017 -0.869724805237253 -0.11862643425309172 0.9691239321255619 -0.7480861679461028 -0.5758214615620412 0.8613570631688415 1.0044605371591215 0.32686915890990476 0.3554780407476039 0.3821395288333012 -1.0340922673134536 -1.0197728539343989 0.14167040707605055 0.5231095582622252 -0.2665167584515585 0.07476094308127694 -0.9156272300464071 -0.8953106026588258 -0.5213925698179721 0.5166017658322307 -0.43458834704373694 -0.41525450785941154 -0.54065398457636 -0.6428276809849551 0.5283848457549785 -0.6710526144499706 -0.6076658252769458
0.4616999947350887 -0.7050522497711356 -0.6376020601726258 0.16866636809623345 -0.039754686623838235 -0.49029194718042346 0.23402783949213926 0.3794789066089799 1.0643380343094735 0.7354895452383285 -0.7129446636142802 -1.0203845971459886 0.050241761449238226 0.5918580371884624 0.46856223343253 -0.6600853409055293 -0.9213274374570501 -0.15011778361596395 -0.8689064594391092 -0.18651933383987906 0.7512264389949442 0.9806836399400364 0.19104358466474364 0.4783380801324577 0.5428526431713658 -0.005744841176643335 -0.12807187648213708 -0.14805668272348355
-0.7018000465231049 0.7715030921068119 0.8122524580231345 0.05406770280010591 -0.5017167049411722 0.8428409633000367 0.690789756627895 0.34281173306329066 -0.8443886682899138 0.8849703318627679 -0.09323787314286691 -0.04865321154740554 -0.5438784895423661 0.2746294642616304 0.12143359807079679 -0.8451885224948796 -0.6964931189376298 -0.04259297519364731 0.07746457036488878 0.30140624601894705 0.39589636700824293 -0.18931751566031507 -0.1676343554655234 0.6758751694667373 0.07545487189707481 -0.5626367868718848 -0.07388101711419784 -0.27961687268455093
-0.15203840491946585 0.2169915797661454 -0.33454010557704167 -0.6472933110538246 -0.871450043901435 0.08540760863610776 0.19393698152640532 0.25604985692776355 0.02957777864664478 -0.6140675625594831 -0.644832344039744 -0.24394301808223712 0.30075190249070277 0.4499296424638294 -0.5763397226609657 0.0402340528750881 0.07774484651312895 -0.1954523122671794 -0.4033418155913519 0.2997810416304374 -0.760774962271865 0.8995458503417807 -0.2794933422157897 -0.445071479343593 -0.17927850931018935 0.41758678468217936 0.316929499897123 0.7532199202681742
-0.2955143390002539 0.4204597292620998 -0.34810632677138575 -0.6491717523279824 0.2942102798330437 -0.8187213585899444 0.37049228318299293 -0.3962596182660755 0.2119798364081696 1.0698543919377643 0.21194875574541489 -0.8813297356034998 -0.45650155029269157 0.039114346551285796 -0.6589707222783382 -0.05371121952763645 -0.49856217749595433 -0.44982023614191374 -0.9178376688225913 -0.48380962334389804 -0.8559174139475914 -0.6896242751107144 0.4376840700189235 -0.8277696194622935 0.37229928695027303 0.603451905869154 0.3272559355789131 0.4909148387071723
0.2687999863872818 -0.2959878080384255 -0.11012780386291957 0.6606763697752217 -0.5971103787515676 -0.7198230545869192 -0.5335863666809009 -0.5569778489973184 -0.6847336732317519 0.574725893027633 -0.6629938376817568 0.3248992052333037 0.6776397168288609 0.12410246233554066 -0.9570806546618118 0.49275539287928966 -0.038080019833271625 0.4584436850230902 0.34148859507519475 0.5288642774929769 0.6484324666327702 0.3491300370223837 -0.6063271633230272 0.05555339348833493 -0.8973236728820342 -0.3233038935353939 -0.06305768278645886 0.08596357687657616
-0.2572 -0.44027799766025455 0.7164154323757406 -0.44192590170261886 0.8181550576809786 0.17724630616452677 0.5203175366110602 -0.5538099068763273 0.08667590384491389 0.21490546514707254 -0.024163604271524048 0.2626630006461347 0.3435298602741889 0.5591584372686429 0.1975535228222908 0.48947174405049276 0.6657247632068922 -0.5059538181050826 -0.2571251154684733 0.32141563443170634 -0.8565611987955738 0.9591888037994575 0.7084596992529303 -0.17330677947269504 -0.32606190873762647 0.7290114976505045 -0.11780290750174445 -0.8204093598025056
-0.08269999241112888 -0.1904020383788385 0.9688055512607612 0.6268758240637303 0.5458687588653051 -0.4796643461589557 0.02332503784722931 -0.3849358402139569 0.6870501621571057 0.04101229527393336 -0.699752142521401 0.9198500595155779 0.6885652098585436 -0.9031054181290475 -0.7738734285159896 -0.5292684591812871 -0.8387148308755648 -0.3531603987230116 -0.6402310370013781 -0.029787016367545334 -0.2045159138841523 0.9173571688208243 -0.3983915891289748 -0.4106816531100992 0.0708141980729987 0.9157022820303757 0.6616131354006862 -0.014350894404288515
0.2385 -0.7081008921268793 0.3415089498930407 -0.5761899630845819 -0.2663578669077256 0.6286498559117737 0.5012365836401788 0.4300148934543193 0.2092052804485226 -0.7583412659601141 0.2506418370207583 1.0486011188258553 -0.10852857606821889 -0.4384816935786472 -0.3917917974425522 1.0469489762376278 0.4017605089264295 -0.7339024076105086 0.624473180894118 0.752287895502619 0.7088548321445898 0.4510864046436072 1.0488173608747153 0.17889490086424267 0.4361458139502271 -0.18937773639122052 0.07550461041664107 0.30729057901669027
0.4565 0.2978515598028297 -0.5702532343332097 -0.013377718160469515 0.7732079138841076 0.6942345022500116 -0.3480116983972142 0.531315798823158 -0.04797112608759941 -0.7799734278356054 0.8700504749309623 0.15368576354898647 -0.8593290674449414 -0.2240124094597446 0.14571125630562873 0.14668525294864912 0.6708769640508625 0.9083899419813913 -0.8489549005791882 -0.015388565663273894 0.5034675309442118 0.3829508086685407 -0.5538734244531144 -0.5821696055626593 0.8166150175810994 -0.6789182505163575 0.598235085507062 -0.7057996605537491
0.42999982208439147 -0.624567723840879 -0.30447710741459355 -0.435859399401626 -0.2512080798242236 -0.809676925672864 -0.29888203412576897 0.2562502574499868 -0.7870474348517222 0.9240261873702038 -0.15679493061417937 0.37884135157918947 -0.02646991457049493 0.7556548944254972 -0.3982318674736569 0.3756607371663476 -0.8784503019484997 -0.5564893249658109 0.5632773139912048 0.2799714421892276 -0.46397702621543396 -0.03513769851494674 -0.7663131336536141 0.7070952486314745 -0.8541885513182915 -0.3235627504650337 0.9809626023212787 0.3359001453308583
0.08559982761324303 0.5618999143717579 -0.5517058706229927 -1.0031518641978148 -0.9147957537140065 -0.561553602877685 -0.4480308756359939 0.5666916060337038 0.8098573121734451 0.4195145470950839 -0.397279225050415 0.8735160850393144 -0.17158617536734436 0.007259560123659958 -0.02009577372300185 -0.6599914351126218 -0.4367827939923066 -0.13644238410883316 0.801510077123653 -0.8237732404634026 0.8192142666435446 -0.3467240307291547 0.4609658512239852 -0.31655890353919425 0.5923418337395047 -0.7287987629444427 -0.7107185433240424 0.21000026842010724
0.7935 0.5369 -0.8091730925383762 0.8550750694706024 0.17233673185391574 0.7013634432204288 0.6303340226965899 -0.9110979304127423 -0.7557003849418612 -0.4483139428685779 0.46022258135016425 0.15386246181407356 -0.8003833479950838 -0.5822805442705683 0.11001159299502004 0.32660776288465354 -0.49691966534636994 0.38475808340398243 -0.8108881959159722 -0.3298442252581303 0.2402870937106406 0.4284385421520193 -0.7879355126776444 0.9722652580725074 0.862384003710517 -0.4657804107706777 0.5385378019803567 -0.1834
0.4362 -0.5207 -0.7564043009770165 0.07549140773170175 -0.053585375820807926 0.7213266619350585 -0.9953604627824933 0.6268247396295681 0.4317523625441179 -0.7516554040047846 0.5888331192998504 -0.10810143218969213 0.6205074075639445 -0.5983698823390271 -0.12324523309383778 0.1305032336085031 0.5928329207871678 -0.18019929432082482 -0.5136137133041249 0.44172951802351207 0.6693618118271351 0.6704087277677592 -0.09160849517435905 -0.19143682737207363 -0.06432691955969123 0.6249067600285316 0.129716602746002 -0.0816
0.3458 -0.9914 -0.17856727821416193 0.5124398716400095 -0.2852454083402731 -0.9548419930931745 0.3002564909286168 0.4475850212894734 -0.8063142236754328 0.863126063708976 0.1777209292761808 0.2836033332809211 -0.278385624411763 -0.3412042488124723 -0.02570623051808002 0.8858444510781516 -0.5993286392644182 -0.6188160383065693 -0.07906517396158833 -0.7119242443395516 1.0254052492837928 0.938222274805111 0.7917515219720627 -0.5699939937651407 0.281910529973699 0.8792106520761775 0.10191761800629616 0.2354
-0.7917 -0.7984 0.4081 -0.21499948415948172 -0.3311677825802563 0.1915600660173212 -0.8143809836791922 -0.5240880213764597 -0.6035792782807798 0.10581799128525571 -0.27239486294751303 0.3493393162325123 -0.3269340842613863 -0.30108416552956074 -0.2709835037185442 -0.8455657212112692 0.24605797729553266 -0.8380870982439537 -0.9415330347990609 0.9170058276298391 0.9822838881114078 0.5420353832155741 0.015506676545665014 -0.4888439491095121 -0.40580304023813035 -0.7530000119743997 0.2778 0.465
-0.5188 -0.3681 -0.9325 0.6993 -0.15650006353225068 -0.43770117474730547 -0.9976015293844519 -0.9738166655684067 -0.567514262252276 0.599426012060235 -0.5168502160051168 -0.4391861340077412 0.933976355396975 -0.12326748294403629 -0.018312600591005285 0.6024736780780309 -0.8025980990588816 -0.9033113670411802 -0.9167703872396181 -0.06626147697414206 -0.636448780908514 0.2757523970613336 -0.02613978708784398 -0.6605692032245382 0.8799 0.3957 -0.9837 -0.7392
-0.7733 -0.9562 0.7917 0.0423 -0.8801 0.2476 -0.9174 0.4363 0.1356 0.4568 0.6031 0.4579 0.5999748598162247 -0.19048340874678846 -0.5394104463067149 -0.31200043531416244 0.7269 0.9237 -0.8399 0.6411 0.8878 0.3358 -0.2279 -0.3353 0.3428 0.3713 -0.1638 -0.392
0.2258 0.0017 -0.228 0.0489 -0.9538 -0.905400000655701 -0.3105153510493393 -0.41756239044305676 0.8068988818601299 -0.1883091218766461 0.41117722583688343 0.8156184621671417 0.5032329787365221 0.8507034585536685 -0.905677921227402 0.9915020247177041 0.5312260725130521 0.06121821403017571 -0.3355518255376226 -0.023286916841627835 -0.9399822588773721 0.6725469723718983 0.30350080899628495 0.31170197147666884 0.1659 0.694 0.3381 -0.1953
-0.8365 0.4322 0.36879997404561465 0.33999844413815855 0.151079156446808 -0.6655348827783973 -0.9726533924386122 -0.972483503166286 -0.6952562518335913 0.13503484579045189 -0.6337163506016612 -0.5331939388904827 -0.49608126091811766 -0.18248117377211412 -0.5904737547555747 -0.8179818094636314 0.34107067463872126 0.08058988233007679 -0.20088506885984234 0.2336727928851539 0.03991830619551773 -0.06224842163007639 0.8455644107918519 0.3402463891592931 -0.03175529574370403 -0.7851016690938917 0.9904 0.8169
-0.3146 -0.1528 0.2153999428265647 0.5510941862575862 -0.9249265172689803 -0.4892024290310576 0.8252279029441133 -0.29328974936905755 -0.7365441966231413 -0.6917212020101381 0.10932186145898339 0.9396391736640414 0.020055045787385515 0.9642627038840231 0.8271635543789707 0.37071838505698096 -0.10924762534238391 1.0023260627882684 0.4670257363368799 0.8707697448171874 -0.2487931837440391 0.33838130363048075 -0.24192463482158688 0.5850013837295568 -0.6448078039622686 0.5112094803410749 -0.583997994543725 -0.7507
0.5848 -0.9155999084414451 -0.1981852826949493 0.9488890697349334 0.5464536694274292 -0.943483346515351 0.4105467218585242 -0.8088328260777091 -0.540521155653914 0.4084904001100143 -0.47213052421671264 0.6728700195404479 -0.6120256462242539 0.8268729531636748 -0.42438149559831173 -0.22639856150714882 -0.3110658307020366 0.3025033924580895 -0.5961788538436575 0.8843219790532825 -0.5513903210603228 -0.8479754935781302 0.8846511771796318 0.7329607320104253 0.6416406098249667 0.06465678595946457 -0.8617164798601582 -0.927896712065802
-0.6557 0.557 -0.8440112493540526 0.5930075470040215 -0.9635699905556439 0.0417863812542371 -0.5496935131592212 -0.5656308827426312 -0.12558454903023283 0.5499594936870293 0.31553935000924144 0.08016460696001082 -0.5072166650069664 0.7513541931386057 0.968355619776199 0.6985931401528243 -0.4341226727881675 0.14091559496826403 0.9051744860116171 -0.24067051649148455 0.47023352728538265 0.4737261606551939 -0.5202368139464396 0.8270050506112662 0.8008669421052392 0.6386867553213617 0.6978779363467374 0.9085464992051208
0.7532 -0.5613974857584908 -0.8397827850293281 -0.9622688829988039 0.2644812677150987 -0.8059362070444047 0.15488758360684923 1.066810423689159 -0.4996888386033201 -0.3571561344191278 -0.38500503501325645 0.181319131074819 -0.8266671119227934 -0.34942275380433124 -0.6073836303909929 0.17008488402609787 0.9289949315296886 0.6131773271941214 -0.7963373880744608 0.6794432132626962 0.36915467562722354 0.6970341369779974 0.6501890196639393 0.5855484186699582 0.03356712155018309 -0.7208785467049461 0.432625127122937 0.5852850524209877
-0.6627021809574066 -0.8855648285461848 -0.9469918996985921 0.18459216464481937 0.8948726040340088 -0.14281969806121797 -0.27505494735321334 -0.462727891322222 0.31156090832787825 0.21925169532417763 -0.8559554173694373 -1.0332175821963712 -0.21446975249078942 -0.7788891811115378 -0.856304969001037 0.18241179230021043 -0.22568675533853313 -0.3993897062492402 -0.44616412863321364 -0.28867707348639365 0.8416623895847025 0.6216637557653332 -0.4244838509234578 0.5381932614589843 0.12676257540381355 -0.9730175809573179 0.09524150863773083 0.2648780749363948
-0.8395088634677029 0.5091010220832103 -0.13449596506190117 -0.7304246557644302 -0.16333048037847803 -0.028209336656499575 0.10245212318710685 -0.8912866593890831 -0.8582781346815085 0.6488451191246335 0.6068161740711262 -0.5684066480851022 -1.0877962245286297 -0.40391653238549724 0.7910302637370467 0.7224310626654663 -0.7656850689470893 -0.7551697698444253 -0.6814320294028258 0.8487249975553797 -0.6397681375103053 0.4895568537071912 -0.2305641252876169 0.42422263285109263 0.24816144477421292 0.4324485337008736 0.21577599558784402 -0.9879859786119857
-0.6330014389822065 -0.8846843517997948 0.7940105565155023 0.9435905095167832 -0.4231544591453528 -0.5342592792734587 -0.4036244960805988 0.5708017311901906 -0.6412673405278911 0.7104786236811178 0.3184406746707783 0.3241445306454738 0.07169091387065701 -0.3895694831567477 -0.8471616786873369 -1.1715117587569186 -0.30867957162241816 -0.8943139260525838 0.4167788699155692 -0.2737400997133658 -0.2920974126383764 0.4299798264278398 -0.1987705062493341 -0.0337463442827516 -0.27484092030206647 -0.5595278754630263 0.9118884922096362 -0.4844355344613092
0.4914945218083318 0.9883613879223843 0.1421481365876769 0.11993073751438887 0.48627138921940233 0.2518445150334632 -0.7796898862964518 -0.9451318304263184 0.3496451516049759 -0.23423475611545624 -0.6488083204709566 0.4390476055214876 0.6028505350328361 0.393410921630661 -0.5361303201478828 0.5517377636808355 -0.32516598992618984 0.21779884048008635 -1.1432458821846814 0.7037526923442142 0.4805850174847069 0.6785124777922593 -0.8375567726259343 -0.6862116725220218 -0.46800649919316206 -0.5654338960644648 0.4030244926863233 -0.2868055785152407
0.5530948504190194 -0.6266988430712535 0.7136969185990775 -0.8137926533002389 -1.0192091526834275 -0.9027070907043133 -0.028282007257750645 0.5001326929758605 0.5627370620906135 0.3262950558659903 -0.9776114067678137 -0.9702825918256635 -0.9820926020734615 0.6041823697238802 -0.5958875670856647 0.19297405943598048 -0.43017774315662527 0.3207846199643332 -0.8523302331118967 0.5331322575292836 -0.8293868355761255 0.33944649189548076 -0.197273595831858 -0.4321035661523421 0.19664987742111 0.13200218314156906 -0.9256505264499005 -0.8915723037680477
0.5869660395369014 -0.6532107595948842 0.7899698778419986 -0.5492592570717315 -0.5602955286270311 0.5715701023694838 0.8472676956415827 -0.9377387348488975 -0.3969084838661419 0.7393552608459678 -0.5868456251174886 0.5454725190298723 0.7994849486890425 0.5764814924528653 0.6792285673977357 0.05578690003185992 0.7088646235481086 -0.7062977178932179 0.5149072115099222 -0.7881190038587821 -0.7315675119838928 0.49952062079523013 0.8990396383976169 0.5882452979440547 0.2124472620558732 0.8957000684851508 0.6786856348159492 0.8846937504209736
-0.02099968231243167 0.9429770327773966 0.7177859816832182 0.2055695510681278 -0.31680895178949825 0.24827578412064846 -0.0386228612439777 0.8796549549925332 -0.4369090531629019 0.9434628454006373 0.29841982946150347 0.9551070212895354 0.9953958901607747 1.2090724577588001 0.22865253922096868 -0.2939298929928532 0.3797002851812299 0.3522219833024939 -0.7712165771481349 0.36273198158619446 0.14224042132608136 -0.5275972923374048 -0.7195747234172695 -0.061805175693004165 0.055397596691263276 0.6521579915300819 -0.25955447661052544 0.09724489309063165
0.7929051637994352 0.48874943210365857 -0.6098776633832732 0.9164063052803023 0.05752074111170419 0.15133470073672256 0.9391462320469076 0.44531095177017443 -0.6374079643315133 -0.8160774379689357 -0.5822531419125383 0.42827688046407436 0.9386576163847594 0.4298024530080017 0.06955071952969208 -0.4539332726120032 0.8792314688398993 -0.520438865260546 0.44204450051170413 0.10016698608988191 -0.7769374054586039 -0.7525758301531374 -0.9363391082776343 0.1775430089866759 0.46475216546560083 0.8652922693109907 0.07847817593865286 0.5401929209640871
0.7223627914359619 -0.7736816004185201 0.5823925929116847 -0.4577483758231056 0.16821354491569704 -0.3305583752114175 -0.09458848891444575 -0.6605468445105622 0.13083863277751043 -0.017428905774649225 -0.1218314742856848 0.03563675340246252 0.9933998677273547 0.7679250364168878 1.245299487997511 1.022923809539334 0.6018848536728874 0.8219100829365145 0.6087211688899923 0.15898385719065447 -0.7767029023915815 0.5081552634938346 0.12735403450224847 -0.9159905399311237 0.7452564397734721 -0.21475675802939442 0.6657307285451141 -0.18346869634710108
0.19126489449625975 -0.979449701720855 -0.03625567798687136 0.3286280329419481 -0.4731724189479425 0.8093576578435211 -0.04267108761095917 0.6063313275434453 -0.6871871011200159 0.010297257592824755 0.581812924448156 -0.2128246317653741 1.0008639306203453 0.4512559389012072 0.23274921910397015 0.8350884086887749 1.0387525183744493 -0.3612349740059009 0.6257483492287429 -0.9467827800973997 0.5626439988418303 0.5640892589179176 -0.35801566519826233 0.34844744637460956 0.18498292482243467 0.2251834792195827 0.9692253688848386 -0.463524533882745
0.7368 0.4680221940187883 0.13113403500493434 0.23309206520704762 -0.6760269409811844 -0.8861034954993843 0.3875492870589504 0.060402479722357426 0.8183594154191178 0.6683776517467507 -0.286093054601912 -0.08294118986343478 -0.023449505637329292 0.709235309114045 -0.28593502696432527 0.411695894537024 -0.8460033063523204 -0.8303975625032399 0.23811027730073558 0.2224413147846341 0.1571993702897124 0.016583190357359865 -0.9065208221838832 -0.37046497348321744 0.9846136228422769 0.1327879085603323 -0.7530541452066806 0.7005448247106659
-0.9571024001901711 -0.49529330664334636 0.281711184617381 0.07260957601749594 0.15712569744933905 0.39029909007558483 0.6320018441937615 -0.8979754036747264 -0.04123874014313664 0.27593403990110765 -0.6965656252711392 -0.710383146563951 -0.7410965734781461 -0.014109016539654084 -0.6591915081968368 -0.349971503810924 -0.79622341246611 0.8720096257191584 0.24385420492788437 -0.896650128880831 -0.8740404881453123 0.8628517068486256 0.8275052838435879 -0.251256413017378 0.9714839482523797 0.1785848835958842 0.8900128227246529 0.13348784627857713
-0.0948 -0.7049068214460497 0.03554261305551508 -0.7564922013292991 0.24597372526882447 -0.6647039864433401 -0.5245481040698889 -0.3016221030210283 -0.031080865910257948 0.2881417930456054 0.2607235189608303 0.7347297742345795 0.6946097857612005 0.36380210238835636 -0.5922911029293295 0.8768666283999859 0.41220949926816597 -0.17683608908906978 -0.4878912282365368 0.9072020746197416 -0.18979420418050486 0.29976553154240865 -0.67206784705904 0.9999580737852065 -0.3244241228048255 -0.7033983742341535 0.20369476693414656 0.8489433576105594
-0.1116 -0.9855284351273874 -0.8886886580084414 0.44967537111989847 0.8640097457004752 0.20624997847675297 0.15521942204277814 0.5564380381864537 0.8389733952188367 0.7508574137968087 -0.9159161297425069 0.14969999837663653 -0.8635593437100831 -0.576638794816327 0.7582405079588204 -0.6335398449845339 0.07541929732868517 0.9687311425648669 0.8469250789798506 0.448476904327175 0.4002534682180331 -0.4126321625609763 -0.042489923890436126 -0.5529104687883203 -0.37414915721675207 -0.08824832720595675 -0.6655289855494096 0.20109998651385594
0.17740389868829914 -0.8709881677940075 -0.18745826300776833 0.5547113404529692 0.41290355655444333 0.7842523838434006 0.18834519388655502 -0.16262203762773061 -0.8318583499996142 0.6541482907937146 0.06275903725035427 -0.6123784605027425 -0.6601956470688289 -0.41550908396671316 0.7525649303090958 0.4410122718332285 0.24434749363615338 -0.18149609790269472 -0.3719746496596414 -0.0032300248363252727 -0.6663377445385636 -0.05595466632960369 -0.0898496475451902 -0.2324595616907995 -0.045106037242111756 -0.8460999794462877 -0.3832609603202255 -0.5938001078022285
-0.319096222466158 -0.6759984020200055 0.016403467540132596 -0.9301875393885789 -0.35113492733413587 -0.31167128754189005 -0.11637555682876935 -0.4052021479720924 -0.9735325850960777 -0.458932569630748 -0.1699236437931937 0.04516193731039884 -0.681353426597578 0.509125008428955 -0.7350078474731764 -0.3924816337761345 -0.058645300682751235 0.0013167165876358897 0.4072830166265838 -0.23701826570179255 -0.1732415462469777 -0.6279234477268648 0.25881844374858065 0.6321424488642471 -0.48727287802553737 0.45911875006604486 0.8010423096695567 -0.12860019910627435
0.8418 -0.7979 -0.37442374219903174 -0.6232810941133875 0.6860120622372873 -0.6333974922406465 -0.7078961442955344 0.16008736728471132 -0.8613216135708258 -0.0980219104634013 -0.8456555844740311 -0.15261805315068752 0.030721845595750606 0.4083489428012285 0.010582784155307813 0.920089394484067 0.9470464070787615 -0.34727731993160815 -0.3455481567862061 -0.24656109080638824 -0.6294924259332135 -0.0722282124996605 0.7952726709968886 0.0750116621639064 -0.05989976981368782 0.5930120772449367 -0.3357847096015327 -0.4345
-0.666 -0.4642 0.6356125838570285 0.8987910253617739 0.6196369658842834 -0.10370772736934823 0.0808247263158976 -0.5151657968070007 0.5988266113187415 0.4824144373617225 0.07859046741936306 0.9064996963297254 0.7887619711666101 -0.7282369456896534 -0.02226985345987535 -0.22858185340756948 0.7613787823819546 -0.5638370057186342 0.3468608379166135 -0.6774847397628826 -0.3149576495880123 0.39252048809857565 -0.013455254317850631 0.752291619403149 -0.85480561673742 -0.7166658474579061 -0.0776106654644375 -0.6322
-0.2089 0.3759 0.13314316429295084 0.6617941863950776 -1.000946717020843 0.346983332806667 0.6533221007087546 0.20109012378518956 0.5402255556889295 -0.5435678273622199 -0.15149552205157477 -0.26540088174930543 0.23711754371999616 0.6298862350365454 -0.3612075963602066 -0.06334683353078475 -0.03188809998588774 0.8382036561325915 0.09710554829391198 -0.9743998394164876 -0.10204081241152818 0.7031875607884038 0.2783723504736712 0.47562597083663455 0.21565003163079868 0.6061636597038761 0.8478764523122623 -0.1865
0.1949 0.2194 -0.9825 0.6751440808753819 0.39007332251871385 -0.5789349162553412 -0.689156429209561 -0.4930056715829381 0.6502407593095156 0.27309975755841553 -1.0044807127750173 0.16482297287564482 0.708885054953878 -0.27033709161690694 0.1913139270585615 0.17273393223849812 0.25559607411818064 0.1786919187842458 -0.1582123636341493 0.6487117725763601 0.6303296123234453 0.4850325603468885 0.5087958677528145 0.1364301291541962 -0.6234999621313025 -0.29830022043831345 -0.3083 -0.6869
0.0362 -0.4502 0.2896 0.3104 0.9179968897687312 -0.9584078351363805 -0.312632419366473 -0.34515685054412126 -0.9294557912982933 0.11572714402347642 0.3730445065222015 0.4845417187793064 -0.9831676027749852 0.6133980057645404 -0.7888948332678479 0.24998869654361167 -0.1506654438266103 0.2376057425918728 -0.09026422757492614 -0.13974046914167707 -0.46825556868792995 -0.3512619466028464 -0.38445063844599786 0.21938830478698582 0.2849 0.3654 0.4503 0.9214
0.4587 0.1252 0.3387 0.568 -0.8248 0.3785 -0.5773 -0.0052 0.9485 0.7873 0.1185 0.8786 0.4942192407040186 -0.9132578808729415 0.13959998611960517 0.7231999994215819 -0.5674 -0.7099 -0.9277 -0.3623 -0.6459 -0.2387 0.1195 -0.4001 -0.5554 0.8435 -0.3659 -0.3673
0.2986 0.3981 -0.2283 0.9314 0.4444 0.46870061947139546 -0.46819076375852 0.09936790720170365 0.5849152759179108 -0.5644017178055799 -0.10224620512618285 -0.9710594268385107 0.8604428853117653 -0.5747040981892304 -0.7019140386890241 0.9487460961267056 0.7270496675622542 0.863193004686745 0.3769589895415646 0.09940996880117661 -0.24212573990454478 0.3222527841265071 -0.8596774573037357 -0.9306457620676393 -0.3051 0.1514 0.61 -0.2673
0.7738 -0.5016 0.07950261019848578 0.7991998096697284 0.9996538742094236 0.7596199122521781 0.5901528075187196 0.40021405401538557 0.13554388903281975 0.20127531027772036 -0.8681078323234235 -0.7096357947586132 -0.5949334897349209 0.14647618891920297 0.3568850405561576 0.40538709720245286 0.7163439007720402 -0.8035926342954485 -0.9381495728745948 0.7363514742413999 0.6133063152674607 -0.3635290900021762 0.5966160290518309 0.05967443776190616 0.24959262736088406 0.8254373554995527 0.3533 0.4909
-0.3468 0.051 0.8086050793462999 0.5442030371858094 -0.3019437156995849 0.31898978299861125 -0.6980123796905322 0.2191828589830912 -0.4519105496135598 -0.9481704087397638 -0.4395844396830584 0.44037121275739316 -0.8973329183465634 -0.5534491333207556 -0.36991162821845663 0.0894674348953161 0.0190868776089268 0.7134335113101304 1.0061412255132862 0.2553150398249095 0.5882218910315605 0.30437240123350706 -0.7624736464095343 -0.27091571831980793 0.25099283120321353 0.5083690989942837 0.2840058301531347 -0.5255
-0.1295 -0.12949999995644673 0.036189254845652524 -0.9103909972388421 -0.16395536372461827 -0.1746728179529008 0.6420380178493923 -0.7450464401923167 0.8390323520853105 -0.3832191215490931 -0.10072469695337664 -0.849635756940037 0.6824157489498736 -0.20860337613706353 0.671374171520327 0.7153974041697684 -0.18226439886469337 -0.35991324290926807 0.09917301862577316 0.4860244841897989 0.9293182747138982 0.17392816881432435 -0.3394207058195912 -0.4607273296204429 -0.25669205569597403 0.9961798221574447 -0.6193998334440179 -0.5953787922313883
-0.1803 0.8826 -0.6754204273720209 -0.6104932452440915 -0.9890809206312481 0.3890913561277078 0.011519634993065594 -0.006091080057199143 0.8582996084836148 -0.807679267156532 -0.2666414727245453 -0.2849857573988476 -0.7845200117664706 0.8256474838056582 -0.5657543468389491 -0.11616564035286746 -0.8135941708905865 0.031573468307244085 0.4179708044636905 -0.1363102035797557 0.5374258271213878 0.3695652374145778 0.7681188072930452 0.7932093058650644 -0.6837255086805084 -0.3930189777781091 0.08729878996954551 -0.2843605674127291
0.3894 0.36480143262852494 -0.4373742242136608 -0.3088225553294291 -0.8322882601039898 -0.7760383705857299 -0.3065156670313211 -0.7962739080176827 -0.4596692656398155 0.6658313087099164 -0.6003598749633118 -0.6689890099132071 -0.03549528475492241 0.17750483683357401 0.4828636869506162 -0.49413260436965994 0.4249405324658852 -0.4711682113167514 0.37380412973120075 0.7504850671334018 -0.6658953368411666 0.28973903154393804 0.09137399105845644 -0.6030219600608906 0.3648185653070777 0.9857610861166649 0.45190440176110036 -0.3238743893461933
0.8455000173022306 -0.3179394433839336 -0.6246273784524614 -0.5007129899400294 0.9739972443651418 0.33250755595358406 0.3885982244060248 -0.6153262094332663 -0.20604873172653462 -0.16034320396488513 0.7755214850570209 0.30549176733605066 -0.7763742385381708 0.7537702407723799 0.38239457941870986 -0.4612467578876124 0.47447372609230604 -1.1359707387103555 0.7175329905837196 -0.42338863378754693 -0.20781578797721856 0.659359250973018 -0.19171898457013353 0.28348044252110194 -0.48597037974807783 0.6855872922952954 -0.4430113885289723 -0.5074939213379179
0.3065000703167155 -0.8969036118542244 -0.7417121465984943 -0.4677251258552851 -0.9541371025596462 -0.6748790418079219 0.8551707981765815 -0.6442783966452588 0.5810603150265663 -0.8009920876477538 -0.7116349728727525 -0.24070408900433926 -0.7336172955463114 0.2953500060373008 -0.2896342338774477 0.7193413570763726 0.1024021538477839 0.20619053634037332 -0.8792183218174363 0.5789499901844624 0.40199956387036145 0.5794294221966692 -0.48383781420806815 0.06745795098856279 0.8418561801563145 0.07036585018057687 0.3043761742772429 -0.1573272771531121
-0.7081999885840953 -0.9136296480101214 -0.07831412024809724 0.5009042089373172 0.20986215831324714 0.13347398998001195 0.28968960735738364 0.6766673905919339 -0.6643951265900265 0.6443115666374174 0.4807479266970685 -0.1525784639898743 0.7488748290063492 0.8017000730874492 0.05531713459028407 0.30838928733673016 -0.9413819735096808 0.3043414021673278 0.41330737881584906 -1.036068434390725 0.14276228024059923 -0.024739325993280135 0.1938014752936956 0.7937303298849516 -0.7812997769324659 -0.9439498006428435 0.7895073210508329 -0.44632300720389384
-0.7620003277701792 -0.35630651925374773 0.9798485694062213 -0.2968555992435104 -0.8614387312087323 0.06772755307912814 -0.3754092537617458 -0.7809650531540954 0.4707928908693495 -0.47927303071129873 -0.04168640043609285 -1.0518278480838552 -0.009435561593599989 -0.9793150539952794 0.4693437955347852 -0.09198343679770762 -0.1742868230555333 -0.8610006473299777 0.452182521020669 -0.8869382561293631 0.620457651177723 0.12912130549023784 -0.782475294232217 -0.002344017552878904 -0.6106068100476574 0.47549263201859476 -0.17092300402682722 0.12265951667129488
0.6244578809120209 -0.7540550652115902 -0.525078415439349 0.8239284186696086 -0.9130519832650016 -0.14144540713214301 -0.30202995378435255 0.5693223668924186 -0.8038950147799094 0.24462668236007684 -0.3445712344118725 0.0139721979220523 -0.6169046130775251 0.20024693361411158 0.8864937368028944 0.3270912370339707 -0.2769817262611096 -0.6281199325715511 0.28176279147948224 -0.45775899038345613 -0.659005575534701 0.4000669338686467 -0.65009598232835 -0.004797616871068539 -0.13556352247386072 0.49619711582874465 0.18088346614216336 -0.18433259854611023
0.7553647371317402 0.3224354296189542 0.5806305888089784 -0.15474932874656722 0.15649428341313892 0.5471544422766141 -0.565234300913795 0.8160382536041045 -0.8994138750767083 0.5282199318527878 0.6501918134647139 0.9052109632876959 -0.34917319752433845 -0.9103489330197037 -0.2571135367817815 -0.5677322387915624 -0.2589174547906361 0.2854823327871972 -0.5100330487541804 0.28853704823736104 0.23142228164600878 -0.49665514503399955 -0.5899518348111928 -0.039521561504027504 -0.17469740368078146 0.16094002331827384 -0.06019061954872065 0.42834254460958593
0.026801700216198692 0.6226791012439352 -0.885744055685722 0.2910505051793795 0.7875855396846692 0.9700284812023715 0.942917372007856 -0.3307182682741395 -0.5315940763742228 -0.7197335528938231 0.4872000423126686 -0.8785381884022203 0.6403997209898105 -0.8578941398990109 -0.19982805362992487 -0.36267811340349015 0.2627597705403433 0.34609624326184873 -0.418113787624771 0.1349822785978914 0.9181373354431597 -0.10964761697637208 0.09838666039619116 -0.9334843163497519 0.20461288878357078 -0.3316087237044313 0.42814129290310843 0.32652891121111677
0.9885033031609692 -0.865862853028928 0.7011903227955139 -0.6710822791574252 -0.4855329037020065 0.44919801737302084 -0.5263612426320107 -0.9340331326466522 0.1605807715433076 -0.1401082769521498 -0.7201169735202714 0.6255282496524107 0.9297931180505445 -0.2641800003948494 0.3446183746779094 -0.6246555106311866 0.23103862453191365 -0.769679166764776 0.8173133011909745 -0.5303169325383189 -0.9528678454468077 0.4457660854292518 -0.023396665843419474 0.5763580758539318 0.9468014214648713 0.3615038075803576 0.8532207582457234 -0.9635346913020619
0.796600933263496 0.117604189498612 -0.0869812077850941 -0.12262857142717215 -0.7306227282984482 0.36604821431008255 0.6221077213199968 -0.07327585895604304 -0.6848479687177161 -0.06640326532528273 0.4009485991811872 0.03691851953648764 -0.7884837659880203 0.45614307629713086 1.0031764993146437 -0.1449510489496439 -1.0501052551657037 -0.9555888984182502 -0.366193094110253 -0.5285203423750529 -0.8888090800714301 0.3915363747184642 0.6200570687480184 0.8380292886951074 0.03726609969484868 -0.73906072397575 0.6860790676647374 -0.22682326752997642
-0.0407008467353136 -0.5246845177565691 0.5006647580574025 -0.3850694282359552 0.49622354411376307 0.4934132476169016 -0.975856579149896 -0.9735367452730842 0.6481944044593682 -0.838778289295997 0.17621999300071 -0.03072343037009188 -0.7161641985541847 -0.8709554854846842 0.405838681715737 -0.4520756511030592 0.6477485937621892 0.10719662548094584 -0.5446063567029543 0.5167620748164629 0.19226497806855303 0.36300614881744225 -0.10461873429989646 0.7896719522718969 0.803906194386494 0.16099656735374296 0.4329743411860862 -0.344238306393727
0.2769 -0.8740952325286573 0.0198582826289692 -0.5907261136872258 -0.9074077243807454 -0.1679780068178776 0.8557773800487083 -0.1149572955561867 0.26384259373467833 0.2069594633134023 1.015579095035122 0.42010429224948065 -0.7412531695057514 0.48241867724518733 0.6203045464411218 0.403513664882839 0.8328828373647709 0.10485687742093634 0.09804429764992285 -0.5911014516873259 -0.6794565495371709 0.6936719424630081 -0.2553888303646954 -0.46046019806034755 -0.7584725273691268 -0.9051711682526506 -0.13357925140695362 -0.5068076482734778
-0.606804361887696 -0.08889932699499375 0.9291649526951173 -0.6849956302818897 0.521285828744259 -0.10863363042631358 -0.42111594237381517 0.538043823609754 0.479189223546873 -0.35685423769618 0.5214505853820862 0.7860986109728424 -0.6055522286059669 0.26755508721120264 -0.27856236694074105 0.3373519503427723 0.3460848955061625 -0.8136540267184064 0.7135685847499212 -0.10794017253314829 0.4532712439047414 -0.7838483494632523 -0.790166826545222 -0.7929501164218927 0.2473691972152019 -0.7765850807756584 0.8638959291678017 -0.3985626031774878
0.0251 -0.22810279147720872 -0.6279256725194687 -0.10181475662010613 0.6472403263595484 -0.4660323478833049 -0.8339767489179919 0.38980108654444773 0.27757054911570256 -0.2620114007952438 -0.4504070320885974 -0.7016485585453147 0.22864651266506802 -0.40662382858517393 -0.1384207398422513 0.6036696648388589 1.0618682873692895 -0.28898528902639287 -0.2987740067235198 -0.5519126317194057 0.9970063193100063 -0.7672616065744159 0.4489277084953782 0.31250630017308817 -0.5969393652080548 0.03734097270497182 0.05754180362498154 -0.865758486910711
0.2654 -0.12212529287161565 -0.9980701019976963 0.05930905554932985 0.08034646296479997 0.91514921207658 -0.45710286406809353 -0.13362512668851956 -0.7581780384070409 -0.361268837262006 0.9620577870025254 -0.6132030675227246 0.4039891211696319 0.614209677147885 -0.062041163414213694 0.21738985663331037 -0.36350974999338664 -0.43439818411623987 0.9797360190959221 -0.8270202978154018 -0.7828069307281437 0.4199169741310523 0.733477275641058 -0.7772894785429458 0.8520211166903332 -0.21883318927180742 0.48081024895853797 -0.22469985897499023
-0.02439973436227251 -0.9765735587455107 0.9462226429408783 -0.03965907788199487 0.7723647222269984 0.3149739158533244 -0.8971208277371071 -0.32851288098688314 -0.180712116976774 -0.94281311361281 0.7279239514829232 0.7751518614835523 -0.14117803110586122 0.8704560939639472 -0.43020791482445253 -0.18582145080387927 0.9819776295704448 0.8494371124658981 -0.32921135114406 -0.5900645957054548 -0.9214510424685113 -0.2660771934076187 -0.6015543813477978 -0.7406421469945463 0.056541531267940454 0.9638527688443013 -0.47503374443754826 -0.7637000239428231
-0.12739974261715012 -0.9762981481086423 0.7952849419762718 0.9699827059139594 0.4658733411685707 -0.8911625177821532 0.7176928079989716 -0.21173871892164545 0.44343151502769906 -0.9152389754717153 -0.9330972425704727 -0.7491117911846221 -0.8044642556316626 -0.7668320328164823 -0.05438904519880129 -0.04273042068046592 0.6664903271490286 0.279666847638133 -0.5716365163443433 0.6600666298213617 0.5064982788715899 0.9567114517363648 -0.9583353358887716 0.22982411350091306 0.620693819943142 0.5127812359543221 -0.40047782388123593 -0.0983000442214076
0.8799 0.1301 -0.6088202156449601 0.2653908039890731 0.21497091927647868 0.19391964850825655 0.20928613366845428 -0.8802196312644142 0.6187888417363452 -0.3540754901112922 -0.851089358462288 0.8076313538054146 0.01174742304762144 0.6106822773571282 -0.10171136819628623 -0.3615880714140715 0.4461440406465884 -0.40450706996892455 0.7289265394581717 -0.9537269203502666 -0.3515885681364757 -0.527039082570192 0.9302810976561562 0.390155283573955 -0.8030835358317926 0.1389771812534303 -0.9008288141396069 -0.6855
0.9057 -0.1395 0.22763232406385556 -0.15250960205323533 -0.6709655576730266 0.10450483227855079 0.5019993939200104 0.45748210258716193 -0.8669339345337459 0.8223204561695172 -1.0691648782443888 0.011030241499693665 -0.6247268188645901 -0.3914355769764637 -0.7225191740458914 -0.8197069217920069 -0.23611274648298522 -0.9427275731272204 -0.7062055393898324 0.7545570381643705 0.31989007390547625 -0.6308869598562844 0.06359780289857753 0.1253521150949825 0.8747821158261104 0.6170088576947367 -0.8520320601011239 0.9811
0.395 0.1457 0.9731436441793985 -0.10637080217818558 -0.4707379411431559 0.19215228848517485 0.9590110202022862 -0.9234783435614411 -0.8497652276822751 -0.7747008426083881 0.4619612631691441 0.020261639901229967 0.40872116201702446 0.5723680871228842 -0.956118102547963 0.25574852607679943 0.5571575420697044 0.2503621624127126 0.07487384633828291 -0.31822471885404063 -0.05675173763403341 -0.7545248812715213 0.6991062320348836 0.7311289939103541 -0.8102757051423464 0.6342406923403296 -0.41022790556658423 0.3556
0.7078 0.0992 -0.18 -0.9169232731826144 -0.8073919072111737 0.7991143009706823 0.5270683785157203 0.361832232615869 0.9398545631126913 0.6564015928061951 -0.4805577735847886 -0.4350497929187949 -0.6433480601413847 -0.27128054510163857 0.2883822053527869 0.9081987829776161 -0.16484316382024453 -0.7585010096303859 0.558132218344669 -0.41098176846231044 0.6046350180227157 0.177019801996838 0.7504101660259608 0.06563704846584696 0.4140999336040336 -0.6795001726339615 0.2187 0.1329
0.0165 -0.3156 -0.9049 0.1316 -0.6770090290033622 0.9529838055872566 0.15904866420770417 -0.9298509374761035 0.322097165131965 0.5433493469327291 -0.5845896127776208 0.5846886773876748 -0.9778809524054827 -0.7105946248803595 -0.3389348671793793 -0.4560180333190771 -0.9820977713543664 -0.9452848628671143 -0.4926611337534443 -0.19773007918579089 -0.4808648561255239 -0.047167651125702884 -0.5363433128261128 -0.3988013602005752 0.9679 0.6793 -0.8204 0.9857
0.7291 -0.0702 -0.6063 0.3424 0.2101 0.727 0.582 0.4362 0.2895 0.7178 -0.8266 -0.2437 0.22519833614208568 -0.3242060207384177 0.03469735456958742 -0.6761001102392793 -0.1221 0.7095 -0.7769 0.2717 0.9471 0.9337 0.3251 -0.396 0.6 -0.4376 -0.4555 0.0113
-0.2802 -0.0915 0.7999 -0.5305 -0.0978 -0.6444000000640497 -0.5475065941034459 0.16285381110271396 -0.6852618293770412 0.7010997979811656 -0.7159496642164461 -0.5661779313530522 0.09874549240921049 -0.8288324868409721 0.602599013499911 -0.09051628462530087 0.7785518808728317 -0.5406469398548568 -0.6834373714886429 -0.4140201818954424 0.34924362697568706 -0.23519323467931338 0.021322511511129287 0.3457674351127239 -0.5495 0.5353 -0.4009 -0.3594
0.4474 0.6598 0.10289010078920664 -0.30219950146754565 0.14483244507451098 0.44878764612694216 -0.561801784063439 -0.7789368609829529 -0.6320484449423032 0.507338666437192 0.664779856403007 0.09437015313451351 0.3376437063206599 -0.3500948559940573 -0.657349894628174 -0.526740085021488 0.4081608250579508 0.6657919773742416 -0.25503520689905457 0.799398960324538 -0.9547538930789786 0.40431426753132915 0.90673931667263 -0.7482744081959503 0.24436519733198167 0.27356755102422015 -0.0007 -0.1054
0.4024 -0.1149 -0.6400218072301025 -0.28580827254837254 -0.15635354261008025 0.8971727336805727 -0.47570567761588933 -0.8866044048186261 0.10882655961087091 -0.2910432846051141 0.279074239673297 -1.0217195348450328 0.1315470580963502 -0.8837696094986611 -1.0104896616303964 0.6603993016897045 0.8505555842079723 -0.9341632306820633 0.43793316302379726 -0.6368610984153861 0.22340326518725864 -0.5793287955392695 -0.3806597593628119 -0.3461160137498474 -0.43520293789265074 0.34536300126434205 0.3512999420114162 -0.8516
0.2021 0.07100000000005194 0.7311006462730885 0.42067424632805794 -0.230977340804377 0.7131262401954217 -0.2654553518430167 0.5023692710434499 -0.01110596854012886 0.7454619458228773 0.032960396714996176 0.050213490704595 0.3347835185268408 -0.4821554651265146 -0.009548470096716959 0.8902058054649696 -0.6667580983888368 -0.4353784803750323 -0.03732268564449947 -0.7090550697672308 0.13864361931965788 -0.8009204039256674 -0.5265887880581445 0.5183258443085955 0.6828470771277295 0.623888747408387 -0.6417639104412299 0.4652865435355814
0.9376 -0.9214 0.9939331431719797 -0.7409364017053094 0.2930592489915271 0.27145311503875036 -0.8377363209269805 0.32831713879680524 0.9234113376073017 0.3923438032259421 0.6410793390567192 0.7186052018199557 -0.6508645845155788 0.23152638712780318 0.6079636607059927 0.07072829569844086 0.7482603325167854 0.630299815502771 0.5984205591458671 0.8195211873912692 0.36622158966333174 -0.6905295656559803 0.3911403465463997 0.41306223987329127 -0.39710391191413413 0.9427924137440654 -0.7061537075553367 -0.23273611737332514
0.0878 -0.1145999999096091 -0.7443880968207297 -0.15622245717776737 -0.4164207826622775 -0.5397139538927128 0.7871874937763599 -0.09429997858432929 0.041340708695053574 0.14667104972029668 -0.7569805300361494 -0.38616339331771304 0.14905104043679607 -0.02127507225947018 0.13614732321705217 0.10684279039945492 -0.04526495726297055 0.68111720988398 0.7403924401054123 0.6545289315708248 -0.04447087990543052 0.3452878373634367 0.816922738539752 -0.7402395471415022 0.4729899946217546 0.5600267555988404 -0.11596024866354017 -0.5727951911499174
0.05360004755413163 -0.6056042294008712 -0.9430570902395325 -0.1534627086930568 0.11383206831187269 0.058045886807472545 0.5768767768845339 0.13344981368041905 0.5490462146060686 -0.4427456128371755 -0.5056634152462952 0.23262884220157853 -0.16187736271115602 0.9179508121367238 0.9843956500753615 0.4543839591222856 0.2632032794164977 0.6710949775219813 0.5797406465514497 0.41407190123599014 0.988680026547524 0.5349486314344157 -0.8912586598516329 0.4315793756682818 0.048677574894198675 -0.12027065701021626 -0.03927458934110787 0.7926978637849479
0.13710019326122944 0.6501497087730775 0.21911294245451327 0.5637721598140258 -0.04128579047994672 0.40972223480627207 0.9915826197069186 -0.135032492001554 -0.7562091522040868 -0.7040283276622407 0.6363737638380529 -0.6792537675761701 0.6081474488346779 -0.9464663912406661 0.3228452036725599 -0.6679452144249237 0.8141409584481566 0.4778905590033989 -0.16256877436211958 -0.446305005328871 0.8256136307144288 -0.06991075130577343 0.4216296781922405 0.7621641667257522 0.2707911818321002 -0.5269625086954453 0.7202417572259643 -0.9691993118702755
0.9450000313759218 0.7154802191219198 0.9488511815438506 0.10258304136663075 -0.7858660532177937 -0.4120939897972289 -0.5956795423905242 -0.156269959886283 -0.25680126438136414 -0.6015341930237598 -0.5591052259632021 -0.6705777292840683 0.526691645567804 0.19331324053747737 0.929384087723613 0.9117079472196471 0.7773036509385491 0.8611784606744242 -0.26920286706130264 0.8647303611783306 -0.25663610841478385 0.1691545767267029 0.7267553739100258 0.44334013273791356 -0.5120634946767173 -0.5644405658757363 -1.0036616374560083 0.7104546372415463
0.11249999957860884 -0.1582435954113625 0.17480372540684383 -0.7592332705589597 0.9136856270955247 -0.1913096526173358 0.14227733465709833 0.2798606594978738 -0.47334004846930505 0.5850486333003858 0.9052655252363067 0.9670031472734613 0.11139731555661506 0.5900788460433343 0.17844596930034584 -0.9637035028469376 -0.8363264728630904 0.12491648178247679 -0.2740730341439524 0.28480751203394866 0.060134935043077015 -0.22655886375647666 -0.42221502447843046 -0.7507391834660216 0.2650143624578153 -0.42112243320509424 0.8688668380242797 0.08314350135589715
-0.9004000553827817 0.9053170188776567 0.6938023161770542 0.8363580913680038 -0.237818763942859 0.09552610221784033 -0.57939893237945 -0.47851706943872735 0.43916338001826166 -0.5250046495872409 -0.6069212547464767 0.20592525803575454 -1.0213858782742873 0.04926776341751336 0.7879301198298834 0.6905910620454341 -0.6218585708226859 -0.20077519312280814 0.8985248564504845 -0.8738973347280872 0.9059774870210519 -0.8693199640690615 0.5621803738373329 -0.6987670834236666 0.23236462526117807 -0.39667759389643464 -0.8213550917337125 -0.8843770791847575
-0.31889971287801816 -0.22998723612638264 -0.7016138521088375 -0.41093701896369506 0.43993013602943587 -0.927183335856878 -0.1289528230686351 -0.7258186039846618 0.16095561926804605 -0.8489136390073185 0.0006346366720461101 -0.9513128331321803 -1.0256805206402688 -0.2159027620356073 0.7714599469806253 0.7023299267178995 0.8102127938603461 -0.4989521950138094 0.2513413332287976 0.2490158392692416 -0.08551748787969693 0.04539079662889517 -0.7313186332537835 -0.8158473556285104 0.8460825808151222 0.9447553722268768 -0.34110616778364744 -0.5748465433003281
-0.7611999997254335 -0.9885564722356399 0.7010067042252367 -0.6004769675948435 -0.7311373450960227 0.18943386131564582 0.6493860306536713 -0.5490647728287933 0.2977650526840887 -0.09585235525245775 -0.565255900101129 -0.7099780297062733 0.7847096968486137 0.4039308901155179 0.8797987662323029 0.7362174249357857 0.24418062679806746 0.5039501047731302 -0.6676442645820596 -0.303829395341501 0.08763835390597832 0.4672531412432548 -0.4762716873899214 0.5448106980903035 -0.8090499658182946 0.3427866937158163 -0.28923182557640337 -0.8942598100108679
-0.9285002728165463 -0.3580944547899918 -0.3407578856757846 0.07642972453583112 -0.6426358578927169 0.8267768949845319 -0.30088091706921233 -0.7133885879448197 -0.6289593437330463 -0.9844413593278905 0.6141539113303942 -0.6910920367662161 -0.6508788795369178 0.96084125381973 0.6279236883111577 0.8044609974623624 0.7255775395747764 -0.591424844659749 0.6493462692554681 0.6397210894030099 0.21155469863123277 0.10903562888372607 0.26411552080388057 0.02403254030404603 -0.6441662334817896 0.34456060245037723 0.9642329743161363 0.14778261788496438
-0.21939990593633416 0.7737999351704695 -0.8015835907631442 0.25579061115099205 0.5273547851503866 -0.9294255204880576 0.6619457926337668 -0.5264954964500237 0.043201507035533604 -1.0674775109549262 0.5863177648806643 0.6228725829632633 -0.8784539159689856 0.22044441052226382 0.6382758166165835 0.10856355724883492 -0.06361463619352974 0.8857678649346391 0.015231428576724184 0.39110992262456634 -0.5848711898870024 -0.26149599473302937 -0.5499105224434409 -0.4189986460843366 -0.31846662952880544 0.6166720963313804 0.3349328052056482 0.6748224445445957
0.9874010463900367 -0.6815982667197584 -0.8236154517863714 -0.7061649033688333 -0.6527022010868648 -0.10349616476128944 -0.18010891579199034 0.14910774658067638 0.7965107564191451 -0.5714533816861034 0.6468734794111947 -0.1462264933467384 -0.28820699822159423 -0.24807574435848506 0.8807920064770166 0.003995252167042109 -0.4857277799530256 0.12079683770784333 -0.2558760058952237 0.12065567657013826 -0.13325836678267186 -0.7394807140328884 0.9547388824105424 0.20853725640242207 -0.591089891239834 -0.5388408664583467 0.3121575687176896 -0.18427224550584906
0.7647 -0.9021998973884408 0.3462046579861015 0.7259260701465904 -0.8276174063233578 0.37302476714050137 0.3119802227282148 -1.0422935378357299 0.38306863815923503 0.7818837307726946 -0.40586764189507424 -0.11205684142272045 -0.3988242162803347 -0.6824868310192367 -0.8251320577050577 -0.7566675473998463 0.5816577982001062 0.6689308656033136 -0.5110981547568155 -0.0709370735405261 -0.15917356281785913 -0.001260703793615755 -0.8550194226089658 -0.12919998208886263 0.27492490194434566 0.5587130946856772 -0.32506375008021027 0.05072716252840353
0.5843000088376005 -0.7297999977005997 0.47471198796568814 0.8021048383294755 -0.07649105494918432 0.05161457711018951 -0.4057817744884385 0.3270778536882304 -0.8097512931189778 0.69058763280767 -0.39499356298895444 -0.9393755895033106 -0.465243174962508 0.010289401427766121 -0.6523597992017557 -0.9348588714082031 -0.7806103255214484 -0.7164313053794239 0.42845287807970656 -0.5895626758365057 -0.15581958464222298 0.8646248239674759 0.04850608324071525 -0.851110293028235 -0.7630317519407105 0.45331609228736874 0.6708142044787277 -0.7122705057774239
-0.4437 -0.15660322258213524 0.8699389684690966 -0.019057711438086322 0.5782238494270737 0.9913435636615304 0.8844724789168129 -0.6503001293421752 -0.01483950605938819 -0.7575335326521982 -0.9371161031746563 0.052318734656766924 -0.7268269977689178 0.4626091512361835 -0.8003152245493586 -0.827960646547055 -0.7219386782069228 0.8527047371075845 0.8105055485132602 -0.32621852317944044 0.2843806379345961 0.7905289726548046 0.06980076321589142 -0.5552697667184504 0.5936908858465548 -0.38185472486306193 -0.6971605695261628 -0.9835487881360958
-0.7034 -0.0116564571652431 0.13896208585252193 0.7046170354334904 0.38430046846790966 0.45147685016900524 -0.6566591462449285 0.4035426245568708 -0.9725915806780621 0.33555614509320353 -0.8134482857673052 -0.8076756235055911 0.6697418247493646 0.6838884783770399 0.055233254991008736 -0.38602063707571865 0.6786499755114097 -0.7654589783303205 -0.6036370533459624 -0.22069221487631444 -0.24086999554026853 -0.6203899949623061 0.7806002565557394 -0.9351983409052713 -0.4428592909534248 -0.8889498190602224 -0.014492085826372809 -0.8500000007052946
0.19500000007317014 0.4848962642155914 -0.42978073006431033 0.07084895050714222 0.5590122537378949 -0.3637710145027616 -0.27741755742131935 0.34916133491016904 0.9279857286935279 0.369768294895995 0.329449084156553 -1.0224740808030668 0.6954464264014646 0.557541136766353 0.49212368249629146 -0.4667993676711977 0.8093171812568515 0.4915459824241719 -0.43013275453628624 -0.5454412442737729 0.6956491779017941 0.05351881637930666 -0.6953213727131581 0.33762756390189547 0.8101673112334944 -0.9542623933393884 0.8559847409824017 -0.8382998144915177
-0.41739999992910365 -0.3145999977930612 -0.3369653559717821 0.21952224314860422 0.6914543898762132 0.908811392643413 0.22714830600002353 0.14975738253622903 0.9246006727137934 -0.036377408494209215 0.5694300659566751 -0.3958223036267781 0.6761107881297651 0.5546544841909847 0.21252528457804887 0.6726169175769714 0.17086477436196318 0.01810376515060121 -0.41523988826077024 0.32978840922290564 0.055155912145652713 0.8714161409730635 0.3589610284821435 -0.267328324495077 0.29361045509310923 -0.4904587217811071 0.5326299599719488 0.3506003426265232
-0.3622 -0.652 0.6409003574964989 -0.9027778860738481 0.04803900448758896 -0.7298324417710038 -0.047055990798678046 0.626273455705962 0.2827259374750879 0.8754442915151023 -0.3327138151663153 0.8148894159744547 -0.25627595141595166 -0.7292958341733794 0.41341722248508805 1.06097664403614 -0.44004991956936346 1.0843031518400457 0.3741551709894782 -0.8100340249530346 -0.6418056117061003 -0.8022870717940942 -0.9790473373000044 0.6553949975491824 0.7590751158615494 -0.7727981801374878 -0.1815594967919716 -0.869
0.1853 0.4691 -0.2076135383805134 0.9251737775550047 0.4832385709774146 -0.501644162391363 0.8085936096647736 -0.2775775398956853 -0.539361324842047 0.062158278951932995 0.9788673986419107 0.8002431935237762 -0.01681871364736615 -0.7069133157543257 0.43460664542667676 0.8442539993774866 -0.4586819894988139 0.9687789499652567 0.1994836299645776 -0.4598755716192401 -0.36433973048901375 -0.847019161082947 -0.8153582240147201 0.5476059160063026 -0.8519794895397579 0.46161773202900225 0.9986997475667986 -0.017
-0.0694 -0.8189 0.6178980416067249 -0.546110218507935 -0.8427369604876759 -0.9927638313372333 -0.15946030498759212 0.17129173613798535 -0.7985314751041848 -0.2665716856034831 -0.8741841552680044 0.48485895037901194 -0.9204572788171297 -0.5191688254844659 0.387832897730623 -0.6776963706030275 -0.8830082365303757 -0.4285539871433138 0.566672880470077 0.7112730718823612 -0.8764965975949323 0.8615115060190995 0.8504296650015798 0.6497739437544928 -0.2153883080442933 -0.5523085928983362 0.7249997321304722 -0.1402
-0.7745 0.9358 0.5882 -0.06651396357501824 -0.7756101405660493 0.14080254137893672 -0.22609760741943413 -0.43057755675622617 -0.5335986119567617 0.01363889110963635 0.5999983332214325 -0.9133777531167478 -0.33687640657578327 0.15219130399273734 -0.1578981074365055 0.5840685518621497 -0.9047569495822695 -0.17270125050846105 0.525458937366141 -0.7169663927764833 -0.7320644780706512 -0.4241882086519762 0.9971746292657038 -0.4185957174752807 0.14150074743996255 -0.575200014353023 0.9905 0.6391
0.7236 0.7954 0.0244 -0.2858 0.9420979684042492 -0.9656376615374608 -0.4135412925148725 -0.134622572080832 0.9564443933954241 0.5655277423522671 0.19791822477250356 0.41631595338355615 -0.37999531678246906 0.8181191832432312 -0.6608257599691493 -0.7747284928667357 -0.2638187222240689 0.22489339385234405 0.2876633725101803 0.04986487632543787 -0.9655219863087969 -0.5033401406747341 -0.44413983168537335 0.95659953889602 0.6683 -0.7802 -0.4179 -0.1054
-0.1711 0.7738 0.2948 -0.2897 0.8922 -0.3852 0.1756 0.833 -0.1886 0.4342 -0.6316 0.8411 -0.595439035332824 -0.29535116073674766 -0.9395983119678813 -0.29299992965702537 0.3264 0.028 0.8442 0.8798 0.0551 0.5459 -0.9931 0.5977 0.488 0.8815 0.4365 0.1607
-0.3911 0.351 0.551 0.8275 -0.5119 -0.8042998910858639 -0.06512748529550588 0.6704751563103456 -0.6463115299590156 -0.37737797671524437 -0.8002830833405292 0.25276137608473576 0.4407243752978603 -0.8625267262180458 -0.8587981810051087 0.8908690026960261 0.8223427160515705 0.42411186599970285 0.9212936710039863 -0.36680584768215724 0.0448786203323656 -0.8462903297146824 -0.8868547813535335 -0.5963573587889672 -0.2859 -0.1705 -0.3088 0.097
-0.0652 -0.106 0.777500278679064 -0.5953000118992386 0.7304059356727433 0.06414297954174648 0.8569131811834801 0.720141322038678 -0.5630166063891687 0.552452392527034 -0.917037402031737 -0.05478631656999377 1.0341170795274288 -0.5034797359236515 0.4707383064201693 0.8818036029571038 0.5849476126883444 -0.950666688278184 -0.02115736606713638 0.09815956095160648 -0.3592838498645598 0.3127741502053146 -0.1717045651194581 0.5138641201548442 -0.8179849812855359 -0.22665335017823224 -0.7858 0.3573
-0.7329 0.6861 0.24680061392660874 -0.023076902566181542 -0.3987458943431678 0.5088143230754245 -0.005284735533277498 0.14337175533726249 0.5716516526433113 0.3170741793279636 1.0499510659021383 0.5956375446595124 -0.1094700997325504 0.7438653521824976 0.03882727423720526 0.19074472414918675 1.0649906831896516 0.49958676456100237 0.7893691685177721 -0.04502500627338418 -0.14863648361919185 0.021690855752890703 0.2695604624449957 -0.6039665035488587 0.9128974666989694 0.23124560068118766 0.04027918360257002 0.781
0.157 0.5141000001290957 -0.22769877894311577 0.18816563739733408 -0.6929911958585689 0.3066897466370843 -0.802787307561078 -0.5113100073015144 0.9698274211585004 0.5232339929096224 0.9232475526831685 0.24409854938298312 -0.0001323446082548528 -0.16195762614876252 0.6430299432416318 0.11868113358366086 1.0312327718408287 0.29148813776798943 0.6403666038661588 -0.48699997543449586 0.6965084485388879 0.44666610948214075 0.1534132449462498 0.9147080907492458 0.7763325257079573 -0.2704162343020784 0.3514555417337253 0.41716634820384185
-0.5335 -0.4181 -0.9924752541376934 -0.9564744902971669 0.624673204217257 -0.019402300413572587 0.2581154507060334 -0.43031011498813265 0.6109978833279769 -0.2549810125379849 0.6209023322954453 0.22397101376205095 0.817284152787042 0.4764034713632578 -0.41591196003047787 0.005855007492251553 0.9298302016446836 1.0318516492853997 0.9318515367350382 0.37050078705032585 0.20054876145689185 0.3340386857690999 -0.6026821586677255 0.04857861086662702 -0.38550060486168514 0.4478013281492713 -0.998113415363958 0.22069042772858086
-0.4467 0.42051722029321004 0.0017158850235740575 -0.8335480406812019 -0.035468819462720895 0.21497290279719108 0.8238178775113721 -0.2294800868897957 -0.3420919017150835 0.5389207080858632 0.17732194804808138 0.019923203699590396 0.4717536163030628 -0.05968789748191435 -0.02133790914983678 -0.8050316927740251 0.30627561776690765 -0.00478198828504764 0.2329715311580161 -0.6928529710029042 -0.008054950391561901 0.9568438051329574 0.7471915840479966 0.038246312885775395 -0.3015640137148423 0.561188709793585 -0.672668579752263 -0.8209499673469545
-0.48909941192672707 0.9964695891103046 0.6474209467535574 0.8828994026255855 -0.4810783852009394 0.10351583756809588 -0.552964522937859 -0.39484593003472 0.6996363656393662 0.63474739750887 -0.7972916476169455 0.04855585513160037 -0.382162132186548 -0.30840781941453305 -0.34507036896763243 0.8029689762938663 -0.07565009894931128 -1.0914753149580325 -1.0114468669922716 0.8547489874961287 -0.8112431947867415 0.03116457299578961 -0.309911914687361 -0.4174011852881312 0.5328094452738573 0.5519575562232588 -0.7532996038583937 -0.6880102611193649
-0.635797610054903 0.6704802466485551 -0.14662844121597798 0.5447960549379713 1.0034246579640964 -0.5407844859749396 0.4012620131928315 0.43911547191863665 0.6838457025630115 0.7672549799690958 -0.01685123421539305 -0.6905819520336983 0.018298973781211387 -0.07902169574169066 -0.5403039835539435 0.23536499746529466 0.5486433424275186 -0.6912096406554454 0.4863838161319062 0.34823399355280316 -0.2950651317196394 0.5800986439150061 -0.7598994802239304 -0.9828951487968923 0.7099398273469522 -0.7247542191252366 -0.46405753184115395 0.5707806589919664
-0.6479996119928921 -0.20591783248332612 -0.34390288604626756 0.24732027365344764 0.2503528064921076 -0.6988639500811828 -0.020534157558450578 -0.045041146942060364 -0.42522199779696385 -0.49830881967256346 1.0165575618703306 0.7663118728101063 -0.6002922655236518 -0.5208033920663574 -0.8845955188940847 0.3485869630813895 -0.17702431006858502 0.12656630098189706 -1.1569152507536917 -0.5312413451922261 -1.0370810773944106 -0.35555808307527 -0.7055083516104911 -0.36654809926072635 -0.3926155552444197 0.6753451096646096 -0.4626506371330311 -0.9205904392182886
-0.941001062823545 -0.5623615627942263 -0.577764378731627 -0.16151575755086472 -0.8824968258411662 0.2038868991500534 0.014104307862964587 0.17776052933200068 -0.6635968478910885 -0.3576642746090001 -1.0790600460548228 0.6564069126069636 0.05997931452218424 -0.28978408847284015 0.6249721059802484 -0.6878926074251634 -0.041054764756906 -1.002020929853082 -0.10724248000873825 0.2710317507109843 0.11688868010312005 0.0610949196605183 0.1394299489175173 -0.7556863710651286 -0.9910480054532476 0.6702228278704729 -0.3792167137679594 -0.10128435939204279
0.9143631956480717 0.6690039699710153 -0.43611271588922923 -0.8126935086709987 -0.43925743410003015 0.24929638362292034 0.5467222603302643 0.6823467314321765 -0.28563548099663344 -0.773666409929819 0.6776134024047139 -0.7647395245058273 -0.11891638943684511 -0.41993295613051207 0.47868680192263025 -0.20521910576884123 -0.8459369686530519 0.6529612650071017 -0.03223416097049656 0.12908596177778145 -0.6904644998963548 -0.19068005728071774 0.010728743587725059 1.0288991923878246 -0.1755544055107784 0.25366429209325353 0.9927689738224716 0.2486688581840027
-0.5552905824449365 0.7492493031442286 -0.05985902171572435 0.15432591562559628 -0.45958560118234665 0.7897425609496562 -0.2804234964167735 0.44851541184372035 0.3417818562609725 -0.7322500762666264 0.09335503280940687 0.6545786920188125 -0.23167932642231387 0.5794853450862667 -1.0148138570973189 0.7938304065393056 0.4617706996298377 -1.038860876336576 0.6531705217842502 -0.7986587270561952 -0.29081962205935624 -0.5033488417774723 -0.07278002326049232 -0.2320764295522721 0.4515534606253752 -0.9607744485569386 -0.6663182473631228 -0.7712917534784074
-0.9672984308634828 0.3720212473442334 0.23843003810788563 -0.22560089871982902 -0.17170104559701393 -0.5828304503988895 0.60054402587053 -1.1374074348739278 -0.25871028649379885 -0.34574000429377355 -0.866117139707705 -0.0798926489812242 0.04666296100325913 0.492492747293121 0.8027349598552411 0.54117839307542 0.6804040795695206 -1.0983186548592299 0.2823846329894867 -0.7257509257834394 0.8566001477973616 -0.725657443452096 -0.7480957496868555 -0.8239985504729052 0.5334897588842178 0.9814931231610006 -0.24266447220008175 -0.9133738645339079
-0.4369676678120592 0.2722586931899053 -0.6017834815917633 -0.5299919422971135 -0.6134820055575404 -0.7997105979278413 -0.06851050447356173 0.6220951408672267 -0.0036041429559149035 -0.45396627782341814 -1.0432438802762085 0.42027361165051796 -0.49148832215396543 0.6561490384002405 0.3690756956898565 -0.6123221595618834 -0.16351645253253777 -0.13333523379996218 0.5994238372046867 0.33034924963798545 -0.6536441559775933 -0.600181208604785 0.07053805831435238 -0.7902054612928128 -0.23057722694210117 0.1419422667898241 0.09885406785481078 -0.38122594489318296
-0.7284878368332014 -0.3952048130350248 0.6264494822619904 -0.9375338363501087 -0.4278212306377694 0.2944042479391809 0.868516891586677 -0.7881346383152815 -0.40014515744810664 0.10396344814171152 -0.8104909199430522 0.813337629200505 0.8595590416841871 0.13451094324620866 0.567944361301626 0.8655586707065629 0.7681962349555462 -0.10556987244566689 -0.19109365539002923 0.9086113190014661 0.48203837555283374 0.6085435763654844 -0.7737836804767031 -0.9428667653390754 0.9912488830153138 -0.6395932221411564 -0.9826969067016161 0.43335017959728317
0.15269894542106624 -0.7715235188768901 0.1940017791048453 0.7885945339476392 -0.6744820367301642 0.3094554612506171 0.45438793972407626 0.4471087632197363 0.8781162585214302 -0.025092760971002232 -0.2884080750575874 0.42524382946271055 0.5842968632998021 0.8780520421199506 0.65627082597005 -0.9556852430319521 -0.8378734601283195 -0.887604599551665 -0.5929397491475844 -0.8005061700428112 -0.35115991128255625 0.6634061231210312 -0.789173218368305 -0.5397818448864811 0.18572287449892372 -0.9494851237970424 0.7971138106442249 -0.9196913124051349
-0.8845 0.6538036665124521 -0.6265423255207592 -0.0017835627388299534 0.16297332741235018 -0.0032865311486014377 -0.14819351346070855 0.05279699808623655 0.10877707290400306 -0.8127300893249523 -0.23059048637834834 0.013394038771939716 -0.11552870747925603 -0.09895312857376863 -0.5422423042724153 -0.1659686852639299 0.6614846570757317 0.9107395484261825 0.5973326960338813 0.8286438488074287 -0.5098532885931024 0.2008666665978881 0.2713899768401867 0.9726526056677383 -0.519002493378175 0.6607853755032819 0.8465542654563493 0.455291191567736
-0.9698026224994961 0.08900676304059452 0.49784176114699474 -0.3017709374208171 -0.20364600976355718 0.4660609952455189 0.35499636050425554 -0.6106949772248536 0.872327187002054 -0.10602655522192116 0.007184432225024547 0.38610511897319605 -0.4491288841462337 0.457140759136826 -0.6693794508539846 -0.37460132016254266 -0.5708933546159819 -0.7602438162880207 0.4257588237910077 -0.4512969410287457 0.997566679204822 -0.0038498285320463657 0.7100645915841421 -0.4314909794752523 0.4787186911951686 -0.7242180417367878 0.8230072786972797 0.7862914312348598
-0.439 -0.934558945291936 -0.7583458574344716 0.7603550453985237 -0.49145053494392965 -0.036546166156934526 -0.2987252262390803 0.7730747414325605 0.3165213666664431 1.2759544888936458 -0.22005196894076995 -0.275737596031013 -0.4985383749840509 0.7571839524081089 0.5300829868763597 0.4347236685956969 0.4545403174747812 0.49317234536519006 0.6367137993089964 -0.18295945720633747 0.7973911579727754 1.1442167959618772 -0.7357928606907829 -0.0620332089189584 0.39442287898406386 -0.840219572352949 0.13019427193530544 -0.0797824670487327
0.9002 -0.3647493530024482 0.6079261685823855 -0.5165706248864318 -0.02939626905754469 0.7552856433237555 -0.037660353286518414 0.6629867383364235 0.900639453053744 -0.5803925250693349 0.26599475981338727 -0.1141942241591466 0.5227146146015749 -0.595963365939491 -0.3542992826034964 0.2564915381015377 -0.24915885705784144 -0.21326738102239867 -0.7185260093978383 0.2549440901036692 0.6420644809653124 -0.09414442831746891 -0.8264310154753867 0.35987390479478454 0.7081536715052139 0.8612472163070883 -0.5563058336103729 -0.5601007984653996
-0.9774000146616801 -0.573438611440457 -0.22240436499387117 0.5478820351358876 0.5642796376700786 -0.5385991294340817 0.3616315628967674 -0.20696699635156846 -0.02999782975148019 0.8852355321840915 0.84187088787809 -0.3107354258882243 0.8365009133539307 -0.131450688316728 -0.22744709184765582 -0.059654988277575725 0.6306176044421977 0.8178685571594804 -0.505236950112544 0.38320146018994894 0.2996236780864608 0.017002363705608908 -0.7574695772027407 0.5672195149775147 0.05627703094919534 0.579339129021688 -0.4394442115982559 0.5424986678734445
0.039999985793941845 0.01210652576856575 -0.9332762816295056 -0.6532523676125155 0.8920983492731149 0.42179703868361146 0.7577733683848902 0.9581449183991865 0.3345585354717886 0.7871656163496454 -0.36803881924483944 -0.3504954857333771 -0.2853473915171375 -0.6948788175836355 0.6716522979631228 0.23137756700223114 0.9218986404475426 0.04974240981169435 -0.13585336424819938 -0.5627226115139257 -0.8092853839029802 0.7529837738320667 0.8224596029292077 0.43357806647355773 0.4663659418873758 -0.39025629063077916 0.7918538347858594 0.27509753961714006
-0.3325 -0.2546 -0.38125290227067055 -0.8269153817496261 0.6333971439386752 -0.742387023562255 -0.0034373755036882937 -0.6028763313910998 0.8608709988799956 -0.6215180606471445 0.7982774152627685 0.5664477199455473 0.3994726698348901 -0.013122216009911767 0.25881765259653106 -0.9502188462035661 0.5971584305800476 -0.4209717760001113 -0.8130088482533918 -0.7775951356161097 -0.7555941804198343 0.9299173104313084 -0.281262477430229 -0.33789412500609134 -0.48004862113488234 0.566617365084826 0.22934794528126135 -0.3749
-0.5606 -0.2573 -0.1151533264546766 -0.1770053297747573 -0.24097052037773256 0.6285102147879832 0.44386600298336304 0.8117676628333721 0.1481684248194973 0.4863638155701298 0.2777696976879027 -0.9146140262002878 -0.5478763967463082 0.7340402154377516 -0.4674016340877128 0.519859243923946 -0.5733514899279156 0.07916080727008881 0.273613150230391 -0.9373901440022566 -0.6903165974861538 0.718515105172381 -0.37590934071935156 -0.14140006549920053 0.44533152193391706 -0.3620035873925374 -0.7805667494016906 0.884
-0.7729 0.6955 0.2386905812695282 0.789397856775828 -0.5723830472609924 0.1681080586997414 -0.879819293453293 0.629948548452028 -0.43251755057175345 0.6382337141183871 0.07308921983376956 -0.8851410833850055 0.9250237545203307 -0.3268848920323643 -0.8604674748455049 0.4619644735145321 -0.8174861264546449 0.3599313651841721 0.32410487302646757 0.3378355930605388 -0.5814177892040809 -0.9808110682979267 -0.08425353890960757 0.012034581844295329 -0.7404523933311008 -0.39611938504884286 0.8706352838771547 0.6142
0.5718 -0.7552 -0.6481 -0.40911120740146656 -0.00911585509230108 0.8427344901267891 -0.24581969691877503 0.38152969353103366 0.5250747524120918 -0.6048090584090718 -0.5850376292478937 -0.6000063372399995 -0.22948078040635667 0.2677285634137619 0.7249391894052661 0.7177884006230711 0.1622812856742056 0.8064989450239697 -0.21327902954279424 -0.3024804232676833 0.1840289714257402 -0.05961532587250478 -0.0008883115450250725 0.6284805780516057 -0.3359000000255883 -0.25740021345429637 0.1676 -0.014
-0.3835 -0.7264 -0.4999 -0.0595 0.4352935667219199 -0.35719669103247137 -0.9918737448304822 -0.02134772974468277 -0.43398603627711396 -0.9937263815629803 0.8005955524994618 -0.04983539667915625 0.5067605967915918 0.5050410644130865 0.7088376200026684 0.1996800231260267 0.07814311760207542 0.1509305491193793 -0.6256671134217493 0.19856729003333126 -0.2770147699963391 0.3940532821233723 0.38652807188410715 -0.1383284030039607 -0.6503 -0.2848 -0.406 0.9488
0.6745 0.6247 -0.6356 -0.2646 -0.2369 -0.3369 -0.6505 -0.2731 -0.0854 -0.8379 -0.3966 0.8498 -0.007402960511937592 -0.5075064814313317 -0.16009999862323532 -0.21819999994262804 0.8919 0.4524 0.5757 0.059 0.503 0.0396 0.7609 0.8408 -0.1089 -0.5022 0.9815 0.4641
0.1882 -0.4725 -0.2387 -0.1273 0.2014 -0.6799000009731287 -0.7845810165749177 0.6356484122671303 0.5956416045169279 0.2295779187711954 0.9755360201654518 -0.07223132558998857 -0.015113328209142494 -0.5253101913568564 0.35764081333234443 0.2882265266214146 -0.9875143393526027 -0.8028803271604126 -0.6965419889932706 0.806608640356934 0.6732994425631135 0.8922294987757781 -0.02900578625734033 0.6435997448881641 -0.8504 0.0595 0.9943 0.155
0.0939 -0.7643 0.32049318609277033 0.673761194531878 -0.4589193002388645 0.14497337358976203 0.825800612944023 0.07603316765795184 -0.9102846369869398 0.030076900270089132 0.09578251813531656 -0.40611385902676483 0.2321587488370482 -0.7856410932883576 -0.24103231123470117 -0.8435786642730505 -0.6604083856608424 -0.8831110069909406 0.8061999595799731 -0.7463102162535923 0.1447105771154176 -0.1616638313995386 -0.09819022460261476 -0.15164123318661252 -0.16525962521358672 0.7181485816608469 -0.5357 -0.4681
-0.3564 -0.3495 0.43058519431910125 -0.438727381202461 -0.8736255314979762 0.5265121771074985 -0.8356279158212998 -0.17529104861358408 0.36567217635177834 -0.9362219693922829 0.7859416723588472 0.6976019579629095 -0.8814738884408622 -0.29945475954168693 0.4130043728725776 -0.7272137930415966 0.01721559835374461 -0.43969078461189054 -0.40828085165018746 0.315511602745922 -0.9244974731688737 0.10380798992600786 -0.6198824124729454 -0.20074283728488934 0.30117798971578175 -0.15715089239096663 0.6903918514482464 0.2342
-0.2174 0.7099999629562549 0.9488962997623641 -0.010467928232913313 -0.2673967949222218 0.5366716662856713 -0.7827630995322884 -0.36763308244518883 -0.6441004941558601 0.8888673834499472 -0.008244898232434633 -0.06886383804281346 -0.46846175079772523 0.06635454724453092 -0.16379624107010027 -1.0245347618575942 0.4932461138174834 0.5756676035611766 -0.8887756659654183 -0.6584480794753808 -0.9947265212291878 0.8937573742367186 -0.5859812329090206 -0.9445404190277897 0.08356178426127776 0.43097385959315876 -0.8868831454063338 -0.8224400294793746
-0.897 0.0248 0.9269095050486741 -0.36416766190641536 0.8541933742890083 0.21149519424048216 0.4578862323144455 0.3293911850963047 -0.7045806762832943 -0.7579113073192103 -0.6692889829330991 -0.021481106189198382 0.08672082789286072 0.8488789776295219 -0.1035203601138554 -0.5730842805148498 -0.11646051158750667 -0.4259248792344966 -1.066658614053187 -0.6840195486745888 0.3026318565432949 -0.48746450794246826 -0.574301368388049 -0.22506835252113275 0.20154643127453417 -0.7292825874259211 0.6732397892024747 -0.22079708760648328
0.6636 -0.21220007677202968 -0.2404825095585152 0.9612917033995182 0.48042952254996485 0.6175455402710023 0.9539788773252383 -0.12892341651117725 -0.060415432225233205 -0.16308095424513827 -1.0750689835178777 -0.223390982203667 -0.9741124493145905 0.6825999552896965 -0.05985728481384365 0.1780484896279225 0.3841741853137925 -0.3650487026087449 -0.3637300598006313 0.3880493939661066 0.33857786265035816 0.08616782472250037 0.2551903216599284 -0.05987398549768387 0.4195458898359139 -0.06915843106245523 0.41453705464384916 -0.3802316798215157
0.8080990106337813 -0.8153029640522526 0.05171826235899646 -0.2630865522717845 -0.3769119573938887 -0.7333417196816563 0.5138138811353561 -0.6594919131648935 -0.31163095374761446 0.598716317033609 0.595954967304032 -0.5855644518593365 -0.8770238277413281 -0.9335975178922197 0.7297665056439898 -0.035550175230798335 0.3851543580739407 -0.6679779941577851 0.7842919311225968 0.35999666451978185 -0.7681820005520087 -0.1323578943286851 0.5160737251502803 0.4068854842293456 0.8744519707484356 -0.4340856340312764 -0.9269362277952842 -0.49550239710045874
0.34669597918991973 -0.42182771449085704 -0.4174291314078098 0.6162036849164665 -0.9670794851227884 0.7219710458676862 -0.17093257118387184 0.2700989341508043 -0.5699393290794004 -0.25651165914223634 -0.5156798607817316 0.4934388190002212 0.26349225144903343 -0.0726797135234979 0.5833328089501193 0.267768586720637 0.04766629503147384 0.7258421176458332 0.47611168903288353 0.0981350196276303 -0.12141092376187308 0.7147666403411534 0.802281658795302 0.9188835516748697 -0.6790802606775538 0.2183523851258508 0.15675127422860538 0.8954355718507174
-0.46030065277771126 -0.3658505910511327 -0.3310699789444869 0.37735008049648483 0.17027356706240565 -0.6209700981696172 -0.5626667753322031 -0.31442710494814646 -0.9165349995013953 -0.11787735756794643 0.02919857940492026 -0.02810954482950003 -0.43951073683396014 0.7913615710808378 0.9670724957853876 0.5706863465322612 -0.3320206143034661 -0.7753968890423936 0.3237597020795277 -0.16262404305457326 -0.8962120949043363 0.3324209277347059 0.29414307910421483 -0.6335718557451606 0.3334031169428276 -0.4100067660616462 -0.5482721281328767 0.4533140431754958
-0.04180004138269398 -0.7672677806720355 -0.7866066155603494 -0.26394479669018506 -0.525658431014429 -1.0109064184517862 -0.9407487111664216 -0.565788706825409 0.3632485556669299 -0.8827320410189881 -0.8559085828804418 0.49048302179651126 -0.20876843820039062 -0.003165260381206576 0.7353543442297478 0.47431431433097093 0.07371221548077106 0.8894966320609172 0.7176784696620208 -0.5782550455320336 0.7853602325645047 0.40200656108195437 0.12404753795173956 0.4095366053970454 0.3040539661726321 -0.3325024881124625 0.07347887553585292 0.4901911447727373
0.036994654153338184 0.3137851603924895 -0.3947710970879221 0.25328779912012445 0.1777363718919954 -0.8049107952825373 -0.42330255090782687 -0.09712991167669204 -0.5383256571932833 -0.5491309388174304 -0.6133884384875383 0.42978996082224113 0.1267705885165076 -0.6308166931842561 -0.46096456280740883 0.774216247497466 0.5702692643143659 -0.7558412411902786 0.015132741189413202 -0.6173002747216917 -0.788515709606552 -0.7250573305476564 0.18245802008427955 0.06536774511929595 -0.7600255224030361 0.8266957531249545 -0.43020995218634994 -0.5137609529080198
-0.7015222889516844 0.18444348508585853 0.01982599590316422 -0.577289590869489 -0.5096776601846584 0.060387384161980896 0.8678644909963837 0.5798428072821433 0.6002123331309196 -0.23349121947606485 -0.08602924077261674 0.6025979070312788 -0.21660487080284216 -0.49788499416844684 0.9685537110303439 0.7276373403277785 1.0022676542495454 0.4613078589425548 -0.33471438183130203 -0.8807928274017784 -0.9850972399252366 -1.009310114242136 -0.21354945031876887 0.5943252805696722 0.1872826040442501 0.05120106564041791 0.9965618504313334 0.7358950671309079
-0.9275997500719945 -0.8990210345612691 0.401265622886912 0.7613936056387774 -0.9738799280749362 0.37911085047907017 -0.089925226948091 0.18929314713842885 0.7149343279728136 0.784320496868552 0.7420686283632779 0.38658174948577145 -0.6922565122448782 -0.17210666117380943 -0.13162036781801315 -0.8372668758601943 0.19995239324227226 0.11587887238574528 -0.8160614507865015 0.09859717296544153 0.5901462926278997 -0.672406120502147 -0.10997890606185975 0.8850029643171285 -0.7023676719462583 -0.7617405939499102 0.4777725408372348 0.6563258869697968
-0.16699285066064581 0.8044209113558117 -0.07184481118665335 0.010537423633410758 -0.7217091801317966 -0.25574509725564726 0.4964921173501435 0.6154341707918342 0.787676037244469 0.08294847112690473 -0.4808005433447669 0.31523485846306026 -0.3367349871515818 0.06416682943506417 -0.7391293139952192 0.32598705628450664 -0.4381260143506063 0.4115424904266789 -0.7245527557268436 -0.9023977703357021 -1.0486006665153573 -0.5285595649945126 0.3172999047837674 -0.9632001898139065 0.07362346222999677 -0.7689880345447636 -0.009569420145517666 0.021751979643984422
-0.33049783348077955 -0.33770000559962055 0.4669881425402578 -0.9360105863615941 0.4256679736723134 -0.8577645436019292 -0.008492715324645298 0.9640810524539667 -0.1368006512368814 0.9608110227131913 -0.20473588114016952 -0.37244889195931324 0.5358582811129281 -0.230120985883644 0.45853949380240683 0.613607539359092 -0.0891256404105753 0.4714699345367147 -0.04316609429493675 -0.5951857335706842 -0.8736446027133994 0.4332590219572548 -0.605467303356368 -0.3905275583601663 0.5463045530325465 0.500416411561381 0.05347712518224812 0.12362981354250943
0.3579990035802367 0.557606291973693 -0.5974868301013259 0.103085457876096 -0.5085564945527602 -0.831791275017076 -0.5614487929772544 -0.6625951158968462 -0.405668009575872 0.5631623552703285 -0.10672177637725024 -0.11414448421518236 -0.5418382461111022 0.13532725738911458 -0.6983786662156874 -0.02864151672371083 -0.28384256428047355 -0.6867630979393343 -0.9708448155969022 0.2573569953869944 0.3993613093715869 0.6772850564198628 0.34874135408728335 0.49628078669654657 0.7715278921600681 -0.9713802576614705 0.3117207760391999 -0.13224782668203222
-0.3434 0.1547303111151945 -0.1663010455563486 -0.5051289571054919 -0.4043908665246634 0.008876670554324685 0.9666510092359184 0.606650987174532 0.36579415801414883 -0.635407032924407 0.023901740367523124 -0.5696974117717091 -0.28966273193268754 -0.04247191594199368 0.7514061299839285 0.10353893504221612 0.901006903863128 0.5237352418557094 -0.9296989432662862 -0.9962492874473688 -0.8834446066009072 -1.0197502575087944 -0.9075960683688924 0.8479551169193165 -0.665602877102935 0.5247721042737709 -0.8510204975388672 -0.4606008228489014
0.437604537617214 -0.6740936980401817 0.6820717497540079 -0.62991186716613 -0.788801909042316 -0.4033785828811103 0.38438834283221374 -0.5284147002919444 0.047930315565631695 -0.9930231908819606 -1.0441872858132808 -0.30754593401717534 -0.4037171258482189 1.1399950271254298 -0.10166919967156457 0.5854773289247197 0.07340780738077403 -0.06080657199371878 0.14606392148724867 0.8421655395653223 0.16443630964535924 0.6616841038756134 0.9010155872787446 0.474065506071881 0.3643774493288981 -0.05022851223382017 0.15763679560876126 0.6013784256115335
0.7125 -0.4555924687540084 0.5128964061185559 -0.8418959476821818 0.5510891055603692 0.20310560939560335 -0.9560409275574939 0.40531065607179684 -0.49928244994720483 0.7867052432915081 0.45412649637190355 -0.03011419840959469 -0.04431995294677292 -0.6388855414072419 0.6548411530621345 0.67807433961934 -0.027236962448591237 0.429708728341005 -0.43656024101323665 -0.9696496284608823 -0.025077071354599544 -1.0394700757429507 0.28104446026406665 -0.14754156809062233 -0.8874537957023212 -0.9561347912450741 -0.05262081556399653 0.06277678425030463
-0.1814 0.1465256838485817 0.4672828936728926 0.12839603752790865 -0.37585606301333313 0.2594956147242564 -0.8228708316139459 0.7309220258068853 -0.03981914473455827 -0.8840441200384206 -0.5085624238977337 0.3374596405293031 -0.8091973679188537 -0.3752411836562202 -0.5451355119240495 0.6850726405917589 0.6967453404990006 -0.11391451087707803 0.38135146814626275 0.387654757790082 0.6815897338344045 0.3698500196978921 -0.475132498820216 1.0212744558032971 -0.1343617826955003 0.6450894284375821 0.6411409294569733 -0.9185998833414811
0.26120543018271225 -0.8460029581203886 -0.8575204881923799 -0.7067734729636752 0.32025920284286474 -1.0116107665963439 -0.3473609042992022 0.7387962599658647 -0.06472244026466188 0.6201479378923633 0.44014224817602887 -0.661912107735975 0.24071035502825694 -0.8166904634108056 0.6104901039329442 -0.5732624205967295 0.34830977418962683 0.7271477387736627 -0.5323456915995813 0.16917642767743973 0.8244178082189155 0.15769540973905805 0.09551155864897964 0.14425116731173385 -0.7210922140729589 0.1171028728263991 -0.3222167074457949 0.5147000065413804
-0.6897947385640015 -0.24289853568488748 0.4233815573327922 0.07920099205933523 -0.5765884957740448 -0.5440244348289908 0.23400405311737016 0.245899859849781 0.3249945747538386 0.13918565761687415 -0.061284914804243175 0.324854513391479 -0.4705242795425671 -0.34185375092935544 0.11667927272658338 -1.1717246958619205 -0.833459353792376 -0.11343268249380277 0.2436988192669461 -0.7429295473326032 0.6731271353727561 -0.9755477209432437 0.14016757696925494 0.41341851736383023 0.8360641751398599 -0.26453507745015625 -0.9751570382144334 0.25600001208166
0.7329 0.2188 -0.24637242245461974 -0.18513624878827534 0.3858666498428196 0.35996333903474637 -0.5168715007130114 -0.8453766320990789 -0.3316669950608232 0.9734052248921433 -0.6076339231898725 -0.7095845943359494 -0.08486075345121882 -0.9211292958858313 -0.6849859635968553 -1.0626660363007414 0.6348055323172855 -0.6875565850129308 -0.6445948851597312 0.6873315011497689 -0.15423603976470796 -0.3639837638187203 -0.8963679684210379 -0.1574257870881195 -0.37665730709731016 0.8712807442626388 0.5564256647401379 0.1876
-0.0379 0.8209 -0.9000532029372813 0.575114488825664 -0.7570224861333071 -0.2317932901599855 -0.6403149653631774 -0.07545661588776016 0.41299267981955756 -0.6600596853873577 0.9264620223968036 -0.512152640254723 -0.48003980951310904 0.4584576833979541 -0.20088237553399285 -0.614042334827612 -0.6659990868207333 0.9609840178181305 -0.07671877635926368 -0.4540053016764461 -0.6387477944234508 -0.3862403609351137 0.4435984244547688 -0.49944059265204527 -0.838108017095384 0.7093308569208853 -0.7382367805487401 0.0282
0.3761 0.9442 -0.11199420923921342 -0.9362097553171702 -0.1367226418850779 0.6659816355751788 0.623855677190094 -0.7241445044875848 -0.6450867448886536 0.9643798620979717 -0.6707729392036796 -0.6492550522897405 -0.10469326056512737 0.05757534888514609 0.38452099361651765 0.6347817484968783 0.8452756298600259 -0.8565116241825979 0.11623085758712028 0.6784916689429347 -0.7360458134371438 0.04245940124368914 -0.23859596584497156 0.3876393412866735 -0.565638559133601 0.4996835508848182 -0.4329329146702478 0.2131
-0.1564 -0.358 -0.1176 0.43696709114616583 0.2883040423815563 -0.13403122835988293 0.8840927800172715 -0.03078923792485136 -0.48045314017639795 0.5068145568433795 0.1680972500945728 -0.39146889633312987 0.4733236099700175 -0.15518719020392638 0.3533358611395961 0.24309041120551175 -0.6142505698060695 0.5753422563065238 0.3760514171162725 -0.8592113964714774 0.7053831256996497 0.25271119299827016 0.9815122550532704 -0.6372037557886439 -0.86619999374387 0.14720225127821945 0.3805 -0.9338
0.6919 -0.9343 0.017 -0.9899 -0.39718588330958454 -0.2189928344411338 0.3427271713861964 -0.5536072928852762 -0.657278489466935 0.5149545097309198 -0.35793998017020967 -0.05146912850159427 -0.3890724214249956 -0.2873175758111675 0.8412213527033493 -0.16926925608932783 0.39785111998671235 0.2927783203952639 0.6878048829688772 -0.01884006626131866 0.2978717031927941 0.6577020008284049 -0.4098066546845021 0.5991999716690559 -0.6109 -0.0286 0.2001 0.9928
-0.6834 -0.4243 -0.6769 0.7132 -0.1632 -0.7428 0.2898 -0.5066 0.4216 0.3308 -0.9987 0.9987 0.9808640158616166 0.5015982550806635 0.6437955725497477 0.7583998155011287 0.0219 -0.3409 0.5102 -0.2867 -0.1009 -0.5022 -0.8281 0.3148 -0.7566 0.682 -0.2903 0.9502
0.7467 0.4253 0.0391 -0.4166 0.6779 -0.9894000000067562 -0.4878000587800848 -0.6336244360318141 -0.8161077212018142 0.8622009548975719 -0.22154829038725563 0.8364595898618152 0.39095489532427247 -0.6463305421629276 -0.6701648296048754 -0.8430012390374946 -0.8599154205518463 -0.3400575922942065 -0.6889180692327542 0.9225249494573957 -0.6850880165451978 0.34043541510293907 0.3693758594450787 -0.5281530192790341 0.0744 -0.3543 -0.0914 -0.9224
0.3174 0.3613 -0.6772000166716126 0.08480301487047529 -0.4469079652452671 0.6022872046088398 -0.19580840672718874 -0.001614394377180908 -0.11481651739317023 0.828737423544924 0.012976121189556837 -0.2355899215997672 -0.18987777033947664 -0.34305198140804394 0.2723634835577466 0.9716572762182818 -0.5138432499080757 -0.18001215958291436 -0.3576366864071996 -0.7181001367909845 -0.7152428113031393 -0.6191883536371605 -0.5844888489483566 0.7403693739375923 -0.3825520086385844 -0.1817078827074382 0.747 0.3921
0.7484 -0.3507 0.35559918841758176 -0.4227985971444549 0.66269981838453 0.4964594035361556 -0.6620597778623301 -0.9234425893190477 0.2624355330317213 0.4113584303467679 -0.45012507260493745 -0.043237183904248 0.9220968005132544 0.1607428720426618 -0.0663792772654183 0.1639695848859267 -0.2163278717320461 0.4991451836432436 -1.006978639453683 -0.971754292764738 0.185526053914397 0.864947479349136 -0.6300916934187162 -0.2585127857645861 0.021881068839607 -0.7601741984733816 -0.6250683829783457 0.1401
-0.2066 0.1029000671207448 0.17576314906433296 -0.733132025628716 0.16109573960687038 0.407838210778821 -0.9338028159385696 -0.6751427645636221 0.34779982513224683 0.9217065252371068 -0.852715062190155 0.7941011124348798 0.5607764066313112 -1.0298697142179734 0.6122061668177589 0.29434474341166766 0.571560048769147 -0.14608134693838842 0.9630961872005669 -0.0696999253998667 -0.25380034362896975 -0.4346294586691876 0.26506001912594357 0.8180474593219055 0.9250418440229419 -0.6976616759388891 0.39258226398869533 -0.4077161719139659
0.3 0.7044 0.3770065800044618 0.07820041699517462 -0.5039348648774593 -0.46951899996790114 -0.7318039572458628 -0.27867503683376876 0.2250424063264831 0.17467976991391945 0.4669316601937021 0.1715614494005936 0.39617257659869504 -0.27258937809534933 0.19815329312579494 -0.07556376371319394 -0.7038625771653341 -0.8421781768308594 0.8751783765381775 0.4463012330360523 -0.2531506730815234 0.09725451878171798 0.5772634487021894 0.8055923337533233 0.6673025900049782 -0.26145602610136826 -0.4797205194401915 0.9261146845089996
-0.0873 -0.01730000901721031 0.863489620434192 -0.5557099515919427 0.20742537953007698 0.06201443058024262 -0.3705588859953822 0.22798233499120737 0.1863810760493451 -1.0066201623894793 0.13898287230389295 0.6734269931402523 -0.07484890294335031 -0.1244202640103884 -0.34089448622895535 -0.9299420402524596 0.046830097748461835 0.1635073425995035 -0.6395998346955101 0.6307693857999456 0.4898222421928256 -0.9080500410813667 -0.00558187554112568 0.35430389061258827 0.2162332929121719 0.009214123352424096 -0.358338854269143 -0.2879241258851074
0.21429902464732736 -0.9949020013774555 -0.9766796529308389 -0.0033348120286358102 -0.11988543474720076 -0.6295417727955539 -0.22423796875286758 -1.032462645864311 0.06610462312595126 -0.7984161066582453 -0.6452191114458234 -0.10584555408845538 0.8914441911266446 -0.5050144338186442 -0.6441187306245723 -0.18957137598917523 -0.5579949404726068 0.9212202323538554 -0.8670166760934636 0.13436464633640316 -0.9101151427888472 0.39730709469883596 -0.292675452193124 0.79958356951477 -0.39117644303397386 -0.7476292138289159 -0.8200578369388714 -0.05029071121308029
0.5446960361413359 0.13031404137488256 -0.6492982598230584 -0.11248170336879347 -0.21572099424559674 0.20518035044031976 0.7421603927902911 -0.37254185935186146 -0.4362270132123168 -0.1467203285374197 0.4785857775933321 0.6588360252960271 0.014237882495721511 0.5073258592756478 -0.01789978016101622 0.5991322014146583 -0.8306790524082377 -0.43797428344647094 0.2204399244115654 0.4088730949483067 0.890633619487155 0.7052072956239867 0.45586293144948936 0.7240976001966162 0.058396340977438586 0.9779254295053297 -0.6631667200426773 -0.9751519209766036
0.4508993564683398 0.7076688024554733 0.3516605262452849 0.9670202576437948 -0.8662510833527072 -0.08838824853795903 0.650743477519272 -0.6574785210224943 0.3929233068075652 -0.5117337819777219 -0.3581692479620598 -0.9073504848468816 -0.16090106282830496 -1.0717280504784583 0.5260657195084464 0.6498264502137294 0.4380652571405753 0.08591376978794915 -0.7563863208641666 0.07665820090884111 -0.1594488439138455 -0.1939660280003183 0.36736805806829576 -0.9453952401387512 0.09159734715802521 -0.5227086463848591 -0.6164793825477562 0.2980201105709149
0.3561973712343601 -0.7817564258458386 0.6349672165481478 0.7273582381088762 0.9234635504727883 0.46487028517207957 0.12565389276049774 -1.0249354729368285 -0.1837592747920369 0.08817020594044123 -0.3259486416897314 0.4702839800917094 0.3649104768520962 0.10563609595774831 0.22395790777127386 0.11955779684255931 0.9772868454242587 -0.7456952337197559 -0.23370424101300677 0.7142079103917016 -0.007918656488796213 0.7190303682152015 0.025629136623403437 -0.6129429960242515 -0.7329317700410557 0.3104487911274313 -0.30339671934453927 0.6369614433082538
0.46616152258269083 0.8884503428663024 -0.03447110487938859 -0.27764446776108276 0.6937949279242439 -0.5599509904487504 -0.6466632859007563 -0.5098061228046413 0.7325189095018092 -0.9361457902800463 -0.4483725882162949 -0.5789604516053317 -0.12835925211062482 -0.8291470758510783 -0.5071739898493002 0.12711545508558533 0.6758863779074836 0.8392645351255756 -0.17477916301902274 -0.4659057577178913 -0.9199518369778739 0.20546720777057678 -0.6478539732444011 -0.9273599271133774 0.9478619207570573 -0.2899555719908373 1.0002080077561868 -0.8236283080142404
-0.9407011230497849 -0.051613952791122804 0.423979967433871 -0.9538819952702081 -0.40180544276000246 -0.8671449447151826 -0.26379815042004834 0.7898611536583994 -0.8731457164862652 0.23437416245263665 -0.8081500410201374 -0.38846364439111525 -0.738460868178175 0.702714023520243 0.06658124476137477 -0.6107332393672195 -0.12302796239384274 -0.7632940107756095 0.0918143745990806 -0.4356863932999972 0.160911323665981 -0.1556853762367085 -0.5351933507383713 -0.5867540999385537 0.09021852711402609 -0.8930821332318986 0.19108236441322302 0.73304326426512
-0.1649992830770473 -0.7598565651849116 0.08784111024657631 -0.5618695344894616 -0.8265818223345063 -0.8999981283768074 0.5929047098939336 -0.7342696895366214 0.9990353267052035 0.9382608777595772 0.8793549290266307 0.5160307401202381 -0.9865579278276644 0.16523151722651325 0.8116759770698729 0.36149745622202895 -0.1513583114991947 -0.09635956360513741 0.2628061678042751 -0.3359626492406486 0.7486442420202745 0.29881954996264126 0.33924828804159674 -0.6635302082903383 -0.6955727959984717 -0.18929568677242573 -0.8508599845820297 -0.046482085331668095
-0.22459846773191997 -0.5867617310269461 0.12828413406805914 -0.6127261223229787 0.16216494044577728 -0.19816549853786233 -0.29467624399109316 -0.1523624749850269 0.5550369649210776 -0.8171940260825827 -0.6440649787290091 0.5521067202761003 -0.6960542594959259 0.5425144055373365 0.15626993029869046 0.02600897674533497 0.0033598727275316598 -1.027054664810356 -0.072792243354724 0.7185296232989602 -0.5724983643208575 0.07735633679010016 0.10234190139800284 -0.0026549086884701803 0.609792876133067 0.9347738546304027 0.6645857430487602 0.6699457078119362
-0.9165007711513066 0.5908165334137594 0.8596282173271258 0.21441393225419803 0.3632505237862525 -0.15369246015530072 0.9139294749225564 0.1493595441675188 0.38629696203452957 -0.9337068790153437 0.020014549754159477 0.36299523390009775 -0.5614690208449207 0.4569994050359385 -0.2283826300564184 1.0353173915456664 -0.8324629842747052 0.29100726520412856 -0.8771493298323277 -0.5763707611429862 0.8003972971058242 0.5213636819080728 -0.4392470101579877 -0.2977048927298791 0.6171697334116083 0.6502176109153518 0.38564008742811634 0.7000030004738104
0.8054927374335262 -0.23893538299743464 0.48698283605756226 0.5233796220496565 -0.18424477079304594 0.41379562879416093 -0.6965641648608784 -0.04258099902985647 0.17463835075115466 0.19105483942977575 -0.27350468854657567 0.5750806891643848 0.8125024819958316 0.11844279615052057 0.8161940129394225 -0.5452169046856997 0.28916279130763084 0.6219960533426365 0.24559313606541291 0.8507976658541058 0.8764677154103552 -0.6800624105272669 -0.5752611129011519 0.5077643875519698 -0.1514077611895002 -0.23634451209748691 0.9951662361982522 -0.6922184686935547
-0.3271 0.18226280539384 0.5539186245901068 -0.42427292995239574 0.735558430705416 0.8640005679524396 0.3432899792702179 -0.1774287114928526 0.4477872888496475 -0.4097848691125588 -0.898463970625509 -0.12201753218251127 -0.14951040960264947 -0.6493535080074851 -0.39123748219544935 0.3128643699631506 -0.5742118640500182 -0.27627985927827126 0.29316339817258197 0.4710075308382775 -0.23851026022932356 -0.9037883999804347 0.17847396592831805 -0.8879429204337049 0.7139394007781659 0.9219367940250528 0.22063858089660668 -0.2592761094871388
-0.08859999046973106 0.9630007392058897 -0.502426102189229 0.6745267849462678 -0.42258812959646136 0.7922675514183886 0.24932978101330536 -0.2690252433631539 0.018973112772050653 -0.2329041763493795 0.3270137567699199 -0.5839727288790633 0.0833805982036483 -0.07722102606971433 0.34851705721251636 -0.6318872752898749 -0.26279606550262147 0.0645343459499381 -1.0030286929726868 -0.1909779167465279 0.5657932012893098 -0.5893217069746595 -0.28107226786625067 0.4490879413473721 -0.22426275278914826 0.7271267131287269 -0.5952175570970624 -0.09350707739657298
0.6613 0.306743691832741 0.7055590775651956 0.15337412204863474 -0.1268669705278042 0.1293065404371337 -0.8498200471342046 -1.0127578948099625 -0.8628547006308996 -0.417897865799089 0.5587859355310876 0.5235841086571608 0.13578072148590425 -0.546866195822434 -0.2653116297171249 -0.3798107343087677 -0.7470645776131134 -0.008760557734500643 0.639571260634286 0.26915630324149165 -0.9117636284500769 0.3183962370962886 0.02073581098792462 -0.265575398759533 0.39116184760745143 -0.05449486577107435 0.0090825858521713 -0.651983101251417
-0.4014 0.16501306114103104 0.7538562971058385 0.4956160100961835 0.9526164632500581 -0.1340199797374722 0.5013058735409293 -0.7047561349207954 0.4884220748962594 0.4320254275627457 -0.8605049727987122 0.0941557672461519 0.34107619137602846 -0.8102238737827027 -0.992850648970096 0.6633893110675619 0.2808029982905166 0.27162232553647564 -0.2030324682625961 -0.4971739581682368 0.5948088665564444 0.23476892038058883 0.1038998623334671 0.2771614128489259 -0.29378391419511823 -0.4621237047274217 -0.5730128709470507 0.7025007348997996
-0.2935949824297615 -0.14148679166735117 -0.1558115505091276 -0.5098101533258683 0.6395103691896629 0.29422672048588167 -0.20983943538394534 -0.5452147395943129 0.9412998302162169 -0.7836860677388439 0.2414079610375284 0.3016260433714248 -0.4374061618628458 -0.5056731965510293 -0.1224987201944517 0.2971753137388166 -0.13718166701095827 -0.21507133376962467 -0.9932968389192028 -0.2282927819985294 -0.438376723886411 0.01699286564595307 0.6206386501176145 -0.3054671288492468 0.9264540235984158 0.9219312136202601 0.6593366163111826 0.6954004242491165
0.599204861645745 -0.27029834341803777 -0.8896306923502384 0.9190775586261907 0.4979029031426446 -0.07487115238715271 0.6404410019882888 -0.7847088342930747 0.6475250821146973 -0.18723621267382237 -0.20527690404112853 0.1842437401733957 -0.3081922573165757 -1.0701269287660224 -0.14488622367931195 0.6297436735291854 0.6038428149715158 0.36515557609134364 0.6834196737475761 -0.5765178390915929 0.18060984510625552 0.330376963573675 -0.9627430940732247 0.9946498197616619 -0.37841446855025246 0.49283278116257023 0.6686563567812667 0.9017007835706378
-0.6819 0.3745 -0.1122468469969306 0.7687147803496415 -0.11086603642346064 -0.36813149387775806 1.0218942062366563 -0.06371647475705168 -0.04114066045476613 -0.31282401275205346 0.01202119498418435 0.0502460057345667 0.04529621517092039 0.46764305767849434 -0.11543529956792611 0.04387832896389398 0.830939984452568 -0.7549102161117175 -0.7900890618826858 -0.3097862171702542 -0.06821789068150236 -0.7824791005342282 -0.3339399179712445 -0.3550100553624471 0.94304857579532 0.24831521412530752 0.33954105397298473 -0.4207
-0.8165 -0.328 -0.3614927525315004 -0.8621381964170092 -0.23639084619192155 -0.047010868253842104 0.9336772913903197 0.79023404211039 0.21437183893006667 -0.91953581723797 -0.8947896521002163 0.482240905742631 -0.5058918211100546 -0.4206779663089045 -0.9287224082551694 -0.04159985507015335 0.3628917988606453 0.6983276950199658 0.16422315824342448 -0.6636779482250099 0.8266436836123101 -0.8973635255316358 0.11557150997910086 -0.15413129914290105 -0.20049036778774743 0.8151722287074309 0.6651054641270739 -0.3987
-0.1968 -0.1247 0.3881171056711904 0.9386265559342939 0.8491391986240743 0.7393985809356078 0.994009303326468 -0.3172369772455914 -0.10195997114518772 0.5863993452439249 -1.0436450081881101 0.6397103937551578 -0.4670326867569174 -0.06423987770822048 -0.4670740035688625 0.2409765048446515 0.8438253617718153 -0.7016129456575227 0.9644322685715317 0.6558169378555095 -0.5777852014330879 -0.0547594041968065 0.6346039539725199 -0.8528727686745023 0.5430005285213532 -0.3872645071010144 -0.9482942017407735 -0.7445
0.3198 0.0059 -0.4795 0.355135814793683 -0.24531525918706543 0.4910747502016267 0.42662369308744413 -0.21530501635793542 -0.09422930599394552 -0.4919718570963983 0.7747703000154685 0.5288997970380926 0.5780936681863047 0.1641821699320853 0.7806380850482076 0.9496828456416844 -0.46442259973469335 -0.4923401722001291 -0.9844678578824754 -0.4890538622396828 0.08165992792835118 -0.5888309728724257 0.23844268195364557 0.8129193767362002 -0.03999996574570602 0.5216003608263742 0.2368 0.2642
0.239 -0.962 -0.0539 -0.464 0.5075039765455164 0.028794462135158447 -0.405313573287884 -0.23869121895518217 -0.517381732639095 -0.5152400342448712 -0.04299530558953003 0.860418700396197 -0.5415686322693802 0.38596245661922857 -0.7556402547597785 -0.24973242885225672 0.06796456464348005 0.7141680826818055 -0.11456829785907367 -0.1635120996366115 -0.6954913462382256 -0.9004605653832248 -0.6037938083723234 0.42489920943287174 0.4495 -0.9188 0.462 0.716
-0.5413 -0.5193 0.8588 -0.1709 0.8145 0.9301 0.4863 -0.6514 -0.0581 -0.9937 -0.1872 0.3987 0.8383001136795366 0.7284002489498101 -0.21799999997289124 -0.42689999999887035 -0.0535 -0.8577 -0.6101 0.2462 0.7108 -0.6628 -0.6923 -0.2218 -0.9147 -0.4555 -0.4241 -0.2329
-0.9478 0.0963 -0.9664 0.5477 -0.2374 0.4858000003817522 0.9043004335810099 -0.41249915534331993 0.8598993767768546 -0.25348415998108553 0.6706589967908306 -0.9214293953052476 -0.5394622494794239 -0.740553197546337 0.7603394753453976 -0.8114254385581958 0.13434033168173812 0.7307255181941008 0.318402806187486 -0.02139797228492435 -0.22099983434367487 -0.6787999551750984 0.6406000409591417 0.10360003939352173 -0.7357 0.5446 0.3723 0.3448
0.0367 0.2673 0.4271000013293546 -0.14880000001289664 -0.8300999988468781 -0.6390999970459975 0.3660006732551653 0.42372555399077555 0.1199594128115581 -0.8879048203321229 -0.6604538816044366 -0.9370769980025352 -0.08205721906849309 0.31691208166362156 -0.4163593883324504 0.007504146211647253 -0.3261794850377797 -0.3472255052808572 -0.5503642648925909 0.9832925979941894 0.7950828925648642 -0.5725822104911105 0.9460022392632066 0.9683000935673953 -0.8251999895965434 -0.9275000000769916 -0.7468 0.9821
-0.6638 -0.4625 -0.579599997070925 0.14370000011260692 0.4365005772933663 0.14300157533087565 0.2306624875838898 0.3808492435285081 0.39145766965664763 0.4743831377279374 -0.44231936920958176 -0.8415922453867625 0.8219741629423125 0.7499628339164122 -0.864216026754455 -0.7438970658581718 0.47886512223278616 0.16337679595660626 0.7795364778892672 -0.07614348490667872 -0.4098562524927017 -0.04481157296289879 0.839518833474756 0.994803413732509 -0.42499909284857845 -0.44999953634850365 -0.5119999164402115 -0.3899
-0.9731 0.5252999998272153 0.028900008365633376 -0.5903220749926318 0.20090999133759596 -0.0749260129261822 -0.465200243597629 0.3200372171344173 0.02807796461664988 0.8010109590544716 -0.6408352884809776 0.7132292181263429 -0.8368156621303496 0.4646982667457839 -0.32563435730221635 0.22998990698573224 -0.6922917015091881 -0.030147417692354652 -0.3456713615283706 -0.4464601978208714 0.5367668034275703 0.42407341449562985 0.4000689351016928 0.1522952647555945 0.1842715650949979 -0.7955083385170064 -0.7293881750946799 0.1274143584523814
-0.5045 -0.8792 -0.7516065248404814 0.1260082206301542 -0.9451143184245775 0.4770873826608221 -0.1194054559179007 0.8450058572344876 -0.17320453978574019 0.5064693690711096 0.9711968523679936 0.17169318846648846 -0.6333116857329414 -0.559439019063925 -0.3578673795544431 0.7414843079106375 0.37104257093396137 0.14952576296753092 -0.9339629500455692 0.6165360560801252 -0.35793510491924135 -0.8596717478280036 0.5620812840452848 0.2746488554729211 -0.8993498589321034 0.22362679383510092 -0.5201497383019568 -0.9094755604825963
-0.9417 -0.2630000015285509 0.23949294139604055 -0.254550772047614 -0.32942063890599677 -0.29519337638840765 -0.367270476630659 0.32206645309761495 -0.5145786022523862 -0.5319389046607427 0.2047709539894754 0.6200607794569578 -0.8362423780309272 -0.28921038737933774 0.5366572595761486 0.29474686746650947 0.18472132578110526 -0.7855409563585432 -0.37194326355095053 -0.26123578460431396 -0.6875459500491081 -0.15968115069343108 -0.5254457395221893 0.18776799252074877 0.30693089411325686 -0.8190064450539176 0.5506950043651898 0.5283069718327812
-0.12450000031617633 -0.5423019230062902 -0.027738027326431488 -0.9167785660295479 0.7410476288078345 0.3510504063935733 -0.7406047248339552 -0.6368700126209467 0.11723957906131005 0.4531948572891317 0.40039915791009756 -0.14932832743253882 -0.49859801617446464 0.4579496553095529 0.1270719885078511 0.47036258399651426 0.5646076681737475 -0.005778271949347322 0.06599403425752677 0.15771339710233653 0.6841381698025905 -0.7553906261950599 0.19334767164682568 -0.35930308693093604 -0.12351465040876264 0.3917071177186686 0.19331312226973274 0.18915309621248474
-0.9804000012849489 0.4357929239013883 -0.5768655987494691 0.2538892108138141 0.8200820519108539 -0.5397543793856752 0.8460978310854909 0.16059685272309163 0.5119479517809136 -0.7863662796276225 0.22952046391423145 0.10523015654381283 0.6729006805356502 -0.011910221926702635 0.2570249136444525 -0.22493017016508854 -0.6461128374872637 0.7061096734198852 -0.15011873583336122 0.015240149250131915 -0.6266799636462432 0.21424998389163646 0.9058716978082071 -0.8254980829915926 -0.4012634550149719 -0.059611264429062075 -0.4476818510009202 0.18911406441194603
-0.5834000002086113 -0.22131424465025085 0.6346274787745204 -0.49685887787152444 -0.3528203734073043 0.9524029809957885 -0.9140056022670726 -0.7085160958139255 -0.11056769947630246 0.9377396162727166 -0.10291741665701734 0.3812094948271017 -0.03894169507774403 -0.38919935746892886 -0.13605022485224424 0.070886983251616 0.4328239627738781 0.8990130467335041 0.19822001413580032 0.8440222730429705 0.5030641037083736 0.8268034311939422 0.4244241421245943 0.37635453173244016 -0.16123133728396322 -0.7826289916461809 -0.6541701762165817 -0.7767977174354631
0.34809981054103706 -0.07041597676440634 -0.5913394531405732 0.4137523423210688 0.9598943986188189 -0.22847132366578765 -0.9278934429380031 -0.2788895265013828 0.380031785304931 0.8099858355888792 0.3689289597151657 0.9321699738397985 -0.8877987660605012 0.2809507412763484 -0.5994912592903882 0.4784354505530363 0.5383205925062841 -0.06542557474447375 -0.023211139868285744 0.879988824433594 -0.1555234891315307 0.38553075478606413 -0.5473296817473281 -0.25677354286640447 0.2622236859879459 0.4326074523244997 0.003468554774695172 -0.658299352730587
-0.629324386909664 -0.02504272263992009 -0.5005809263688 -0.13479026935901026 0.3210054472440101 0.5383458568788497 0.7964095717903474 0.31028447735248377 0.020455063933946842 -0.4031271867152536 -0.07712986683711932 0.5997766226125508 0.8272714110132909 0.5210169640880006 0.5341459975851951 0.3837630669024048 0.9941317178486505 -0.7958251978223817 0.9626781269155382 -0.5297341563820556 -0.6351555755639872 -0.9416254411401458 0.1878596694670007 -0.7572487005373215 0.24714481468818103 -0.5662755320994747 0.5079228366614589 -0.3339993337183384
-0.19040003692499316 0.019790835634649114 -0.1235851310966587 0.3643009990607566 0.7382414709347845 -0.7153652600038477 0.7838301619972126 0.9958135266394964 0.0858693062268233 0.5387385654552304 0.7333718549632402 0.6359088297967415 -0.6962540234907515 0.39659790603160233 -0.7820898665728542 -0.12031877348067022 0.4246081226758563 0.1610603866951942 0.8897418115883617 -0.11734565495526994 0.49061948588490734 0.2716178724367075 -0.3497043536268243 -0.4459372547592177 0.915166730498007 0.7493153856883746 0.24979086141502232 -0.2374045622924904
0.6526999999971759 -0.8617010060780824 -0.44896550395118295 0.508076752958619 0.8375821767934625 -0.8537688522610807 0.6789293546919132 -0.34408538759735136 -0.9570434869951021 0.8369989754297957 -0.16146528809549995 0.8017076202021894 0.6385193618209731 -0.3511570759717614 0.5332724503391243 0.6100481177186592 -0.8309702216049761 0.35068766798165685 0.7478930891752832 0.20283396119889835 -0.3559530767019244 0.7435734861446568 0.42303252482206993 0.6711548326189609 0.6482960664939147 -0.08082300095719698 0.41776445223087494 0.7737590360029174
-0.861499991225099 0.8865999483000448 0.6715856096562219 -0.12441750442520276 0.2569011240684795 -0.18498596844917206 0.10238253400468154 -0.79957218065541 -0.40932050310341966 0.7261264172603151 0.30903001007837366 -0.10165036154057162 0.34278521313583254 0.3457596015796402 0.40478536064285725 0.7802429636171563 0.8521025838189427 0.8663326889621774 1.0221569376940847 -0.11871689302617269 -0.25539937979096067 0.9641846250812411 -0.24388648382067174 -0.9423487654014264 -0.18656800999825535 0.6371603619369062 -0.8535773723719656 0.2574986638436911
-0.5556999971988799 -0.06750003850789797 -0.028756389307025277 -0.7892606400097104 -0.21197887871727053 0.20905527984464034 -0.6637159087020367 -0.5068634942559422 -0.8535855826433439 -0.5267985660688995 0.44005078020502775 1.0105659762578438 -0.8582136436450628 0.5629580822388905 0.1356559957966993 0.9288245268797254 0.23117166952311596 -0.960303675496162 0.2421868365769659 -0.7563417666033383 -0.32198159222887685 -0.8201901997094629 0.05747408319816988 -0.8667410965250741 0.7018926765409506 -0.4305255510886463 -0.20888361017410947 0.6907949751426412
0.09059999958716476 -0.9502000563027363 -0.147192872921438 -0.8196709240848583 -0.841256073536587 -0.045266758259409345 0.588169598411256 0.08966313724095995 0.6567737203555519 -0.8491239606431085 0.045161425348690755 0.13691091674475475 -0.7783363564210952 0.05192502043160494 0.7666025872815578 -0.0074800126708545476 0.6606568440152895 -0.26427432862206257 0.9589276700450221 -0.4110663511905877 -0.901837822601355 -0.5043152797734872 -0.1992662731783928 -0.08492101052841605 0.3786052320123457 0.5586195579168066 -0.20420846707713283 0.42529800263571255
0.3512 -0.8625005984075058 -0.08694645410945817 -0.9525607743321133 -0.8536011671686982 0.4946318610563882 0.3936048332767365 -0.09714371483375688 -0.04662650471004733 -0.3585832051852461 -0.7167567805570246 0.10376258003695986 -0.4726394281671396 0.7021237150020814 0.9707042033570666 -0.5450200555647509 0.4461823596083768 -0.10095403460772857 0.40856188378724984 0.5904338381737355 -0.8984290286175739 0.01468990445274848 0.3860332461662461 0.9382228678188959 -0.04570815162666896 0.5159327025184817 -0.3618393037581761 -0.7962370245349276
0.5393000000005368 -0.14970015638415074 -0.024322784873062366 -0.10961358952182061 0.5719537320673012 0.6487095121419836 -0.7355725055556083 0.18201570128426742 -0.04894217227321148 -0.11449431007963845 0.6002483626974101 -0.3884634029891937 0.07573279665730889 0.6788169617053009 0.7323755273697969 0.8428019955356026 -0.3592566782971636 0.9019699498016839 -0.5730400442429808 0.5053738680996145 0.34623438692007014 0.45565238608923203 -0.3084084519183479 -0.3835203083973597 -0.9518570191856113 0.3642073019406053 0.10911541767508892 -0.7256536004064063
-0.3776 0.048399123469944245 0.13952448386684266 -0.6393445436546371 0.22779429474863955 0.28381613740236145 0.2859517710633219 0.2431911844796279 0.7729838896577831 0.561187111990568 -0.6216601039597451 -0.03516411098222544 -0.21246710816170222 -0.023271113956318458 0.5518619886018185 -0.4887984536594756 0.42729888966539964 -0.05537399104190022 0.23865290107701437 0.6134639846020296 -0.36975055565190673 -0.15035077518006754 0.9999838410817713 0.5552492760070542 0.31746652153646493 -0.9838950025555215 0.3580800110831737 -0.44620324312199866
0.318 0.3159982989909718 -0.8972485982979088 0.34211254252986073 -0.9831874632150704 -0.882801827792404 0.9503821384106163 0.419610036990416 0.6838865422253552 0.21703526780095003 0.35072395875259516 0.13066635273503457 -0.5048005482861314 0.436492485599104 0.925350646049544 -0.5838538499803457 0.8499852184061537 -0.5803598689247821 0.4886576283961672 0.1672147469310721 -0.782878949356287 0.745731311295241 -0.6324534235984467 -0.05334529400020539 0.8100769333730499 0.7092058423753056 -0.7678081931309123 -0.28159999996724083
0.6591000001823539 -0.13580001762910937 0.7191833576954535 -0.5057323724461285 0.8966243507913554 -0.38605934548590776 0.5604126220807785 -0.228933169652293 0.7174629130883856 0.7270786532410481 -0.4090543781779386 -0.8426497091750411 -0.1550370263533963 0.9657464911009768 -0.1723142292334936 0.9901876717727949 0.4297454238387149 -0.44655394430086726 0.6503041362902946 0.47407234346849086 -0.5265282316267781 -0.4319933178634437 -0.9020679657220789 -0.07355096472834442 0.7776227832654157 0.508287517459008 0.026540813791341284 -0.8692000000706286
0.2842000001766871 0.8632999964808178 0.49520060812159955 -0.3599519144926716 -0.48941429695743505 0.7889642277155787 -0.2985036462371914 -0.9775319643765117 -0.3093541947753839 -0.634562415500746 -0.8589213750125243 0.09336985474158281 0.9422592724807258 0.8588131289552 0.4409458844900902 0.2201916421602742 -0.7378618310590057 -0.38756947100896727 0.31989535151679166 -0.6865779481571831 -0.9277281804300724 -0.19919260505640407 0.4171439261526182 -0.1984200579977091 -0.976616076897312 0.8871931824947086 0.7490000684332675 0.9455999998695519
-0.8013 -0.843 0.28339994247856837 0.768784981052603 -0.11915389449457384 0.7616104738907007 -0.9250620386408213 0.8559909494646113 0.6726070789701037 0.5544539336564966 0.06170909968847729 0.18159742995639633 -0.6587998547722133 -0.24056949793877966 -0.733305984954246 -0.7668159302357367 -0.1735544339832494 -0.6338451753357534 0.3692320163581271 0.9709155299115204 -0.8090142626602256 0.016022907687107235 -0.11823117758361255 -0.8665204897508779 -0.8235662676875957 -0.8672086818899113 -0.17239997211383326 -0.2698
-0.6896 -0.4401 -0.21724476712279933 0.04043538573188106 0.7139402157147884 -0.2608169559143164 -0.3167674508024812 -0.6031957291848936 -0.951269876527585 0.5096625651589716 0.8450332012048182 -0.14364382841535536 0.887747446719795 0.007264205383757508 -0.37814463989586905 1.001505645660481 -0.8628601263338285 -0.2813392101037071 0.8916527954390676 0.9884489885428394 -0.6505371141725697 -0.046670345957786755 -0.8971802568180982 -0.7082844905703531 -0.5855380008090295 0.10210390184933579 0.015199975204442811 -0.6364
-0.2491 0.6286 0.7619999996785124 0.08559202299451647 0.6441434058999139 0.7737308119738726 -0.06629077285639781 0.8665819569958827 0.0037450413837350435 -0.09585238875803663 -0.3654822935408451 -0.06513823851754552 0.4663229709768371 -0.7269539717015253 0.9007832619663432 -0.24225331085704901 -0.06768246505707383 0.06758188709545053 -0.6637561852085314 0.19959121955866035 -0.5352699131465841 0.0722135120427484 -0.4210641667270882 0.6172841995118413 0.7213771043455605 0.9608999781510134 -0.4883000263118091 -0.3751
0.5057 0.6446 0.6211 0.4037999997301702 -0.9430041322389288 -0.042809894744907866 -0.8013098150231147 0.19749641656260572 0.9744974090134855 0.3764999484573835 -0.06582153992995791 0.7567071145700424 -0.5453304212757294 -0.6087978043882172 0.9655300243685305 -0.39550360046141525 0.3645483341802105 -0.29426829389800535 -0.5419928519367306 0.613679092848625 -0.5319418081219234 -0.33149726309541566 0.050056068235362454 0.7333898407919117 -0.196100000005676 -0.789600000024799 -0.6135 -0.8842
-0.2363 -0.1825 -0.6777 0.6983 -0.6296000072635046 0.9967998631332173 0.9794999189169241 0.854700212748266 0.36680008227451266 0.868799870648444 -0.23340181302183577 0.9903708510920564 -0.395370190999129 -0.3823392709371013 -0.6557382676077194 0.9940921715138465 0.1719471424214088 -0.9621791375166017 -0.7002607895790863 -0.5240450142410225 0.8673579136697257 0.3255179906931418 -0.5172160529351703 -0.5239300939942085 -0.3594 -0.2512 0.3277 0.4482
-0.75 0.7569 0.7218 -0.4736 -0.3069 -0.9369 0.1459 0.6031 -0.1131 -0.8509 0.7812 0.6668 0.5781223888138186 -0.8138498342026557 0.31400126936763356 -0.45729994710343824 -0.4287 -0.3747 -0.6544 0.3195 0.5136 -0.6767 0.4224 -0.0954 0.6612 0.6746 0.1707 0.064
-0.0356 0.9786 0.4644 -0.0102 -0.5673 0.4663000005005393 -0.6831994749802243 -0.03169835481735267 -0.37215755290321023 -0.7903906384434274 -0.9232911487524554 0.21373387094665586 -0.8064363121650855 0.21348788730641316 0.6340215571553386 0.6239668448002959 0.752413010063899 0.3059111491117222 0.06267052403431016 -0.7004443186099748 -0.5902011275105543 0.8504330490157684 -0.6083592754039906 0.1763033449095424 0.1274 0.1959 0.399 0.755
-0.0745 -0.0246 -0.18520000009453794 -0.2571999165314851 0.20440114565760356 0.5998073059966512 0.07094182661873821 -0.9234953372830177 -0.861224541475496 0.7529134027512548 -0.05445469704537125 0.026521258045171744 0.4815202740662169 -0.29671472712772345 -0.3339796638175999 -0.8465497751444329 0.8166294072514428 0.5644102139885251 -0.9062559726686518 0.003986252626832197 -0.5090807173988718 -0.5129949809838915 0.6499515573086077 -0.2083209699094603 0.799873635182349 -0.0797024722825882 0.0268 -0.6575
0.5909 -0.0911 -0.2221999955505812 0.40750301945916734 0.8780828623453942 0.6621529905953764 -0.37659939943528287 0.3427238784827997 -0.6821199498139341 -0.1012432821008617 -0.7219978099112806 -0.031719486093439636 0.04007992605222049 0.2662259258946523 -0.16107569078823655 0.8786130079235019 0.2640906544703811 -0.19446991141901912 -0.015236861063914699 0.40295423717339085 0.7050106927070551 -0.10705606441266487 -0.45535353315893873 -0.7840610401876413 0.5992003668773538 -0.10572424162648383 0.9489069217516766 -0.783
0.4227 0.8433999829111883 -0.20830583354303936 0.8259921775151374 0.845905250291298 -0.552693825001149 -0.13289968083183956 0.1371638151469135 -0.6697521097084013 0.6894890268960713 0.6978369565329546 -0.1140264227884255 -0.3074697099147082 0.7141774953757366 0.05128779532901414 0.6733677104140212 -0.494818957273758 0.3136886815782551 0.46370497405805894 0.23794662380450912 0.2467180904595171 -0.5295475194627781 -0.9199150026493818 -0.9816776217488933 -0.6261510239750661 0.30015836826079995 0.725406083528451 0.8773338108298484
0.6927 -0.8134 0.8053107942449668 -0.3025948669503874 0.5817851929433534 -0.9154984588417221 0.4412780089585625 0.72489928121385 0.7865037007258985 -0.10508006797825588 0.5124252501621499 -0.4561107865212271 -0.07374156665429335 -0.07487874644298385 -0.48228550494539085 -0.5016151804570742 -0.14007663296079287 -0.09352318779309117 -0.3932727458725267 0.46422823156564336 -0.117313451037163 0.5074994986213708 0.2286890994858374 -0.11833123701734664 0.13337267612310852 0.8797308788997201 -0.4504500805335514 -0.8237854393388119
-0.8754 0.16330333582606119 0.2254694210313667 0.02401537219634837 0.4175069578321917 0.20316823560404734 -0.14354061814385596 0.03570493371921395 0.9982660296930712 0.17456607543867997 -0.5035593043198954 -0.727726313166957 -0.05951274297747859 0.9382356292247805 -0.1735547548610358 0.7512528236477423 -0.7494263440192531 -0.5094493839803094 0.009545576685491518 0.3614441144992346 -0.4027641682406099 -0.8653932204780034 0.40295199919006097 0.3654435421233851 0.4521276730559525 0.21140578349252173 -0.04767397849214404 -0.5926918479610356
-0.9065999358000075 0.8827847927635244 0.04721609177721134 0.7143402218639535 0.24950646619716565 -0.6555454153920073 0.8124093896542726 -0.39648170311789194 0.19879450361182716 0.9602866106907292 0.031245666385437677 0.44804729347111627 0.05473766292321708 0.8126708428631758 0.2737450470314601 -0.12131005261641702 0.7437050017175971 0.8035206676246404 -0.03569631054118143 0.8908412011975005 0.43952409252248476 0.09142538815340483 -0.06576884316715235 0.8858522077261665 -0.6249999432822715 -0.11650391376277301 -0.9747353170499609 -0.1908109629312266
-0.6104997390895589 -0.953301270336759 -0.8556725959863395 -0.3040180670609979 0.7370215512761182 0.4576805366397146 0.38332157692636953 -0.7537901958000858 0.9415954962264839 -0.008237499602030116 -0.0005616051132889846 0.25051062467487445 -0.8666074811260815 -0.2423459439991238 0.7172597020048841 0.5801097399956593 -0.3896358674385942 -0.2936594187705217 0.9486950101375565 0.15933523603023897 -0.6550493579120918 0.3472697298314668 -0.6502063843089814 0.11330929616817464 0.06683448252462876 -0.09175034211819397 -0.8481471972505251 -0.40197015977781114
0.21350004235875786 -0.7516447181149915 -0.7209501071736026 -0.7209293470962181 0.9297566031157132 -0.22911394613082478 0.40101602334220393 -0.2012242236898194 -0.12537933190391556 0.3966231914623403 -0.23985013772918248 0.18758710619427432 -0.2703682411477323 -0.2503388358781071 -0.4011320807289115 0.7507279997127854 0.3769091774010589 0.13964409663639096 -0.7529466363776185 0.5075353586865284 -0.5787489445715487 0.3282167991832649 0.39033565698551714 -0.8350056079380307 0.6673095087922313 0.8348558738549986 0.8131644597784039 0.7140669189932408
0.04130002123354503 0.17578996271073807 -0.6255052013836068 -0.362858983554842 0.659793025320705 0.20396331443584584 0.8136622128471709 -0.705146277814462 -0.006303582520745822 0.3416342148327601 0.4578766928163875 0.8807789793652673 -0.7098457958902591 0.20034098935601335 -0.2976597905959937 -0.3679017289532328 0.9893796064050359 0.016276384306670555 -0.3884105126310163 0.3761708622011796 -0.28847941007554834 -0.5015530380136273 -0.9185532617642025 -0.07044222355700006 0.19318014459036176 0.6879379741938818 -0.40441592555877864 0.3253325030151156
0.8439027403599711 -0.6292615854156154 0.2104409576859219 0.04038808531233075 0.06837071116127513 -0.16017557702939492 0.044844394101439894 -0.23886148177619568 0.42630214248810516 0.7649309549319441 -0.8821386708949361 -0.5422052642523923 0.6494276348101472 0.6643564734250805 0.4772205479063673 -0.35040945562178055 -0.792393873429116 0.1282430970341881 -0.5938532535575906 -1.0078535370223995 -0.17666437128804832 0.8710290067431199 -0.8860744910046643 -0.7556216973819161 0.6173873039906265 -0.575485109554683 -0.845050528317815 0.3039636242705477
-0.53979980345914 -0.34834507660746494 0.5051249168685517 -0.6356841224519781 -0.6497144061222856 0.23508646707604353 -0.309603355477678 0.9013697390972194 -0.504552352341871 -0.19218376530798226 -0.8859138639529296 -0.7119943539081726 -0.6174730472747361 0.04888325526466953 0.6861825849731518 0.47634789506207337 0.5650458995414771 -0.39825029752838903 -0.021905786471418998 -0.926692518445942 -0.6427907529626143 -0.4412171278318652 -0.07890106168482135 -0.3129662152826872 0.09286187887757869 0.5217510206940161 0.44597586305876785 0.8790216107994808
-0.22959926185038093 -0.9549477073019409 -0.4035426932279118 -0.8444647003652295 -0.7305733273777605 -0.4338638837004229 -0.6903306337020098 0.8384721010127065 0.4927869819237844 -0.10084650610931774 0.6359967128212736 0.8559390127689064 -0.4197308671652311 -0.5045897933571856 -0.053273465145508715 -0.5071149814473255 0.844264991229092 -0.6928910706165953 0.28302426821061455 0.046350433316606376 0.8422450264524441 -1.0137267495090658 0.35812347715495796 0.8970218109104341 -0.4335916484154212 0.9670350978264304 0.8666923163456755 -0.639953010374398
0.9123011298084044 0.892418302229854 -0.05419228246872161 -0.5103984677440956 0.6393773354712751 0.4719952609464158 0.1384905664915035 -0.16369362096271337 -0.005525276571413235 0.8913913065395325 0.03566117106067173 -0.1369710112114273 -0.8740552633685374 0.3306746677616731 -0.3166397573241747 0.21441228365926396 -0.332552153297044 0.103286470258362 0.9052846478457423 -0.762006110282767 0.3962020304911962 -0.009178354617218495 0.15183381425055292 -0.625987486197994 0.5490129369909907 -0.11910082722821828 -0.42813193823194445 -0.9923576054926123
0.8762003623217394 -0.5377071149939044 0.1284832230508442 -0.06622206664879665 -0.030258610553808015 0.7658024676634403 0.34559594629146206 0.7642039158064174 0.8139006008632905 1.0057799886802068 -0.4782244309105782 -0.3994241535050769 -0.4446709128518976 -0.23130051040163258 0.5281397697134723 -1.0195732881694128 0.4506192712828109 0.06790442477897164 0.12973620070379377 1.005795038891031 0.5674058667783047 0.010406482431338614 0.4194757610454991 -0.42850495718426235 0.8757114399019618 0.05764839185462602 0.43606721827284867 0.46246630062323585
-0.1612000436560207 -0.7715030282790709 -0.4955273784724603 -0.046645123111681376 -0.4593146084361808 0.8843764524615613 -0.570374938837919 -0.8400127499199662 -0.4079207694712504 -0.8281837169987484 0.7288823266713684 -0.1353043742245415 -0.4312136332086766 0.5117844512331832 0.031953895314796886 0.5107142173087419 0.9628898498176759 -0.9040212402223876 0.8473423447565315 0.3537839675647486 -0.7313956574230098 -0.6675353738204476 0.7358403590815384 -0.42051591802628585 0.6099474079110447 -0.9183091587596723 0.013051047299637008 0.7785493278289513
-0.4752 -0.38700100702298285 0.7221864626343689 0.5136649129679093 0.7687228537781945 0.15511784781272875 0.4455511498407901 0.6938324039700066 -0.02314718759964173 -0.46157483723353593 -0.4164142409872404 0.5667342159565065 0.021684317928773025 0.2901303250452503 0.062262062310196535 -0.3873549055811088 -0.48405409598979093 -0.42449703501535047 0.21906942652641095 0.7333314232477162 -0.9028271972384845 -0.34457280715145444 -0.6955482535520525 0.25266098460464054 -0.6745221480102039 -0.10342940146538927 -0.6278212595519368 0.6961819280202286
0.33489972858099964 0.06099957222779917 0.39239543637413965 0.7388011186442582 0.8853734764466468 -0.5466918558395452 -0.036913411564372715 -0.5710964003273085 -0.29493372206213453 -0.7596644049353544 0.20669295872352592 0.8669827901925526 0.1952634529042345 0.935325528419582 -0.1555415501848778 -0.2313748883355645 -0.7493269837088566 0.6149811738367429 -0.02977971026343873 0.05699976942063562 0.06926477948254015 0.6476128596059684 -0.7291287699990252 0.343713452027992 0.9073735104394649 -0.638795850861233 0.015451654782683384 -0.5214209282110708
0.2924 0.0005946734228500194 -0.5739811774956401 -0.7616599985435692 0.7433606545433232 0.6574169140159086 0.176205173325188 0.5239581269534348 0.27750609545610316 0.7834072739259074 0.470649877354756 -0.4900500825082402 0.44288882726131246 0.10911362853183666 0.5196515369657053 -0.3654105901599633 0.8602868868092322 0.7208447652267785 0.5553321384019375 0.21152566470106465 0.6605271891018681 -0.8212484167212839 0.3768956111702875 0.486447077236803 0.9508616623878974 -0.47459654200827683 0.8763573385755075 -0.489192874620495
-0.207 0.8106393886493929 -0.924884388964521 -0.7340257790854511 0.9550312318122608 0.7636081646551398 -0.6925062057126753 0.18359956989116286 0.30318603291540014 0.4618742215007152 0.5187964106985632 1.01950215860461 0.1676253207844489 -0.759371051620391 0.061180167631612895 0.3360321647941941 0.10495408120513373 0.5484575789428892 0.08481784867278075 0.787777526709043 -0.3847782208062694 -0.8011899021466228 -0.09283238540898842 -0.7604157976903648 -0.11243704736707635 -0.9353536335408109 -0.6125304797004535 -0.9306995025844926
-0.5510997685018322 0.43639981536201916 -0.9448355517255782 0.8205324515509348 0.04175119126785539 -0.6437794119896885 -0.16721995108967497 0.6510393550441917 -0.42762519118588116 -0.24508128207462893 -0.3878672254364669 -0.1647442181841712 -0.3578498776427635 -0.5060410684694776 0.04288324642021314 -0.12468278131954408 0.6291362349594725 -0.675111798934291 -0.7480054696754987 0.7527564991340235 -0.7976758347494676 0.31251429273754766 -0.9501759730826385 0.7707713524968491 -0.6965853514947434 0.40225887617518535 -0.829032579959544 -0.41799979044918706
0.6477002243042009 0.2030999575589532 -0.13654498729962458 -0.15890533491049483 0.17213398414563072 0.7311280692784955 -0.3760895820548843 0.8382361165753579 -0.860251650902881 0.9486323124331709 -0.9353728253461762 0.10124940968058832 -0.6438402415139672 0.06160605198283909 -0.8836050195166965 0.2589027335383973 0.20887321394310962 0.6761871789977463 0.5812615338810943 1.0829456078513329 -0.6493303154183588 0.13613409957121272 -0.7435075184454459 -0.38881990680413575 -0.3421445575423773 -0.9094014153538541 0.29476913831637425 -0.9038996129682829
0.4041 0.4715 0.1840801990677767 -0.753920343003431 -0.4022644668009798 -0.03647154000644408 -0.6621321689821138 0.14047671412498403 -0.4958505831196112 0.0030503568879315358 -0.2517732995302657 -0.6451092486587868 -0.8797313966765429 0.882789865541769 0.8627334819590523 0.38186483466749144 -0.40528481714698295 -0.42104377722700675 -0.1439013600359015 -0.18101009912175767 -0.854670157878842 -0.4438300524761378 -0.7785422141556316 -0.772435288585155 -0.38088737627773617 -0.17271907847478535 -0.256177884266242 0.9088
0.445 0.7731 0.24743096315909105 0.2130845300853814 -0.25642465980354495 0.41777594191722656 0.8327450389630323 0.2498094210609909 0.28545651752417717 -0.45672182621876545 -0.5757387158452115 -0.9272526958702726 0.21578921374563512 0.449290686135941 0.34285546187284277 0.8008447005308058 -0.1484207092973683 0.7595022679524127 0.8290564388617405 0.03651523884299381 0.42327579615456296 -0.5997888536114919 0.8393593361940327 -0.7926626999012593 -0.384396835351942 -0.9575681012499874 -0.502730353565629 -0.2659
-0.7235 0.0152 -0.5783977141554494 -0.9854580579932257 0.8525780930515303 -0.8035999819203951 -0.05161146762787909 0.9204395818821854 0.9062312112628798 -0.17371714527276316 -0.40643176594833436 -0.05602516061743426 0.8632451793505287 0.9396151674835205 0.7044886307118741 -0.920504513628801 -0.8751728546952994 -0.5467830689853939 -0.20749403866231783 -0.02190658478009554 0.9597132448180961 -0.707182506775404 -0.909566106473989 -0.7926278770745094 0.4410740569038302 -0.6578495985019842 -0.008619979661887812 0.1565
-0.3907 0.8728 -0.935 0.9800007120253953 -0.895534272439299 0.1909437914708625 -0.22486251658755485 -0.8623349489765244 0.45865129595824844 0.8885691124401727 0.3321740751969143 -0.3148074995698846 -0.9890688572848105 0.010217426939633194 -0.4726488500181915 -0.5120563935039308 0.7230040718792753 -0.024988148804079558 0.99444158619075 0.2580938975918768 -0.5010113074976066 0.6537247345165778 0.7948817572764807 -0.5866264116899653 -0.930200644233354 -0.758399256499899 0.4742 -0.4221
0.1062 0.6711 0.0053 0.4419 0.0843021028286829 0.003036140126551612 0.8188775661431352 0.2308687544309991 -0.4705459119680091 0.09757728736330003 0.3155590732328799 -0.8305074391200462 0.6688096467187519 0.22735760048969123 0.22156458883540844 0.6215294262498915 -0.26091194787636984 0.8714253575514816 -0.30835398058197566 -0.6923941493100672 -0.1725440280164713 -0.42099128742856584 -0.9016543224555591 -0.4743055052773804 -0.8337 -0.4812 -0.6611 -0.9633
0.263 0.577 0.3068 -0.9318 -0.1128 -0.2163 0.4447 0.5421 -0.3918 0.2695 0.9043 0.9871 0.825800283388463 0.7755006272806798 0.5649000075017027 -0.8871999996873922 -0.4327 -0.3843 0.0059 0.8604 -0.5711 0.8454 0.2932 -0.5854 -0.869 0.651 0.9674 -0.0386
-0.902 -0.5269 0.5812 0.9953 0.9139 0.05520000000986749 0.11550028282277762 0.5604919700987597 -0.9477788163982986 -0.4189375884241318 0.7202320785493506 -0.7378496943934715 -0.15750508592149245 -0.2916503079950656 -0.437614851728226 -0.816015892470344 -0.54653042016773 0.853761939993791 -0.619767364711268 0.07036647869505284 0.13809558073370204 -0.13358182672477514 0.6228268690983744 -0.7935976441847996 0.0452 -0.5919 -0.9794 -0.9482
0.926 -0.7226 0.943999953056479 0.4176787985265475 -0.964273047483023 -0.06829945380559495 0.9719650090030177 0.4938251212553088 -0.8667587994145338 -0.0035477591625971226 -0.029707479626929097 -0.7132317541847628 -0.5658907110079047 -0.6573566958137405 0.9462473608312317 -0.4109085786793578 -0.8252990028765937 0.3060241522129196 -0.6648402358460513 -0.404009090610578 -0.21350092235546572 -0.7373236125538979 0.529733333247091 0.43816341532130304 0.424272471134909 0.9088868565581797 -0.8668 0.4941
-0.8528 -0.4743 0.9139000361013486 0.9643282516596379 -0.06840388976265627 -0.6880379873057247 -0.14082002523740397 0.17429904214961595 0.6538594912364486 -0.41887351930349104 -0.7107645450166786 0.9569056896208719 0.6716914390930461 -0.5353000220717872 0.663815703650559 0.25636524512748704 0.9824893390690413 -0.5813137379216566 0.2556212731038032 0.6772374891900607 -0.42631121541888817 -0.5958402667816626 -0.736389405590103 0.83145934252842 0.8256241600122688 0.39511397840873375 -0.07401484442755327 0.4772
0.6703 -0.8390999999786282 0.15880112246678568 -0.5194575049426844 0.7541930968261228 -0.007918102205757041 0.7478494952366641 0.2464232629715274 0.5501728160553448 0.598040168975884 0.5421435679432252 0.461199370572462 -0.0009432873495669827 -0.3374964095902089 -0.6442538622425122 0.46246610392019766 -0.9646958485916264 -0.6815137372388806 -0.27325707032374724 0.723030056551051 -0.8583661865041745 -1.050948629941489 0.14399611885073305 0.005491064397454582 -0.9413657432192348 -0.10054263692006411 -0.9906607105198945 -0.8364155787926948
0.9793 -0.3756 0.23282453539454645 0.5577134732081216 0.4302116231946953 0.3999618649774428 0.9574714301679672 -0.8476228109118814 0.3210850691270458 0.8870447078261801 -0.05497716058119202 -0.5473588294966281 -1.0177830841757944 -0.25586665941197745 -0.8474211189697359 0.7173616025377043 0.1753437376517784 0.2505403494040999 -0.8853242487731324 0.508709585464134 0.7259278135937061 -0.42476386926064724 0.1521968398179494 0.07787133509565919 0.3395584582977202 -0.8925757562150657 -0.5717404880983992 -0.8354445947650576
0.6023 -0.6594974153079048 -0.7303476233890092 -0.5871043133567966 0.17373601136131916 -0.9347041223410659 -0.5846759904104676 -0.23623907240069703 0.9179527899238724 -0.3982649073591525 -0.8927533811346925 -0.2724996208993439 -0.905798182237442 0.8246687046076123 0.3801980590443442 0.4993140996384777 -0.22081614379427028 0.5768256445523221 0.6951624746417185 0.224650472871572 1.051956143100886 0.34578377324417797 0.8199503365438462 -0.8877098084285392 -0.06249328544986419 -0.5670837055189816 0.7695751236370134 -0.9274066601189742
0.05750007023895709 -0.8546777574948826 0.456179763615876 0.48113834846597 0.8560498226850405 -0.6599473844104903 0.4062299794781454 0.014091265698832931 0.5638413681886548 -1.0428997300714469 -0.014448366787878237 -0.9861348252581117 -0.988343896831481 0.09673961889789877 0.03998977338058736 -0.5046387723909023 -0.44155191636885455 -0.5062377145768605 0.7277454293468428 -0.4415915007290715 1.0587370287205258 0.7338756109056931 -0.09959880444250903 -0.36170851696036327 0.9067686643434375 0.17627850449437732 -0.4572030675774329 0.36006907695512874
0.02870028545295094 -0.8985816779436405 0.1319369608052271 0.028781922885478862 -0.8608292128516951 0.5643094928352593 -0.3569137766136906 0.7180225708972839 0.029999712297231054 -0.24829540468673983 0.04465469923687392 -0.0601689203601626 0.2566177801318923 0.5879577085702333 0.8644165065427188 0.20210945825885043 0.4744331339540009 0.42501493190121825 0.10583742730096474 0.5561040108941523 -0.8296729816415056 0.8102056781533916 -0.18388052693466284 0.47958949391884026 0.6286014555362687 -0.8903018996156637 0.5397267910546764 0.8541597530552641
-0.13679995365677058 -0.5529367310642673 -0.09367575950251623 -0.6790539010344213 -0.49608562213771124 -0.32794399619551834 -0.29499576550786066 -1.0128372228524918 0.06570424386149812 -0.3744780229381339 -0.2146879823147592 0.06588376818453764 0.2019553257566576 0.25771187695850817 0.7314550100136841 -0.2429327624180096 -0.9200220269817816 -0.848801556983125 -0.627455221235779 -0.346619762947202 0.3599510229467393 0.1958824985141295 -0.643315703561962 0.4429768095183019 0.7169437748492397 0.538888756248119 0.9236122819155906 -0.5294721789688973
0.6602000249851847 -0.6883917934193986 -0.31759931853077805 -0.08505123238589801 0.5617691191487242 0.16900301603507945 0.8760614267491734 -0.8887592266241997 0.8769328110965324 0.6912004322154927 0.5868733865916187 0.9541134315044626 0.5599636873292542 -0.5771739706943865 0.6378110250478024 0.9913235133952836 0.4525229247799502 0.3267812611145446 -0.14808590112806197 0.5481468192895974 -0.37949170274835503 0.2705287270719443 0.14168111423044924 -0.09367659688645907 0.9981641102312062 -0.3719361951270132 0.6233985937294766 -0.15213569615377429
-0.5696967677184561 0.1982407940257413 -0.23383862235991168 0.06437479475668928 -0.6671763112966047 0.168863183735352 0.45212340478678237 -0.6724015905195125 0.8808810584356888 0.8632183175751343 0.0930837640481397 -0.06891406653850808 -0.7003913551131757 -0.09795973433975821 -0.8627473879731038 0.8149277669631834 -0.3441847095392065 -0.1113548376449714 -0.16902659597546044 0.9093955928147762 -0.8982025511137306 0.09511363745789633 0.8332213510421015 0.6210603485697371 0.6953245323619003 0.9895089548094547 0.7169830691151287 -0.5755196984189143
0.1760000601389622 -0.6036108789764757 -0.4740853087537905 -0.05483744942463863 0.9701887204497733 -0.5876273974723425 -0.6680741679675261 -0.6619825881034828 -0.4475316323396647 -0.8879847035292744 -0.9528027756953473 0.21629240968052243 -0.34797586149282 0.2937083916089558 0.023542499339695214 -0.44118883656483443 0.7762964493077932 -0.8468669555760053 -0.5492962637916478 0.7797329655920893 0.8150803419012288 0.7121343310809721 -0.6160499706118597 -0.7098966380863572 0.5350536792701728 0.11843218139840038 0.7696295840074238 0.36673297489504647
-0.039399509549822236 0.9353873337897337 -0.5797341790093496 0.14105302529087024 0.016058944503072214 -0.7598381682568954 -0.747006601738745 0.4655237759678863 0.23983576616381527 -0.3981660689046008 0.1946015068261963 -0.9187799783830735 0.039102135615091564 -0.5425312559230504 0.020711678407375932 0.5446386213629153 -0.8184434314074543 -0.32359158092761536 -0.08982852220519814 0.7845509335479501 -0.9526841401158035 0.13117228933890634 -0.1206376845974555 0.19425385371998594 0.4647180044943316 0.8238939837543057 -0.7254814134682143 -0.3970111240283508
0.7089999898870911 -0.04481213821452562 -0.6948307536286383 0.7828624524276908 0.7491645935079476 0.39396953661260903 -0.3356859506035077 0.30897657141495755 0.7243596144001606 -0.05668502442544816 -0.6455316214905593 -1.0538545096327132 -0.11732993336006584 0.15595699781476755 0.48585546677119723 0.11611449457807399 0.06173624166500284 -0.3421675459807648 -0.7532657197120425 0.8020165994202807 -0.5455392046736627 -0.981443314714161 -0.8276582039402928 -0.5195654942132543 0.7592541048708245 -0.7303158137465285 0.4267152905831338 0.840820616209658
-0.8262997834635198 -0.14306651564064699 -0.20133616856631642 -0.22528373648922032 0.18679447053023096 -0.06695662938725408 -0.37736683704090207 0.5793999817894148 -0.816585954668866 -1.0491097767198048 0.05975272406473455 0.27649251444268047 -0.9277917375105068 0.2218673480412535 0.6610012774984935 -0.9202403650697153 -0.5675355420882765 -0.9004362988777758 -0.11639633872636904 0.34699660194233484 -0.6520708826638494 -0.038890015624229876 -0.8320961006714098 0.4171790736585472 0.7335271612623923 -0.6426564728546846 0.9226907527172732 -0.030686636843273937
-0.3440987456666014 -0.7495551433744603 0.10599088673944361 0.20128668972813346 -0.40801615289725685 -0.6964359835382409 0.7047342127307459 -0.5700350429569525 0.35918896841310577 -0.7220238285562836 -1.036249318010212 -0.5756401919877403 -0.36660289705544213 0.1649444461026591 0.6021468009106261 0.26486055191241803 0.7309040986911787 0.15699188841597198 -0.48669149830988856 -0.5056931591228511 -0.18566821396996047 -0.5056249029990316 -0.013041740195957387 -0.9694168728721891 -0.11749261516820923 0.23731434813053745 -0.38102048598612637 0.09101520843058547
0.4512 -0.1957812483276915 0.6977913328773951 -0.5460526400137213 0.3407122194040779 -0.22270796720478211 -0.20788758798622453 0.47309549344589086 0.21177633694491024 0.3124530845173279 0.9732384706339702 0.8414539794559894 -0.556926714606501 -0.4371549141601893 0.7823589033510083 0.012046809779933455 -0.7785309639636406 -0.4260363959567042 -0.5005895879691419 -0.5727579898062279 -0.33837013840794905 -0.24619202521312297 -0.8416989429497801 0.9017437606701878 -0.1113780738997007 -0.9280506211652477 0.8313571636830995 0.9227457946829382
0.8190013936309279 0.3907001473603536 -0.8969662343255786 0.868565786804804 -0.8829461182740389 -0.9175056870991594 -0.5974211448257226 -0.15151106811633666 -0.12190812835993378 0.7917126422133482 0.35960758928899866 -0.3882099225001364 -0.5824595727056807 -0.37582029207697937 0.48801600138723045 0.7567673511355794 -0.3647424308742359 0.382259982230168 -0.5012442428541558 0.1721078721543116 -0.48009294834824084 0.18985450403469598 -0.06915125936074404 0.21475442048920904 0.05376818996220907 -0.23298568406312378 -0.03569106843082177 0.061039429280995074
0.9604 0.958434068486924 0.8145494243580768 0.05980278144368626 0.8608898880666511 0.17413467053122217 0.5949334342681784 0.2798197449284245 0.6688312160809595 -0.18093293562143983 0.2307419839374124 0.1581704145526385 -0.8900111048369093 0.19948729046778743 -0.599961700346534 0.23667293729362762 0.5276756359277793 -0.20394683713008235 -0.507395142011432 -0.28745871294326225 0.3377974760061943 0.5088857824859496 0.35043054435206306 -0.6170180064728107 0.6430474122361705 -0.4695420859380566 0.4231485656220482 -0.2615809455452217
-0.6985 -0.5866135958063772 -0.5090031990994468 -0.28961124396844207 -0.2248273382201418 -0.342865628979333 0.9048182351193906 0.9298231077625837 0.34438382178534865 0.7123770135822867 -0.2965176814217301 0.8323018108774977 0.1787272028767649 0.035711511505958686 -0.5013577654840221 -0.3712962930635782 -0.653571434860303 -0.7178309812987758 -1.0168335583508747 0.6309604002540297 0.7918689547363618 -0.8591840986493559 -0.45203343757511216 -0.8322937444128667 -0.5434425182095264 0.13399852673239251 0.5520411629520792 0.15719950893631332
-0.2920970759010073 -0.9010883370537124 -0.180723611291847 0.3945075672876701 0.9113854721675555 -0.9363031888344747 -0.858416235484491 0.785167499040308 0.8698201431659133 0.3989127111381995 -0.8440533463007314 0.6480633919301542 -0.2129315646950543 -0.7801099865659238 -0.46057278731447227 0.0007330946819052835 -0.15630029213073512 -0.461785211833866 -0.28299373473505685 -0.558520250013682 -0.27083905191510993 0.38529926366933265 -0.006016610721071554 -0.10122825400135463 -0.6886702513572149 -0.8412899653707151 0.7847855609854375 0.3965999999883232
-0.8809971667694221 0.7516009790636312 0.8772397672381769 0.3291715003540235 0.7601559152505816 0.9633671594227604 -0.6298793042833154 0.9476161931629693 -0.5849532714449164 0.8674873266813797 0.30013015381448493 0.6973817300072879 -0.8935553051689521 0.6840068311198519 -0.8457220081250237 0.2376878134411665 -0.6440484306064603 -0.6389714786809992 -0.6326938161364976 0.20626412037210642 0.12146231479495523 -0.36122912199882373 -0.4688519093607318 -0.9844718720079056 -0.5297284318241987 0.3719190429099427 0.23147413848118126 0.24859999997843343
-0.8295 0.3373 -0.15929568813186426 0.2619981023309319 0.2363426512909711 -0.667210045685848 0.5463547794529691 0.39146936723843884 -0.4829647802565904 -0.29070744945075594 -0.61066934530857 -0.13735440578566388 -0.5135591461399468 -0.44800124460322444 0.518495193264893 -0.9433805382822054 0.3173719287432385 0.5599706147110709 0.41017816301048166 -0.28238301037320446 -0.9236457081930195 0.502377947898151 -0.2410726624719734 0.2376301518598747 0.5556266784865636 -0.14908040222534844 -0.10884780117851033 -0.3644
-0.8077 0.638 -0.8324179344695721 -0.991014485791389 -0.21476169396155706 0.9202662180345228 -0.9079926017864142 -0.632922811571584 0.10154139688990695 -0.6468151311447099 -0.8620179869912781 0.09718301308078023 0.2451274313179095 -0.7506632196750227 0.1356800384510896 0.7395686020148018 -0.8567212662822192 0.16095623134604523 -0.4453794725000436 -0.09946639951833912 0.6493343213138605 0.9762668303238566 -1.0058269000516542 0.6227891799060856 0.05254579447391641 0.23601131156641914 0.7027442146834345 0.4735
-0.6982 0.5946 0.5482139994233963 0.20691683667774113 0.2525123553325371 0.4425426986576137 0.5670971280297229 0.5725589860039456 0.35423567834063546 -0.26034266503116293 0.018694197455805774 -0.3583546389632482 0.1614600319728135 -0.019955756818089202 0.7269292055139156 0.22480417488009108 -0.8273193563083037 0.8245814120448791 0.9705663456022232 -0.2599449442906348 -0.6002525094735653 0.2744411667666175 -0.45559304479930074 0.2700965671693641 -0.7643385991652332 0.675950471087084 -0.10235919659665725 0.5238
-0.8784 -0.5807 0.947 0.08681679799098203 0.764240437570323 -0.6972294930112104 0.7032746912515605 -0.342864544679012 -0.20107763898685746 -0.14789530424840777 -0.8927099563637722 -0.3649726874099723 0.8627939982018021 -0.12302765474850379 -0.14221418923178852 0.9575288710812446 0.9683409982293553 0.534180736316652 -0.9089549631896572 0.07716799418012353 0.8470668715310053 0.7400195903425514 -0.08959033660497848 -0.832031471035022 -0.06900001266918415 -0.9520000595102089 0.6511 0.0338
0.4231 0.5683 -0.803 -0.7595 0.8549970345623272 -0.8564560319408426 -0.41473585053636 0.20644124110350306 0.5037012608139158 -0.8573484360760876 0.5717090459880073 -0.8789444015276496 -0.28977496550733745 -0.6321295764798373 0.5791898235747277 0.5403518342587862 -0.8763874057771026 -0.16951419987731783 -0.6271281919607421 0.1942529735138028 0.48397909878846396 0.4195685885572343 -0.5406564828800549 0.694604864028598 0.5306 -0.446 0.0866 0.4242
0.5245 -0.472 -0.3896 0.9539 0.2843 -0.5956 0.7994 -0.8252 -0.3706 -0.4471 0.406 0.8322 -0.2680477246184431 0.08251484964764792 -0.9820995753545846 -0.0138999823043523 -0.0116 -0.4249 -0.8481 0.2261 0.2431 -0.3969 -0.666 -0.9955 0.6337 -0.3733 -0.3895 0.284
0.9996 0.5223 0.4907 -0.6411 -0.509 -0.7745999645535986 -0.4918736759139364 0.08553389042462646 0.7420968838486572 -0.2296909941883709 0.06116541778062381 -0.6056264387305369 0.40670619170151306 -0.7377993491477927 -0.263352512488705 -0.17632382919061418 0.48502267335752786 0.7004807862254872 0.05991952877668468 -0.8911439174437369 -0.34002107907827334 -0.5671030239364777 0.6184184258525899 0.7627395075004951 0.1799 -0.4666 -0.0316 0.3941
0.6796 0.1986 -0.20069943404535093 0.9835061787911422 0.4234739220071922 -0.33277928437159465 0.5245628794275153 0.12800397515022827 0.5915547591812449 0.6477539477810272 0.6782879201705965 0.6500718003497667 0.25070547224401785 -0.7059830760577492 0.8573139558912357 0.47260444854730455 -0.32800338871839535 0.6836617210768016 0.44788318512775543 -0.1581630022075519 0.9252720025301551 -0.7435302141876471 -0.5004052237670078 0.758664805610409 -0.4445242282640954 0.47867492332462386 0.4145 0.0815
-0.8244 0.8787 0.8906014781942715 0.5214631074308537 0.23099199886101293 -0.6119944467890919 0.7674311502094203 0.08988701183836854 -0.28837927677964786 -0.2850785290081454 -0.9261509583571154 -0.6060906138754384 0.9882177777472784 0.5175317719257884 -0.9758880826448778 0.9622208827121441 -0.37859275039064366 0.7879444633587968 0.6593042272855743 0.8734610784014667 -0.7543907706196843 0.5549274924531743 -0.03995067994320354 -0.664995905555477 0.03837676967805919 0.5168692280747629 -0.67212673230991 0.3761
0.1273 -0.02390044321961886 -0.973202747976513 0.5978293702048973 0.16699872240337352 -0.22986074422823902 -0.34884143974040577 -0.9993730608994463 -0.9145677157188732 0.6705137580566813 0.2398018529236409 0.37568211395316375 0.6515450659242581 0.733767754559102 -0.5278362997393897 -0.0990407224918376 0.5272907057400943 0.715385925116595 -0.6741884017391735 0.9929386915356476 -0.4474437738444686 0.5867867696634309 -0.2117289140621696 -0.11816946545126798 -0.7097841173614969 -0.34228497375803346 -0.7105251712621045 0.4007044347774342
0.0026 0.4501 -0.7043303640059583 0.9154024535889713 -0.11016487828638631 -0.9181183269069241 -0.25067072073558583 -0.28595134805585115 0.5247320854830937 -0.0631593196378206 -0.41931104489014637 0.9755340253161455 -0.5417821371379952 -0.7247302000133662 0.09326526909102834 0.643243806851375 0.6218652978909974 0.6572238397550785 -0.5805941354183795 -0.1353329345154524 -0.7053074112087553 -0.4204120324304531 -0.3194102519294442 0.9198606774376519 -0.7643532920876251 0.8155756810008586 -0.6202776034368375 -0.13259277546183434
-0.5323 -0.8412003987126566 -0.7030809616674714 0.27954240699792166 0.019388580363360938 -0.20727030748323014 0.15020388151171507 0.5659496214414073 -0.873273126184633 0.3067104448743152 -0.08029910447220501 -0.7503083514000854 0.44379841553099686 -0.715254568620128 -0.01252267126243515 0.7473068183731761 -0.853626286890819 0.5603896595280061 0.02109581194610648 -0.8505215231984367 -0.03480549804284998 0.940175359664812 0.6723746260761451 0.0636102854993873 -0.6392535763272909 -0.1674689023750925 -0.320395519691444 -0.7129913871612441
-0.6333000000183255 -0.04537545098383326 0.4007045856851149 -0.6389862891668359 -0.8688820062352808 -0.3247293009109915 -0.531992087416765 -0.15615078610800873 0.4777994261950744 -0.6414501473957933 -0.3112403473744631 0.8421439021136659 0.22164537224831876 0.28129829949188856 -0.4917704177306813 0.3016022552598116 0.06151205731658795 0.45476405539474746 -0.4222380782232536 0.6446270416089473 0.5553268185974208 1.0103491538664295 0.495358058532405 -0.01575668265870448 -0.43614243063289904 0.4261473693634878 -0.6054920572387342 -0.8403756068015866
0.8152999999255244 -0.4070031495259583 -0.2840957721559101 -0.961872901376037 0.29045508007156917 0.35913083578860944 -0.40744507066824776 -0.10561792501133066 -0.720623737140034 0.6057476578755924 -0.3404145147424082 1.0068000956428735 -0.7328829818891107 0.8772018278937325 -0.18355737512949574 0.6069705390458403 0.2757834745006394 -0.9960485096153546 -0.3949374661101133 -0.22978583056247529 0.559814238357881 0.9613654441115514 0.7409372689328996 0.5640140647287628 0.6891556620263274 1.0087136207737295 0.821033531896251 0.07065861303662653
0.3910999999879089 -0.6483239222758844 0.5901515368234109 0.5567249660650926 0.7488903552773669 0.4219523241312639 -0.5764647242785449 0.6617249359526512 0.9996314258978835 0.08901840432993693 -0.9209461276014173 -0.703141024961043 0.5485795940153887 -0.08916541962154424 -0.7610542876850109 -0.7801422873718287 -0.8236670748207658 -0.7358863478609599 0.16373041950593667 0.40234484122018443 -0.4856872156086646 -0.744103156516966 0.5187142040382184 -0.5805959956824837 -0.43147248867605764 -0.47590702208028635 -0.33651807343482193 0.9928361514811376
0.16869999797817042 -0.09525552155719276 0.5633890516703564 0.03275027323002625 0.20406782919704972 -0.7092666299747219 -0.47970488158944574 0.029116440742429476 0.9022419875199386 0.1060237961573226 0.5377638180200569 -0.8035195919718886 0.8523633192470623 0.4709726253337111 -0.5508196254130778 0.1320042604439937 -0.5822277311597431 0.42635334212356335 -0.42141198217131803 -0.7648190603119289 -0.09052138094995686 0.1398773563719911 -0.2931272691519026 -0.027289143499174006 0.6991439699317943 0.2701695500888792 0.7886295929554268 0.27270475683303463
-0.3246002602470522 -0.23211208469273414 0.3571637641481337 -0.4047830186260349 -0.9046598684880154 -0.7691109780048512 0.5086750226168141 0.26117421571926475 -0.7033520092577856 0.9046960889902053 1.0274787645203494 -0.829403110310796 0.36436225143546963 0.5064224239308218 -0.37131369893519545 0.6048869257868396 -0.07990087491905129 0.49707341074273337 -0.0760183317253407 0.5281207041581099 -1.0260255628944641 0.5609453119469217 -0.1509481689158989 -0.40926965021264383 0.5499710017413373 -0.26616066053090337 -0.037600964095094266 0.08782660794888783
-0.15600000694667968 0.27556821859015934 -0.9562749803465315 0.14749086010356494 -0.8560926426212008 0.7760105159174723 0.04261790100467472 -0.41754327882637726 0.2233741686779128 0.173029847900942 0.4375956085268013 0.3966832189454654 0.7522172407951586 0.8262822165290328 0.49025719933567563 -0.6288528907990435 -0.42871066829172916 -0.1773654360195532 0.006997389301143287 -0.4431022344165111 -0.8720646733052755 0.879813749734683 0.783743285540149 0.8860347401225274 0.6093738713545057 0.665360278838053 0.7765256067143813 0.7115764646455632
-0.9282006034133488 0.6292861715717943 -0.19686010997539996 0.6368147148824408 -0.5557852784694479 -0.7312236673540272 0.1715193008761185 0.6120668417301379 -0.16699844497558708 0.2114987531017083 0.07160028197167362 -0.22821093098086012 -0.13370376127675532 -0.8578424268140673 -1.0979167024846725 0.24575212419140213 -0.32344444781280585 -0.17161367873658503 0.24034893083145561 -1.0114367621193516 -0.3692803520107757 -0.19164178547821212 -0.05235456249072677 0.4861893199016616 -0.47654759574351974 -0.9771427658360435 0.016723577259633103 0.10716854711778462
-0.7221088553737386 -0.6964230501969871 0.09852846988362607 0.5805661964465875 0.5620397464021213 0.704502133331015 -0.495327408015271 -0.0682796083672734 0.20238639532283104 0.240643272806542 -0.6445171409110155 0.8069391163825785 -0.5316755823164939 -0.9240810445963187 -0.024797904547882582 0.23644498999985547 -0.270477096536903 0.3201191051137566 0.31254050903634045 -0.7268639155892626 0.5756764568730621 -0.14709963372053134 0.7630808045121241 -0.06219934902458338 -0.8684631421356621 0.34104580180482985 -0.9769731216454327 -0.7094945708547948
-0.5748052615503987 0.21873989583851697 -0.24920108444787625 -0.9330008185899148 0.46177692673240917 0.17970094796907626 -0.07651783543526969 -0.87634069653757 0.9898850786654897 -0.48827343951046637 -0.48809354069180844 1.0480346296067091 -0.5778711513201078 0.6917390914518147 0.6078030381135198 0.26630935160930613 -0.8170969360506809 0.1098392876827326 0.2839946487748488 0.797184815022396 0.7304339438452822 0.40779869787861145 0.16726422412160105 0.6401594977017729 -0.3086222596302601 0.09774960873212507 -0.6296681071289111 0.6145950322823072
0.3868965687665195 0.9749932113188566 0.42792323850308783 -0.9278373732199373 0.320537855001125 0.9196586330864049 0.9644377638124322 0.6943608366234628 0.10962674608976006 0.31127457143027876 0.8083616508834199 0.8443935083655236 -0.7431515827274828 -0.07479274874524111 0.19089307200453137 0.3471072714842334 -0.7660402706962375 -0.7852641883428234 0.220886837431498 0.8578768296602567 0.15149324511272919 0.5934031372907372 0.5850535622993563 0.5193788420142431 0.8125323818710423 0.09708602145007728 0.914757413487149 -0.7184510715515035
0.227 0.11440148619931555 0.9333983910427119 -0.9870478189940722 0.9405902010282563 -0.6752769209635127 -0.7303272751058754 0.44517823291196695 0.2748743631320014 0.36262031720165544 -0.4494385272782884 -0.9954912320914473 0.16855101916600704 -0.14581189882707968 -0.7128788528993988 -0.5993502410229712 -0.5263227123238383 -0.18422464720937431 -0.3794200491759595 0.016142685172784905 -0.04658105165057146 -0.31802743582690046 0.7178985529309588 -0.14585276207832576 -0.35836215282943457 0.046126918405985755 -0.12738628224874457 -0.7929530294605117
0.9659992254459084 -0.13732411573048306 0.018196377968245917 0.4508900545360253 0.7820575501672882 -0.8151837207747928 0.41565571219357783 0.20068228773054883 0.46716408341549176 1.0150626195794197 -0.48718206030600925 0.5844585249056733 -0.9864432646010519 -0.3560469246722927 0.9717902116269463 -0.34493615020957247 -0.13604478960324973 -0.3181529598013413 -0.5329567126699621 -0.45888925688883164 0.5184861213504346 0.8930044862263989 0.9172135743511162 0.6038285088297333 -0.5797565911412489 0.3365715908610078 -0.11254988659203563 0.7515440792317116
-0.6795 -0.863583915083347 0.08875905098896844 -0.9682444570171134 0.5632595973345367 0.7990121509079758 0.25755572031648555 0.2199483411623538 -0.25041191566428866 0.0892410294158766 -0.7976501426898278 0.7758756594179493 -0.5656983033265941 -0.6583641229406387 -0.42436441882526704 0.1947674851618344 -0.17501136733755615 -0.09735161364723616 -0.8205943940222794 0.4386146895564069 0.17333500276670138 -0.6164955811118684 -0.43190160537154576 0.5794491152864422 -0.8670120088720091 0.9185066461609315 -0.03485928085091301 -0.5975762153238172
0.5504 0.5609213067144551 -0.7161598293697712 -0.49863290876280675 -0.9116479724525619 -0.5061900424548409 0.7846409152530228 0.6176474412565394 0.19827013282376169 -0.7919798244253575 -0.25085688626829195 -0.31114228704062374 0.5170240965650751 0.4167084181598485 -0.7116039525107936 -0.8302474742947679 0.11928664085042943 0.1300167838374557 -0.7885249537059189 -0.23459154075719654 -0.9973378709214495 0.09294387393143279 0.7213283009631182 -0.600434228600912 -0.5345979833619229 -0.8642820564385199 0.05308542992582807 0.8278001452653149
-0.4146011042208613 0.849545189325078 -0.7832286101485681 -0.5506625235803538 0.6114932128615284 0.9050566340860632 -0.32185860071728684 0.8542545296171306 0.21393674661962445 0.9918356730932139 0.09312962414602273 -0.01755263538012489 -0.0159520293227308 0.3634074854259635 0.6844221087200014 0.06879608152391108 -0.8033174165786406 -0.8523405902258125 0.5671685318690662 -0.7389900539362128 -0.22430579691455546 -0.13254052152490134 0.18679889817204803 0.04525752495824561 -0.17515527993245056 0.6716717937367621 -0.9358175927293322 0.398603164473771
-0.45210106990642823 0.22589806382111793 -0.08886599902769968 -0.652321649716847 0.2813017237238428 0.7100080749097555 0.17375423780205687 -0.4923116963771091 -0.9853185451132046 -0.2205117751377162 0.30819208346130905 0.96293363219452 -0.4488232816803659 0.29269489222424927 -0.945670825561063 -0.34217579508481216 -0.8628875978714027 -0.34362356282828466 -0.8827910989258537 -0.03535525250748892 0.14495156888105787 0.33008590069297106 -0.5185553341806128 -0.38660093977102383 -0.814473468546061 -0.7829526215693573 -0.9893383235419696 0.418305844652668
-0.9494 -0.2137 -0.781830765994549 0.9591466846153615 -0.8975762315346609 0.4103076743236549 0.7269425389030705 -0.5553942945583219 -0.2689754972234283 0.42438922233168785 0.7158287166644566 -0.3923141525718774 0.37953057404771257 0.2981064953035026 -0.20838314844124145 0.2409027425677356 0.7077959301040101 -0.9709698187629744 -0.19961439970932704 -0.3664190659464525 -0.04312951709581197 -0.16959246520023288 0.37015720872746555 -0.23062907401680724 0.04138948527913662 -0.8217266267348424 -0.46072409941167397 0.3115
0.0229 0.8455 0.41199948495441446 -0.9670516540917145 -0.9565594127411634 -0.7632157969738145 -0.5087988901472367 0.21987977779970802 -1.040243032515447 -0.2204313937764019 0.27672833320128376 -0.7970643892039497 -0.8530745672811184 0.33721386679116233 0.6489939217535233 0.4533605016916745 -0.08438825180900253 0.42279695209734997 -0.47674612171931735 -1.0126249858557381 -0.9868444593175748 0.4235358465082461 0.5499301842681572 -0.4087794786345177 0.7524680817863617 -0.7121736989396963 0.8700012911954977 -0.6798
0.6674 0.2267 -0.9206474033787373 -0.8766779994611005 -0.5644736830447561 0.2132446586159811 -0.861802418350136 0.6799756718904097 0.780392601058237 -0.18039934038555594 0.0015564811317891158 -0.007531437472283883 -0.3422554082349541 -0.19176125612782116 -0.13688016071034914 0.25377047025555094 -0.049587535308518185 0.21885812878211833 -0.532215848090491 0.8440324675789019 -0.05670126083505041 -0.014686030670424132 -0.7893372742565143 0.07995859584294232 0.4646171614824222 0.3390011427107176 0.7753013701522872 -0.9332
0.7716 -0.0996 -0.476 0.20239577855269447 0.7966918021493874 0.7139029819260696 0.3670383867819922 -0.1694875626586429 -0.3362415419242111 -0.6644889364517534 -0.19086449348477846 0.2659305067506374 -0.9156433403069655 0.5726285408876428 0.13913048642455356 0.7989569561513876 0.11430129625294637 0.3831536139251464 0.3485314442945026 0.462948223457877 0.38197551980914957 -0.14441427988535954 -0.19864306017995018 -0.47100322713374 0.010599634857858252 0.2640999819560139 0.0298 -0.5267
-0.6157 -0.3611 -0.8812 0.9537 -0.8627019073119055 0.38336597458322563 0.8296025062409946 -0.6422365449209517 0.5696906732716953 0.03245918307721899 -0.3034728414214576 -0.1341200306030373 0.19882863747417615 0.46957109780559864 0.014631108706942723 -0.7516092254625832 -0.6661033418659176 -0.4627267272360285 0.8447937003721717 -0.930606689333145 -0.4238848884899164 -0.15708579213847446 0.3380743409826566 -0.588901307090912 -0.0029 -0.3911 -0.6129 0.3167
-0.1964 0.9025 -0.3214 0.1947 0.3952 0.1884 -0.1228 -0.6716 -0.2637 0.2163 -0.6844 0.7992 0.8540004323931223 -0.08399118902522729 0.9449087508863763 -0.39429963533669093 -0.967 -0.6336 -0.9714 0.451 0.4234 -0.7177 -0.4605 0.8903 0.1777 0.2198 0.6147 -0.38
0.9872 0.5077 -0.0389 0.5596 -0.0803 -0.24589897225022578 0.06488144500051345 0.3164424836647999 -0.30756310139596554 0.1237596111261256 0.6612136529583076 0.7336877219296808 0.799692287386651 0.9807809077895429 -0.3101611230767639 0.7392219061965737 -0.39386007023915487 0.6479556698780062 0.2599394820524373 0.39843104377915756 -0.24255244645364663 -0.9538909436914349 0.5278603573652584 0.1003055579390547 0.2771 0.5588 -0.2896 -0.1098
0.5435 0.01 -0.31209994766928667 0.7452186106643857 -0.6053104070840963 0.9473217702240626 -0.17359696015407086 -0.8972715640009056 -0.5535045961165487 -0.6396723794428822 0.5685699522046062 0.7096400943465202 -0.25900127356147185 -0.807370965174517 0.44922811163493426 -0.7625073800646902 0.42402883366445326 0.267987930859738 -0.28350925475872096 0.42508884652164514 -0.5864884640140955 0.49525944204343714 -0.790669673824666 0.34873382736075076 0.8871960059120949 0.9321120604185309 -0.9503 -0.78
0.9476 -0.8435 -0.23189988419971755 0.30335436908145885 -0.15173463795023803 -0.3064976595495338 0.647700638928856 -0.22516002887287015 -0.09440028487751663 0.6874317700743056 0.027770657450844408 -0.04850326407468807 0.0776835864536975 -0.416142157134249 -0.4035315964770206 -0.2900572590894311 -0.4080167426267543 -0.4458085570344256 0.4130189793068269 -0.3084608198381713 -0.04636049241931396 -0.34745870485693425 -0.012557737277306021 -0.08225784213423888 0.42193531282610686 -0.7496268338833184 0.18283165669855084 0.7372
-0.5772 -0.7685999925796395 -0.1636027342100867 0.6613935597555596 -0.2652042026858835 0.4261013973529304 0.2614014277876516 0.2513448759113753 0.4948225802877152 -0.47941105311937926 0.7534029510030694 -0.37115513420604157 -0.20826346842832064 0.19939420094058286 0.673301327023698 -0.23957882179113027 -0.5593302328356323 0.7547664496326124 -0.8380966948540473 0.0797565527189792 -0.5280249520251721 -0.5475137768825723 -0.3709147384716091 -0.5587744679462593 -0.21356320207427248 0.40890810699209296 -0.7079457453610069 -0.03498071903315263
-0.8539 0.0321 0.6268987588342199 -0.9187317131114834 0.5458335712126765 0.3702988526981384 0.35310804443641536 -0.044768583273263385 1.03577185999783 0.1399496540832013 1.0558052818355497 -0.08069280258305164 -0.4868701783945417 -0.3232680612213225 0.0029147191882215847 0.992031919764593 -0.1756176552115312 -0.37994038562712024 -0.6942079970541318 0.15088537306173852 -0.02422316629929343 0.728270966302167 -0.31773362075261063 0.49976753209318986 -0.9446051551825438 0.5947849059329791 -0.4303710419393238 -0.1812352366992457
0.7623 -0.9260999287639253 -0.23939939189888168 -0.3349852263228337 -0.5325820641494581 0.2865576004221153 0.5886229423840331 -0.39712188429401196 0.6653173958924092 -0.7652734016407686 0.9015786770519832 -0.2828417678205877 0.6290480131329841 0.5505866083585268 -0.28857854247153936 0.23290557639661663 1.0874543904881346 -0.041417082101337835 1.064610572223856 0.31498871611114543 -0.36092038781865426 -0.3024621576573008 0.2955439382807674 -0.14030159774225628 -1.048777341712034 -0.36704125703127527 -0.7693203373246645 0.8380001690632047
0.9502996326524369 0.36851477312694747 0.20997543336038563 0.533479704356572 -0.7767506736307641 -0.39712499538266344 -0.599740571164464 -0.3876662665163011 0.47101649198121853 -0.9880741594268925 -0.21436163767867747 -0.13289372517444703 0.8477463054900677 0.5490298231552235 0.25905785302959766 -0.6767546899630134 -0.8273643438649536 0.5549952888415061 0.369730705342897 -0.8134285270513384 -0.8449276642934102 -0.7071382092010596 -0.6990535758377087 0.7693979926450902 -0.22998223457486738 -0.5122395570012441 -0.8844778141616888 0.03150203022758076
0.04129850708993599 -0.5110971326994641 0.7912573051879014 -0.9553542083875598 -0.6177155845137939 -0.30775808029335977 0.8144944970718062 -0.12347335406580336 0.9002455042871852 -0.6975338317251782 0.34993159425402404 -0.6044889158317783 -0.9056865727185378 -0.23223256088487113 -0.48240943889651056 0.08723520166923218 0.04567446522492898 -0.030392253594612194 -0.2767677872299315 -0.3861568453172625 0.10920692198110243 0.917710083961603 0.5105801286249111 0.258937313191542 -0.02994410857290021 0.4155119500982508 -0.97950548284707 0.6063242865407457
-0.8930002423736499 0.10054838829911883 -0.11747453443212974 0.8983716523926779 0.6989862370846197 -0.568258264667833 -0.1403979138119539 -0.07160644675123315 0.029841150002981442 -0.9170345629795813 -0.2267675619440389 -0.5664480770274972 -0.029890600697232872 -0.48169125083650344 0.2417809176275243 0.2786901929161258 -0.6436034058838584 -0.8406722337127366 0.2611906299697554 0.2433824410450996 -0.6296167521585856 -0.8893785410186442 0.9375508612681185 -0.5800157669994855 0.42865132717950916 0.4380633755866933 0.9241219016490927 0.8840864213285288
-0.7492033156680599 0.7144607109508064 -0.6354377127503629 -0.1638977303151938 0.8296735137709389 -0.8241331729178493 -0.05949350363910131 -0.8465169065568127 -0.9115164295619159 -0.46185859811099284 0.16076028332453726 0.33859421274586543 0.08879595843075987 0.8468488793821792 0.4473433381081948 -0.06460456304163245 -0.24949512042845293 0.6531239430476315 0.9033296894066044 0.2750715045101147 0.05620126484257278 -0.5239653118036365 0.6993741539683646 -0.9500240596066939 -0.9703093816775602 0.6040980751588231 -0.07598731743004011 -0.48580614643760117
0.5506731980199346 0.2561517354688844 0.36190493724103395 0.3794048888941274 0.20279649505565073 -1.062545375248637 0.30151785085904065 -0.7785761474404255 -0.4038150659508903 0.5325372747053503 -1.1914344696003036 0.31931239994483157 -0.45051599824555255 -0.029382976587353275 -0.5008296974819638 0.8879991576465348 -0.8185845441634476 0.6972541937401673 0.7570685899940268 0.8690455417694258 -0.4220747012398918 -0.0021611063782926883 -0.6362279907097116 0.6133182229135192 0.13026585263202559 -0.26610834260745586 0.5472753086454973 0.9457408801214404
0.8308867776643146 0.06341757341367865 -0.519312091653474 0.5106874278161252 -0.9095214189685493 -0.6642497801827305 -0.4104209349710666 -0.06793307940847268 -0.1334445198872785 0.6497843021464875 -0.5837329989090329 0.4690420388980704 0.6560833787690069 0.4184490210687349 0.21267433896385823 0.5110488876147911 -0.8854957802788685 0.08986867573452496 0.3709127875206421 -0.2230665511320649 -0.7024759994002152 -0.4253309874171613 -0.5068686477841297 0.5722805812171755 1.0190381915240445 -0.38280992798716146 -0.3959972763453368 0.6725696935135893
-0.724898363738771 0.9122289302260664 0.6515877508521998 0.03393331541369687 0.691384749347977 -0.3899834903484355 0.826159366485244 -0.3939911689369679 0.45717834912804023 0.20702804739519237 -0.5704771085752012 0.3739953357422029 -0.02881622896429124 0.3821186667772233 -0.10023086903156282 0.4538745653047099 0.3758602177977552 -0.6851480201463627 -0.37740123108734147 0.5955478985353532 0.6572443084121127 0.0846085029225451 -0.32198743920492223 0.7455926427784154 0.904908116364492 0.7086756273611484 -0.8567825940591814 -0.3429817859612054
-0.7607778621143515 0.46152683087302043 -0.5310440331966516 0.2015539592613903 -0.8072981764095863 -0.5895925683650827 -0.31304506991270414 0.3869243464947922 -0.9507265195462309 -0.5491285145829962 -0.9142117439015628 0.7484818381584805 0.6937351758959276 0.5585890584952518 -0.8268526040307931 -0.33061204864554816 -0.17151702747825925 0.33753550627671364 -0.6650205902954422 0.27035104024204576 0.34264256474555405 0.017306414755097334 -0.17002071982926048 0.06861676177736878 0.4108628027638121 0.8338630323016034 0.2654548041763915 0.007247505294484341
-0.5528588329931152 -0.783220246502018 -0.39335099876315244 -0.36657790122450035 -0.6981108496685543 -0.8061119011213073 -0.6630406143621302 0.13130088776465162 0.33680656790639096 -0.8396153545588745 -0.3297418927952463 0.6812002470999271 -0.5694274181047339 -0.5233451181889731 0.019709285726583623 0.1683992558612206 -0.30629655598271094 -1.1262745397325795 -0.7216808419322842 0.4289662621192492 0.3297202496853777 -0.43983838251294244 -0.22198611145843214 0.7760877468960343 -0.20742797961756193 0.01790446034719973 0.16142598830781968 -0.5762161738979145
-0.5264033620650459 -0.2545554677703566 -0.10631177101385166 -0.6199993668862873 -0.6183971207561196 -0.11631195554898344 0.06943101420162012 0.044989364043834426 0.934656761052251 0.4238755935334035 0.20029071859047978 0.21902773885480917 -0.9295794564629254 0.048439401688927505 -0.4669286705793735 -0.21554660587920935 -1.0942243373968958 -0.3817904736049678 -0.8955353868661653 -0.7936056159556384 0.2805931007528453 -0.46996491125327866 0.513432472422401 -0.48561440253954474 0.09942221272378793 -0.22583343497875769 0.34054330523790344 -0.17916308097532962
-0.3079 -0.35158116976533066 0.07185442139152466 -0.07207332075607428 0.2821337618352264 0.04998466534108 0.9541307208002512 0.4097377872045177 -0.23172123744207535 0.844061757793769 0.35537035591595684 -0.5207826256239254 -0.05076337592972776 0.9573979697922659 -0.8276366521264575 0.8205221623827367 0.7876028060944594 -0.7916709771741514 -0.2453502673526544 -0.4662468258270304 0.4860570293130659 -0.4172574861841297 -0.6907121184554118 1.0732301399263235 0.33796772016268795 0.6739671303827998 0.4169684409367454 -0.42641488537910716
-0.7979997927603132 0.7674016579897466 0.8648000445699281 0.6364564707282688 -0.1736439799000905 -0.08173956357170753 -0.08933237305548042 -0.42281277930572886 -0.37951332226455037 0.9790062913036549 1.1263810094160256 0.6305165983446319 0.4678483583426257 -0.4696774971499466 0.8421855904345269 0.8656643539500739 0.28913198847399163 0.5368801736421072 0.5285212888102706 0.8974468794829487 -0.3285554542166636 1.0973567132450615 0.061549341478571905 -0.8152404185451755 -0.04079463640482051 -0.5103062035746634 0.5876807987649291 -0.992209236147081
0.4624 -0.5903835429128993 0.009317047839340079 -0.46267559328568925 1.066201519225136 0.24094579618997689 0.7915568770325193 0.8943614890640184 -0.6435383239590089 -0.39359940455011627 0.674615058957751 0.1281592685623978 -0.6723912702024062 0.712856157242098 0.915820132095267 -0.6025346217053902 0.18289065529697632 1.0227343107126237 1.082297980385331 0.041908421348092105 -0.4514395368928121 -0.3816293818264019 1.1069900657889467 -0.32675116276557437 -0.5311875654954353 0.6282631999603508 -0.5542030709587412 -0.036736035147078384
-0.4526 -0.9888317797295917 -0.4460422857216584 1.0275819098181007 0.15657936888357543 0.5657355381212811 -0.4400750992510315 1.0847836226487269 0.4889744037891646 1.1245688538243355 -0.3427514403962306 0.2698444134402718 -0.48268237974189426 0.7078878274651135 -0.2488536853926042 -0.6182459808496137 -0.6902783130337861 0.4919707785045705 -0.6451453343170698 -0.30879886763505177 0.7630465853934398 -0.624053192965824 -0.005134409706061157 0.07720530215321213 0.40668518770990686 -0.5817936737222804 -0.7793228966976323 0.7192999798178412
-0.055099549700934454 0.6103836304586149 0.8878459713160831 -0.5890906176909034 0.9756744442960983 -0.51735197683601 0.26228278381021347 0.795026816267102 -0.13278775439804028 1.0019769962985159 -0.47735449201336033 0.4722944003806917 0.12565746122302293 0.32869611266051696 -0.01023992956423517 0.564128584244262 0.4370111472410147 0.7688873391447868 -0.6229236463079074 0.48188063907620976 -0.8448273195866528 0.5530246019491944 -0.8472142801117225 -0.45766655747878054 -0.7964498898150878 -0.7320466174179868 0.6882037908228528 -0.8782999847518789
0.15540043630570816 0.6117107223398872 0.5379001503474351 0.9451152201033848 0.7980428776674691 0.8677101827063507 0.427224359685848 -0.617996257742985 0.7281751797559154 -0.3192306119770337 0.0682196586608511 -0.7981453990650639 0.2527703788919011 0.48730217206557047 0.5431971256640068 -0.1788498620818334 -0.19298055640925663 -0.2635903597249521 0.7128246635870028 -0.06344201181769307 -0.7564386550680271 0.04298259996911884 0.8309059425624727 -0.5134032155032234 0.3788252445558591 0.7646623880901593 -0.3494731150416179 -0.5951999718373484
-0.5744 -0.1985 -0.5446945405038873 -0.528735276066659 -0.28335368480698164 -0.49822626407922493 0.8708966819719703 0.11430812405910165 -0.42048359642910493 0.7811781323224816 -0.7394512772749383 0.5934701839274769 0.42085117260939936 -0.7366906867757655 -0.43455998009031627 -0.49335119951210393 0.2500847386505254 0.20849053045499105 0.9420278141108247 0.9895976241935219 -0.21045849535580374 0.9746251643621027 0.6764463925613319 -0.503353514312829 -0.0927793292935508 -0.033808950192824795 0.8213311618938682 -0.3762
0.8062 -0.5382 0.26345290795559545 -0.945050539883751 -0.5552459783728332 -0.5405009755501065 -0.868137243277776 -0.11581013792323884 0.19004380646707308 -0.8333838952638785 -0.38324876853809625 0.3617840511952606 -1.0145897351843571 -0.8072428846415906 -0.24481691991808993 -0.18342307204864092 -0.24581839751003856 0.6704580159425665 -0.8959552550857637 -0.010450670512376112 -0.40274447626246074 -0.7726529100185754 0.5860235413004445 -0.9572495236559841 0.5601005702712891 -0.8841074433165272 0.6343983946405373 0.8431
0.4702 -0.8139 -0.6661812585096115 0.14932266487852552 -0.8627120694893734 0.41034901092417075 0.19145392517608364 0.8522761050130868 -0.8006412305978682 -0.4047183209068792 -0.24270017929584864 0.5362843250046798 0.18578684235429582 0.8749840340280027 0.7251204866948602 0.23192319681513934 -0.09729572163069092 0.4020923488543947 0.8576052254766221 -0.2999108593467492 0.6176063117829367 -0.372384204605425 0.7315110050471847 0.028145064983934234 0.001841025154473309 0.6113537609982139 -0.7952772434701766 -0.5026
0.8825 -0.0879 -0.7755 0.12883795304872986 -0.2653653481772905 -0.8492796147798941 0.3875839648384869 -0.4009221763048318 0.4739339957401814 -0.02029186636994432 -0.6032380870429623 -0.6202073041739504 -0.6653973017280256 -0.3406712287845902 0.32969760153333894 0.20038870345400994 -0.9080549472533572 0.431931507945409 -0.16872406267129783 -0.7280910228908388 -0.4048433607477341 -0.9318156317398559 -0.6087231849316159 -0.08915162071929347 0.07869668197180607 0.42769990947553865 0.4823 -0.214
-0.2247 -0.3863 0.8559 -0.6499 0.6927786130306529 0.7654239596206424 -0.5478539113170374 0.3228387612542825 0.5352956243389149 -0.8098591167117601 0.9880609355312784 0.699268563568176 0.8833567097087512 0.6019366787328376 -0.28834436287965604 -0.9214710520234325 0.010808213382893766 -0.016325553719059464 0.8931335115021982 -0.15734970456687603 -0.39874918760180017 -0.446109135401029 -0.3607294188381008 -0.8011115407982989 -0.2368 -0.576 0.1444 0.7218
0.1616 0.608 0.9557 -0.1509 -0.028 -0.6612 0.5836 0.5521 -0.0917 -0.3956 0.2634 -0.9919 -0.9370640310031492 0.16309470564364228 -0.09480336864923701 0.5097998596230456 0.1542 0.0896 0.2716 -0.1363 0.8235 -0.2305 -0.9173 0.9772 -0.5055 -0.0605 -0.8909 -0.2519
0.0737 -0.2414 0.1422 0.6407 -0.3208 -0.05589938270863371 0.8747416262087612 -0.2276151651007614 -0.33072125065177843 0.220502793708215 -0.3871081488583135 0.17366580940826865 0.9792203643709119 -0.5404688007214677 0.8658692850448592 -0.892100559607357 0.30167999283094327 0.05598053327886534 0.9206709690134902 0.4767643171661224 -0.28774351267713216 -0.7465834549841641 0.0052223485800514426 -0.8293858768387843 -0.5193 0.082 0.7155 -0.418
-0.4169 0.6867 0.11280006925652802 -0.9474947843397576 0.05341961586159264 0.9710223338418762 -0.9532738053020883 0.5177945590565194 0.23038306068229136 0.6356058407543054 0.5814327268857815 0.9118197953371773 0.37730809875677324 0.6514685962036074 0.6668655779779855 0.2817124473307444 -0.8760706993961053 -0.9867498427937115 1.0045093537892293 0.1284879956049252 -0.9421396763388064 0.7989627092940755 0.9644967529888309 0.2998059592436853 -0.48454421920904855 0.6853554520487742 -0.6875 -0.1652
-0.3147 -0.7596 -0.8892999754071449 0.05423029721802708 0.025899308100345395 0.009904701744310091 0.9571601463065236 0.6609978765584236 0.7174832965064248 -0.38648640893220726 -0.11522639157615218 0.2892616052527051 0.28857605738779535 0.9795877803303126 0.12831790260700357 -0.03574169172298803 -0.5842405540194364 0.17094367844797118 0.3144549016229714 -0.40277939819925046 0.3138600082425282 -0.31667924228532224 0.6195770681544364 -0.4275636993187921 -0.36359142760753776 -0.7462195955521084 0.6583636992827397 -0.989
-0.3192 0.34339999670876664 0.27630342231040367 -0.4725485625763038 0.45829956360598323 0.2601155222616034 -0.5054826614013649 -0.8626968294603407 -0.2869577043309805 -0.758901056391713 0.8763319992895641 0.7870271827194111 0.1958168703294846 -0.4104324924549664 0.6445447047722263 0.4852089616115029 -0.8852366063818806 -0.5245849475202901 -0.5508346656707556 -0.04701979995394187 -0.5291486677236978 -0.8165240041808519 -0.016653811541736802 -0.3602491057771544 0.32040122039104263 0.8408283785123034 0.32420531536459557 -0.1242013219438888
-0.5464 0.7379 -0.06417701530665053 0.05625862187518031 0.13530888684887502 -0.17802728460220335 -0.6930083559065255 0.2136682530229377 0.22661216883306326 0.283675149333917 -0.15617956603894934 0.34590743721109585 0.40341770824781265 0.3085326255416788 -0.08261140574669003 -0.25690776654658803 -0.4824340576295606 0.715049325388579 -0.3514843496031749 -0.7796308438585379 -0.16068242840619812 -0.45452154465054606 -0.12975212806275252 -0.3114843337453182 -0.5439557036948599 0.986954250928265 -0.38830883297433066 0.8867619995855098
0.1744 0.5342000187517119 -0.7427858747629833 0.9904575564703141 -0.22611049207971506 0.42929569709483983 0.5992942084791495 0.26829894484859923 0.628206557257667 0.2982327581053489 -0.8276195405424046 -0.5912899630943476 -0.18461134018416064 -0.6323998643837474 -0.9802295091005149 -0.06622213626371615 0.7090787335534713 0.36157935623059373 0.5935981768983409 0.02787788572335265 -0.7457617499401522 0.26609271154506353 -0.41613242290394087 -0.5999895622578374 0.48256268026140087 0.3423460216904894 -0.3911913446002987 -0.370722462471457
-0.5488000000003698 0.353648342519845 -0.5887418693429431 0.3290181680227765 0.29538616457505057 -0.3418586917797422 -0.6862675668674622 0.23540511609798453 -0.4615620754334617 -0.07598044376143488 0.7647145524408735 0.1329952827358523 0.857755929514748 0.22116799651523186 -1.2643415565079386 -0.6772154900445513 -0.14534835852700034 0.26798708602328464 0.23188235222870968 0.12549131607104028 -0.8883762202170697 -0.19189489604550933 0.9480742376333768 0.6178789009098625 0.701657521946074 0.6368624340301478 0.8042237615137731 0.3936626432042054
0.16529999999849698 -0.7483846094590346 -0.8783470075949859 0.45201457736228073 -0.8464091925583153 0.06731674638342167 0.8412487659648559 -0.8505077366427658 -0.6081803437114661 0.6425700125475937 -0.10692673259455024 -0.014827329955672713 0.2718798800047176 -0.16428524444697468 -0.7912128071192467 0.6899469009731589 -1.1374974574104169 0.38516899905538265 0.33301058468155353 0.13524726003221008 0.6176350211820643 0.6019734915556799 0.9373081642554902 0.07652096787597969 -0.1071530340752854 -0.7498927734539658 0.620862062585979 -0.36590033061143734
-0.751300000000244 -0.9318194603827853 0.49457723436979495 0.9314696053859691 -0.5715808128791442 0.3195224415140628 -0.5220761475453548 1.0542873290252142 -0.7742141377672455 -0.9028398257932947 0.12292669961753304 0.7465185777094105 -1.0704242869112914 -1.2118270765627017 -0.2355610001864508 -0.32524849614517237 0.23110408704735036 -0.2582320427606218 0.3568937833438355 -0.1450737436121625 0.3439375650109833 -0.30303514866700965 -0.640612501915764 0.8746098796151878 0.7979645330513352 0.7306175915400649 -0.5668562765194696 -0.8206557079771777
-0.9771004345433134 0.9486373805365614 -0.2938098670874297 -0.7614119976989883 0.7296892463279001 0.11992350141503158 -0.9594246014956398 -0.8427428484277195 1.0428476618749751 -0.21319355506229465 0.9791938895908724 -0.34483008467956183 -0.9443268441198963 0.5800485608989518 -0.3678091349286697 0.8879338215247656 -0.5096334990475547 -0.05647768098108278 -0.23389541205969536 -0.21327812481853448 -0.06578094779605242 0.17383941212896048 -0.3278716265648609 -0.25531056334606195 -0.05587592002769253 0.7221635049929419 0.5899234242307373 -0.4831117423992649
0.624844066433972 0.7822716418588929 -0.32485828118654453 0.21719380707529126 -0.8794904077113416 0.5409792940842177 0.7669866582553853 1.06328747438382 -0.5436675327773192 0.04492414040815794 0.5822194165120891 0.7553014040234415 0.17298572459282407 -0.6031502413746819 -0.44506890336952587 -0.010278452324924275 -0.5676345317684326 0.32141816929834643 -0.6369444369377367 -1.1101737027417646 0.7519429261318769 0.5763118430759712 0.5970930860714619 -0.8695754913335818 -0.6396938645408317 -0.5842036038625619 0.8185498261874968 0.5905240582326409
0.26699959867251366 0.576030343304388 -0.12056669524959114 -0.2490891712819018 0.9444813603388528 -0.32232055839151336 -0.0783748174455904 0.34842886358075115 0.6992068940482271 0.3916380358383359 -0.4716908807625478 0.9774959394783808 -0.15677011488612913 -0.1751011005755302 0.5492831107278647 -0.43744659464887126 -0.5192403961489873 0.21539956502188176 0.5998990756135013 0.3261985643578888 -0.25839286482637097 0.5815433473248732 0.12213373994163718 -0.18586980375039197 -0.27637456297398955 -0.6363260961035477 0.6119549469524362 0.7765442900287082
-0.8204994794273162 0.19123434090546376 0.14847249552991212 -0.97560651009269 -0.5253126712575243 0.8037897146058478 -0.018476396551842716 0.9334833741819735 -0.3266170321605284 0.1294360100213238 1.023446175803525 0.6884046149407104 0.14382839422914337 0.22474418931984816 -0.7520902948913923 -0.062223330018944534 -0.3455346743647712 0.8134967252086055 -0.5788171154034163 -0.41830396288829214 0.5623453655214268 -0.40716083946959286 -0.6292253069191924 0.6814780718048659 -0.8006792923716095 0.14638169035003526 0.26378278634386343 -0.3463126146198626
-0.8173590562704168 0.3162043225589285 0.15484967151219656 0.3630409015810855 -0.5573382520457921 -0.0663804896588497 0.18073333340519818 -0.4522192716658402 0.16539843425580844 0.3770870216150271 -0.8555698030771883 0.43034199274261975 0.05111491944796067 -0.060709692673126564 0.9805277631643797 0.4804586428861876 -0.5981120889915265 0.060408269356781404 -0.9245145501630594 -0.05183542847984926 0.943780713538073 0.20204701394714855 0.7126037115303392 0.4361880546315291 -0.5242778612318474 0.5110666450575928 0.8953074494803419 0.6891078370210257
-0.9347865998760443 -0.960742711236586 0.2833230398872955 0.2529131068275126 0.7040331641298389 -0.020399995698771094 -0.7778916930159411 0.3127523576840174 1.0827973925249785 -0.5528582269010371 -0.4318699999220464 0.09472611323786513 -0.7608601249743202 0.08832505952827298 0.9080512190839962 0.17660848987097427 -0.04539777210862469 -0.05025592977203633 0.07869624384011642 -0.9266756909937851 -0.3329506093629573 -0.5971262834910129 1.021850627903243 -0.8360385554109863 0.13250766711327897 -0.23105022955156615 -0.8928626457539056 0.26490595289272306
0.9572999569903526 0.5029190738327735 0.6504195665511951 -0.646659071542164 0.36855892316158656 0.28496693641473864 0.3007063966555255 0.42909722840077374 0.36342042460615387 0.21426512923309093 -0.34581573975443564 -0.2949788679013739 -0.3955458893862022 0.2826104005805072 0.3142834650327867 0.40420974207058363 -0.13242049198268366 0.49745993001922045 0.21426664071635942 -0.296823856946314 -0.7027496238448968 0.5192380298024031 0.7121603266796666 0.7485771851747929 0.9890022523090134 0.7076152357135672 0.01823030653557875 0.8164731692028626
-0.9784 -0.8043368172204776 0.7317443266692123 -0.9440489082646228 0.530109585138595 0.8622168757236373 0.7228988303976306 -0.9110190357415372 -0.1564629562390414 0.06484859642495211 -0.862516975017287 0.7975160842473038 -0.5793311537025506 -0.4021862239309868 -0.1908921734863731 -0.6403449435439961 -0.25069303864748027 -0.5644087007078241 -0.6286490733068589 0.6798011545156772 0.8728855096533964 -0.5448372938277732 -0.9104170038159648 0.0816127112313729 -0.6371272743751586 0.5795127917370204 0.3037032444553569 -0.6323670302514325
-0.3631003692353871 0.2960991243820049 0.4388286716350591 0.01940550427930999 0.0587175854157596 0.7825530216550248 -0.8954472671929402 -0.8358271862689044 -0.44509231545626055 0.25447166957012424 -0.0062399249772661335 -0.020895753039951958 0.4288854427330977 -0.8557800898874331 0.21491206960335746 -0.7626868378420925 -0.36228378511045783 -0.05149537790732463 -0.8775169291073015 0.7991770802496091 0.7204423450625305 0.2198382131722322 -0.7615895569572516 0.9947815613067778 -0.9758259707920353 -0.7046033483083539 0.28903980272336505 -0.10135135106985342
0.7869 -0.3787658745975185 0.8118286256835971 0.5779664716670806 0.3236703035860717 0.8400006907799219 -0.36103947492085053 0.26214391880051774 0.8937665517380055 0.4953171601728999 0.43031283211029075 -0.08312816600063054 0.6924854225294986 0.3569180984285373 -0.11889568183936527 1.1108874147561039 -0.032677116961003096 -0.7504315463966922 -0.7732803712054062 0.8749538169524623 -0.30948977105330794 0.8770802120490537 -0.6264406613750378 -0.05065877599328092 0.7597971873050267 -0.058656403248380846 -0.5716034018582861 0.04752875911421625
-0.0478 0.37606493438902583 0.08512209447556393 0.7921437672101215 0.2887041682781689 0.09957246041103986 -0.021998957181014276 -0.6623534982378174 -0.0434703344891072 0.7523554032270805 0.6200750637086863 -0.26792196397990264 0.5155708507683314 0.3563908321441039 -0.39669293177808795 -0.1555001313285555 -0.8268939293588944 -0.6369374077312352 -0.3023368766218731 -0.40999909593081385 -0.80658497466673 0.6265230101531976 0.8968811561106467 -0.9101300269050904 0.283943287833097 0.17348199244194218 0.4290024338617818 -0.4307995434122318
-0.6577988473114027 -0.0497752747148037 -0.8843088444843231 0.4807771849006615 -0.10999555593476097 0.2462355192178993 0.2749374511436183 0.23709923060039212 0.06315126592825815 -0.6554700610737487 0.2568677402189482 -0.4691239449165306 -0.4321476445829647 -0.10432009221973386 -0.26892309670693404 -0.5137483091552273 0.07730133422039981 0.880431009169137 0.06090496049236873 0.026608238405365275 0.24260326121136302 -0.9473477138532234 0.5028370751906959 -0.021139255782862992 -0.7632253965887226 -0.4898818538317628 0.23071967786385145 -0.35889927194315024
-0.03439888313200447 -0.5669985330222155 -0.4423123656910407 0.9312740442190164 0.5643507407893439 0.7531590447596078 0.38277225130739456 -0.8664931258275739 -0.5013308637678807 0.29577539058278435 -0.062192041852775715 0.04299326307979479 0.049598617251724694 -0.40664576915437567 -0.7825537688693198 -0.03837062729883585 0.7799912995442214 0.01962475273859033 0.30826346939120447 0.8476845167534826 -0.07992089723267878 0.4867276778257897 0.4993681566084004 0.5438133925876213 0.2043171242074551 -0.46103464142591905 -0.05132073353105597 -0.994398655308997
0.1595 -0.4911 -0.15249143953336158 -0.40240166501207586 0.155262724025012 -0.05773902417181998 -0.7315866363963724 -0.8251133332630415 -0.8773926891207433 -0.5970103878425073 0.36035064582847587 -0.9317876251685919 -0.20078160681391236 0.21242936776539698 -0.3132809800624583 -0.9139846660251626 0.5528540540171583 -0.22828729125724967 0.4776889176905939 -0.798536373983888 0.5891917458296139 0.2257170776360368 0.6033106995917029 -0.05124394259889945 -0.44499670866424 0.006411812106604794 0.45569778507554753 0.496
-0.7619 0.7746 0.4051489560007546 -0.09330313321238244 -0.9943563246659137 0.6242281743331057 -0.9575300138309653 0.8186777023618497 -0.6701715322781805 0.22999917150169077 -0.36361645844334356 -0.4977128686631049 0.87883369389132 -0.6798851358144211 0.5537750282810565 0.651598754130337 0.0854198863180471 0.02778808761130601 -0.6836828997616643 -0.9160023293898351 0.1354109530398983 -0.6329362069608256 0.2051425351160982 0.9584185982095617 -0.5120982697860934 0.9837290933462693 0.690199340820371 0.1111
-0.4233 0.6396 -0.9524067767799247 0.09772677085760129 -0.612912642616006 0.8883470969708837 0.7685057898306045 0.6569053181961751 -1.0935938665896143 -0.5392355696111171 0.008113056124095989 0.13537788966283798 -0.6502238718951011 -0.0883877263327009 -0.5542493261122379 -0.8560905249713151 -1.0480588073732453 -0.27671552302371516 0.887825261829034 0.7795208222106418 0.6953873692592876 0.4024824674772294 -0.8844355794041364 0.52937177103639 0.022830116157838733 0.680898842748667 -0.4803006994885577 -0.5659
-0.6282 0.2726 0.4738 0.3009016886963694 0.18190183619101882 0.7467420346013511 0.7518782205284014 0.6267311113564324 -0.32523291145291133 0.4770417674412596 -0.8336422444587711 -0.9961756740612158 -0.33808330221583077 -0.7141271166279513 -0.4847274158439634 -0.5927443243519303 0.5965388032662748 -0.23115236467402522 -0.3307117904723765 0.8647139607875204 0.26249318662044874 0.5131721365483072 -0.8074172853776335 -0.8773734823755004 -0.2888995222520187 0.3387979614890164 0.4781 0.2285
-0.392 -0.9939 -0.5734 0.4309 -0.07040613337872587 0.7246249956830106 0.7666232063799414 -0.3074229201281824 -0.18253817482212764 0.6658599952688048 -0.10795793437681721 0.5833229763762448 -0.22666051106897286 0.3879309567541901 -0.9374545946618202 0.06579234909971549 0.3302506154827842 0.685905579223361 -0.3697013424901082 -0.19680945430356936 -0.30396561813954276 0.817270319056188 -0.6160896476287869 -0.6024573465073352 -0.8706 -0.0091 -0.8159 -0.7421
0.9874 0.4451 0.4844 -0.8252 -0.3607 -0.0246 0.8147 -0.2531 0.7801 0.5686 -0.6236 0.9143 0.36356693957171876 0.6182070063297825 0.7112981865973546 -0.5451000755673632 -0.3117 -0.9903 -0.376 0.6503 -0.9881 -0.0019 0.1665 -0.4044 0.6447 -0.7878 0.8531 -0.0926
-0.3323 -0.8336 -0.9614 0.6054 -0.953 -0.12540000997094233 0.9825304256452845 -0.7074306956024113 0.688907992735583 -0.7869103988346953 0.48299843467924414 -0.41889265396224995 0.46590185351791774 -0.8691909359259511 -0.5000713590911547 -0.576613307106432 -0.9704136903249881 0.96549222709913 -0.4334029529727818 0.802194090360304 -0.30252507599546685 0.19674276846757724 -0.10800600492873819 0.7751994424101881 -0.9464 0.3817 -0.2304 -0.3262
0.1614 -0.2656 0.5388999995161249 -0.15060440002699726 0.9181942600458858 0.6602995486777682 0.39294257112690645 -0.5549923245421652 0.5235214690555174 0.25552117769526805 -0.5163543263753965 -0.25726726829283236 0.18980100064177063 0.13472031568214748 -0.8633044822963531 -0.06262700680506028 -0.9678113132572865 -0.4268040746428517 0.4219465365872782 0.8645633058076987 0.9369593491457802 -0.47357134923439836 0.649628475180658 0.2726393517367898 0.9183786938433497 0.6078999763561922 0.4922 0.5379
0.3932 -0.5756 -0.4495000024254187 0.33408725217682406 -0.042000261883992786 -0.7125833768227589 -0.4291925635397651 -0.3672856113657188 -0.42025187635602246 0.6276724074310726 0.96808359426838 0.5981054697616024 -0.5596777963550045 -0.24356251450858005 -0.5987327752042425 0.5481170543861041 0.6717678850007119 -0.8324286543765917 -0.5174994272605761 -0.18836682836636767 0.49494261432163056 -0.23097498459188234 -0.48509867934176776 0.5045552100938862 -0.4675163455222972 0.5381925062924466 0.3580999915179601 -0.1811
0.9363 0.24200000215398038 0.9284991856301025 -0.4744731086684468 0.25355121307061074 -0.012351673128568481 -0.554367709758073 0.2225245732358175 -0.23950688730417544 0.6177049444095325 0.8644152934220509 0.9712236438975238 -0.49362649886635473 -0.40563707473549593 -0.5635206123494846 0.935476298382944 0.6628282281237989 0.6804369171781385 0.9232481798943596 -0.7080158861805679 -0.8474400451981843 0.9249446139904189 -0.2903234120178227 -0.520338985889762 -0.46696741683559834 -0.7079195251771079 -0.3565504230071633 0.6866086437544867
-0.4915 0.1456 0.4950914137569243 -0.33724996770443877 0.5114545550152448 0.883190413396455 0.08629212671732782 0.5502563092987071 -0.42202384161135675 -0.32091237617402224 -0.4985918511233602 0.7914736543212639 -0.19015311110996466 0.7366175748957079 -0.9205767837555597 -0.956002802833661 0.48912553475227893 -0.2592762821211455 -0.5013126015066747 -0.5102764183123181 0.549235835325513 0.184555185327802 -0.8768319816294591 0.11082310507403319 -0.17256245463436207 0.07445489925720522 -0.10678412283116448 -0.8272953283244983
-0.4135 0.6632000011192928 0.018321250121964897 -0.0699699396803932 0.2132699944220531 -0.2935799672953194 0.3076796951370164 0.1300839391889906 0.47993540437349036 -0.9321117790350714 0.15508737019778565 -0.7695071805090288 -0.2301872314246128 -0.3671079877134211 0.3848998952613479 -0.7091942765477264 0.6236484145316068 -1.002797205917556 0.5788474305578122 0.14720625565543335 0.8479374312915933 0.026066693834817464 -0.511220345763987 0.48380017555558646 0.4241127155149097 -0.9185487628030775 0.07090782483846324 -0.4111341280855589
0.2912014463107577 -0.37179636473857186 0.7228182957238357 -0.2035533751031608 -0.5567568865778073 0.5326963886243351 -0.8025642323468183 0.6582932837114978 0.28837626502644415 0.257077373216857 -0.023835153608056155 0.0394025538300776 -0.8171608834874872 -0.1839599624935774 -0.8600759619228355 -0.482137626018334 -0.8073240626237621 -0.5501212940223676 0.7026410718839485 0.6067171032722847 -0.9418853856126472 0.12465183912201307 -0.28631219576420475 0.9982661651786779 0.7815123701449149 0.3147447986289363 0.09989559433459029 -0.5514457655016612
-0.8017941221554126 0.4918022719657919 0.46209134737428675 0.20073824235555102 -0.19530257754305164 0.9558360051149193 0.39530796376567473 0.6211687161102708 0.9011445664100565 0.5510161980519832 0.13510279827021623 -0.6771257988632297 -0.15472461917448319 -0.44634502463350995 0.0822972768514961 0.1318791466057834 -0.4690478888178463 -0.5047995534575281 0.15687601890004926 0.02117334359961037 -0.22243199543910727 0.40532514650878765 -0.14700200588862694 -0.13640862681834162 0.746971458946546 0.9838803477367347 0.4772915174060624 0.22118386479570434
0.25260095426689166 -0.8505545163024619 -0.42065515869753367 -0.16718792100962884 0.5555227245065493 0.7666199579020644 -0.12444215989748954 -0.6424303556429256 0.4362624399965913 0.6541895505150483 -0.3739039936547461 0.7105644294287712 -0.7542579863504523 -0.7501119553618397 0.3764930350253929 0.36175505494742277 -0.4431126648420491 0.7270533931706178 0.08056769133118487 -0.57018971130378 0.046224299361126514 0.8043099059266564 0.49886511403841666 0.12563396820320283 1.0062528713445897 0.6548867517637287 -0.06939446687809436 0.04534107377774446
-0.5088997244711907 -0.7737131460205745 0.68357822121576 -0.16486710012010913 -0.709725167536543 0.5994065170774461 -0.13521694368385956 -0.5867817477384808 0.27233687602966605 0.9980350624083809 0.6899489017434737 -0.5909823754522499 -0.1520802889595053 -0.15948019965138602 0.8869111277957492 -0.1675901020451509 -0.8299715700656786 -0.49761085251735304 0.4511679240288727 0.2315312479688543 0.5199998122820707 0.6207377253461239 0.05140688653514834 -0.4855873566102365 -0.671205763317243 -0.5300671331007644 -0.2070930009273099 -0.8942275648832474
0.9163362658370705 -0.08180629149080856 0.6916608502481213 -0.6522930438056221 -0.506607279564899 0.4554528001393811 0.2775964696221236 0.25185762914141113 0.5352874994871009 0.40331610857761 0.7800478518710935 0.6824959583091739 0.8285990868854513 0.5752328549602551 -0.9508477499354577 -0.4211572169024158 -0.3188398553945159 0.32726008689716 -0.13301400004442757 0.7243699931481742 1.0014857997982045 -0.17875795350832188 -1.0061428036661666 0.5032140329035206 -0.9541244524132024 -0.4191527749486204 0.19932078690749166 -0.9728319484831317
0.9026459248629345 0.8597736856241409 0.004692381679007694 -0.5853741424644465 0.541063071610891 0.16740839533091018 -0.276292845562034 0.8515674922803235 -0.7466515632604951 1.0546217810660174 -0.5708120299643497 -0.6752302669288848 0.6660878893010399 0.7072118087419246 -0.03718654464602694 0.189940255165294 0.5801430924881072 0.7813450578354993 -0.8341813265279313 -0.607727545112247 -0.9524470189867412 -0.8754754331588807 0.6298127629639394 -0.21951108338176814 -0.34561352745317936 0.890305857455249 -0.8611839257881908 0.3095983902870134
-0.06030000410678125 -0.7250986896889833 0.09673339088228985 0.8016051152645147 -0.15144780453205597 -0.003175406070882245 -0.21871191747069588 0.6708045956744776 -0.4500341639375888 -0.5858737795070116 -0.7747097899031065 -0.7089139069445024 0.7920606671365268 0.6558577733594666 -1.111919770348439 -0.8993666927534796 -0.48573963312134055 -0.12154586031924511 0.7269945924020013 -0.1412389890282339 0.5279752015476276 0.7126092714508404 0.26573206984577263 -0.9010890034565551 -0.9806273616335272 -0.8833172795570784 0.23042882013241509 -0.5949640892653997
0.8547144360523419 0.7291228221556564 -0.5139585565563628 0.378142427226909 -0.7515029643939066 0.5409836918094763 0.6474304115406405 0.5011868447036975 0.32576106357442347 -0.2691911668536963 0.31500873741370783 -0.2532160854601391 -0.09918630349759701 0.36079422140073036 -0.4942874163874113 -0.9349156694227071 0.2361402698667628 0.40658892197061164 0.2802121762785099 -0.3552640474274644 -0.2443135440985189 -0.5850007714939066 0.8454875743623774 0.1566880915344871 0.06435486890160168 -0.740490104868214 -0.7018291535606878 -0.07439285332313256
0.09120696126333389 -0.6935053247423902 0.15445190699846106 -0.9201671020515269 -0.23602841681881065 -0.43852749943255365 -1.011297106365771 0.7639491015017662 -0.7330794842799808 0.626175159761683 -0.7669797211727842 0.18370773232047097 -0.5678284441905594 -0.136889920344596 -0.38405168961083713 -0.12395161359084918 -0.6640760229532554 -0.20664400229319754 -0.1524387029733437 -0.8124851557785591 -0.23052385276898488 -0.4640556029383619 0.6674685545721207 -0.4142930533713023 0.3021971909492108 -0.42322412270935067 0.13351169730363951 -0.5474576870057553
-0.34598725428251953 0.2842234411493583 -0.6345654403365797 0.4319465394796338 -0.5583532490495676 -0.8962819493882955 -0.2834418101527892 -0.42956543308637124 -0.22845105251825318 -0.571380575996393 -0.17152286991384483 -0.644593898192195 -0.530211096296769 0.6574766177253195 -1.0570556783650726 -0.3057212966645426 -0.35893470308229974 -0.2618293138810577 0.6512846951804605 0.3577424212694168 0.08056515426097773 -0.8346122220968315 -0.8252322728387174 -0.5544290076779537 -0.09052067232310752 -0.36791681883375954 0.023323462089247387 -0.9056019040135952
-0.2906 0.21411664833203423 0.9726575136639146 0.5177209989724098 -0.29542194037113306 -0.8989364705145558 0.7295900123174538 -0.008793365080053938 0.7327913805910691 -0.9447024952588792 -0.9339662189739882 -0.21572127153704235 0.5656027025977768 0.9384964869320603 -0.8140335456733369 0.7408047975837423 -0.5057355972013778 0.5041374072506101 -0.10213214911104633 -0.36874883995914276 -0.24802011687207215 0.5159575426042788 -0.9307295189245991 0.6564877247381621 0.1333407645515963 0.9357351975056625 -0.4817389093388636 -0.5315052110721763
-0.5554058129760824 -0.5899981658811895 0.4111047086395096 -0.32065637082844045 0.4675612538490653 0.9165222823078771 -0.19103662198475355 0.1709349462955952 -0.49173636941239485 -0.2566686237596737 -0.8965838819032225 0.5001071173814085 -0.8150324077127235 0.6383802123702715 0.7985854368272842 -0.10996521288182154 -0.58342305519154 0.37952326830870853 0.4432330343109038 0.8171298801641392 -0.3825610735458153 -0.8737287657946908 0.22467605817634542 0.9667807528722354 0.197157931523932 0.33147919459409836 -0.7120954061435204 0.7510961429816624
-0.0722 0.6316592685829628 0.1260114569091905 -0.9987379653211741 0.729482909368168 0.8379793909013489 0.03293086719881904 -0.3787595461486629 0.044190887780140575 -0.4978927650826469 -0.5409167382483173 -0.6474993074102197 0.5504848353313488 0.5030254684821982 -0.317759201541841 -0.36984806637761464 -0.7527046418685162 -0.5045385132575732 -0.6122160399748084 0.007045887409017369 0.46539970459742735 0.1624333782726891 0.7033497654936522 0.8383267467221647 0.6833812152594734 0.23272707687511612 -0.9989802722971644 -0.21500159116422085
0.6008 0.5255151168634228 0.9871322621847275 0.05216768553803907 0.19754467059267586 -0.8518393496639013 0.7918805215455894 0.6595723667768308 -0.977219190133249 0.5136099802859148 -0.9958193485393503 -0.9220688168577872 0.19119978163940188 0.9754327488071627 -0.7695621375987062 -0.25341977091374807 -0.2593721842373201 0.6911346595674325 -0.8191968137039654 0.8512744453021411 -0.5654915801484885 -0.8576767981025685 -0.9553310511893159 0.6493540487130735 0.5719450544649118 -0.7830934385492918 -0.2519560491436977 -0.5006000006991421
-0.5334002412596315 -0.5121297604066171 -0.2956720548714862 0.04237339495301242 -0.48112298557020844 0.6292815484411453 -0.9781494405860054 -0.5428676449582194 0.20249570715636453 0.20209159129404786 -0.7033000427078065 -0.45565714405160646 -0.9202805797837457 -0.7134715775939219 0.409977053022461 0.5860289207713169 -0.4722827943333634 0.6931020815595897 -0.06506161074293738 -0.9814549817249234 -0.8924505834159766 -0.7171559445964776 -0.5118587755056839 -0.15905167556377556 0.9629602382266806 -0.0802589174386562 -0.8058332289675865 -0.10730000000298578
-0.5864002337623203 -0.4590962577053262 -0.8537561617054322 0.5272923942327641 0.7612832501844631 0.6837329635698624 0.605263903434813 -0.957286784711524 -0.5564301086710337 0.022752853141070117 -0.30039800558548624 0.1633456210126971 0.43143218018178975 0.28573159896850236 0.06542506641586751 0.5023788615945455 0.11184943121186176 -0.59722567726317 0.047603415941610334 0.9243856948195397 -0.6797419065787886 -0.21003366427571243 0.8028154112225254 -0.9149834739121329 0.9909388338549964 0.19772356435389565 0.28583733592897476 0.1737999999944854
-0.8962 0.6053 0.5677761697036423 -0.6074517140672213 -0.3867441800289341 -0.9600331809878055 0.6909405815842085 0.7301991573430823 0.14491698552486115 0.029235468753623838 -0.48276231800689073 0.3219008510954382 -0.411242444829903 -0.42976876660813146 0.26462942427756675 -0.728510569202832 0.493690932404024 -0.08261843988110881 0.8103592910415146 0.891075405129536 0.1217040974140365 -0.3226199400616272 -0.26481472526402783 0.8930275709917105 0.4868497315118777 -0.48230925959884124 0.0032029484496854197 0.0165
-0.9127 0.1841 -0.9221562387162734 -0.9478330642893781 0.6848625906546162 0.7462090115572765 0.6690869382488966 0.6098773166629226 -0.8439665672528731 0.8785584191781356 -0.09124345977150702 0.3015297786171952 -0.5475424608801384 -0.015171951582511388 0.8066198392383856 0.8882857801911846 -0.6351779442542045 0.5014620520556033 -0.047770776127349854 0.6612023997935466 -0.14524325756660342 0.16864058360607448 0.21976676621992647 0.3298969390345823 -0.05026326739133048 0.7157372272868843 0.46309999205890406 -0.2407
0.9386 -0.0895 0.11655145996606793 0.6618190996179184 0.9238238330221508 0.5762650111073888 0.22824751709225422 0.9423524645217773 0.02511413646262656 -0.9617417119460157 0.8011050222923146 1.0514391318588983 0.7039457066374276 0.6771119969656675 -0.35651278909819245 0.14314353409902497 -0.6280396154744168 -0.7161881129967647 0.24966329005233343 0.7052490968787338 0.851383682952678 -0.8764415696424119 -0.619699962917295 0.7832137975739064 0.19952615502903234 0.40868898478663856 0.8816999915733049 -0.7228
0.1953 0.8804 0.4921 -0.9219009818906261 -0.165385168213897 0.019135624366385707 0.04184464691890193 0.37827890399832426 0.6727197222284719 0.9708832133518365 -0.18135315464492546 -0.7011417652131683 0.9555671913126571 -0.5935735416415477 -0.6857397669379335 -0.5313624528903744 0.3042699031890282 0.9007246975600175 0.7647499523149792 -0.4133240814727222 -0.4693080180787824 -0.2485438717183809 -0.9401679065995506 -0.0259056365261333 0.34400089705716347 -0.930999624233279 -0.1307 0.4229
-0.1773 -0.6567 -0.5254 0.3582 -0.9279967422193622 -0.5179630462100485 0.8350857912873214 -0.3741663415237311 -0.0669663250164982 0.9780823294941554 -0.3364953286668833 -0.5997410161261171 -0.5596738506918741 -0.37464647776889953 -0.26705959910317 0.6537454311981367 -0.3856379442774928 -0.14741022932473344 0.6140226783791713 0.5019670806733011 0.9636482291870244 -0.7225137100000851 0.3497028418219561 -0.56150521701986 0.8221 -0.9319 0.2976 0.0432
-0.0791 0.9384 -0.6472 -0.8192 0.3526 0.1525 -0.4119 -0.3164 -0.7392 0.188 -0.056 0.9148 -0.21339837318413277 -0.041269435968135204 0.16393004637522487 0.8500012520800915 -0.97 0.2418 -0.0454 0.2815 -0.1295 -0.4446 -0.3315 -0.3144 -0.6932 0.245 0.7576 0.4105
0.5832 -0.6119 -0.4751 0.6833 0.1119 0.5216000375420019 0.3906227790213104 0.5581774968769372 0.5962489260235203 0.944597327062001 -0.5401950667433667 0.050141276442047335 -0.539248768440764 0.23467974044879622 -0.1984191119766072 0.6897980512484782 0.5484536096390384 -0.5160235666855334 0.25271165104921384 0.3317782827270446 0.8218195485713273 -0.22851080470226134 -0.5559192963850073 -0.24796026542451424 0.1111 -0.185 -0.1177 -0.7007
-0.6361 -0.2449 0.3682999963914203 0.3076001668083015 0.9899881875876988 -0.6631611665520758 -0.8717414733410157 -0.683259902767249 -0.88252774766062 -0.5293847972636494 0.0039361926299224855 0.47032143885557437 -0.43771517430371326 -0.30673955401117875 0.8285385616795566 0.6289838919537647 0.05436656684755894 -0.25001414722658727 -0.3329851885730677 -0.7959103450229112 -0.8525826497524797 0.38616074715970783 0.6572782031981608 -0.4361768192661 0.47947400436968196 0.2396704004590914 -0.8382 -0.6752
-0.0884 -0.965 0.28740012897500555 0.5043617395986605 -0.32550926151560505 -0.8600267018233939 0.012976141452075866 -0.08192928370481185 0.06285174344311543 0.7575331937378141 -0.32024574248740445 -0.7917201834906362 0.8145713565621794 -0.1479153813086505 -0.5373519791254223 -0.5260320846642715 0.05960209476724976 0.5774084390366157 -0.2876821754131571 -0.054093714185602444 -0.12285603001613293 0.13784496910182567 0.2753772341537216 0.5457377344330818 0.17750603318060593 -0.6891410148359506 -0.7350888489646893 0.183
0.1914 0.19839999738524225 -0.10076406196306877 0.5117209905148783 -0.4959910624974743 0.4032791985397557 0.09617060443401727 0.4326601845642459 -0.6489398816324239 0.17476626935251025 0.6382299819442047 0.6514760698012638 0.521777434842281 0.9009289187231082 -0.36754922854241157 -0.607963154776662 -0.17984199853332178 -0.30385727668359513 0.894313958051435 -0.12038361047497219 0.41400809350147844 0.373718173949887 -0.7502924369886229 -0.5839402212949197 0.8270331617973433 -0.8765971282065379 -0.45621549124309924 0.7784956124254901
0.6497 0.3115 0.14540644839246553 -0.5246690705646619 -0.049581487066779825 0.8688678825551669 -0.6117664366847958 -0.8320525721707265 1.014572250119203 -0.16238358070142353 1.0315503864594857 0.13146616699848004 -0.3232144368275951 -0.8544096238787442 -0.43764557433202833 0.8358779200424269 -0.7376483915382791 0.48079882545509617 0.8069646660043145 -0.09386498679682091 -0.2784645147208463 0.8842881963475995 0.8015655531543484 -0.726266969670768 0.15146077278756395 -0.15262408506265568 0.2817215987509216 0.4610716562449433
0.0878 0.14710050007200035 0.6803496247788945 0.5851572773894219 0.06947311711875642 -0.20677557104213543 1.0316925665007746 -0.17668783639523858 -0.3209890597627036 0.25231912699315445 0.10961342326768007 -0.1940983506932341 0.36951176814906983 0.3475181849946515 -0.4155023617453775 0.36976962382867534 0.7724948892609186 -0.3668377558918394 0.6608386638400475 -6.29391818840046e-05 -0.6045646672099766 -0.9409671725154587 0.19162805590864931 -0.24810167859732393 -0.25147482475857025 -0.3079036337151329 -0.6510136466091059 0.3990857472943582
-0.4349993588685706 -0.877644922079051 0.9347992793158183 0.9662266307168839 0.5242347791167288 0.8089804264111009 0.8516725205373109 -0.20418514825180475 -0.7769461812481957 -0.33999148462375567 0.0051636318924133656 0.8421201906927253 1.0055023427940015 -0.2102938412453085 -0.052496174996983024 0.010134416190642214 0.1205756548916886 0.2636044177983576 -0.1399317288813341 0.3740679125132857 0.1336480456585806 -0.4461453523420435 -0.38399363685061844 -0.23613628872907605 0.28010425908082387 0.5288361779918105 -0.7112957489597105 0.3706902143658436
0.24430260557482686 -0.5850192643668214 0.6305836157654188 -0.5918989517841963 0.14968225249465691 -0.1822960058420902 -0.45915209861038264 -0.5969193543071035 0.6482060267783055 -0.0732805014874897 0.805385439199506 -0.6562168542254978 -0.07136496947468914 0.904003817157726 0.33681222406911054 0.9668535496917784 0.3129006570364345 -0.07086325412323441 -0.5914562394012499 0.31782681750963493 -0.5023777056073337 0.7244053781170089 -0.15320470594352764 -0.3566046782273564 -0.4594607494120658 -0.07088516869285111 -0.022404615300355146 -0.7168843045490421
-0.055699576985448675 0.279542856951026 -0.07724910900919836 0.037392710981640556 -0.25415693023703295 -0.7882647058819175 0.8273317411041181 -0.7716483832058648 0.8418256055753233 0.9311199440489099 -0.3243437118603005 0.32876399826682023 0.7818267586058879 0.2151630541316992 -0.6777939560432905 0.6753287690924122 -0.1958413427885073 0.4369130099030034 0.40436002509046276 0.0808489277048098 -0.532094136798614 -0.5756788022085054 -0.8291346918080577 -0.13380261797880558 -0.40411179828822597 -0.10099944354788819 0.9368145629352223 0.9696171105219397
0.5078047116151879 -0.055781487212672086 0.6258195954108018 0.47470143631266626 1.0033675818983092 -0.1194053178445591 0.9228118687165181 -0.7365501613047912 0.6305922490988488 -0.5859163880450978 -0.8057367963633215 0.5868020576709675 0.5485889313203391 0.5598418280118713 1.0832159728725315 -0.5316835033761951 -0.3650945196653119 1.2985222067102578 0.991124290278924 0.7991795932909379 -0.9016728235090722 -0.6388171248257201 -0.06581973240019755 0.485361224187693 0.7633155513683617 0.4298833975532107 0.3808700486082465 -0.03185363592164624
0.9371064851301202 -0.9727288336651801 -0.5121504011607068 -0.6910248830963833 0.21660041869483718 -0.7224887579083429 0.18309694941843793 -0.14933721712123996 0.6077452489166153 -0.52744800520675 0.5454968055450495 0.497495656739753 -0.3703249644514495 -0.2445550530922409 -0.065894824875937 0.6245259446970199 -0.793265569162192 -0.34145691009845225 -0.19940869777767323 0.33320554748551423 0.7552510798503106 0.48418723808732167 0.677852672299649 0.3040565474724939 0.29630925000127933 0.467635635180436 -0.7966420957008655 0.7575700504237626
0.4512184301732616 -0.6357461045743122 0.057928309365627075 0.03278371718903088 -0.243803079640121 -0.8497702645224443 0.8100037132761025 -0.8361773893647159 -0.4472370168348485 0.7511914262385456 0.34608334358627046 -0.3363262798094949 0.40439240324204573 -0.5840547886920773 -0.5962271751125986 -0.8658935501374538 -0.6911868807667653 -0.526881881125978 -0.1998981671755329 0.8125670484810668 -0.37229754706384766 0.10930311272826596 0.6966566135069103 0.5651449068394317 0.15551761825080115 -0.3440796817537229 -0.5992942463200742 -0.7881708893052319
-0.7508024354267391 -0.3181069131162861 -0.3282868006498652 0.3341009752884429 -0.6229479534071715 0.34144091675845484 0.5869269336758194 -0.7742164406346985 -0.39897146522184335 -0.4812083637605712 -0.10067665007130865 0.08871499586533588 -0.655320623285527 -0.6185615371854092 0.5449227739035996 0.07018079256208985 -0.6855524283155159 -0.1885885188162965 -0.509929587461459 0.8202902611390719 0.35141772078908456 0.27997214028556633 0.5587168081561544 -0.1060781784042341 -0.6648636939134854 -0.5373473809978723 -0.589663531378358 -0.019498056168681048
-0.054317043691112725 0.28903351459195153 -0.6954292707934718 0.18490716690602518 -0.030332033264416986 -0.8358722194280839 0.10283323888606359 -0.49159358722475366 0.6752330002768553 -0.5087959839540231 -0.5949939187139105 -0.6252099873265131 -0.16749562416091923 0.30006477739157206 -0.12935812434159122 -0.47493590506691985 -0.7785451983981101 -0.455692774700772 -0.3212706289889189 -0.00022045078223350276 0.5090869277461104 -0.5468831326834365 0.28663372297957224 0.3001507038559675 -0.4398620753341607 -0.8330900969477073 0.32135645167419147 -0.5947367867809301
0.13189443480068452 -0.03104532681588052 -0.7792484645689913 -0.40732250625493066 0.7078399864947839 -0.22054297385170046 -0.02815340781079481 -0.830854227984873 -0.07128948581048758 -0.7422683146167195 -0.7387830077620131 -0.9203374306412297 -0.5748513285520241 -0.9411199901721379 -0.11003601308471002 0.7295186667153313 0.21958076543345195 0.34207371523355323 -0.35856883327526756 -0.15251964932920725 -0.7639921643776919 -0.6784774481160892 0.4683603063649454 0.5535668364870932 -0.019772850235172095 -0.3902624624025137 -0.19672875582974858 -0.8369446331030768
-0.6748999085818562 0.29019809912771183 -0.29218478260636527 0.25333015035822115 -0.20509908386965556 1.096937066172437 -0.06280604442282921 -0.3597246381619665 -0.266608988639278 -0.5659998966722024 -0.3493501929108935 0.494320174866094 -0.16560609488570568 0.5648042316788411 -0.7453132079377778 0.5947683561850683 0.6283813702689214 1.0118294204825053 0.834764804986124 0.5542035656110055 0.5296548170792625 0.2629292851887159 0.7802547650429114 0.9853883118811415 -0.13258529267559538 -0.8729038295990065 0.18853948631403294 -0.9670747566409853
-0.5747 -0.80034435302961 -0.579248179441038 0.76581995827452 -0.22385777783379537 0.36018101796497287 0.38433375553544247 0.5661838958495121 0.35946005538119996 -0.4166702039782353 -0.31174300741730915 0.2967284619408929 -0.6550854646920934 -0.3405784167998418 -0.4203827389809819 0.0026434299231203858 0.9344159870574679 -0.6977914599699473 -0.4550915950913758 -0.7826359085741346 -0.4011946790309106 -0.8095589765398808 0.47800476303729317 1.0647601179246209 -0.4387123678815256 0.13696037893774374 0.3510157388925881 0.1988225152028485
0.27382823371950654 -0.27801215897078424 0.6534616872245979 -0.7035664970401159 0.6425379849689644 -0.5847997447876254 -0.7558939111266184 0.45013970040614576 -0.12887667100319763 0.3125334109630094 -0.8583488548063768 -0.8580757434907607 0.7253626905885158 -0.24419533082781245 -0.38678652828495097 -0.7440297143002682 0.6691931923315039 0.4062643800637962 0.6780126724422747 0.6399359550193517 1.0663179551439734 -0.28110685735606994 -0.07630818861199383 -0.24143103628991688 0.3238570081809047 0.6316744326478879 -0.9256616410404216 -0.6836889597872617
-0.5452 -0.7573372013081742 0.7074880537807419 -0.9356738121363191 0.7410799709335414 -0.3706861498740068 1.1693096113426993 1.1221481353920724 0.7417982047670644 -0.22674252522118146 0.7011273407280195 0.8102185663909073 0.40554813831465636 -0.5492996072222794 -0.24557579732188184 -0.8794116502872448 0.325862557418397 -0.6036475724879447 -0.7754840377955761 0.38948451904486026 -0.018376198380544113 0.47939436987469713 1.1020833405885335 0.9662698482668735 -0.3096638012784042 0.35113664275174034 -0.7855707003388194 0.25311135426014303
-0.6853 -0.2514140339819358 -0.0215637506891187 0.3984645917478308 -0.6461850520605005 -0.07039737136323979 -0.423636667915384 0.7603688219691942 0.9543661021261347 0.37871457425520333 0.24414885382270352 -0.7224783981805194 0.20703164814871516 0.9434695662342599 0.16720048218427755 -0.03263129007222886 0.17486238942026197 -0.6924748384605502 0.2059234459519626 0.3603556341992203 -0.011157588230414447 0.3708199131861571 -0.8380100797250358 -0.08869097332268767 0.7486271108509964 -0.9170667892512157 -0.3645681907664051 0.6828001754027442
0.9628924625594607 0.3628687233639978 0.30155978010152545 -0.2834304852418698 -0.7146472602055973 0.31271836732198477 -0.08046657187665796 -0.4433536839795576 -0.6924097937072824 0.7478363743922526 0.4432748243587906 0.6148711352135257 0.41088792604538316 -0.7677441146147758 0.2267091246185461 0.6128698454188977 0.6615123019428993 -0.3971133610030319 1.0223504421063152 -0.3165140902191893 -0.3887500726722797 0.4793916054922332 0.6820388487739691 -0.5231980995672886 0.1263172390654631 0.5273843382218136 0.5400660600386035 0.6656004709534753
0.7055926967906806 0.029490559131078654 -0.5785565552780672 0.952082433014124 0.4937368739915857 0.2886214286440957 0.4226712350619636 -0.24536145482783267 0.6052754855108425 0.4717784266213429 -0.8190871586009597 -0.2621051572574612 0.3726920663753242 0.4111405888312068 -0.9556057862192902 -0.603581927755254 0.4052805232323734 0.1720822536282228 -0.5916089226336494 0.13562176775827692 -0.37726845939059417 0.03909618414424876 -0.4639649167371939 -0.2673238517215209 -0.20654859327744218 0.4845714778014465 -0.33843728525907185 -0.9250991301683361
0.3781 -0.3411 0.9383617688761856 0.008708889774280252 0.0308620527932617 -0.448111455796233 0.9347956140750862 -0.011761678851794776 0.21576445769363345 -0.7843877224965354 -0.5869134867360204 0.061814347885784285 -0.7973760552653187 0.708358447306756 -0.3373577154030396 -0.513523594370373 0.3908716685774124 -0.7561515311353951 -0.4492965068376096 -0.7035538832745292 -0.08662417093954175 0.5051419288962632 0.746276180473093 0.36493618794726884 0.5088425168556174 -0.6419581527850369 0.8780518902991551 0.5306
-0.5743 0.7984 0.3080050256776019 -0.979410292027259 0.5239823788628355 -0.19959580894762127 -0.42578475168927665 0.884515461348578 -0.34487933371885 0.7876797741485441 -0.589713748488647 0.15495486189996982 -0.41531941635517333 0.4442119500782531 -0.9361171720984677 -0.05879167583136508 -0.45106530176677473 0.21674580147706848 -0.44479781726212864 0.6829079456172398 0.11009391641730357 0.8156888909577066 -0.6138341305754202 0.5748709792931893 -0.4005205695240687 0.9915110620367537 -0.6287348742570622 -0.9797
0.0009 0.6755 0.4313523162439128 -0.0004401771194973635 -0.24666245874010306 -0.02064110770597656 0.5741595918507012 0.3751068654136996 0.8737061139795296 -0.253357932315932 0.34917983825258603 0.4404403157973046 -0.4617415884293893 0.9785447505148159 0.5360017573122985 0.2763189623527214 0.8337283578970424 -0.8922445008500522 -0.5555500681485943 -0.4206563668522794 0.6301999176017966 -0.4687766563174971 -0.7655194818326659 -0.41886306641792254 -0.11062471393127969 0.8915780533277472 -0.17243089180856094 0.6082
-0.561 -0.5377 0.4978 -0.5779834978462847 -0.21589473442488027 0.25772498517418635 -0.9891777266617836 0.1752532582284767 0.3137009393740593 -0.14085327649113272 0.9611482044914732 -0.17368957967743825 -0.030574061543385565 0.5520684502833826 -0.6551673365841943 -0.5672143466795984 0.0782925916048734 -0.8373490273488376 -0.783487792893355 0.22136510052017852 -0.47655637256610495 -0.9785918939147223 -0.3430063520344902 -0.26073418842675067 -0.01350257733186033 -0.2995999718014741 0.0367 0.9478
-0.6665 -0.2003 -0.0709 -0.2132 0.852700470429156 -0.1339973424416548 0.4133519267369599 0.9135354232855437 0.4807169408021018 -0.7162086739834456 0.24910612092383885 -0.22943151303374992 -0.5017976684676118 0.7856359299277731 0.4795600351526955 0.7625162068464215 0.06480444962694723 0.7429683511815076 -0.7917654266650562 0.6185577922799864 -0.5796822208014247 -0.14177552719844744 0.0882520975032394 -0.1098821746110023 -0.8106 0.6131 -0.7104 0.5876
-0.3495 -0.419 0.8531 -0.5543 0.8213 0.6047 0.9825 0.4759 -0.2622 -0.018 0.7422 0.875 -0.24831402652139903 -0.9974308813537845 -0.5083001861764925 -0.17980000775826963 -0.8662 0.8377 -0.4818 0.8551 -0.1967 0.1055 -0.7152 0.5358 0.22 -0.8686 0.6499 -0.0746
-0.2743 -0.9026 0.9799 -0.0921 0.0502 0.726499999990941 -0.8779000750551759 -0.6721002465879617 -0.3849062839441207 -0.07373872597137972 0.8878162003157719 0.9107795991960992 -0.18489554624296972 -0.3896516877633759 -0.2201586557520905 0.5857303589777116 0.7270186422487099 0.2880072263627973 -0.6233916023983973 0.7113538755755572 0.13305145750027378 0.6324849130590808 0.9774966303596009 0.9088976088057389 -0.3629 0.8663 0.0648 -0.8366
0.9603 0.3193 -0.8387000000010537 0.31349999521830846 0.16429979483664126 -0.6785002882789236 -0.6877958928703551 -0.03308691808869912 0.24309828213360318 -0.6560845140696783 -0.7455906626419726 -0.17407322816455326 -0.9864551661062022 0.9132461739535801 -0.2412542286417566 -0.18647134016031575 0.16214396080073068 -0.6131264846124133 0.6839005036635138 0.8225857835930939 -0.16796772864257362 0.7268191628798553 0.2552341917946518 -0.3855210921463636 0.7859919007453275 0.1924983397242481 -0.1448 -0.9919
0.8987 0.8048 0.4005999980620153 -0.4536000139064443 0.7844954135964658 0.5469887365161836 0.736891370389288 -0.3396422194100464 -0.2775103995195921 0.4600077645167755 0.5221958878973794 0.27239703139889015 0.9449386567688124 0.803546160138953 0.3771646727567026 -0.8637804349012355 0.08849316528228345 -0.02603957197078303 0.33113894608865246 -0.2889118311250276 -0.26840862698619156 -0.933650989065138 0.8862587569507426 0.06258130518684013 0.43998850770645415 -0.5586020686599429 -0.4111000409887646 0.4801
0.6233 0.08639999999971681 -0.7071000075626448 0.32319013589918455 0.5829584963263513 -0.7266745392713798 0.6446605209648785 -0.21610653662610838 -0.7278056209096517 -0.9556598802691069 -0.2739234970003634 0.7199245184406655 -0.3909969878781882 0.7455495882606691 0.291594635903192 -0.4173613690945276 0.6567089917076577 -0.9524948311102495 0.0764951256228919 0.6096100238397307 -0.7577652051946678 0.5029093864486026 -0.8269628141278313 -0.462336088543277 -0.08088276741712595 0.7448851050427205 0.8831498050476403 -0.8067032921734266
-0.868 -0.0748 -0.5390000004497528 0.9889111762098737 -0.6740955547659526 0.9195280338121533 0.7854694442421258 -0.20210462469592588 -0.4869135287225361 0.48243512214921663 0.6184222660325646 0.6895332770058645 -0.4866356147726203 -0.906701492482891 0.22331335544080738 -0.6690202313558633 -0.6861536568261539 0.7374173994958118 -0.8417952505407882 -0.1475399560342485 0.10958452432025972 -0.9148886193789234 0.08763558878423264 -0.1521533099490037 0.616330252378008 -0.4598430713688011 0.9496785870322816 0.7691937206652878
0.3986 0.4756999825530618 -0.8400752089486857 0.8801583098677175 0.581353711359318 0.13601464758386447 -0.523026368231447 -0.5371816578296711 -0.25377776346365793 -0.2651423542787102 0.533282506431978 0.6135115435692514 -0.777377917402861 0.16783580948016263 -0.9972004735650063 0.34889927733724635 0.35704266223084113 0.5115993935532581 -0.5212846581591349 -0.7563435218919061 0.6256998619987025 -0.5637208798430876 -0.36327802646560403 -0.8612546400737336 0.6342830943925766 -0.9868346352944002 0.47923969226582436 -0.9709191917952456
-0.31129993610816775 -0.5241002214801286 -0.20381820051991534 0.08738360404956641 -0.11414273387566648 0.8079383360257179 0.16661190938399092 -0.17271201523035987 -0.9791349762999586 -0.9005426820008471 0.10003719956779776 -0.07255000299460018 -0.34201187381915626 0.0049393813867401205 -0.5293088701994598 -0.7084522127965516 0.4348850556256965 -0.6074770288619363 0.6798913656617018 0.32768602388763346 0.09421626491604837 0.5949239900088426 0.9097036979923424 -0.6239052538687008 0.8143299343668184 0.8809754582436031 0.2700803560810963 0.5918459150672514
0.9049002596580704 -0.5173949306415242 0.3085289876377247 -0.19075790996994363 0.24854882946437015 -0.7241364471125129 -0.40743784536205524 0.5964699355981402 -0.4601563526986051 0.3057716075231304 -0.9304563523059799 -0.8583600250445795 0.6142171857194206 0.7844703909447375 -0.924484303329934 0.8742984933781832 0.5504829214134069 0.20964655673069393 -0.6055766228195275 0.03222648780272403 0.8843295223694135 -0.888629837560883 0.1181068709409631 0.7725416621202164 0.4680114261469939 -0.8229968092903288 0.4394412693314483 -0.8755454849832494
0.6170000421554357 -0.9776617518296068 -0.29192364076492683 0.7847413785523114 0.44689053895580033 -0.8637480890147584 -0.7916616868720521 0.7816523437049797 0.834505683041193 -0.1141647179484063 -0.10426389671420469 -0.13050232957644572 0.3447656813514306 0.34418217640338417 -0.4002570933140733 -0.10522020569551244 0.9784579429537333 -0.29211486359230593 -0.5051036703411826 0.6811432790143924 -0.5742028683047042 -0.9025274683064516 -0.9198279320582341 0.557226077495085 0.24619613944156116 -0.5892428731500661 -0.9439843514872993 0.5767384895123411
-0.7689994881426153 0.6760389361449093 -0.38460994777731955 -0.9383086774858926 0.9625547489465436 0.3533295022992987 -0.6561624409222631 0.8459795071465149 -0.9757979053235893 0.31453979196250886 -0.19914813846399065 -0.8619516645689884 -0.11124659734904366 -0.2389690535070905 -0.7562032117612643 0.019957389403008997 0.0738634692258751 -0.5577166692583378 0.07531949736725595 -0.2564130341298688 -0.3841453329736411 0.7281678690384648 -0.4176515649582293 0.13726657140608667 0.5947506210418306 -0.2093482090166728 -0.5974980912259469 0.09461482378374889
0.9406659250788807 -0.09337057191399184 0.37704308249079244 0.8394570234568428 0.4376003181065692 0.6007298976853486 -0.6396662542707017 -0.8084539853387123 -0.8922580793910837 -0.6089127752273625 -0.7947397395981766 -0.9193300260929677 -0.5421772796692996 -0.07228285100658272 -0.48554450826266954 -0.346813508021712 -0.7119720164303375 -0.45589781418164066 0.8862674993308909 0.5202862600984823 -0.930343886446111 -0.8491849872864592 0.4020537277208025 -0.012662383122769095 -0.17407575075278542 -0.7425580428147431 -0.7095016124359773 0.6385996541249872
0.14040900382334473 -0.6289572586119478 0.4457227918202874 -0.5623051830093376 0.8273466545926644 0.16684765220490436 0.815515693731406 -0.11662959458585362 -0.1170916570891129 0.4723893876052974 0.05909829453338201 0.06953340368294121 0.2624633123656728 -0.9486518053437829 -0.09498132401319576 -0.2983920152082403 0.7663653780430618 -0.6083395608718846 -0.605810032915157 -0.9781095892441662 -0.7038014472895232 0.7521592597850634 -0.20371366548727204 -0.6598662164311785 0.42665403102966626 0.33224224478949 0.7857832346293216 -0.900400516702064
-0.48890000285711865 -0.8121894499279064 0.16824968554081535 -0.3310595722762474 -0.6974561031673155 -0.4740392969581195 -0.7599951437205665 -0.8989878663000811 -0.41921226049372234 -0.9748793915300152 -0.5496152865454957 0.31166663858139243 -0.6863825521831038 -0.5824721642820807 0.35430995344400246 -0.9325014815278964 -0.15032102199959002 0.061793765399407376 0.4293560485952142 -0.1972068821861744 0.2569954053007817 -0.919850866732956 0.343780302403413 0.9863733311996964 0.7096161165922705 -0.23807438975647688 -0.22413183612902807 -0.9103020297240141
-0.21610003739386538 -0.6988981026783685 -0.9208027864817233 -0.1382691605663779 -0.8220442525260817 -0.5826915277886211 0.9377445989063374 0.28773399555140505 0.3766226842920274 0.36012682662501955 0.9452627475098444 -0.503974375553336 -0.09584375428599394 0.10378474763809342 -0.9491679042603909 -0.2435996096322828 0.4175197383671247 0.1878463864768694 0.04227566037246225 -0.6401159573793754 0.5852851693428277 -0.5816067663594428 0.7263061229093596 -0.7297473650040183 0.17489957376519877 -0.8442706529065287 -0.8136137011858803 -0.9334078440715766
-0.5432000101170711 -0.6226000920064729 0.5434578629299827 -0.18848968502589566 0.057262526013889044 0.776811180719022 -0.7144811248128745 -0.9273576720372163 -0.3773392255323629 -0.5727027115409951 0.015007731577335835 0.8786388679236651 0.4144661603996491 -0.4023085753821341 -1.0160834123522784 0.4108177207761981 0.11485159274824468 0.07908227050117325 -0.9567817044721191 -0.8479562159673224 0.9345759272032671 0.7223684636994985 -0.7222358949550426 -0.8847359404073207 0.14529487673337893 0.8685669069544464 0.7089735152295396 0.7797568326098304
0.7854000121419655 0.06859753953571285 0.08295496400969883 -0.7904017350293457 -0.6636180211028496 0.8024471619454183 0.04255734373968953 0.15716266103170623 -0.08132920208116025 -0.7022268256015006 -0.8693978902759203 -0.3626027800580008 0.37807323880544963 0.9484664679054826 0.6331871348259817 0.6609194287642011 -0.786746150707533 -0.561623993203377 0.6184313855872619 -0.875691390015073 -0.6267866023287162 -0.34054412922515237 -0.9035754514136239 0.3069021268575362 -0.07511739048925806 0.6973607553048491 0.7711305327519695 0.5767114028758348
0.1033 -0.12030011134552457 -0.7401626894399994 -0.41836232214065144 -0.7582974411527439 0.9201027222373309 -0.4146531655740676 0.9249435578922279 0.11217363078149512 0.505792965022556 0.07882313327601806 0.8317396778488773 -0.8444907383203689 0.26148051348496626 -0.8302465744711887 0.6084992548686174 -0.14850598890734748 0.6763992381229409 -0.060058349474217655 -0.07456344161615493 -0.6178768386164502 -0.8378679108655955 0.7066394163993786 -0.39848647948249155 -0.35761833094852086 -0.5011033989930177 0.6792836242220494 -0.9402005263003227
0.406399996457631 -0.8185000067212563 0.2919413842180149 -0.007895006735682745 0.8096327042440677 0.8254434280109159 0.1897068481632343 -0.9615946417371347 -0.6627869768592083 0.006769987054362619 0.4727298314560844 -0.5013567177555984 0.46345093398238546 -0.2069277639818904 0.2689090098257724 -0.13646186402098961 -0.9559172783412341 0.40331883832099014 0.8654853933823234 -0.22229221581905725 -0.342061951114631 0.49649393342935605 -0.09802527662350664 -0.6130840570836887 -0.9483746787227098 -0.17776901209375182 -0.2927047973144763 -0.0770965196453722
0.6423 0.703479882594874 -0.06647729960570183 -0.9035188211232906 -0.4491475946341354 0.50217895851225 -0.011181828341909679 -0.7840686889905868 -0.5620812727639946 -0.006310853091572763 -0.7198374014210673 0.34675739685079743 0.13522295955340277 0.6841005329430112 -0.10672503510916737 0.7876375884547117 0.6288157192242345 0.7553938784541848 0.6035815551547258 -0.5699988275920007 -0.802754117189675 0.587332549427081 -0.7170147911529272 0.19879330432443695 0.107590643276439 -0.5326506586205816 0.8636893477354644 0.5262018035452564
-0.1919 0.6479491553885248 0.07823378141832546 -0.33884023390444695 0.7773940763248605 0.6124692262738338 -0.37801597131764475 0.5241794587581998 0.7666308780488635 0.3598858218815106 0.002739320717182635 -0.4603014637340882 -0.9621127953800479 -0.9472298946823199 -0.41715948446868606 -1.0149014572741604 -0.0455541775467528 -0.26501614038837645 -0.9212727929441369 0.22214811333861958 -0.718265123053055 -0.2855114621970432 -0.6989666754774329 -0.5457582603691222 -0.9510869047829992 0.27899128663100287 -0.21268923169186138 0.2575999976878247
0.34510001641506255 -0.8912000506995956 -0.0876275910162861 0.034729868766899395 -0.6976366716398438 -0.6199569895174118 0.45714914962510533 -0.03364191631989243 -0.16389554873768877 -0.08545158411113328 -0.7354687867544789 -0.7738451263864101 -0.3903252911800293 -0.0046525707960951524 -0.7412725092906645 0.25575174482516205 0.8831629336919797 0.7729452787616807 -0.4849314594668899 -0.9212813637162193 -0.09033327501362387 0.9061808362614385 0.07695559885151136 0.10891320893577935 -0.7226376404842088 0.9588513916445591 -0.8462991238362162 0.3920999999999964
-0.731599984095047 -0.5573999972047948 0.6107923478807288 -0.3929108756379348 -0.15442523428187005 -0.8116390973601197 0.21801191396759864 -0.5162229302321155 0.1983782688262438 -0.4293897469993085 -0.7312243717191463 0.03118802599990814 0.8363144161997169 -0.9191231088774281 -0.6437585790533308 -0.20053101017608355 -0.6853753609954444 0.7840120833228155 -0.9122709170638313 0.3248271590623677 0.5604653850281285 -0.06842281115335573 0.14481974455311472 -0.8008825528331803 -0.495718965218427 0.7909670398976768 0.8052001314821997 0.45689999999999326
-0.4306 0.9877 -0.5380232773418079 -0.980425654612558 -0.6295700734889783 0.9515404188994042 0.9382164680592037 0.4776214772853172 -0.779527913170863 -0.6654924579482012 0.14072986070971724 0.29932224822548614 0.03508134778884619 0.3144695127160329 -0.8269087160992248 0.2790612071281301 0.5326657028663971 -0.43839646856071407 -0.9491267898747096 -0.850568583435983 -0.6848116485790633 0.10286335871791309 0.866390625402858 0.41885606025353017 0.2960431022208352 0.3049575857916022 0.6632000325003917 -0.685
-0.9003 0.4221 -0.6010046748260078 0.6153803826604596 0.1668676386652436 0.19374080750994963 0.7194865338491627 0.2559778638665019 0.11468411761998608 0.07116095147921209 -0.8726794955519616 -0.8979121400613852 0.5909369050522371 0.21731342776433266 -0.9944439466947516 0.303870733919005 -0.06818048354961513 -0.44375995715087035 0.22906570436594184 -0.203235074860064 -0.8873089560900137 0.14098999037832685 -0.461471080906074 0.19765242555100118 -0.4143831839812536 0.21909063362984585 0.3753968945954192 -0.3474
0.9502 0.4724 -0.6264004124620722 -0.3336595152566396 0.5290546910786176 -0.33374597323309807 0.9094346236273817 -0.4295273954547068 -0.16754767077497215 -0.022069332561259754 0.5869927715121488 -0.7988653215074861 0.449044475554932 0.9074796318615583 0.031536518081167864 -0.9341770208209818 -0.0831654351020832 0.6247378968733791 -0.07151705944435861 -0.2183347902564854 -0.5507213879908285 0.948574794914191 0.4857973677049356 0.6767388108435705 0.6597274870752257 0.4973972432526734 0.3203967046994846 0.9908
0.2232 -0.4909 0.814 -0.4600981708800062 0.1567047691879234 -0.6738406587994741 0.7824444464855144 -0.07689357938526714 -0.23989165214594732 -0.6979474059672062 -0.22032896390538637 -0.5749638881244815 0.18594179755678636 -0.42317046114963935 -0.12008713255719068 -0.334913781442558 -0.1925679001833132 -0.574338752242284 -0.8226935240539076 0.06956916632374774 0.4880729323427482 -0.8071003863333935 0.25459681804877626 0.23661374055519382 0.2642000032697765 0.36080000066116263 0.6051 0.7727
0.531 -0.3951 -0.8541 0.234 -0.5859999993249111 -0.9002999900716326 0.23080002408547096 -0.8796998849992154 0.7617007564268494 0.652703830703556 0.7547762849317576 -0.2726086474554506 -0.5959259551577145 -0.6015828131883214 0.4444021899583389 0.9995308066019358 -0.5110068797105447 -0.7986887832248039 -0.7865667511411066 0.5553014178143899 0.16280047172149262 0.8789044342062579 0.1650514515636422 -0.5453999244967499 -0.0033 -0.6201 -0.1619 -0.558
-0.7521 0.6463 0.941 0.5682 -0.7886 -0.2284 0.6607 -0.4369 0.1241 0.549 0.449 0.7481 -0.6085126898538736 -0.25606865595491174 -0.9529032563951533 0.27769986430085125 -0.0364 0.1815 0.3144 -0.2077 -0.7474 0.9234 -0.979 0.6384 0.9502 0.8317 -0.2777 0.0665
0.6284 0.5336 0.2228 0.9541 -0.8025 0.35649999996413584 -0.6694978495361094 -0.6627362461043145 -0.658712624282903 -0.9094487682519794 -0.06181066981891538 -0.3310659900817824 -0.6031973020598479 -0.2602591468921996 -0.7224858529773239 -0.6795557894747797 -0.49171238515702625 0.013544779884044877 -0.6232393434796184 0.906478501250578 0.8447131219574499 0.48457420322012335 0.3282977182537898 -0.7884067886700572 0.8974 0.3036 0.5327 0.1368
-0.7562 -0.1908 0.4998138654337757 -0.14790697526648702 0.8397418844012965 0.34444870298102886 0.8447429235284617 -0.386957795650455 -0.28060924188375774 -0.05094238421303476 0.2405205936032132 0.832154697710998 -0.9853763173092738 0.21794937257309116 -0.48851473524868905 0.572373031216952 -0.42241543112902524 0.6483986216777337 0.768634769377656 -0.884222261496099 0.39549140512260095 0.7317665168064902 0.05627731342520266 -0.3265521138895512 -0.24943942256504015 0.6008920315390883 0.5113 0.561
-0.3976 -0.0832 0.9623300941042013 0.669087642192062 -0.4495779901505135 0.2073433743018569 -0.27136789970053227 0.7240134507271104 0.2856854652168173 0.1972275534258477 -0.3664029529194383 0.5279961033968169 -0.5764406525483255 -0.572558775142082 0.03042078226340665 -0.1756699783446708 0.5617953421049601 -0.33237818284891135 0.23659830055031703 0.9665600643609608 0.15754104479492007 -0.5283071231930355 -0.6701030759278742 -0.14903795929205402 0.8767264579570768 -0.5798220428062895 0.5394035387558357 -0.9322
-0.876 0.6739001503297756 -0.3999416026847944 0.44323893355976196 0.2586078846372822 -0.05004640327750943 -0.5610960482119232 -0.04837340352777594 -0.6545684977986574 0.3189718331054223 -0.3406077575820355 -0.8864504796599482 0.019765514531997572 -0.8539390578913254 0.06205154406583523 -0.759416415043121 0.8119255873440059 0.39168604485758135 0.459044459180037 0.5947699505718006 -0.6489007516150512 0.5728852959627327 0.6085674787992101 -0.06792861783820128 -0.0039351081132032424 0.7269887271249074 -0.4342683762632169 0.9806229507485963
-0.5891 -0.1575 -0.29819455327230276 -0.3983069363375102 -0.3476217156936994 -0.6157552846736797 0.7222877894000321 0.20355317456652733 0.4203634948969399 -0.2458497477062105 0.2177627364289499 -0.7235350809068046 -0.254752148779823 0.04004353594622249 -0.4507485010190855 0.518796483653876 0.5602706397075012 -0.9164423660242528 0.5400753443428217 0.6395648776864471 -0.5578974185412943 -0.38772111359587946 -0.5602967584414372 0.15514981909235892 -0.3711925791802345 0.681417317375852 0.4831939300691434 0.6521022950172539
0.7384 -0.14670000371991623 -0.12970631202407437 -0.6644150728065445 -0.8791565917853004 -0.20686390360529364 0.27181537998316213 -0.5328040966091634 0.20664980671872635 -0.6920408736943368 0.8008161611884045 -0.23747713111730678 -0.30161456287755695 0.5690007535128551 -0.2526864656215132 -0.760618623240993 0.5802943462133706 -1.1547398004818927 -0.36354720746711733 0.020843941949552122 -0.2566492592837264 0.6434500351146393 -0.4709004125213199 0.09190721301584988 0.753494827865299 0.2572599884259403 -0.7116700414710095 0.09461588008363203
-0.9514999482907458 0.5528583640104122 -0.16532034699067563 -0.447385241195476 0.22479187834359873 0.02857712582637012 0.03729326779876511 -0.26074973246120675 -0.43166279925354356 0.6164072417652547 -0.6331436439809487 -0.8213249005795328 0.221553278120579 0.3050419199547509 -0.5368796055224662 -0.07010358299561412 -0.7694812127990858 0.644918714790428 -0.14431429431270912 -0.16330245597454135 -1.1352014274706275 -0.2406902156036947 -0.7480057785022355 0.17117033282952426 -0.727038889178259 -0.03590604150388882 0.17979035275192978 -0.30088304800964877
-0.8590997898522442 0.30805346707562836 0.246105376081677 0.06045897031545546 0.10662594348013547 0.6388776799398562 0.41346219179739974 -0.5785357422456505 0.9183123551174143 -0.22158092414621075 0.13395372094074406 6.382478894556531e-05 -0.19665226629712998 -0.56993912953078 -0.9803396753943283 0.9515619728843273 -0.13723766924202008 -0.28705801911024376 -0.3565443239956164 -0.4050217991487981 -0.7647397133876874 0.35796449376633377 -0.055109708440412006 -0.9188606335490366 0.7309310971105465 0.281053127684769 0.8284966746246714 0.5124544566176522
0.6257000341174461 0.6938029825339157 -0.09318392138622551 -0.4724649473212681 0.7386028866980163 -0.5342146788881101 -0.6076026166069446 0.39303772235134526 -0.36584490333632724 0.35821549238846784 -0.23509671141684033 0.33118738003180737 -0.9309133168851553 -0.34740384478386666 0.2258717762509098 -0.6073495537676595 -0.6192947697012061 0.15932116849718403 0.4441899621536215 -0.5240364639006556 -0.8591984207110247 -0.5449498898321349 -0.743374671212935 0.23672570006141447 -0.6806663132316134 0.8834802451995267 -0.6027898332223411 0.4807525906553936
0.42170007245921476 0.2841236658331866 -0.9856295079591528 0.9648739037996681 -0.8829270234429113 -0.8627427577471269 -0.5429246215025789 -0.18431687496523239 -0.9413715303035806 0.6666565272860875 0.42838339238783224 -0.8576639521219016 -0.17901327104073705 0.8789867888868084 0.22163441309626644 -0.471427149855291 0.7643281266534657 -0.3995793230120374 -0.019228298379936677 0.32678660660017006 -0.786840181216458 -0.24520127126442845 0.11912504451294907 -0.65479786002939 -1.0850511711212907 -0.16940768159702352 -0.48403747644344963 0.5660911909357541
-0.8389906702828531 -0.8825216836865962 0.6714319582698225 -0.17963772561272953 -0.766777428538851 -0.4455414599826132 -0.680737247589495 -0.2660589453382493 0.8273617034897076 -0.5803273745408277 -0.39826797796597996 0.6358222490678624 0.2630551974645793 -0.6319078287755999 -0.2626244013907994 0.4386071051570384 0.677231468796075 0.32741334029622465 -0.41161970068687076 -0.6907395831661174 -0.6551391568927901 0.6270272652665596 0.45417829743614824 0.9180400510962139 0.10837604501650554 0.4516678953972127 0.19621311592534543 -0.868315761547954
0.8121402312218092 -0.15803646312162306 -0.3509739662822889 0.8318160581607154 0.03418353575823087 0.5425978125492451 0.920329514483671 1.08740694078094 -0.26791385139462504 0.8777762418288334 0.2245829828086774 1.074497904699105 0.8537069037566539 -0.2630469829437439 0.329128207407244 -0.455856626984802 -0.18249909266749245 0.08793989871992713 -0.6631443864983531 0.8748374933784755 1.002985929666899 -0.003342514956037376 0.5474618806661663 -0.7544670255841847 0.04395994005730537 -0.8882041367863021 0.072537157165949 -0.6574520006078144
0.14539811983897188 0.4713714352596143 -0.06100181429108624 -0.10603704853203694 -0.3070303468816966 0.48418471489253856 0.24174067022065757 -0.5842271674908917 0.9569808211282472 0.1337773929498902 0.624439931403505 0.6361328503648745 -0.7704965843282873 -0.6049951842275695 -0.5828387815899121 1.1281969537646563 0.06436908152145349 -0.2224857364116941 0.6586008964346879 -0.5080742903662732 0.0925365149025566 -0.8136147107554513 -0.3109279022282911 -0.6504632684243182 0.12876673433582256 0.02889685890398219 0.3090533140926406 -0.6665602011365216
0.7573649443020062 -0.5285308090140144 -0.8295721679755814 -0.45120382708269613 0.9081556156798041 1.070211779193317 -0.23460003646768915 -0.7554932408022145 0.7815179611288255 0.5641482608080938 0.2675221581392948 0.15874342943130076 -0.9341403574558635 -0.38864787083242697 -0.10180703357495897 -0.7395765561856122 0.02168008514173751 0.5398866885714493 0.3467003026868283 0.0005866539210700272 0.8482750871388631 0.572480264511368 0.9624251235250728 0.34420808907314937 -0.509365403273951 0.12019350138519634 0.28921681728457077 -0.9153942175591294
-0.02607637278864041 -0.16408162262630557 -0.20685934909400222 -0.08122984298701982 0.6270985978358883 -0.5629139657520102 -0.6773370039314804 0.649940420206601 0.8242251539982473 0.06691499387997774 -0.03098165076585511 -0.15880805259428518 0.19553079987439032 0.6939861985109763 -0.2533404609959329 1.0234199220813254 0.9642945360638783 -0.012723292856639245 0.486755366368083 -0.1384159580116898 -0.45214465418935473 0.6424226862629546 -0.7474364377152097 -0.6766641001251003 -0.56150572644006 0.7241982648157659 -0.3839647012317167 0.779601392195448
-0.4566965775110183 0.08614307209084919 0.5240977447992392 0.18051672900158372 -0.49284083961626884 -0.03224270359038722 0.784171094551682 -0.6831127728104295 -0.6226691601037334 -0.7554153283541415 -0.5250039888410639 -0.40929444611436167 -0.08927200366339887 -0.3345932301510986 -0.16073688910556858 -0.7935727196986609 0.9293523838033207 0.8197437227800598 0.07530753380833138 0.24586970834335747 0.21049224779811881 0.21727475147034553 0.8117982209553651 -0.05861996697247087 0.13835274797890873 -0.8613696660287902 0.9532440971888893 -0.5919721199594918
0.8152 0.7029530836926398 0.22352718462583948 0.6156770367501033 -0.532341261867054 0.5984390711761156 -0.9060196736655546 0.9613543075648457 0.8909639714704379 -0.3048019195348642 1.0676195578570344 0.2500860706768741 0.5684251036596073 -0.38538243738363 0.38750478351915013 0.45242451461331473 0.5781139188900583 -0.1839852926764172 0.04634625658347019 0.12619477066966134 0.2013270304456763 -0.4241847233720173 0.8070974289760152 -0.7388387973199345 0.8404491923292938 0.12061407147630752 0.049080350938569835 -0.6365535763734981
0.5969871275444038 -0.7347898162201443 0.8935219971540602 0.6441785443792918 -1.052807100330524 -0.5892447737978953 -0.5154541137669049 0.25206317450921834 -0.2907743728958941 -0.06739249785128294 -0.26463865829881283 0.7322748831177257 0.7586950761306052 -0.398681120820373 -0.2610302364876717 0.6295573501200463 0.8388139156415284 -0.39281092020911557 0.4712022389316814 0.04235099568820038 -0.8086327086305877 0.4388862229489056 -0.8649764586453471 -0.3499598916716549 0.008668400651276768 0.021991443851210594 -0.5914575289035622 -0.0373545778773904
0.0016 0.7190191651370703 -0.051772045226215584 0.4609407213985162 -0.13966409815147313 -0.3764127098045475 -0.8236323092755036 -1.2763444781041076 0.1328041815994239 0.3894001291758228 0.4524619109801728 -1.0406983197808162 -0.8127933747623568 0.040336228497792906 -0.4481132765915792 0.03216975500070718 -0.2147265230939469 0.4853296013962096 0.12122465799774215 0.3512106849149651 -0.8237704718886933 -0.2684418638573642 -0.2094842980209495 0.6395007632567438 0.1374604498860234 -0.3538805012081269 -0.472965848986597 -0.19864752978366648
0.977 -0.40601531921177464 -0.010592497303179751 -0.15087802080915105 0.18502304092259356 -0.23216932615027971 0.523628036417973 -0.6785008438094003 0.5881947885044568 0.07733969092867884 0.5114758736408268 -1.0249922964249345 -0.09515186414476069 0.4651326686126746 0.6305378063891895 -0.38038188454402083 0.8772120533455421 -0.929717372602437 -0.37622832833295267 -0.17765623989081986 0.6853381046756969 0.4551390480602432 -0.5519541494994804 0.009185369130915203 0.8598191046209346 -0.8942739912480336 -0.5498538154084512 0.3926999033713675
0.8898991907423082 0.9126086838403544 0.0005684931521161221 0.7466639613222157 -0.4936212351510379 0.3473616140781965 -0.5340627485769398 -1.1496106787894402 -0.814370319421848 -0.6899505545915677 0.2858546136594934 -0.4932218716750093 0.6029167602059444 -0.3897584285862771 -0.720327011384152 -0.854812921694557 0.3716092783228831 0.5320786184610434 -0.5402434364093801 -0.9678125702133844 0.49315339455423013 -0.08666558036368369 -0.9241674022503674 0.07907070409613054 0.17874181493924976 0.2002966715466121 0.7147581081982626 0.7808998482410183
-0.1358007841094448 0.37120639306979264 0.394229306087932 0.5863793705231466 0.7459448289235454 0.8964010370535014 -0.19730675597383585 -0.23120905755912272 -0.6351997926532774 -0.8071337523612493 0.26585877079839126 -0.810826121159899 -0.46600558102379114 -0.06004720677597199 0.6415971402068211 0.5547314680636327 -0.6955413174550023 0.17068079274192458 -0.4819750276738968 0.09496678937415547 0.18353560657882814 -0.900430896749867 -0.9288976371016255 -0.6531128291132219 -0.7708047256921781 -0.7854339564324831 0.9079774177090694 -0.0847002802925861
-0.7251 -0.6991 0.31966738503281084 0.24147925237271803 -0.7422802493689106 -0.5527280416834279 -0.9649088111905262 -0.43355194888158216 -0.13617559224826317 0.1695377195479456 -0.4317828224298314 0.17465676557458149 0.6254911593263058 0.4789532928169381 -1.0780327108770287 0.6398974981157338 -0.704815409999992 0.43139687077054834 -0.8215479131742682 0.5082272204262567 0.34532435377108284 0.1501302696997494 0.009824318688476025 -0.24621511350161632 -0.3489437448513106 -0.3078944901621326 -0.5556251620612169 0.2144
-0.3667 0.0498 -0.6193389029564883 0.004100920882708968 -0.7476355475098869 -0.483046807121058 0.6829808389513343 -0.1617720536552234 -0.48529797489706034 -0.7910641829239232 0.516460699325019 0.31646397529207654 0.6713692263802289 -0.1062663877427742 -0.6003602646117103 -0.22411577889998974 -0.693259453113988 -0.3907452015238758 -0.26477466772705277 -0.13197977205288858 -0.712900193564216 -0.15112483733333643 0.9626204606857099 -0.90961432028463 0.5361413016853913 0.12495158165225467 0.6985858583283009 0.046
-0.9991 -0.4808 -0.7710881644405957 -0.09316233911779839 0.43463990726295354 -0.2890040192931064 0.5483161064548041 -0.9719865395828405 0.7481416117386347 0.29832573083163255 -0.2012073723371941 0.026622474126996105 0.8657339161678933 0.6463269076338167 0.6028961375538175 -0.5970643776578327 -0.1307714607873186 -0.4362863408238242 0.5605700832169819 0.9255742692717045 0.7994911682014383 0.48449763987613026 0.9381235184122151 -0.12150949148912808 -0.505297601108531 0.209116856100296 0.21667276353442919 0.9496
0.555 -0.1514 -0.5492 -0.2261941152044754 -0.8518265028622418 0.7306800678386961 0.625142060222961 -0.5028418531352996 0.8039420092005204 0.49949705419229473 0.1898580020461394 -0.7101429246892574 -0.9228587089722056 0.7412759885971298 -0.07237778727163469 -0.8765015055236667 0.2676101300481936 0.0935763379215292 0.4048324469620692 -0.6903745880381961 -0.9462405284270107 -0.3191311762972426 0.041578928805326876 -0.911807844849653 0.6587001298566344 0.08410000865818544 -0.6438 0.9931
-0.1488 0.667 -0.424 -0.304 0.3478211250775668 0.3029507425444971 0.2462233780568587 -0.2291016787638812 -0.3542881500148829 -0.8410905503617223 0.5417979382581032 0.17053424526735791 -0.7854942719166831 -0.16891379422850286 0.9587795982180926 0.38242001504267453 -0.3791336228473727 -0.06841209443823326 -0.6968282945561342 -0.880325100763101 -0.592403741413308 0.0675984040142962 -0.7260845668120747 0.8427626896586887 0.0533 0.7067 0.4219 0.206
0.2785 0.9758 0.0625 -0.1889 -0.0349 0.1354 0.1137 0.7576 0.6196 -0.0739 0.4676 -0.9299 -0.42027231457563724 0.04346009862204996 0.13119941637683344 0.3030999756794973 -0.2319 0.9922 0.4672 0.945 0.7902 -0.7036 0.4953 -0.7607 -0.361 -0.3333 -0.0164 -0.9812
-0.7928 -0.6864 -0.307 -0.0763 0.4656 0.5248000464937037 0.9978184815013263 0.4917197097544997 -0.2007617597463672 -0.50309883973053 -0.4288122441934884 -0.9964631593825897 -0.6464309934419002 -0.727091480410653 0.9648730757902376 -0.9492984150271776 0.0023944068708603625 -0.38434541651562343 -0.9604026659968932 -0.8920769551046973 0.2985916355450307 -0.26314964424416976 0.5425472910376576 0.529315801940383 0.5679 -0.6759 -0.4239 -0.4804
0.092 0.866 -0.1859853809512105 0.17159935363006842 0.6864657140887142 0.2628199378675179 -0.5765151826658196 -0.22889608063336866 0.529264917287029 -0.7381232422304359 -0.3202423488974767 -0.602048560040272 0.6376162147063916 -0.7142416713087762 0.4344195566964579 0.8992916333869795 0.6554555207679058 0.15357120420335377 0.33774374869156143 -0.18692631164933612 0.10946252914179695 0.7255575448928723 -0.8430603515382254 -0.7175048549908435 -0.5182473499657685 0.13320340204437373 0.3451 -0.9212
-0.8552 -0.6134 -0.1298678514670795 0.11070161475944043 -0.2439203929907119 -0.6670651622071816 -0.3514049595543707 -0.6625611556916667 0.3648164236668603 0.3666519885461799 0.5718451298062337 0.03015580148584171 0.4693946271879568 -0.48287531349005614 0.4641987924676422 0.7465170499872198 0.7940484213543135 -0.7585782952938438 0.18111805177571552 0.5417878846145577 0.11693897085113533 0.7855054477052256 0.044440799623327615 -0.1549662948183571 -0.01618293851471555 -0.3043362843196804 -0.6653900158360112 -0.0331
0.8781 0.8308000010241844 0.16369303295078677 -0.6534176973680759 0.7368447141417729 0.7997898689572005 0.3704418817405039 0.7485549307493806 -0.8400789797569097 -0.8812635440002028 0.25915475081431844 -0.40960123231889306 -0.5091672976919895 0.0506449316298161 0.4203413268837493 -0.30823058657541647 0.21273514601174204 0.4849560352828032 -0.20679329637466365 -0.43133239639053833 -0.28866890166898745 0.7205486840858825 0.8757032086671076 0.020819869330216713 0.5497062328334137 0.4805551616377201 -0.31975774387396616 0.7974170469093266
0.7963 0.9644 -0.6028030493102033 -0.23194431189137146 -0.4068414997771793 -0.7383497780595355 1.0103898848189232 -0.3965321831300703 0.08271811029578119 -0.46529096382368296 -0.036368092534020555 -0.9032915945461436 0.5439426006685419 0.6626117266905698 -0.9010962870278464 -0.5112290005507873 -0.8068104553975162 0.5622038902134954 -0.011780632663377625 0.5034282621788617 -0.05836853923873086 -0.7634063922081004 0.6440931754594679 0.5596143191583777 0.5566373109612481 0.8201500316852149 -0.6548720227200316 -0.8327761242153899
0.163 0.5313040615957013 0.7042278359956007 0.8252709983065146 -0.22939663376360897 -0.5483121389095471 0.7970956592118997 -0.804411802128336 1.067325104051286 -0.8210418257555067 0.6932006304473053 -0.21891792559632575 -0.5407957423965734 -0.2671045516621084 -0.8645522706575268 -0.8885486630444313 -0.06767263423313709 0.3868724026635665 -0.22842956891819372 0.011292647689392374 -0.46975431978917476 0.30316799548486717 -0.9015891901513866 0.9002637050941558 0.9121345200339336 -0.9012711985058903 0.7834685974331526 -0.6682179130844754
0.30610138617260885 -0.47963858970021456 -0.1731488474354887 -0.7676417100855233 0.37278478560331024 -0.900670312787471 -0.6560952328583022 -0.12658902466973146 0.6240364124828213 -0.4167211040124126 0.09275878797562268 -0.4946304000440178 -0.5012754971909134 -0.5606358954948572 -0.30854295404867016 -0.6223680830146311 -0.2164448883378816 0.9003037102182448 0.24869148284571968 -0.25225030519338976 0.6867339777633963 0.2419612116432764 0.20500686414124378 -0.16897491644418294 0.5036425672753005 0.1735531018995499 0.6935701520167769 -0.5316942847989538
0.3949056334415846 0.6414554712361499 0.6823803982078367 -0.18650718134761424 1.0131421307316408 -0.44735984914115995 0.46668268464961976 -0.7303386751844404 -0.7097826675565345 0.5852474945376922 -0.3217199958430861 0.23057456351003347 -0.6051147988580851 0.7281586136293962 -0.0954183213780087 -1.085040510943332 -0.17932094835469392 -0.20835444769557696 -0.3198563381756142 0.6974863696025533 -0.7170549352701445 -1.0836604736368733 0.7598924603041378 0.15520411536045275 0.4389855148319654 -0.284893312781371 0.4609660653887671 -0.43601800032939286
-0.18309908541188696 0.17862655947968573 -0.7861253771364402 -0.23669525771595884 -0.6242342785732742 -0.9489064933538888 0.8504461987289309 0.4764379070562534 -0.29478819615637775 -0.9559638071124131 -0.8719312485583288 -0.7369249818204336 -0.7462718705467348 -0.9719562160071882 -0.40059636453998226 -0.5302409370530433 1.0093572351208302 0.959676276839577 -0.21880934758467058 0.35222932999112444 -0.36674169900853715 -0.16695984987872808 0.3273331991431886 -0.1921645228448634 -1.0269982643057283 0.41298903227881156 0.478353706830556 -0.13526329408247345
-0.7046988656393804 0.7958327510735799 -0.8318032751766312 0.20880525444578496 0.30157202777424336 -0.3108019630989976 -0.3934823826687865 -0.30444011960165335 0.07659684934447421 0.14351819374121347 -0.6608699446039149 -0.23625178790056725 0.1855759541311436 0.48431332416817746 -0.9924864535644737 0.6363030283249055 -0.06688051536230234 1.1926611593326713 -0.1841164249809603 -0.4050654882860901 -0.5064684704019486 -0.15826817905148927 0.20482177345462366 0.6120220617057505 0.582726202420317 -0.9918045135948047 0.8363605233168702 0.7386822323867949
0.31094603498965184 -0.9369621636214719 0.6617866866785578 0.13171781182293602 -0.6398267212686355 -0.3033976693267981 0.07200951666929198 0.2755520332919911 -1.0838126589409833 -0.7071081619422868 -0.6935820019958227 0.026563120379672202 -0.36131915050090674 -0.7813735749215152 0.02131621739386386 -0.6058993382040945 0.9360963036109963 0.668548130030972 -0.45258605867497587 0.23528610167629174 -0.07477704357401223 0.20356678713744314 -0.7941431872328285 -0.12917933139863383 -0.7663617395384876 0.4406343572266548 -0.0787253127802919 -0.977193731097018
-0.2908186129678932 0.4898571859049789 -0.07878480602656084 -0.8548266484196261 -0.9524522541248296 0.9372684784366629 -0.31445100261695735 -0.43319655245086425 0.049307113582585556 -0.32853170867400705 0.3900725807149461 -0.48508342715542724 0.5080254177051483 0.40355276431151454 0.2255917711693561 -0.04804773114133363 1.1145966010184907 0.6825375219759289 -0.037383856627481254 -0.9735542053768923 0.5430365009204048 0.3852177613276359 0.6852507615709788 -0.001349599649723885 0.28307506480030925 0.6774487352501914 -0.43670007686655854 0.16298673948094747
-0.4220999943324082 0.23591493536623784 0.8485970122027641 -0.616201455610898 -0.874743015970129 -0.9750018323578449 0.17783958785945095 0.3837152598486171 -0.20711667718731566 0.7163527612472499 0.7848243392267702 -0.21168181929480465 -0.20011585023586048 -0.6705031302044845 -0.3085988687980338 -0.014488362705870358 -0.5796624537477808 -0.6410613216650493 0.6672196994513238 0.41375606599607234 0.07946399093034111 -0.05169702151194832 0.7912467651810811 -0.7523197477950099 0.8511668723790939 0.9096135440705979 0.3306497155090008 -0.5695191350809891
0.5144649933878152 -0.6500725484233979 -0.7274612529795684 -0.2292110538345897 -0.43308699912656784 -0.8948935880271827 -0.46272030425886085 0.7280623414082555 -0.35680454381412813 0.9857379582030402 0.2122395648729805 0.7074158172619499 -0.04259933203942416 0.11948900666473421 0.6456374788424212 0.6999268025832028 0.37565880000846236 0.540513944699298 -0.49201205539284343 -0.11137421806772765 -0.09261436175000735 -0.291130253488087 -0.753334367646237 1.0233410628835642 0.2164897605217345 0.17845739867472335 -0.7090206277600815 0.8459841435247486
0.5260885483346774 -0.11671068298556435 0.1293798543949076 0.9467991598249956 -0.9379457246236853 0.26138083900538506 0.9643998584099526 -0.24837376634875918 -0.43067376881492186 -0.2680805853578344 0.3671482945399128 0.553318622605681 -0.372919332485601 -0.6585796529477841 -0.4668566132365522 -0.6898304040663512 0.7134196409093999 -0.6904704653587952 0.5584728655340385 -0.21730552548052692 0.5306784471731366 -0.1973118879278993 0.0006386099019891207 0.22226521130761923 0.942309786212655 -0.9794341045779356 0.319789866555703 -0.48271655749884396
-0.9210999327021158 0.8850388484478685 -0.18158011140105187 0.15755911155758465 -0.5460442609174021 0.7854016238643783 -0.3557071681952238 0.2125268507764518 -0.837836090451017 -0.8444696202275911 0.5869094435955651 -0.16796861019050646 0.5009545448901748 -0.4276478617272411 0.9308022980465235 -0.6200264054314547 -0.4290260638885501 0.8798046484827136 0.41589321523512385 -0.6188516676122926 0.28152946043104465 -0.5354636165802994 -0.8024951141228548 -0.034752611802182365 -0.9040277142116572 -0.10213349657607022 0.4089529765266624 -0.36301357803473394
-0.3137 -0.36862392881384354 0.10832590187968746 -0.7376274043458957 -0.25508195586405014 -0.2914416158623613 0.5236481107039788 0.22558910856494682 -0.989607356270956 0.6259366054703618 -0.5190450002216902 -0.17626961561153334 -0.9805884256207372 -0.5282597815085216 -0.8021879367567947 -0.4793405444106861 0.18522345940095467 -0.21347621763363198 -0.4266776161205884 0.502070967436494 -0.01739780263357188 0.9018398572421998 0.029835485150455466 0.7044149607884824 0.6944893656191304 0.17793330639165375 -0.9224936015968171 -0.29149966509485115
0.8742225446930371 0.5789044326695133 0.22994645568962852 0.7131328995216346 -0.1707442730497335 -0.8899286702502708 0.057567203546736986 -0.19031935520829316 0.5705097000833114 0.1905823546236717 -0.16456575773870571 0.07092661832843189 0.8755397101271859 0.7004989081399957 -0.917603327755543 0.8326588146030525 -0.7514803154602805 -0.47162265888964894 -0.685794228180444 0.9454969809152022 -0.6321786276006917 0.5201655931547681 0.32457153980792236 -0.8946178360788805 0.6671500070605182 -0.7517176113672385 0.6924781678256894 0.5726091915788477
-0.7068 -0.9362884716766927 0.590169913316627 -0.24885687560941686 0.06742153498833482 0.8369409065181483 0.6977039340536418 0.3480127690650459 0.20238683652799716 -0.6702597780036281 0.6517644024139946 0.13435791213090756 0.9171542220101411 0.6379662198278788 0.2726989298024367 0.2431657495121144 0.9653875046541799 0.7756031807376977 1.018030413662477 0.7089247911681391 0.18192323510350364 -0.0654112354594314 -0.6771144515897031 -0.09772918304903216 0.23799259914159232 -0.28133694760933026 -0.3637869650658262 0.39069353357001424
0.6495 -0.51432306052066 -0.31700155638568883 -0.24512049403499536 0.6634853884911557 0.4167286284397118 0.0001388699445998448 -0.7672337498371643 -0.11557883538079719 -0.8722088226643705 0.018734744289019858 -0.641740339402863 -0.7792839379093224 0.15136715242200718 -0.240204357156074 0.29992666538014234 0.35816290455032407 0.6614028316589261 0.09827600726021977 -0.679772342912171 -0.20521740811946035 0.6983311730622966 -0.11961598025807944 0.6464394928137168 -0.8726125430208497 -0.8756894484243182 0.002048094267567277 -0.649599477034109
0.9683009852107988 0.6400594078338786 -0.3094922355651047 0.157246911158891 0.896742892437832 0.33746023578278556 0.707771197553028 0.10627802182235047 0.7416173756817579 0.2097879131955593 -0.7293246079653157 -0.7326647676734352 0.5967668765902641 -0.5924759287988854 -0.7299843811255855 -0.08639885835341204 -0.6497228618065898 0.9727832130501893 0.856079200947389 -0.7571626864424239 0.6680991867959489 0.8018238054938884 -0.42246484026733794 -0.6380815300435427 0.23422345733980446 0.5013061193749978 0.3568083172046478 0.1780993236130814
-0.9980990454053138 -0.9675916384787316 -0.1132873406161832 -0.10833387302397407 0.8254554854714647 0.3130732024446435 -0.13045398937362576 0.06345857209140253 0.11933210421404201 0.4726461764285623 -0.05663726648608884 -0.6586736067754015 -0.04392495741601294 0.6914329723675392 -0.6158258961673014 -0.8670940785374757 0.059334513829480975 0.7615429829211892 0.023152335751663936 0.09586154486814229 -0.03897479721278779 -0.4061783303943112 0.6486131317403835 0.721017900453438 0.33218917489947913 0.1419890933196105 -0.9500853554155966 0.9268987507412307
0.6442 -0.0348 0.7489967552416593 -0.4634771543720006 -0.11617246134424018 -0.3437383307339931 -0.336229209074237 -0.4469630610326912 0.8502451387131033 -0.4998890777269464 0.6948529764049943 0.14470376932999876 -1.0221111028375007 0.7943923477392976 -0.04030030818115937 -0.642889290027719 -0.12056812143115014 -0.9593235272640148 0.6340582946729698 0.1738211820745801 -0.6637396868781016 -0.31141672468265796 0.6551767076407321 0.911360879437054 -0.3697079201911021 0.29377796061489914 0.37041202042953103 -0.3663
0.2628 0.2396 0.18434235905548219 0.33063939147629323 -0.6034887952297803 -0.9590116593403506 -0.24473048701928077 0.3801446556523105 -0.5035580883859441 0.66419969927858 -0.6810284159647564 0.8053654950955745 0.8449714682051023 -0.8347082473354863 -0.24503429019419742 -0.2592832002607384 -0.08767597211397676 0.23631195864192434 0.8607771939685034 0.11699347439994966 -0.0748776705875354 0.11606397691125561 -0.24418769753841976 0.5307453747377124 -0.05285929416398139 -0.10508256931229007 -0.38324657524564065 -0.56
-0.5166 0.4884 0.7977974215684053 0.6584990265713176 -0.42093633870078895 -0.605459569386708 -0.9959322143730563 0.48979116686081753 -0.7437478027608094 -0.013315896164363475 0.4597480767910365 -0.564237705978378 0.6919106155299604 0.7521289140894927 0.8804604113297921 0.12675401809046324 0.8970147925512522 0.08649282334812791 0.00907834840675487 0.8044375923869052 0.2931593089896014 0.46421937220957454 -0.022664045514493934 -0.13548570340421404 0.536288276526674 0.46802471114311295 0.18675669168573442 0.4039
-0.2426 -0.2868 -0.97 -0.9449028354453343 0.5073680038392484 -0.02243652411519161 -0.6478801278351553 -0.10956742425984332 0.7840031624254361 -0.8184019023725618 0.8765808147506421 -0.8667094306964624 -0.696786713721269 -0.55518981485126 -0.626699135970304 0.33129177646094393 -0.7789715223638319 0.9563030185229702 0.868744262431648 -0.4773897435055948 0.4650532478643384 -0.3351738736129189 -0.7961545079967082 0.5537251657720398 -0.26149998287546844 -0.567999976735321 0.8224 -0.5814
-0.8571 0.6023 -0.2953 -0.9549 0.0835001125026429 0.9405018082628591 0.04330123160655797 0.4259440621231571 0.7039013189759461 -0.40916419168064 0.41343606868511923 -0.3652676217626729 0.7690891806089774 0.020023311340392706 -0.09969096981516493 -0.5110379230461997 -0.931869820488331 0.22933378368895463 -0.6381080630445273 -0.682362788886206 -0.11727681345450676 0.548074140815707 0.714676093543897 -0.11567531192173468 0.0195 -0.2472 -0.1741 -0.3533
0.3963 -0.6059 0.2353 -0.7892 0.8637 -0.1564 -0.6368 -0.3045 0.6902 0.8858 -0.586 0.1933 -0.49513474223681836 -0.9407962193486753 -0.6986013048756442 -0.6014000543762369 0.0564 0.0813 -0.6509 0.2151 -0.5137 -0.1391 -0.8944 -0.106 -0.8051 0.2632 0.5718 0.5722
0.1522 -0.843 -0.8076 0.8952 0.3939 0.37629904425156085 0.32104646432617906 -0.6141562655562205 0.33564784839634987 -0.6070299247908186 -0.8900782839235649 0.3426807627699842 0.2487500907614741 -0.0630045784982146 0.5325137543431492 -0.4426112251820898 0.1406007885059415 -0.6527048503534322 0.036285958706984 -0.9420780865690367 0.277689914135878 -0.7697286644748164 0.6844455463432823 -0.8184059300135472 0.1493 0.2442 -0.6061 -0.211
-0.5997 0.8199 -0.06450731949324022 0.8448999425750668 0.3138808837107787 0.9646568919378801 -0.6312591021767748 -0.09655895777932004 0.72003515681358 -0.6072780252810338 0.4168771439906593 -0.28463515803594214 0.5654972248360896 -0.10393984347232488 -0.8444400265055536 0.3296971744682875 0.1602061751359296 0.5549224565470808 0.5576824917891714 -0.38948797509776467 0.27419896573612024 0.2336509327046826 -0.7137463757686557 -0.2409136611962185 -0.7470426340334428 0.6450214365035061 -0.6046 -0.6337
0.3954 -0.4574 0.4720838632490641 0.12937045941092734 -0.44674377129072534 -0.2035783933461728 -0.6767483837921644 0.6624356636157623 0.6884198616762209 -0.3603985990215983 -0.040342747988416375 0.544743827749657 0.36543736614764 -0.0785652246250317 0.3802383099941695 -0.5357314777928808 -0.09851227285043546 0.5643044843706417 0.44169210118113145 -0.9613775469194542 -0.4511903135125937 0.7404661539416039 0.8141302473166543 0.6409988801458869 0.02987010026264628 0.7611001494284331 0.6605326955894613 -0.5017
0.3862 0.8047975174335303 0.20689422422273712 -0.30706586159598065 -0.9855769506799096 0.3077256967596818 0.0961473285390557 -0.5384437862435769 0.3130806165443508 0.6460687665745444 -0.19248729845760038 -0.9840888074343973 -0.22928260740948922 -0.12364054713189158 -0.26055254576542525 -0.7699612206917252 0.12828734398889466 0.2963495121814641 0.7551467338031425 -0.115565885445266 -0.08124884439132564 -0.5058643479202026 0.20486881135958265 -0.9972984438581184 -0.4947754905586551 0.42747536793854335 -0.7919978693688108 0.6999125084902779
0.3769 0.9062 0.6846974477174009 0.1235046972452112 -0.2624999361869233 0.34590067135176467 0.029682236686762325 -0.8824846234090016 0.09051325985119404 -1.0299700776146932 -0.36253822811183417 0.6171531917415957 -0.7194064744541976 0.41948911898934865 0.8020563412393595 1.0734767067273563 0.313045018435953 -0.2192348660234801 0.9407429875279042 -0.6317609084144755 0.4066401058598626 0.5450615359097664 -0.7736618545483626 0.4533801268784768 -0.584935297218665 0.04361433183768368 -0.8276703155854551 -0.8473548191900575
0.9717 -0.1530110618398776 -0.19841048828228094 0.25306354082723376 -0.755064090950175 -0.14744259625318398 0.5171692244276891 -0.19864230036151498 0.5137583482144013 0.41494255446307565 -0.6666884507589242 -0.314897172283141 0.045090878508044774 0.0437835330609896 -0.6839522513403217 -0.5406936909875458 -0.2724081544297734 0.7999079471900977 0.2165950511370815 -0.10585093681025438 0.24855013348709662 -0.6513249711989401 -0.38851020046271445 -0.5606121662524979 0.3805772775916806 0.1776689329699361 -0.6845998618010789 0.15672974218862687
-0.6347000000680293 0.7957498418927075 -0.7951655823409793 0.01806261588541495 -0.178214591411744 0.4407933528233637 -0.7195507834012674 0.13921374298927286 0.05232380766105001 0.6697434961365373 -0.06187038089583188 -0.3755518514169558 -0.3716412636744915 -0.6358187860876909 -0.5473127539015871 0.11427143650542337 0.2718632101597053 0.4684867327815112 0.12827785959266857 0.625369392468462 0.8104362011156776 -0.46055600913822536 0.968448702157802 0.42959155827861967 0.2629361775048877 -0.06804708830297357 0.8592096441739075 0.4002770427123001
0.5341999997235274 0.6281025299849685 -0.2867886151305668 0.7579311438107066 0.5641299052187447 -0.9795075576363855 -0.3534583803889613 1.0299629996725304 -0.3227032413396071 0.28447320519034547 0.7466355959554708 -0.142235884157875 1.0015785784652562 -0.2785376522846907 -0.8077751794158303 0.6304449615810017 0.20907731141576932 -0.7229512128958494 0.5239762978662615 0.7013129235435943 -0.24124099874709495 0.6870257004992303 -0.31021774486338577 0.18134495979739243 0.36088265359374155 0.4588071482377229 -0.568126142056446 0.1141552192800776
-0.07410000004488528 0.4172000567801795 0.2615491903931577 0.4488409832371569 -0.7954983969768771 0.02547938152719431 -0.5572806995313213 -0.1850778444266883 -0.729483386925002 0.7708598217503009 0.5559218603506083 0.4111160191307669 1.0846631300678466 0.9720078021777514 0.12145266695066054 -0.8476973835354114 -0.3756248482826535 -0.6061858439409565 -0.34368279315778 0.3324559035116444 -0.5746496513970109 -0.4655704979006976 0.618770873652202 -0.3590607158194174 -0.04015374332010968 -0.8429625918563936 0.5502821496048191 -0.24547038491520648
0.2440987070969293 -0.2197518665594527 0.5965016912025215 0.551458727974918 -0.8800297731058265 -0.2827492015078904 -0.5606781744721999 0.2929791143082061 0.7787318653888766 0.4454468486516738 0.3050748376903197 0.08772832107541166 0.959076202955906 0.8071191195562749 -0.20031513540281398 -0.22823160312610966 0.26209886027104135 -0.7162747972978609 0.37221776288677183 0.09410115849878495 -0.6168905323567526 -0.0451800988264232 0.9058566986523857 -0.36460003884711667 -0.07846572910269052 0.20271753004434762 0.16468691080579828 0.4201534585314251
-0.30016642019468276 0.7429360297687115 0.19089601926967822 -0.37307480671274945 -0.01870754848500926 -0.8371285573097033 -0.06879400301034927 1.1259488670089384 -0.4678470230658216 1.0112098156690403 0.21045859552461613 0.23095864539744956 -0.13828177176262013 -0.0003085353541654472 -0.7038791015835174 -0.767343233192774 0.089234160447708 0.9362445040715904 0.31641685908502293 -0.6575125976255936 0.3238751710362204 -0.2128267481824705 0.39634810699671985 0.913021845663856 0.4334148443533342 0.6819869887871642 0.09427826774032962 0.6088106123798165
0.3814992364255324 0.7516928893418351 -0.7693451847831866 0.04239854796349377 -0.8210527392328667 1.0964122273689683 -0.6521395101255784 -0.6578515679334539 0.8444523168025108 0.5563611024384404 0.37163303928929936 0.6630410471489597 -0.6798837096239199 0.09822810989692961 -0.7792211078099283 0.0681385068032761 -0.5522990748174685 -0.29599445074380715 -0.03323900030675522 -0.33738030981851114 0.27940437594253575 -0.5528498981564047 0.15205569308477265 -0.7543469468099893 -0.44505423508015113 -0.9195088509923157 -0.7001892105826594 0.8043320479840431
-0.5418001142937143 -0.2792999212938682 -0.20683678018295998 0.5155004602858929 0.9275745878931356 0.9932347763028121 -0.3310603343525502 0.41659585051123466 0.1634667978659563 0.3046421082346614 -0.7083152198795764 -0.7955887294818123 0.6491914466104282 -0.8172867520736232 -0.39109421523845805 0.6573365735816865 0.7459350066225318 -0.3131081721449623 1.002646192964363 -0.19599858962415925 -0.15051685096197 1.0540728847623384 0.5276165837676903 0.8487930121250592 0.6364434855775314 -0.6613341721709602 -0.6363199717622874 -0.4189468872881561
0.9693655253626328 0.249079199592919 -0.17068170947082903 0.6143725032691396 -0.15136238652965953 -0.692735409101935 0.11743015774672759 -0.6136970535963772 0.7613503709136756 0.3920295629134861 0.1768189866132934 0.715640810070768 0.603514129932052 0.12935306581348197 -0.4369698704709013 0.600536524087347 0.22191967565725637 -0.12693097795146446 0.24826865835276865 -0.41105701414716284 0.42423484494612346 -0.09837760439361666 -0.9376900526138213 0.19565656349553198 0.00625936271131831 -0.09647086132851954 0.7438850968363319 0.8950504053970044
0.5641542031150576 0.7526693838870003 -0.6753239991462646 0.10449575475908572 -0.5338021868521448 0.37625943200940554 0.2058480012721003 0.8080503149986903 0.11236951487358247 -0.765316885984832 -0.8576996948793575 0.20002895800542403 -0.04882064102544504 -0.10804335851288141 -0.30085633972951 0.45895236723043653 0.6226569613692852 -0.3475957721771535 0.27004998583551015 -0.18840926622884926 -0.5950025507997311 0.20967414687572633 -0.9271695011831393 -0.7098006554815138 -0.7451420041979369 -0.4565794561161684 0.11245864762534998 -0.5968405852694669
-0.0969000042470423 0.048159364827042195 0.3587422308016404 -0.7839526922979522 0.12050375701413762 -0.3890906794515089 1.0030943450526197 -0.8061353657297393 -0.3616997886800042 0.7251953734447465 0.9359989462813001 -0.8870850155409177 1.0245659769678694 0.15362252862583947 0.7019385791307624 0.05447942906516044 0.8334147474879567 0.11064490029037856 -0.3055565460174646 0.563305857886535 0.2945043473033375 -0.3193601386063321 0.3761634662408509 0.8871494797968327 -0.3856208962903196 0.041978325563763366 0.5938307772200635 0.7078958388585824
0.1841 -0.8805439380670947 0.4808255950478894 0.43282519449030116 0.7818558122676366 -0.03429306150751928 -0.7228416637044406 -0.8273755859796861 -0.09052481006583482 0.35111119373709204 0.06671384759233553 -0.1072167695800509 0.47942621663590157 -0.4686197346678811 0.4858870328590036 0.29243154420926654 -0.8531914448024946 0.936514740265091 0.9661256700817017 -0.23629962493280474 -0.36761429941421003 0.36239742941105635 -0.6287745227518379 -0.12510305779806874 -0.28337764753239725 0.6156952288913404 0.9264026393696863 -0.12506837771382326
-0.7221009388599277 -0.7253116853810386 0.7254800918597258 -0.3933417228573296 -0.23649098405931043 0.5823087810677002 0.7717688183347693 0.4761147739569834 -0.4899336940426844 -0.728173006014431 0.5494479011370271 0.33952193335934233 -0.04604969279211002 -0.7997497731879274 0.15463172446339046 0.8087004015999624 0.9120787388755914 0.49284649841697065 -0.7223292906866741 0.7379441302823783 0.7323368247140525 -0.7267765975129167 -0.4236319501539166 -0.8007705539719885 0.8697797028398261 0.3448744739424612 0.2524355550308383 -0.17102264058148295
0.8851 -0.29683079165442416 -0.45431069227627374 -0.4589940823450986 -0.6226245407851513 -0.3941196731010559 0.7697881322525082 0.63157229907505 0.8924030847675282 0.06005959638967579 0.71252852730761 -0.38971157176977494 -0.49077341235728683 0.37301691508411655 -0.7070464463605068 -1.03246815392814 0.2104360641734009 -0.26051999868263565 -0.3588208115637466 0.4600956912522464 -0.14102422378354162 -0.11955342497363264 -0.9319958344454573 -0.4645853317373116 -0.060633910609407975 0.3300585251730774 -0.9123568582215607 0.7207027182128447
-0.267 0.12218292056899849 -0.26167450759944627 0.9268504512920749 0.0828245299677861 0.5663099311256679 -0.26435367323827746 0.33536335943283807 0.41143891323955567 -1.0583078166271702 -0.2710579119084933 -0.026242510958613057 -0.7218849785361611 -0.398808195601779 0.21481734941084457 -0.9271522035260507 -0.9393513600147309 -0.08435273074571314 -0.7936761234760215 -0.5678319251356378 0.29646974512521007 0.29858217830235406 -0.26524723866968547 0.726842046615776 -0.2140348585069696 0.15946591089328604 0.7815296993912196 0.705999987745601
-0.9705025679170404 0.8097764304335611 -0.3851203063027789 0.8417365662326951 -0.38724910427649784 -0.2786473469293479 0.8343356940171007 0.12802995362522843 -0.6898761657592635 -0.27937096820684654 -0.6837665643626252 0.37213214116044563 0.38765367125701766 -0.17466405393868176 -0.7045562646908423 -0.810571086629637 0.8069301881381439 0.308486237504539 -0.6868617760050935 -0.7199874394499938 -0.3740097871935549 -0.5003863072027878 0.6033359973507533 -0.7775365974396719 -0.6188034354015217 0.24081990799044964 -0.4868201766474591 -0.6484992271291071
-0.7963024881172278 0.610485448291325 0.02518181006696795 0.6058335997956596 -0.8704100529227343 0.6013552463886015 -0.7309883928211405 -0.9022895483454936 -0.4035395725173104 -0.6029451798494366 0.6659975437569046 0.1402192380215039 -0.5111272345011021 -0.0023455931387456217 -0.15435586114009464 0.1515024205874245 0.358831123710246 0.32722033748195506 0.006754143136855044 0.04233360246336559 0.6224849179616289 -0.6343036351189573 -0.4670838768278073 -0.5914384219622378 0.7736730334462844 0.21008373048567552 0.5600920981000564 0.6129014274606942
-0.8072 0.6438 0.802556709484256 0.2825568647168758 0.5497163812614888 0.13928237766771623 -0.9743529871959923 -0.37904435046401924 -0.7518961790622205 -0.020249961646505325 0.19845058146302638 -0.8240325917539372 -0.14024799530224966 -0.42791433579496807 0.2575024511352652 0.6590139081662797 0.5450765336770463 -0.3879589963557802 -0.5953426372596463 -0.8631304724764837 -0.5650706262618728 -0.42036673741257985 0.7852221426197565 -0.027700024653806967 0.19756328398844084 -0.4173050373076532 0.033796016860475224 0.5072
-0.7949 0.3713 0.08455860836931517 -0.7105317043924152 -0.9667845297488304 0.5823752946539285 -0.13341921512136976 0.029491349477076056 -0.6146836642695883 -0.8986130468079909 -0.1279584868453478 0.9064986678465132 0.12261386851610781 0.21817478117117214 0.4552558313199991 0.8231324705381775 0.817002696849024 0.5368014370165811 -0.1485394301056322 -0.8558550301891946 0.9704943504201795 -0.8668508357856515 -0.890834450267738 0.6031907145708065 -0.708422329678855 0.6329140120188381 0.8197993291989757 -0.2731
0.4208 -0.6377 0.9951066523976704 0.8384364988722657 0.5052198525445218 -0.9385891474927441 -0.46711926748081134 -0.8659557224820384 -0.735895749517766 -0.37626083832490637 -0.8461135823442791 -0.26030964529050016 0.93436897972936 0.2192249109369942 -0.923276852630011 0.8706699147622949 0.48212149190874287 0.5821017937472556 -0.4122680375734925 -0.3158791179365373 -0.07040483302582719 0.07816835053329427 -0.815463029250741 -0.4816713868588082 -0.3009659820406549 0.5979996553897642 -0.7202007118206029 -0.0669
0.7131 0.7828 -0.3611 -0.039561607149229704 0.23414952020043062 0.33871426424559703 -0.33659183681984656 0.10288182779344374 -0.9279151972786728 -0.9783336737312339 0.7111438567623112 -0.28883401593694313 -0.0740599034305398 0.4987871951275598 -0.42884992370931335 0.40968053165765617 -0.9263600250057288 -0.38468318115838196 0.7918431993549302 -0.2147749701216003 0.9256424116065384 0.009519068665052036 0.638460810860358 0.0878288115613048 0.01000000010035837 0.8122983387230179 0.748 -0.731
0.5034 0.1348 -0.2256 0.4469 0.9121901887360053 0.26055132993654084 0.7315080378649549 -0.5081110844128398 -0.013018696993660133 -0.08430617653385376 0.5947651232121308 -0.42823933306341005 -0.22733595410687957 -0.4176408983207881 0.13719217726621605 -0.3251702612736132 -0.3075322592244282 0.8054153107667893 -0.7565269711738584 0.2349129598019459 0.5835702885687456 -0.8239031691636862 -0.5796710221275252 -0.1676000509629859 0.7186 0.7166 -0.1129 -0.0387
-0.753 0.1211 0.7408 0.1315 -0.3285 -0.7438 0.7595 0.9078 -0.0964 -0.1786 0.2205 0.3211 0.7393996421378543 -0.5645011624479269 0.5715995784515813 0.9431999824334091 -0.9553 -0.9429 0.1324 0.401 -0.1545 0.3444 0.4402 0.2236 -0.9463 -0.1858 -0.5421 0.9973
0.3729 -0.7712 -0.3334 -0.3468 0.6336 0.4479999999826614 -0.592000230382642 0.8339994704010116 0.6281908267420883 0.16422579747235033 0.09351857943884799 -0.715088558807136 -0.195528508190912 -0.7739990062503408 0.8249758994569698 0.11745512446596068 -0.15901951312717946 -0.4665202115553819 -0.8550000414781858 0.5170915502273756 0.7703823981030228 0.1656941858579426 -0.7869021220222706 0.14859750966505303 0.9604 -0.2544 -0.9076 -0.4693
0.4757 0.3699 -0.989300000061397 -0.7085000542384189 -0.43390212220958346 0.19948351121086796 -0.3120767203809974 0.6649978881419341 -0.6532866500956455 -0.06113240062142753 0.8074036595880226 0.22040546402148137 0.7958357553700348 0.574414593718045 -0.45585168719978697 -0.8016151031308423 -0.16852613080145007 0.9280872363645354 0.6720569131978356 0.9676734099225492 -0.08863072282959009 -0.5464820705116646 0.20577427535116222 -0.3795024261520235 0.5723282440729743 0.6922987108021039 -0.2396 -0.2161
-0.7153 0.5244 0.30179894061011564 -0.2138001536643727 0.16475435335523297 -0.666968149631668 0.8798095612060957 0.7775161450351166 -0.6334791733805702 -0.7174002328515204 0.839017105625997 -0.829601740016252 -0.30181916205884085 0.9004359408586287 -0.40083416634186464 0.3267028570403945 0.46051171978076655 0.33595511440402875 0.10343086833391903 -0.83055162660038 0.006007548405298162 0.9644974854686982 -0.9821151435496096 -0.4929056172564803 -0.1922789380196702 -0.5184193414658459 0.6991601092310564 -0.0344
0.5677 -0.9477000572941906 0.13817511591262094 0.7870023516943339 -0.6532058744624911 -0.7336625401487851 0.06103290923259525 0.3327960517918917 0.5548825829502847 0.8747107941994366 0.4034547683308379 0.2433523202433716 -1.062504638559974 0.1853286549572565 0.4340734437903221 -0.11070140201297607 -0.268257863431882 0.5889989242654737 -0.08020226536775882 -0.665390751115298 -0.08689891346905428 -0.22415807252581482 0.15368847481212583 0.7903631337851327 0.9850698439398328 0.01587827803749183 -0.4251130864113438 0.7518616091139656
-0.5389 0.8232 0.9502969859543261 0.8634093922661751 -0.005830238387836906 -0.8977028587772666 -0.5958020202068226 -0.22666894580946229 -1.136740072595562 -0.09115117323402859 -0.882821353735093 -0.08886023795112528 -0.3673916722633615 0.7320337975491573 0.7524899569119304 -0.9540133663418012 0.7191300965718621 -0.44265749994790277 -0.9023669653952414 -0.5922111589650175 0.8407522918515924 0.39057323880345846 -0.5431454668091465 -0.7843221945496293 0.514434147564965 0.9855126951122163 -0.29156974698339283 -0.644203331085149
-0.2485 -0.19690484382174114 0.24161792179990865 -0.8097347031946383 -0.48805746883624357 -0.577172816903154 0.7502024001964837 0.0004622108069476647 -0.7183219122853677 -0.9166716287540672 -0.9595947597601574 -0.5326679258285825 -0.3968086969634889 -0.36726694413653155 -0.18409143039251794 -1.0503119712845865 0.7753694622640731 0.43683776656796147 -0.00445966193020462 0.07542340008272198 -0.5486582656653946 -0.700897229986674 -0.8614776757336041 1.0742255961824878 -0.5101371807486752 0.40167296639206923 0.3414640265044702 -0.1718739870314357
-0.4831999839873545 -0.564855923683147 0.713179024797557 0.7400230922028463 0.017201221991777794 -0.3078492594639887 -0.9223802165690034 0.5826423023209891 0.7029472528201571 0.3159518834621403 -0.5892265665615256 0.22926605729123636 0.2668945281812924 -1.0236605075644962 0.28047927122803135 -0.9450517428408693 0.2269094472027913 -0.997589790298399 0.020361338412020355 -0.7357435854184046 0.20514317145147384 0.1675800520219742 -0.3577919821670401 0.31157943189731624 -0.29666700468140955 0.9163496839568211 0.21541369157314566 -0.06859726601672955
0.8922000650758085 0.7957662816704453 0.02553890034515043 0.14846893308509918 0.7170475824921192 0.23462499667779954 0.6893277283737923 -0.22680279228885175 -0.23371739996530758 0.14164249077510563 -0.26648111882927367 -0.3700353708229662 0.3451092054257469 -1.0539670495180606 -0.25923532285090517 0.25458781911892214 -0.5822131004226825 0.7047513908860473 -0.11313691535331238 -0.7898754183313431 -0.6042155894340092 -0.9435836695806464 -0.4884066732240384 -0.7894811784174318 -0.8210713626573317 0.3832970586734183 0.0344482979128662 -0.2059649017319596
0.5095000105650443 -0.6721903183387598 -0.7809847453448913 0.8300414166948128 0.2649764649263088 -0.8249976339083426 -0.12248930332453672 0.20270439950758676 -0.48693096137509306 -0.0755662062564902 -0.6896528579180984 -0.05697776857643512 0.7909995288216125 0.9249301222647902 -0.6679383940668747 0.1796724436705406 -0.07166958756191724 -0.970227450868733 0.5249824432040893 -0.3827653136845087 0.9326364773780926 0.9880490427902807 0.32015722608220987 1.0375671222942786 -0.6533231486063092 0.7668282210532271 -0.01682894088715486 -0.6497278352765238
0.9667000001572783 -0.7501650162411386 0.5330153254541871 0.6034218971190166 -0.6377289958239661 -0.8114348312960451 0.6351267140159051 0.3204167662034148 0.0669807614862431 0.38323103015168913 -0.19902163449243576 0.18592112566939442 -0.4686667731234316 0.6524511215859796 0.7235554909323813 -0.1452061336282036 -0.6578974424419212 0.32066628613830384 -0.0764784435145321 0.25190278534616606 -0.14907643901732215 0.9512005077182629 0.23014406073154 -0.32692135581470494 -0.1881056065544133 -0.27299319724446 0.31946493973794277 0.9734709450122849
-0.34369983111159064 -0.5731728369805168 0.9769789381639693 0.17013730231747265 0.9975357127609155 0.7022260911209894 -0.808475128299016 0.5866994664054501 0.9489473410615338 0.8474268797549895 1.14014060580829 0.2846269433346037 -0.002771365228496192 -0.4524509848693451 0.8068113422038914 0.7531763321777033 0.8542695498522892 -0.153360981693893 0.775895993401186 -1.001573977693382 -0.9415676175194855 -0.9224685386699696 0.7721130801799282 -0.9002372752596844 -0.28107932852535894 -0.5024075558321646 0.0483124649152377 0.7637586423344342
-0.5882970304994036 0.19545956223466926 0.6532779909813416 -0.2553324869558965 -0.43410198244148707 0.703092578540253 0.09223582282572275 -0.47583450506900277 -0.17817271854398326 0.024494176784069743 0.32091897479375275 1.0000155994196616 0.9530797758076269 -0.6934139234220618 0.07948497286702638 0.6111675759308222 -0.2854547277828659 -0.5999400606721783 0.6417196227551639 -0.3350387011784451 1.017014614640113 -0.12893616112210443 -0.26995259486767953 -0.6798850884299656 -0.3538434851414711 -0.7763514751281003 0.9797850950491055 0.6272333146388586
0.6918000691081622 0.16556293336744232 -0.8542271379300913 0.3906952454000278 -0.877850241590182 0.22390747902783117 -0.32543260363917365 0.7251346948802645 0.8497389696259526 0.513402103432048 -0.5950083678170492 -0.3710603367679571 -0.42174467627104506 0.6410835461333265 0.34594898645105143 0.8265537766895807 -0.08585681878766777 0.569535681570889 -0.14959782050987044 -0.0990614293254139 1.021528780085776 -0.8990266072156397 -0.8397490841433367 0.3309399531090636 0.7624123411054005 -0.18882924375779622 0.7842507475005837 -0.549816862715163
0.877724426831001 -0.30702290566697343 -0.4614323290256583 0.6835559699726236 -0.9167479871436107 0.39030435510933104 -0.3111301724462141 0.34407763513480377 0.8813543575840427 0.23211480526655603 -0.9049183374061025 0.44441836511525984 -0.13301582616344979 -0.466414544956583 0.21060111229173828 0.24381920084188105 0.683865874544259 -0.40767723442252524 0.8601052467153589 0.6674200268973012 -0.934141690626272 0.7501953506431205 0.13184082623514184 0.2587914359197014 0.9232503362499145 -0.460239518363319 -0.6163741355891722 -0.04240404507560697
-0.2754590753001579 -0.537711799474406 0.2788129194475653 -0.7177433085548944 -0.007208884034024245 -0.489831555235838 -0.5454594272151166 -0.38530533375822607 0.3534672930455669 0.18595851949863856 -1.0600784370991594 0.20667033946154897 -0.3828584035157935 -0.28411566103637653 0.12383118412246116 0.8501049778342468 1.062341141700869 -0.8433158377852624 0.9578277991697869 0.3878960481043659 0.3781891841741884 0.07079427360361669 0.14983891941993294 0.609414601842794 0.07725699630202755 0.34544628631441143 0.24947237316374052 0.83164708381795
-0.9431989776108497 0.07817368090715208 -0.7552904143381052 -0.9177545037528576 0.7134555317433329 -0.8088746351269872 0.7576253367673508 -0.741377152828919 0.8293799947970318 -0.36956667854362224 0.6179667637481265 0.20445517356053808 0.5983074041923321 0.5675710760434025 -0.1536085183055629 0.5223994190312864 0.6798793521014485 -0.7912446334478611 -0.5200020210846432 0.455053972258338 0.7348977393793679 -0.6323523175571811 0.1930076719922852 -0.6077397700648061 0.014235252191532535 0.9176219875336278 -0.2959549294039676 0.32214731838774385
0.6386 -0.36674904104993683 0.0939950739324195 -0.36939169306010355 0.6033114148475314 -0.057293629654434616 -1.0475153082691409 -0.8058288473781101 0.8598746111967821 0.613775710246087 -0.5164453223906017 1.160659108104334 -0.054513906073554934 1.1713358056770924 1.057906926909501 0.4776330924469618 -0.2689560409574423 0.30320325943462006 0.4268019510141324 0.6164541517663752 -0.45672977465336 -0.5241504714318841 -0.4043162927052561 -0.4122646741231227 0.9534230092217085 -0.3131808745091511 0.18880409911940388 0.5308339674241463
-0.21320011896267743 -0.927912763296228 -0.7910742259119362 -0.604340720692559 -0.865825988195147 -0.922906904970411 -0.8997917646425398 0.2974680322098877 -0.6688093795371397 0.6815939761078177 -0.3970163041434552 0.7736261991918243 -0.3169476421763633 -0.19058631691384886 -0.6571815498593901 0.5636159374160695 0.643034375265187 0.6327327207220416 0.7992346415355064 -0.7504541313855803 0.6663365920801136 -0.08469365298975014 0.035100209179595714 0.9081596049826034 -0.8090688706998995 0.9655303006590388 -0.382495663090858 0.6971408291766317
0.4335 0.6229370467015632 0.17499579418097783 0.1628734497049223 -0.5145687917111592 -0.08893031106337172 -0.8455467785502448 -0.17038946631783777 0.8747221934935873 -0.09984341360160055 0.5380221665642007 0.3879697775878265 -0.4132008891073631 0.15767919631824448 0.5279020312282374 0.9081494287950148 -0.7196279777057907 0.04248847206367576 0.07764738488616896 -0.15035189286190268 -0.8740337228473367 0.5288606497715069 0.026547744221889533 -0.4449420372900567 0.530820571360207 0.12506772863613194 -0.1276235810343074 -0.5880967662674934
-0.6087 0.13921391579079967 0.8402526059707678 -0.4163681964451442 0.7352396837606735 -0.5880003269385549 0.23988464200284293 0.9272660024888488 0.5678074994539786 0.5232832385525548 -0.26674408716007225 0.6001140833992207 0.3568371912017004 0.29256337890437784 -0.11245346044044609 -0.48385839774624545 -1.0683051183449253 0.5627802121359918 0.10670998846536012 -0.3194037344060762 -0.9386837873284756 0.14513706641737179 -0.2940935404496421 0.46948293713505435 0.10237751348485231 -0.5813284219453174 0.2693732542122213 -0.7236011103060562
0.6781001812193314 0.12744506777752238 -0.21947397560013635 -0.2539778924508129 -1.0518268342272499 -0.46498133876098285 -0.9410080699474073 -0.34142152989533076 -0.3697515388436001 0.24210236794731038 -0.9233207135346188 -0.32165316538954086 -0.8026334454310988 -0.15558508649052966 -0.4637086955669719 -0.4771896593388552 -0.5360970175058543 0.1369715430900616 -0.3758297765070614 -0.7992462948137941 -0.7477410497303182 0.5036859988477809 0.5293640073915429 -0.24431080701181934 0.00811993435272461 -0.5011877947022477 -0.44478615487133033 -0.944901454422514
-0.8144998244121855 0.3356851959997683 -0.744377434905994 0.20199940923544388 0.9395284561527002 0.11534334553846444 -0.6661822536413721 0.49276749098859846 -0.6746798541181488 -0.1701160640201481 0.6201469585331773 -0.017251144327838586 0.10474199486214172 -0.02059209279421864 -0.8649102707151067 0.23660545939155908 -0.5651084939922848 0.6791691560891173 0.5846862536804895 0.7475736260793316 -0.2711697209659353 0.31789481765037225 0.6621794639386926 -0.9215408769453677 -0.6608590908969206 -0.4906104887986503 -0.22180571712078104 -0.9220026862584563
-0.102 0.2899 0.5163933189519034 0.9874402870762062 -0.8391256836343423 -0.5720884012098153 0.2231086912471312 0.1533142516804696 -0.17715366568111293 -0.4323011179334307 0.6191675972853989 -0.03188127863826547 0.08839346593766684 -0.08262114025226931 -0.375689431088591 -0.17481409173716078 -0.24450606517157827 0.598269294557291 -0.08584973350984561 0.7045099083925667 -0.7692012470062507 -0.9490834425798461 -0.3264322571039378 -0.5776301411187852 0.7434626963038631 -0.9959735883576458 -0.37444995722084723 -0.0149
-0.9133 -0.121 0.8148467807807228 -0.35615039587231384 -0.8170105224591634 -0.8040892485406664 -0.2772905285880704 -0.9392622222746951 -0.03825582929391668 -0.2503497255047004 -0.2841330989315145 0.1656038541256021 0.6750491176423109 -0.026329921656943242 -0.05219785830156549 -0.7486607692189056 -0.5119171348441162 0.37867104066908747 0.2758725828478194 0.12294953682950632 0.664240900059948 -0.4417950519720551 0.5765427587585829 -0.8288231061595047 -0.4190385764375363 0.831165967246546 0.5985968857640247 0.7222
-0.84 0.8457 -0.707064562552005 -0.9518253245597088 -0.5912604530843387 0.9925047345441715 0.593468263797589 0.8193546934228624 0.16024784191039573 0.8821206988673319 -0.7260007642066658 -0.9579308200154346 -0.735040533340114 0.36770803118824635 0.30590475988302046 -0.5208929109064603 -0.6591900660947988 -0.25097831604337933 0.061247886663360084 0.008190048542244444 0.846067318185191 -0.6338303394685849 -0.8109747414143323 0.8769167753155893 0.8276480600293923 0.15938873597115802 0.34819669532804914 0.3963
0.8944 0.4319 -0.0715 0.5049854658535581 -0.8339865221126884 0.49272807737064367 -0.5913755789949723 -0.8967156605530624 0.7965865905754513 0.3912503587213048 -0.8160123193062954 -0.4182518648796261 0.9913996611814054 0.6686598114750564 -0.33542861294655574 0.3824941356820154 -0.2278056549832105 0.9286306175994444 -0.478206789073717 0.9714152477537382 0.27743917384048905 -0.20632906629590858 -0.8742750901652163 0.191074965658233 -0.13789998719598445 -0.7449001514667442 0.2999 0.1357
-0.2871 0.5696 0.2072 0.0323 -0.7917995427492908 0.7934092957897269 0.07112110548898885 -0.38163019541440724 0.8593973679623546 -0.19875965529573217 0.8324593608489118 0.901675556153333 0.044360639182144126 -0.4681716099818745 0.664327654943138 -0.9191314840397357 0.4934713598575302 0.30685624432556724 0.2963595779937564 -0.5375165173449166 -0.7397819986419835 -0.3262927306426354 -0.7192532282318459 -0.7023979315369634 -0.1569 0.443 0.9503 0.3423
-0.0067 0.2583 0.9689 0.3873 -0.3203 0.2174 -0.6612 -0.6504 -0.228 0.6508 0.4737 0.4781 0.8504397884629027 -0.7044890884747864 0.13300535797069507 -0.7871997767248666 0.123 -0.1636 -0.7404 -0.1155 -0.033 0.3195 0.5505 0.6992 0.1316 0.8885 0.3138 0.208
0.3971 0.9113 -0.9139 -0.6637 -0.0247 0.5542002877920019 0.8372139592418689 -0.47003177942925695 -0.46293403425526874 0.2035595830647244 0.05737316814135553 0.09380082915968495 0.5634751368515193 0.41549202797586865 -0.873517840706666 0.21971336626150476 -0.842075525924299 0.9416995421943113 0.5594196808037638 -0.03134098683858663 -0.614761684402608 0.7472226959001074 -0.4080830125658181 -0.0865576182392474 -0.0433 0.1023 0.5014 0.6812
-0.3814 -0.747 0.37359997675644313 0.7170000028173643 -0.5258910621876676 -0.5540902396572155 -0.8934135485716186 -0.6736252836179168 0.1943674602598503 -0.5541927446229312 -0.023112753938864958 0.38713058859069766 0.4163252619025346 -0.728724246173163 -0.20028319379258752 -0.35525134502015354 0.2045902543932749 -0.3710572769900114 0.6414072406062459 -0.9553906111137449 -0.4956371148446944 0.34328418848536557 0.9746851132486495 0.9600915965666486 0.7519498757185639 -0.6427467289384363 0.8007 -0.2048
-0.2709 0.8892 0.2578999488289795 -0.18789996013138127 -0.6081903470574784 0.1433270431868546 0.5587212667908622 -0.23509503078624358 -0.7506617131950246 -0.8239692615432967 -0.554823366398808 -0.4728660821116489 0.1409629035637486 0.963456685723885 0.9828627131166353 -0.2446974846393623 0.1853074884870391 -0.4255948603406621 0.07400669539660806 -0.18456386143402445 -0.20440099265304737 0.155450486949615 0.0970173926422726 -0.5868141981225287 0.23412800642703213 0.125152706387434 -0.42130195239817636 0.1003
-0.54 0.8583000055988922 0.08339997947714131 -0.27876450937505914 0.1694947351729586 -0.0624498488918104 0.07905836259764401 0.980063947705775 -0.4687287096793995 -0.2740098155552776 0.46727424180000765 -0.8067859805579914 -0.03996550938182945 -0.3817488966015742 0.07825378627296839 0.16267384226876877 -0.7874443395257257 0.8268868435772427 0.6400977785103031 0.5992790563444059 0.4239688155429783 0.5443915144163282 0.7975952601347551 0.9694811118762033 0.20890411691855099 0.3656330763755373 -0.9255742341098198 0.7144458498536181
-0.6468 0.5132 0.006609375332443571 -0.049735962761176776 0.0156558357771698 -0.6586663501983073 0.7107678425540356 0.9895296717972331 0.6183666287201661 0.7997466968320552 0.48695032334260363 0.6862822846110257 -0.4831657844852465 0.45511863726348306 0.635688810395799 -0.8825218976400104 0.43854927094761875 0.12994459966409877 0.16748261007394252 -0.03591389387274412 0.23872171187014243 0.713565464906206 -0.4139016788831342 0.10580702337469297 0.39106717725322915 -0.1951781787209969 -0.13204622209269123 -0.16868715210072216
0.1723 0.9511000073368598 -0.07341895127965185 0.3758367478706397 -0.6648511128612639 -0.9249150382316617 0.6238343911444663 -0.31393679005479874 0.7274485079334886 0.6558618499758251 0.3496477117913202 -0.22471932806385506 0.2956572135409459 -0.025864487957779264 0.08212504342904343 -0.3637384532875989 0.8819869135455513 -0.4446023470903872 -0.570007890324801 0.040027933764385744 -0.7212912433027209 0.1947091723002833 0.8021677046257588 -0.4063581418185033 -0.6796846214288517 -0.8049606319843075 -0.5210291555880527 0.12961702086409696
-0.4000014256993095 -0.4499747291971456 -0.160624581540122 0.8747705128809999 0.5077585026682809 0.14330488842700645 0.3217998161868138 -0.42109181606957663 0.20405311476641458 0.5410775272145203 0.9434686496278932 0.6085219994545776 -0.30307345972262884 0.8713290749185207 0.8218617910476089 -0.209971727510023 1.1523053366081646 -0.01783820623047964 0.6872618662297484 -0.4309891731628723 -0.675155275549464 0.5031611556286859 0.600567913930872 0.44648235986213075 -0.644072968314984 -1.0034763017478288 0.14851063309644083 -0.6323859220070177
0.8771942059208747 0.848555922071822 0.580705631085423 -0.9715278679703987 0.43294601009300115 -1.0007471358197377 -0.2965025622489062 0.6217296928346037 -0.14417519463667738 -0.6959616086199015 0.6704745744491584 0.5944958614533364 0.9227931211724467 0.602782755541769 0.8667890562457655 -0.5826600444555142 -0.2888653397426329 0.08061625733362186 0.15806166189489884 0.9080374276717027 0.627744800812557 0.030360840932886844 -0.6907382098560674 -0.23680025277356542 0.8265188907610128 0.6038263791420714 0.23173321598803528 0.6630273920121108
0.7852990593324144 -0.43228542537127745 0.5090142506114853 -0.7196792215275236 0.17090328765555837 -0.3867122790573153 -0.7255851252219789 -0.4051337130138644 0.3515697255941464 -0.3919123261743755 -0.6716884958455069 -0.8142792799721864 -0.9814150125664279 -0.5474980817761863 -0.9956767222738417 0.18706440424456455 0.06781823996656314 -0.7595042309550275 0.01967780098840051 -0.37446126143784203 0.8539702374384481 0.6196542867454988 0.6512602213283352 -0.5808066897117303 0.27460627452842035 -0.17309563912185633 0.3798337217257207 -0.30271782731906965
0.6625933116808034 -0.49156358578765225 -0.04051080311544707 0.260461193916175 -0.9543799465646267 -0.606634544401049 -0.3350186610346842 -0.6460593795583263 -0.4964202111790004 -0.8551679881015534 0.7171142795004224 0.321024207255056 0.47581242738947516 0.29369022637180003 0.641996800710568 -1.0623391695727198 -0.548901703412661 -0.2568622589823124 0.18584066844536462 0.39336934483363123 0.08156291586500394 -0.7387831046134894 0.6902654244475472 -0.25247842736678483 -0.2798686478688083 -0.313527043252297 -0.6015183709030135 -0.8441672034789259
0.26133906420609976 -0.3525396247102666 -0.14428760097391952 -0.925244325265706 -1.0379238846385745 0.21639152376910598 -0.726284563980359 0.7311385423367355 -0.7348135026112504 -0.04580840967559966 -0.1677185015310628 0.8702366447444365 0.2769663904929177 -0.12428056549597283 0.09826505803432985 -1.0241507786122275 0.4795790065171851 -0.0944001579399282 0.863166029320938 -0.4606730796535492 -0.3689211401892581 0.4392762003916608 0.5285974941798861 1.0752644079226157 0.33450817440973313 -0.7989839786358041 0.2828541457729435 -0.31009160622895865
0.5975896215408887 0.9631311616335749 0.01211291276661128 0.1844804588212173 0.8543176510753585 0.10389458727374191 0.8256743612966653 -0.14855038044248867 -0.5549688437138006 0.4067544817287089 -0.3540511586384307 -0.382508613712269 -0.6403817057925157 -0.526475339296771 -0.882965748240642 0.2572577368657622 -0.2906465668350321 0.20568217557405288 0.3170260176730209 -0.8193634212399693 1.017911750191745 0.16459220447110218 0.25031367187630243 -0.6259536702492071 0.7273280198139735 -0.6999808566478357 0.9073720363385482 0.9082739963251923
-0.29100119806197133 0.2310029147587455 0.0624584963847413 -0.14170082244832138 -0.9747095310768864 0.27602408000319617 -0.10695248789948204 -0.8115722476214869 0.4611924195078803 0.20473139565349505 0.16755593185490789 1.1111866851438832 -0.1684502727633212 -0.07704775597915399 0.6947588468058148 0.5713130289803807 -0.7393602850157045 0.4182830469966126 0.1746443654020354 -0.7835916847220856 0.005424734582959096 0.6108935558812238 -0.0797066860172773 -0.36408683374016715 -0.6567828895614167 -0.28441833713515735 -0.6156579943478818 0.3531209502293755
0.9629844341476003 0.8022496117956647 -0.8381074488062799 -0.14396828992826757 -0.3741275513864223 -0.6295032112890142 -0.9663596316996556 -0.7236029243362186 -0.9087942933438882 0.008598360924489911 -0.46028656470299883 0.7311956325356918 -0.5609478779447118 0.7034469769759337 0.9576026570439593 -0.486520728108897 0.5238551348649606 -0.8677604238618472 0.4920725764790809 0.8915228980384949 -0.8374701643829399 0.6690201036485459 0.34005394931849925 -0.32594246037982777 -0.8205793810213294 0.4260295743266743 -0.5707147274830131 0.6828739961938639
0.6539915832890347 -0.49399174235418286 -0.8366513361482093 -0.12858781436171735 0.9604745699000009 0.2435937047497755 0.9217661401710597 0.6983548530251188 -0.22513434559653944 1.0125466527330735 -0.06515523118215724 1.0004592070229792 0.9823477505786142 0.722347463529533 -0.4777102083448622 0.9007308994032103 0.2251811549905913 -1.0027585116039475 0.5869651555983354 -0.8558858109679335 -0.09381260682833222 -0.3637820927891186 -0.35098348351654196 0.6252425219063906 0.6389671370518619 0.8963501247020629 0.17641026028830287 0.825723581467703
0.5870810611428563 -0.7625621283297048 -0.4783892168115932 -0.34332901263132276 0.16772714977047176 0.5986922712952012 -0.17732923762528457 0.36812828354096344 -0.6183726740185825 -0.7790252614918884 0.8036810874870427 -0.36545468734299513 -0.5415274561502541 -0.09336615867158289 -0.8133056687856755 0.2129285619274694 0.10831973275024726 -0.480237912556331 0.5100324848048547 0.038232433636701674 -0.25149730686726307 0.022752696869652624 0.663826568846974 -0.5970196414724684 -0.7543505843721315 -0.39056630537562553 -0.9898126892020306 -0.5988468954918373
-0.2881 0.9491550792563658 -0.9975207623884421 0.845717040419902 -0.9495376112203683 0.7209895911029444 -0.6166190506179398 0.4505246321620115 0.472357993531533 0.08075532554251084 0.294527756585159 0.49999676433325374 -0.459532229978947 -0.35280006339039977 -0.6443319124086427 -0.9111390338306689 0.8062491327031144 0.42302111106558027 0.3531050221505848 -0.20607032059184616 -0.3794426843144435 -0.7717895128774375 0.44246474760520804 -0.7685701736067542 0.8040895732671511 0.6023651488034923 -0.7876520606657488 -0.7305057564634716
0.033844686120157334 -0.6410988397229864 0.1876111914602703 0.114622675729927 0.7491095971259781 0.5250405883263862 0.2025424323785986 0.5919397941688062 0.4741446900383424 -0.23599094027039186 0.7865468531825395 0.4525188907264725 0.6484744417200548 -0.14034232198120342 -0.2166748200188592 0.7655181871104068 -0.1321657581771994 0.7643177094045539 0.14536513949906193 -0.7570459118445432 0.5087791557627448 0.10922177837488366 0.39931314670603896 0.07067556951471515 0.8080058649758568 0.15875248770871894 -0.5785352471731203 -0.3508129832687346
0.8436 0.9939133820229226 0.9569200777691172 -0.9846603882606701 -0.8228113996873357 -0.12563793472452311 -0.6866743391173228 -0.35936048704683665 1.2151608601089174 -0.635900795467395 0.06349463196715943 1.10704266524608 -0.38624185568198366 0.5179070844456711 -0.28385660446663696 -0.7288245634750778 -0.07357101703322055 0.40349452640244565 0.9671261686467775 -0.6070146293642582 -0.46735143796345535 0.4086614320571262 -0.7431738859695769 -0.12943166358453825 -0.5040716568806246 -0.22110353530391066 0.363588450636744 0.44769203166045274
0.0749 -0.58934653338748 0.7896343967371617 0.3480396524773715 0.6237719024051677 0.7620771061300122 -0.3844537911635033 0.8888128717610332 1.1638050322649292 -0.2350049638216771 -0.04447807520288296 -0.5371518482231447 0.4059551009992308 -1.1764622573956665 -0.4971219629243103 -0.5808526424555487 0.6935209949385162 -0.5649033998461337 0.8321062530646852 -0.06654381244946991 0.6582238377005452 -0.6399888765815913 0.8699475750333232 0.2524376149273029 0.5141132265139741 0.23078637852970618 -0.28901183479659337 0.5261997672957744
0.9064984283272595 0.17350254709610202 0.4519528042634664 0.9006977740153266 0.3799460158719484 -0.060425006144043066 -0.6690700523344018 0.13505930635143135 0.7873407116142949 -0.2618612714251552 -0.2874963793162864 -0.1064418326038221 0.07223194367795491 0.2672094984190104 -0.20802246349085488 -0.21603563566288542 -0.5305669212424609 -0.48516585274338425 0.4433187053574307 0.5475215055511146 1.0291115225079377 0.7187818710316802 -0.632353096832041 -0.9306969706764447 -0.7345177516959349 0.7485513322644902 -0.3627160063136348 0.6732000187155155
-0.6066015228319143 -0.8178002958042797 -0.9294109611369661 0.2316791654778007 -0.3993713257185694 -0.4762884635622365 0.17107381435010172 -0.510186701179058 0.7104442220544048 -0.5437229954120737 0.28062711320309697 -0.5091570917736513 -0.6415658673597646 0.758728859218098 -0.31187103330601024 0.03470574573555124 -0.2793596595902184 0.8074485647112677 -0.19225276304929956 0.34838916439164946 0.8208324262506682 0.3081638172103527 -0.7287599137623592 -0.32599052227043823 0.08982612864118449 0.6976226788003372 -0.6847296862925806 0.8729000345667859
0.6902 -0.1141 0.06857445395303065 0.20867101871165578 0.30302443880272173 0.8197472947056605 0.7316572020007935 0.41145734405385254 0.9721073648379488 -0.5438103553010522 -0.7863311893190253 -0.14256141238950387 -0.3012300446005073 0.08230974140990886 0.4825227755760204 -0.8034834726937248 0.09077816800274488 0.7658153019438977 -0.30210389300504065 -0.693725304827903 0.7650648502832519 0.45601946688263856 -0.675109141180812 0.19398230061438956 -0.03256486874716606 0.2666255544392849 -0.8054670794284857 -0.7933
0.4154 -0.3453 -0.5776417309934911 0.6204511979891534 -0.9204628850327917 0.26608502028283476 -0.3720909038609852 0.9235260691357197 -0.580791846796877 0.8531240906278179 -0.6082011132057873 -0.8043949850027755 -0.21874060040326612 0.09821414866644174 0.8473910986012794 -0.7155479428525122 -0.698585353494379 0.4527732195180725 -0.6590296202844935 0.879156485833557 0.3725080147072791 0.15498092167239594 -0.11582314926900898 0.5342503652472698 0.024883557760657964 0.7170188905234786 -0.913800002525229 0.4644
0.6893 0.1688 -0.2853876723719835 -0.7087017445019682 -0.6195062727567462 -0.8327400502699798 -0.7486614306158609 0.007697452506290242 0.9059159189721401 -0.5124057881801367 0.21422639723344586 -0.1561093508616196 0.3917797863535747 0.8188380406609196 0.5345275813485028 0.26669540415834764 0.8958740197591551 0.07075270999438402 0.8884293964024669 -0.37801859051120423 0.45525940150030236 0.6978664460192574 -0.9760420933350662 -0.29348872927138064 0.5849406054193167 0.6649000252285525 0.5413999973203528 -0.9718
-0.571 -0.249 -0.2274 0.2210048469545293 -0.18642410218623048 0.06710858348733022 -0.4903345170450845 -0.6670937270630469 -0.32541428356270763 0.9341017805089032 -0.24954482483429868 -0.16174769694967198 -0.0034381293220392553 -0.5179572343526525 -0.27994517031111216 0.0006209587398057429 0.7182259586865605 -0.4618646446054733 0.6046231458562915 -0.9723858679873424 -0.14384814651849967 0.1320457783209101 -0.6967216173196462 0.1312392675914229 0.14969957999139202 -0.6145030776497948 -0.7454 0.1736
0.7073 -0.4581 -0.0266 0.7011 0.16254645797984915 0.33183145644511475 -0.4442915435722436 -0.05236094751133925 -0.28368295334658594 -0.6587087712832775 0.3528152084004192 0.23757375783243498 -0.5020255645051319 -0.8053638357706756 0.6793145992348779 0.6650441521970631 -0.6933126728245229 -0.6071080237836664 -0.619254707076382 -0.9801252090194139 -0.3779448079796167 0.03418579764513959 0.8368021046349379 0.9121565006170554 -0.323 -0.5288 -0.5919 -0.8286
0.714 0.9824 -0.3132 0.7808 0.9885 0.4283 0.8639 0.2853 0.5641 -0.9074 0.5493 0.1871 -0.8413988690639735 0.09280663016432725 -0.8476953779023627 0.8440001926101364 -0.8968 0.3282 -0.776 0.9437 -0.5878 0.3244 0.6335 0.5986 0.3581 0.2234 -0.8742 -0.5944
-0.5386 -0.8707 0.9848 -0.3588 0.1287 -0.8976999999999896 0.5395000008805502 -0.8578989632012732 -0.6649732468076983 -0.4807466340495669 0.8150933761911405 0.5007865441511767 0.5140970691381743 -0.24792352424044978 -0.020726712914082148 0.1300045034756284 -0.7613269063647962 0.01345838419611232 0.3904939808152118 -0.7741143220836137 0.49600955619376524 0.16781800901070468 0.6090579406005361 0.8157024608837361 -0.2218 -0.1685 0.2262 0.2227
-0.4687 -0.4466 0.22180000024293134 0.9063060663391381 0.7653021291671154 0.7081998415832641 0.53298880993362 -0.07107612550941964 -0.8631064133135578 -0.40899676677105457 0.3771539132156876 -0.7105954006435409 -0.07303689211720871 -0.1895333773622414 0.2518573013978584 0.8045685958497014 0.7871722236156588 0.7452063728502996 -0.6071855186482945 -0.19664507198148448 0.7253073254870693 -0.2716305010565861 -0.4811926297377365 0.980083265245336 0.23708514135896652 -0.5443017905241827 -0.161 0.0435
0.1038 0.1584 -0.04089972688164488 -0.18858233334074864 0.40452682873394535 -0.11759330675413086 0.46624860669510404 -0.8471004131260522 -0.9109922899538806 -0.142538087280837 -0.8663721649529813 0.8184538029844267 -0.29943243262551755 0.8564700573059688 -0.29502412530408884 -0.3080028496258939 0.3333788882938544 0.1786558100658884 -0.1937532009618619 -0.5488788567533934 0.6917546365925583 -0.801363655984656 0.5933266334232858 0.9425204053348497 0.9622138198252038 -0.30031876115865275 -0.47173404010537784 0.4753
-0.776 0.1056000696018546 0.22190106340104404 0.03262831080109884 0.8257814529681513 0.8303592828523486 0.4883282569021415 -0.2933386129651825 0.0051604596585282615 0.2573042727150409 -0.6814697136679306 0.5011911414117609 -0.6130657134377394 0.5819442039429871 -0.8542357052631574 -0.5057800638809288 -0.10168965182776556 -0.6631848122944861 -0.19901550413960634 -0.4109484561255214 -0.48386661111230383 0.9264284062025689 -0.37410536843425873 0.526879977426763 -0.6046382171908107 -0.709167696472963 0.4755939617918296 -0.8659476869269506
-0.8105 0.1994 0.3883829503118783 -0.008798594750311889 0.4944387069834821 0.8523507754363092 0.07530101050165039 -0.49638190182595177 0.6315387720873479 0.1260632825014833 0.8169567813139209 -0.7544013831166162 0.42429707651794396 0.5261694203472742 -0.04169658202620705 -0.9135480447131727 -0.13804949053249835 0.7778181122019768 -0.874298411317553 0.22234558023693174 -0.5841943887024628 -0.8574193175530562 0.37037656582419054 0.0382639809322264 0.7480198624293318 -0.926920379302925 0.11975712893803879 -0.16902756493098794
-0.8819 -0.9582999989644189 -0.6702408343716422 0.4686012578921416 -0.13217248952482588 -0.22022394510277477 0.06929436857076998 0.6619120339885565 0.13710652092136552 -0.06383965389427375 0.15164020039702453 0.5557206948856702 1.0547184478353675 -0.09818414597843302 -0.16330043746658024 0.2849634515164996 0.3464839140097155 -0.36527001921096497 -0.3796276067184772 0.767822657064427 -0.02076161202071083 0.5099199271654309 -0.6811703920374295 -0.6934207691589885 -0.08921694812491239 -0.6953159229724001 -0.6570798989661436 -0.43239631973105747
0.8262999997392997 -0.04374721243279155 -0.20968714638228464 -0.2536439176775199 0.04652748094891955 0.7477631913557227 1.0350638154344034 0.05091253921948707 -0.8174111309785561 -0.8370126151537187 1.0562150616119694 -0.1660919775047079 0.08512043424107789 -0.6611319185479304 0.23136554045289145 0.3570001746584113 0.6557941665777125 0.49452929118849936 -0.734020105804115 0.6481393631817747 -0.433537970911429 0.8934335154126641 0.1726157217217375 0.8076239330502196 0.39877840366599576 -0.8761556408508926 0.8852838796808485 0.9652468264897062
-0.3534000010594928 -0.0634728659587819 -0.9688488472101169 0.9007569823862687 0.8572863746762522 -0.42735971434292686 -0.5808348507549991 0.5482271874521458 0.09558272651886364 -0.2118042641829437 0.23430546214544926 0.8835656416362985 0.7233710353927942 0.19660376927671558 0.442732788442249 -0.7404185196297973 0.5645800873925462 0.7877707257244358 -0.8307671053548211 0.2655516344986496 0.9475952023640275 -0.04622118319998054 0.2619973903531908 0.7463602539265974 0.7194629292583296 0.4068506303145592 0.5760139884400416 -0.7217216122562197
-0.4328000001720085 -0.06176208404542102 0.14018377695107934 -0.4783730628523357 -0.3533842312468329 -0.8003716694751407 0.4916156852263666 0.30835824302333675 0.9798513839133853 0.16927674811630825 -0.13638968443177207 0.49610044890611493 0.3340116862348194 -0.34470013600647054 -0.3184161044452314 -0.27486222778717884 -0.45962377650339903 -0.1660181070908706 -0.6513846894031099 0.948709122747799 0.7049353264410833 -0.8075646504205045 0.23315954104076875 -0.454775912240445 0.7460075496644434 0.09543075342152763 -0.9728897058737875 -0.14889471081702343
0.49230071604302844 0.8772216568502903 -0.5580494542970468 -0.7256235360595074 -0.8539787172619415 0.9965122942566311 0.2711491691515178 0.02958680510673432 0.6880795998772632 -0.8144639268773404 0.6938862384977188 -0.2830142021577052 0.4111012171437467 0.5335980568176087 -0.0639492765857791 -0.9420709581610494 0.40309160896068474 0.69142534090345 -0.8593141471344086 0.6894501036550772 0.3261629718784628 0.3943456145517032 -0.017524384130862075 0.09342724687762721 0.8243349227807322 0.39104705717075544 0.3181591276930532 -0.3222407246160647
-0.8566078331353805 -0.7860973707037738 0.4755580065626419 0.14583278506694447 -0.12088156527441067 0.21577296049580047 -0.018189609609119903 0.15591743980765296 0.4458403865048235 1.0116601920102557 -0.030167258689795494 -0.5506317219674717 -0.45123507514673133 -0.5600313031247087 -0.9818525039699778 -0.6605153493141914 0.717653350897908 0.6652891035608193 -0.6331669807379343 0.48052234294481566 -0.6881826047239947 -0.5710748567633129 0.15707434425782976 0.05786926716572107 0.9861144345493321 0.5211807241990507 -0.2768276907572548 -0.16309568536737812
-0.3783024150648561 0.6377953999723738 -0.5480551224986606 0.2294516704931343 -0.46555030839154393 -0.9477328065487893 0.14286474254455264 -0.1299132731711396 0.9011458074026844 0.5916316084197675 0.43080932739229527 -0.32267567673032094 -0.3754369054973762 0.7845004211405243 -0.8555137469190888 -0.17343195807551515 -0.857175512790749 0.19079330440945122 0.36476735213857747 0.35275731360964757 0.45794423369852866 -0.7544879167072022 0.43327476691421823 0.40672098440431786 -0.5738876606001293 -0.5579488196446273 -0.7771613270940044 -0.9918541791512604
-0.9540000866178959 -0.8165973290645547 -0.15113617865187307 -0.46908245782870417 0.42121415641331506 -0.4377621935193082 -0.06786212389182936 0.1335629058922963 0.8467580943901395 0.46130745510295346 -0.2116553780643375 0.5347832253454481 0.7724756047757243 0.1596881551982044 -0.44537500363073274 -0.8924111426983561 0.6423360600485983 0.30280658244145253 0.24396699537952968 0.7034729557877374 0.5321277110209105 0.766234955348555 0.5307937935871403 -0.83232870815387 -0.40466350209651375 -0.9150556700095624 0.2772831687745237 0.3020363729173699
0.9999999989302062 0.07769771353601075 0.8867664724981342 -0.0768283468608556 -0.9610378387206938 0.24634513899499236 -0.806681273574351 -0.7987254829990618 0.7987835416957575 0.4167134399848747 -0.78604398806523 -0.09463433742066933 -0.7291840342828746 0.6423304586992904 0.22309350381389725 -0.7601017246627825 0.8041319578947334 0.8442090814091773 0.321268587548006 0.7575973508104671 1.0070867569543225 0.9705889824800861 0.1732173944868848 0.1458195383857053 -0.32253616747226704 0.40716595623872487 0.8156299996750054 -0.6430398069746135
-0.33329999995792803 -0.197999916823336 -0.3158466365268185 -0.5657842845115892 0.2750850346999442 -0.48423218442923643 -0.02843339620949099 -0.06709809870776005 -0.6226317826588476 -0.5238054967491239 -0.4514304929133792 -0.038020786241154014 -0.31205498811234605 0.30649383256637586 0.7575646996493128 -0.4846440229616621 -0.005446947276651343 0.43729409497966687 -0.1068745356272906 0.610794234489716 -0.26447496400964604 -0.5949114859608181 1.0625579454011476 -0.3072881915765987 -0.8342385631806316 0.17669418457086336 0.3055991521120802 -0.7347034538229638
-0.29499999776122215 -0.8818039805158743 0.536518937708363 0.5054815937221153 -0.1221545067821614 -0.3612444190994275 -0.4606501877203802 0.41384684027093666 -0.3333562530811391 -0.3401068116244531 0.4385657438301437 -0.6003510126008534 0.3537283199479487 0.3081179191723284 -0.8910973410338607 -0.9451551417654972 0.5054207237655033 0.34096861491358016 -0.20745668415233284 -0.20750890498036434 0.16109333925920086 -0.7678076747134991 -0.415932816373607 0.8037967507247158 0.9561306487818838 0.8786370335629995 0.2528565289873428 -0.7098649409986285
-0.6246 -0.43331197813876166 0.46366359315088496 -0.7000360203746154 0.8495672146971407 0.6776439434628022 -0.7170595450297306 0.11326989718831786 -0.5915026205398051 0.34545364903204584 0.7103958596466059 0.8282535702665909 -0.6366782407770135 -1.1469453002668166 0.7048994956930472 0.4942481820508782 -0.03595098325366308 0.37445774011128136 1.0796671671388378 0.8533888665895691 0.7485041652946652 -0.46262476976140393 0.30610974459049506 -0.869094053978544 -0.07609633894688914 0.6192825810651266 0.10923382802366177 0.9348256929967811
0.42654626043039334 -0.06509674564526363 0.2993881812289043 -0.562569983575344 -0.700110205172128 0.2787762528200184 0.2432693610504861 -0.14276156856481492 0.164498294035229 -0.11305441127869786 0.5196139795135026 0.7700001658436014 0.4344863971188829 -0.35063647336506243 -0.2611553063135739 0.15901990446700953 0.07162287941684367 0.4264267550281135 0.3409178866714186 -0.05490382977227725 -0.06840323515261607 0.6854956627856751 -0.14451730338728935 1.0027107640116664 0.6489893806534597 0.9124391117101193 -0.38227896789392196 0.5281692472409167
0.2905 0.054233891442995244 -0.6154612456109037 -0.9288949850647099 -0.7335068960058757 -0.07019379186243851 -0.860731216408955 0.7063142869211346 -0.16374417301086774 -0.4117128399532624 -0.6993911023804318 -0.8829760838578233 0.6307741236627703 0.2173174968810851 -0.796332728581847 0.4331423116863029 -0.07679000635108674 0.42107721089219885 -0.34422600704609874 1.0723438359193462 -0.5664570084868681 -0.9020260392534314 0.5049065606594234 -0.48335691057812247 -0.25273600499644894 0.4838570122978812 0.17216017267126066 -0.8250719751501024
-0.9667 0.19717878360606642 0.21307652962400467 0.3480820344991435 -0.31528959411143975 0.13020059237640197 -0.08598135282549996 -0.08562134816200138 -0.8433252365164188 -0.49079138948135 -0.18937354850167099 -0.23684692593614765 -0.320397958373772 0.4185665569608933 0.516007404268534 0.4870750908738941 -0.047896382673175024 0.31319605647052906 0.6865989978951993 -0.27972807076314216 0.47993704609458987 0.9230360305879216 0.034829169103881924 0.504260821845758 -0.12308527627368204 -0.14818866541191317 0.4465709977436717 -0.7522000001906339
0.25629954439108055 0.27590358109865765 0.5176267702162352 -0.11035195551135789 -0.6648862631882017 -0.8617969457429732 -0.9174471827370386 0.05257130894788759 -0.03596387442579491 0.818463812099752 0.650921055819434 -0.07348076832949965 1.054808105908236 -0.0970770386212377 0.3501277963272408 0.3445025981083096 0.6890437257607812 0.696817263721952 0.8399492950433691 0.7545538302967203 -0.2992648050379637 0.6257457165882394 -0.6128567308915079 -0.11522699284238279 0.6293358057298106 0.9547535640838628 -0.2004513451988031 -0.5322999997821768
-0.7421004414505545 0.6643008141920088 -0.5301550739129086 0.9964150277898552 0.7363569332093669 -0.9004877185558448 0.20464151180346798 0.7334176418183119 -0.8600799619941407 0.9001838325470841 0.3494459140779741 -0.5639981100787399 -0.6132438657167568 0.6673621482296913 0.6916097188163505 -0.30508556712619067 -0.32701797459310056 -0.42384566462360257 -0.2929044497143813 0.4477348751918565 0.25376041305869007 0.7035226664493208 -0.0010482574333951036 -0.8042120566626199 0.5349139363830478 0.11969684523907395 0.5131931129303571 -0.8098999995976897
0.3331 0.0278 -0.8922473653491257 -0.189845461380984 -0.8719083676035222 -0.3502378407180871 -0.6345875307043057 -0.7886931363833343 0.9208345681418089 0.8164827595369881 -0.7556041014313528 -0.48819429605579784 0.17953428118837747 0.25940322894269885 1.004802889744493 -0.1546031355642882 -0.5016151264923654 -0.7193200306078877 -0.8376342143114398 0.012491008564246198 0.5132547253058424 0.15166999575734916 0.5501281553970343 -0.4905371604246925 0.8275321558220973 -0.21305975438380592 0.3367095357472497 0.6738
0.6908 0.1638 0.5826010808296663 -0.8294419686446513 0.7831473183341277 0.8240200848123895 -0.11246266174943023 0.5158741700081245 0.24256041766254646 0.3821289549173341 0.6622732387670154 -0.3669901579989521 -0.5351131903427855 0.7526944537778975 -0.8123587892940834 0.6859682403687561 -0.7180765695319576 -0.539742878170128 0.3105764277696029 0.9783862348114499 -0.48536904527313385 -0.5444005198753015 0.07976619117665645 0.29379262188663025 -0.6690955553005041 -0.9320546956782993 0.2584998753942019 -0.6376
-0.2792 -0.093 0.40600002344665 -0.4396785259001314 -0.5327473858053164 0.30638441652875137 0.33115157038330895 0.023351605183256807 -0.7623469560186659 -0.8313987583437887 -0.8848903132939142 0.30154737273426824 0.6584368537056354 0.41970686556400244 0.29167381160470096 0.6163081459870959 -0.5732272818540068 -0.5536268455961896 -0.30359691729099636 0.9430293571514609 -0.8067313318234294 0.11484043536596725 -0.05692749269007539 0.8193069445624521 -0.3791739705530616 0.9273998894303263 -0.33260013222546053 0.2716
0.5623 0.4265 0.2238 -0.8650527109393872 0.1404535757933717 -0.8636640125525029 -0.05297595368868722 0.12360055901082473 -0.9680141617061285 0.997977930521636 -0.5242265907276886 0.9822637100045128 0.12952099003922551 0.184348252271824 -0.6307214634329553 0.33268320395150114 0.08225984526740322 0.001413544669013079 0.6403271096403055 -0.5446578515600503 -0.4300630449851424 -0.4202618483545591 0.8148717974736188 0.6754087419203261 0.4280999999979266 -0.9915999987003088 0.2898 -0.6332
0.8674 0.4356 0.3074 -0.337 0.5560000462369504 0.6754001213979359 0.8233216430396907 -0.7186720887097083 -0.6376268719320096 -0.6352293893234021 -0.6792510477645255 -0.5422212965690425 0.9985427798496108 0.7570149809835021 -0.7782972147138004 0.03428300831267827 0.10899444235569039 -0.8082884094631643 -0.5027415765055204 -0.5931501308959891 -0.3384683261635073 0.9285949634017419 -0.3971055493488714 0.5089006750071787 0.1855 0.0008 0.548 0.0525
-0.8782 0.07 -0.9556 0.9565 0.2562 0.0541 -0.1649 0.6894 -0.3193 0.0498 0.7054 0.1855 -0.705735588587603 -0.7446209770132917 -0.6600999575622433 0.8310000017684486 -0.9116 0.8329 0.7916 0.7304 0.4175 -0.9023 0.5603 -0.0572 0.1264 -0.745 -0.6608 -0.2426
-0.5153 0.5117 -0.1552 -0.8848 0.4473 -0.4168999996428304 0.43080579727226304 0.7595221745596 -0.6487395617968599 0.06821536053718062 0.05903615842333464 0.8303647327672358 -0.850063442507058 -0.5213165227451001 0.6498670888509406 0.18870578308511143 -0.3629802158355074 -0.3988547470003704 0.3122254856216162 -0.663725633340756 -0.14301995519931357 -0.14929020999782625 0.7130651383025544 -0.3666868699523435 -0.3245 -0.9682 -0.638 0.0474
0.5034 0.3018 0.9707000034013317 -0.44850000581923066 -0.32478624912098186 -0.05079509904173247 0.9322804237815001 -0.8656641057880737 -0.4315079426178646 -0.6913356304314036 -0.7155820854950606 -0.8133536168979891 -0.9420598552583113 -0.47622635910553773 0.5161997615701708 0.8355741484870961 -0.9670913502575139 0.6046185856626873 -0.7048318816484932 -0.15488073021288032 -0.5982941074724892 -0.9068777452871606 0.14904971876922987 -0.6936341299179547 0.6266836324887939 0.20138421702520348 0.7366 -0.1165
-0.8333 -0.8973 -0.7808999924536508 -0.16438272739131551 -0.21250040938001044 0.4717090512310646 -0.8363811208391467 0.9467933683511182 -0.396058504574731 -0.7478839228715443 -0.5273167105167705 -0.4397626516518832 0.1750193149649699 0.625366698133996 0.7980261586309529 0.041820592567863774 0.994929474652517 -0.019088369135683673 0.9552848553350041 0.5406037797844752 0.8073709380055338 -0.09023275017428678 0.42766001369349216 -0.01681522884394054 0.6572625026135702 0.9726916744317365 0.006378727189440951 0.5953
-0.9398 -0.8613000011082671 -0.5094973113035596 -0.1527023138784401 0.11621722597926207 0.3166530448712045 0.7103750957045895 0.7076652177834851 -0.5213841095869483 0.9228742883956044 0.4303579747088498 -0.17336882679058938 0.13108186973874106 -0.09168345829579613 0.7438692034433358 -0.9374675969271975 0.7236817359024796 0.38182481738018353 -0.24349246021193213 0.1959656288518413 0.1489385681395909 0.8908110724656143 0.8146104998811771 -0.09700658983632776 0.14306157758093738 0.3968798378298917 0.6120381218963152 0.5766525995673638
0.8203 -0.3858 -0.7492004750933083 -0.27921381877776447 0.6305160834254825 0.942283864743045 -0.9577991894956435 -0.9854882140726976 0.9249319731334661 -0.5704959998965381 -0.04360383584654823 0.27198612611642714 -0.8353459568038956 -0.7994732430699583 0.42488337952825767 0.7277872802688609 0.18901707570994777 0.05389730537090301 -0.19358860603330863 -0.31237016536301493 -0.12682944689963968 0.3008225609363695 0.6810993224393012 0.5536434742747951 -0.193055323900878 0.35867555967475867 -0.5978902302370873 0.9124532651691153
-0.7155 0.22340035789095086 -0.5073448072637999 -0.9032149384828636 0.7442386950610175 -0.3299679802988784 -0.32891622281266264 0.8436759564668987 0.8872466091445739 0.1362780144868247 0.8679881831072085 -0.12877132446900372 -0.08944280206076716 -0.24266101683432476 -0.2483863353744608 -0.29959568446723317 -0.38515808121689915 -0.3429739392120608 0.1727206693375417 -0.16234372179250145 0.26095930857804306 -0.47014751706460145 0.9012217696525987 -0.030689296770713328 0.7388212198386144 0.3894398921594813 0.39520050944107193 -0.8290978816645077
-0.6807001071067503 -0.5778617391107735 -0.7283364959189693 0.03543527496016369 0.5064604785033069 -0.7740859728082015 0.5123412148863655 0.2523237758363641 -0.2747627344649138 0.6652868135379121 -0.8670545137480419 0.8161857841192778 -0.9110348826785531 0.7988790627760592 -1.0553776204919525 -0.7501009555646744 -0.7556672152030212 -0.9183457909022812 -0.915132499385955 0.5394813193579294 0.49702619429474926 -0.11921220762036064 0.15889483341805674 -0.6891529942199954 -0.7628399536023037 -0.6068991121659567 -0.5189086270058324 -0.16708877269317116
0.08339956471537677 -0.47427479187495486 0.11347322758051168 -0.30786801787019236 0.684980165053569 -0.23317733924305514 -0.4939935916605726 0.26132569085533486 -0.7737694663914588 -0.41960973026531295 -0.26732180085322105 -0.27471077953450973 -0.7656964242499884 -0.656090423150578 -0.00037348770666789145 0.3013971438071318 0.04715170233375678 -0.8904360808132643 0.5974826269004442 -0.7323749838569146 -0.6507127322451275 -0.5390078317787765 0.3297185572471058 0.9712942868780182 0.8450606762074977 0.025398444101330204 -0.7048486526081118 -0.45797378396998567
0.050399929331628596 -0.9664300133185191 0.2860454485983747 -0.2667629370094315 0.7012667605238202 -0.9162549605214081 -0.3963500085347432 -0.8026361639763685 -0.6818366312338041 0.0011455448361929674 0.1792431293383469 -0.2329661229425924 -0.3690763377386333 -0.0680112734873571 0.8000450618227453 0.0779474965764701 -0.3144957347396548 -0.8843588048631309 0.326299426874348 0.48487507864887897 0.8214046421243665 0.2117243714935144 0.9425564918669161 0.9295664357950556 -0.46014138160084567 -0.007325016162337406 -0.27329254540611003 0.40337162846516567
-0.8142004990950057 -0.5351503166057923 0.0666075577942616 0.734000583946845 -0.2358793145211557 0.00044735345251809976 0.7768873748687937 0.4287298985344605 -0.2468924983115526 -0.16696818646654957 -0.6822028866457159 -0.41523221311809105 0.5773230781801645 0.46164528107834685 0.2875547477799408 -0.7817375200369003 -0.8537666768899739 0.13020151590981366 -0.4016688750756263 0.0947222612562598 -0.16478138516441523 0.5750729437175957 -0.9314220369872303 0.8701543659729035 -0.8160156806184786 0.6337373171194685 0.9972177993360007 0.2926476458881236
-0.09446446044050974 0.01586831307360222 -0.3541877113293201 -0.6290440302954843 -0.025252338434988773 0.5597660820857555 -0.12055090732445102 -0.777627764790243 0.3321771091442989 0.07801311548252497 0.5270857375220849 0.8371648863823402 -0.2915548822461938 0.3011708613532239 -0.9067010155255004 -1.0518898727641797 -0.14409999516337646 -0.838736125886347 0.21940490668310283 -0.4609042303652795 0.5732666469040835 0.847858388210501 0.08048621216230864 0.006453495632805465 -0.16028139778156245 -0.709252975756688 0.7517454964894945 -0.5696942893730117
0.05620654242910682 0.8214773608638808 -0.09138990175109457 0.647292218134382 0.8618836728273245 -0.9008481570887051 0.2930753117356751 0.028840623977161497 0.27501644163811273 0.753874413833858 -0.57665598946828 -0.6670981885859165 -0.5007557884162959 -0.04967213874956431 0.7509450573353659 -0.18905742394283484 0.636724831256592 -0.17063292702340152 0.78663502362366 0.6150527444264301 0.8531853939828036 -0.2521460250223703 -0.7049919369540197 0.8743858748732071 -0.2611129470885477 -0.9165559061903518 0.3935014725920447 0.053393815843358956
-0.8550011828684818 -0.8612914466883913 0.6057687765004978 -0.263766672393667 0.343908832611355 0.156847540116882 -0.16614329483287718 0.7608261473659661 0.8805482950106215 -0.8452790524231636 0.9692637809822482 -0.1548022967277733 0.8893456714380815 -0.04558940164987462 -0.29877232233513423 0.777325295407788 0.797224175883432 -0.8353623571498653 -0.0798227516076964 0.627265265753908 -0.7585494838499579 0.27761070406120686 -0.4890849664384425 -0.8881039177655237 0.19059833063032314 -0.24946456915228943 -0.6599368695979845 0.829216336358345
0.8583450181367818 -0.4463246321271944 -0.5237917806516933 0.7168550785359545 0.5790314234210907 -0.6707137075350272 1.0235806671759666 0.5765374701258764 -0.5668319931338364 0.43009254765361193 -0.15463635332547437 0.4636879464286241 1.0097224377878251 -0.32396525029245254 0.07265531075434564 0.27045205440921133 0.5807429038223914 -0.4374652074051701 0.6821430952720987 1.0236194278949349 0.7161872266215411 -0.12016206284603813 -0.45656014785417376 -0.6485338218350744 -0.29352209110775523 0.518439502818637 0.4947344712454652 0.20249815239177305
0.3897146452656736 -0.9054001514459779 0.45007307082840453 0.8821437462883531 -0.6784662597332953 -0.30978433791784626 0.2692987021179407 -0.5195660606725687 0.293381727606716 -0.8259636618172304 -0.7202349236620071 -0.3960086370327761 0.8232697350233122 -0.6396225127295042 0.36267406991677953 0.31584483000977337 0.13307177265339237 -0.3348636649935132 -0.39768118434143707 0.013688960495107975 0.3622667448242375 0.587976917384728 1.0134461982687253 0.6360147326327454 -0.46177772344783424 -0.8931743000537922 0.0907607803694043 0.6400125682806577
-0.1206005512881232 0.025895315722711667 -0.34646456704206735 -0.556538489821769 0.8861015939947099 -0.23460171202528812 -0.5786984945398101 -0.15487281179385484 1.003361111461092 0.8823696310321896 0.41984558100641656 0.31828320367199175 -0.7140611672883596 -0.354863126706554 0.6875895506106906 0.8965510006180141 0.2820530801683692 0.8187331791399448 0.5076503632047764 0.9840853844779031 0.3477741717717278 -0.03462048927075595 -0.8209859144958136 1.0250117122272782 0.8619155462851906 0.34378992029762523 0.18536684400107495 -0.9523733672122866
-0.0371 0.32119580895254124 0.6632028800042878 -0.42831884387107727 -0.8886623134011842 0.7750675080485774 1.0844131457464425 -0.6656836697516237 0.5511280191010924 -0.24304789531860888 0.04909307088812466 0.000812654775484055 0.4390169735997193 0.613432952413752 -0.9707719316645709 0.6468745153187202 -0.23656839747647038 0.3763775055027716 0.6419326979373408 -0.11475881248681055 0.2212661397604477 -0.43513338268101187 0.7828351860396089 0.5449931820413064 -0.7048660862130306 -0.5351511300029588 0.15751661818122767 -0.3441580960648592
-0.7435032079464544 0.307999664113893 -0.8628049752410526 -0.35089846904488725 0.9176735116522053 -0.719501908114349 0.7636550393709968 -0.0554245129372287 0.6495804152883892 1.0664051180761902 0.0032498065790576842 -0.5761818856093195 -0.4723271702012316 0.8133443400379099 -1.030834318125091 -0.5472383606482345 -0.8617915489075907 0.35992077824195956 -0.480785750925681 0.07367402659655703 0.015297569482050419 0.025245975111033252 0.4340453130880661 -0.6303612053844371 0.005346661443305193 0.3843921882871789 0.33453362689445953 0.006953417927687322
0.4308 0.1847228701897119 -0.20554691552323462 -0.3381198913730952 0.4284037159677413 0.34185630271853484 -0.022383008356360493 0.18473689814985633 0.19779004187166707 -0.7621513500666597 -0.10822658488109226 -0.31754310639973854 0.42284149390147513 -0.5367951500060607 0.9656595791381616 -0.33813447043505673 0.6189045942953109 -0.19380941573569116 0.1490386083231016 0.20348966891451983 -0.322383295841154 0.33063573391937384 -0.3007807415740428 -0.9160958631614204 -0.6448706824387999 -0.5966764512741002 -0.37109064109828194 0.9677746728980045
-0.2389 0.905113767521535 -0.12704426507035807 0.7083724981941179 0.8082316482647633 -0.6043729589333738 0.21874922719593023 -0.18146156864141508 -0.2793694727084397 -0.14535507684812424 -0.4840284413077177 -0.5146077571726481 -0.6224442736613568 -0.6178990252933567 0.1706711726760664 -0.4847083263200046 0.12355045911444207 0.5697241767393302 1.0296349845476753 0.5573377999738587 0.11533659661946107 -0.7078173564328288 0.060996689372623654 0.41477222295346516 -0.24774024192265015 0.43049355982309406 -0.8855853761203316 0.3162000350038256
0.7502999864090519 -0.9099043172007849 0.64950867376537 -0.2817566754691574 0.3861946899689613 0.2777404836885971 0.8529579927229014 0.5857742593278197 1.0383773661074542 0.33150257286466334 0.9231882312451876 -0.5637398758740816 0.48422071909096476 -0.7264664385110811 0.5078657016754234 -0.5657555739022927 0.5215328105983975 -0.15001948688722044 0.4913403433179846 0.5963949847671232 0.7231327764412285 0.19636525106548228 -0.8499538980988331 -0.7915565402440214 -0.4249285696901361 0.555919112957903 0.8970980890546864 -0.7783995559310368
0.09489998683140004 -0.3997009018049241 -0.5660290309212254 -0.9312230284738131 0.6110389082628809 -0.7047690434816286 -0.5391567543542395 -0.599341366379514 -0.6494118936603007 0.6776098916601291 -0.3427054679666079 -0.5117313411711547 0.9938654153601487 -0.15958846004897356 -0.9108889137801264 0.060967352428889864 0.67684178989362 0.34824782009321836 0.16715113184630478 1.0521916168417609 -0.5104892778644903 -0.22848682141219107 -0.8705116169533625 -0.019804243223137622 0.045820668547835175 0.023081710708732984 -0.4873691974318058 -0.8100991798229222
0.3105 0.5669 -0.4844192606833274 -0.00590883824397949 0.6924558572474551 0.49987501264179557 -0.26247080003250917 0.1557960168880275 0.4975620431066916 0.05621177430156955 -0.8311301442242787 -0.04862318619786098 0.002974278603683627 0.23706242777422273 0.9896465602835086 -0.24420794978648175 0.8516320041131654 -0.4500815558768104 -0.5213876465649895 -0.03750445225133961 -0.5662884427657392 0.07171386934696634 0.7215272549249037 -0.7598165025656975 0.20908886368474253 0.7117995596467291 -0.9934331769538022 0.4311
0.9506 0.7037 -0.19556144405875128 -0.03759227051905867 0.6692191701294287 0.9328793045727446 0.28029965414633257 -0.08594259266653873 -0.8405726840967265 -0.7318076498777356 0.559286906106633 0.26096190957169174 0.6320148764832715 0.4697956256402644 -0.30951845109615295 0.6257014616572001 0.40125073174445114 0.03336817949224454 0.7303421015442756 0.15755150662192355 -0.3564691042435527 0.5441143302893762 -0.6840712295619487 -0.6666962876857601 -0.482366690797676 -0.08085613081452699 -0.1634300150887222 0.3536
-0.4417 -0.5912 -0.7290932788870406 0.17066183187358794 0.021147548376751302 0.8881564613105104 0.34502914195555096 0.7037722892182747 -0.954057600554548 0.20355874240900468 -0.08713644550801533 0.5783356540905544 -0.6992748087810897 -0.10077885784590655 -0.01627344474294925 0.5443483867319984 0.1227432733511372 -0.6398744413104751 0.42474925614651377 0.5413617032712078 0.8063183193712998 -0.583534844763589 0.3945207563234886 0.29717109719438006 0.4001714947432917 0.9601734407367208 -0.9071318505156932 0.7293
0.0374 -0.1359 0.7778 0.932199849689125 0.6017037218920518 -0.010153410450737399 -0.5293832546112085 -0.48208826378726133 -0.08583354494778188 0.7658904883772929 -0.07697733083575235 -0.3286744666343504 0.8432180959830624 -0.42303527595199086 0.8996857880273356 -0.4760068538424007 -0.9424010919988047 0.7026642375273489 -0.9532713531741205 0.4452818948649253 0.7470418400417296 -0.8835059787457 0.47434550102962597 -0.2761700229383026 -0.684200084685713 -0.20880125657821705 0.8693 -0.7858
-0.3017 -0.4225 -0.9107 0.2303 0.045489051801021925 -0.07109909179995891 -0.27563969656660053 0.6165744817140391 0.11969898163038238 -0.8929008550608369 0.5126739003200025 -0.6908826058943509 -0.1710834262028117 0.20509836599336143 -0.17638137730086054 -0.778336711320325 -0.2501191728764037 -0.13480750127140625 0.848814418861128 -0.6001370201156226 0.7840863532882335 -0.7594303923849098 0.7514302754340549 0.42604156889219474 0.7185 -0.9064 0.0368 -0.4105
0.2209 -0.1759 -0.1579 0.895 0.0685 -0.8174 0.9743 0.8228 -0.049 0.2446 -0.1626 0.9579 -0.8863220898587028 0.5590525105303833 -0.8592990197072498 -0.06439995914964693 0.2443 -0.6516 0.8429 -0.7901 0.6071 -0.3867 0.3859 0.5746 0.7126 -0.2575 -0.5325 0.6184
0.4441 -0.6572 0.4444 -0.7402 -0.3948 0.9241989071405787 0.011516347809262695 0.4522266574641023 0.5192028906780024 -0.5245824626210233 0.7751732049531789 -0.8426071864766266 0.14471824933928706 0.392931692475747 -0.198876842755787 0.4377216348915357 -0.2802961597056128 -0.07666476006567148 0.4704913191601647 -0.8563824198510334 0.5801713218661287 0.9145984903385326 0.883939710476561 -0.20322741284214604 -0.468 0.7003 -0.3437 0.9201
0.2964 -0.4539 -0.9707000261454805 -0.9030999483836465 0.7993940900949857 -0.4755200177767284 0.27324455454925023 0.48187207223427586 0.41835008410563185 -0.496703300216079 0.6985419529654648 -0.5086209224458222 0.5236931759870429 0.038123699179789666 -0.40070558920801946 0.2831468620961555 -0.11770414769877426 0.4413185640318933 -0.7645072721083719 0.5847083284421107 0.8155130418031694 0.5667174477825638 -0.5184174266416319 0.7864659932008836 0.08830927841047212 -0.197956772857342 -0.3909 0.0023
-0.7067 0.7766 0.9280999826739033 0.6146943762142197 0.8139563306633328 -0.8185048334181148 0.6423008216018178 0.09814459779864464 0.33202004651945316 -0.9527653060372223 -0.32995961217333736 0.15022555794232215 -0.98974403637738 0.9649338821097336 -0.7197386154342653 0.8595451627794385 -0.551614878442134 -0.8822611162578983 0.07562588655857044 -0.09453966650169035 0.04723194917284837 -0.7905443919771619 0.549256830784664 -0.07071233668433898 0.20340831431818437 0.04745326369795293 -0.21088973718233744 0.237
0.3996 0.5845000039518864 -0.6469760370467712 0.7692923667939509 -0.0027989832952801954 0.4109990131747356 -0.8646359358071759 0.8623070310474511 0.28914238178462925 0.9303042007746233 -0.5272323145819147 -0.19153792393269883 0.6715702925890247 -0.79225204078135 0.9117978887912618 -0.7440886311702836 0.5618607616084402 -0.5782112240802746 -0.056433263084115635 0.27076291248046414 -0.12154227823738697 -0.021049053313733187 -0.33161445980904436 -0.5266844848359947 0.028403878223726396 -0.5840748616934932 -0.5224271197632433 0.1130854194127766
0.6572 -0.7078 -0.33777593006389806 0.6470551853062636 -0.3091481367913028 0.2546750454724339 0.8933266605617335 -0.32237798360412306 0.6048340125530485 0.9308746371369341 0.7789176298755031 -0.2639383299102967 0.8908663743314993 -0.6978826869710105 0.21062685382334367 -0.41723316621895845 0.17343378701075216 -0.9260907844634395 -0.7437434204371535 -0.9429572599876249 0.5583331365825387 0.8385904541862617 -0.3893219879127012 0.4794679423529446 0.271883076601594 0.9031982417648732 -0.6804205957231708 -0.9343459752046751
-0.3396 -0.05730322483180486 -0.9564382879974467 0.9030930066698881 0.7644424589747248 0.1092216637165064 0.24032505717198743 0.2675748874895741 0.44385905560123806 0.5939944943523388 0.0008806084860451833 0.1295367455409631 0.9642420721500891 -0.7439703154900943 0.6283335653860372 0.20542310540647343 -0.19509744296247206 0.9462113494594995 -0.7526869634691183 -0.7716285333844746 -0.9474112939071798 -0.39034128253396244 -0.30484313986277933 -0.9333458688085203 0.5463435370898316 -0.8042440856355006 0.48795612325703447 -0.08503654210650656
0.07679997081200447 0.5787854069186653 0.16029092411351395 -0.6093634660838985 0.7564293003031636 -0.7793471507657321 -0.034640465636347866 0.1737320817585608 0.04505741486001176 0.8572740990765455 0.6227577651298376 -0.09945237544269694 -0.8605350811193643 0.10620787834444402 0.5145947963893496 -0.7039349369760555 0.6142348238507549 -0.5183728462871876 0.6193683428442738 -0.8325661430801284 -0.1561645507097918 0.6516149656260644 0.41415523411640737 0.45769607235524956 -0.047132156591431794 -0.41591180107036685 -0.9177349185117585 -0.15045584942881882
-0.38520011862077397 -0.5606940226542396 -0.04187324652031028 0.05017129386640525 -0.11343181366002772 0.4237007516052453 -0.26029037101244423 0.22574309844755736 -0.5189419367403323 -0.4345456056887048 1.0305037390561949 0.6313581754825968 0.166552826677027 0.26982499266760956 1.0414720783334277 0.7041905432647129 0.8293050457847878 -0.2316670935796927 0.9201689642174604 -0.05312687524803861 -0.5508289576723928 -0.9485368091619506 -0.5751201972109045 -0.6334154078380446 0.8983696211188394 0.740265097963459 -0.2790607885130497 -0.009669672817316554
-0.5286000192580589 0.2605667148909209 0.8471947965394168 -0.8354419465280138 -0.6553302640201177 -0.4341397589193603 -0.2348161745398838 0.6556267188895533 0.2870152710438944 0.63702006115027 0.1483607172435879 0.25080101859855414 0.4350141302629681 0.299605248958967 0.39949858482268497 -0.011632878872656066 -0.8355480750465982 0.750314808533133 0.39889881707521474 -0.7536432987921148 -0.35273760041951197 0.9493846618545715 -0.9817233906077399 0.820178200261278 0.40761788703473534 -0.014814761933994254 0.48353879297808444 -0.1702156756113327
0.5064014138683814 -0.4424032684629702 -0.5974797425266458 0.37516399759522995 0.6700645744671022 -0.7074358146833956 1.0713893771365295 0.13134354114446126 1.0058509378277258 -0.6499853651867926 0.5982117370165416 -0.5761659726493574 -0.6501552152106496 0.5563659344507735 -0.7059207670839183 0.3907258020666199 0.8491955173535033 0.1946304427192782 0.17251770766155092 -0.5226550975290097 0.8968757072152506 -0.39007925841988533 0.5284185247242227 -0.5443202427802839 -0.7812337942050914 0.9262807405191092 0.7354966760912457 0.13172128630056715
0.5294819900279091 0.8965432732596708 0.5660732936755946 -0.6618592624182752 0.34162569594285525 0.26519014453890527 0.7968847932905081 -0.646511955655942 -0.2295021725653356 -0.6479943287068893 -0.917004286831256 0.3958757631409189 0.8229413405983463 -0.08879207551080819 -0.7408542251433672 -0.6335704851578144 0.6708205250292657 0.3856191771652098 0.30364050291649736 -0.18633339667116824 0.0727376187037923 -0.7117446640506596 0.46275205248275836 -0.3514822396266181 0.8494757553709609 -0.8979074578520962 0.6021711778956214 -0.06700008188170886
0.353299430362573 0.030410788614609784 0.6695230038533415 0.5060444333785784 -0.4416117256882568 -0.24297288276688866 -0.09145488526188415 0.3252911292239507 0.7264581100959692 -0.7587830364202302 -0.39987607271837 -0.8498188996276734 0.19319756582787545 -0.2129850502444363 0.6941851509562865 0.6763925511256278 -0.26575166652905724 0.14769498160873376 -0.5345444636123038 -0.1542386662323074 0.856275738728636 -0.7586933413133676 -0.5983074027674847 0.8123670176780796 -0.010877849541153964 0.8614674441195891 -0.39356357646192114 -0.15099614280591592
-0.5130999750942162 0.6386857307981748 -0.6727227422006556 0.5800587727501912 0.242910139340471 0.17984818464182273 -0.004203548349934113 0.9285824757538175 -0.7709486263545388 -0.36684627726496527 -0.9450317706052842 -0.296602448053976 -1.000293337946014 0.5497752715676751 -0.47306811089559975 0.2725334299067094 0.6832531442185377 0.5147384021253307 0.17726030320306052 -0.4028165706654444 -0.7651181731903971 -0.006569062626980105 -0.22731646191500243 0.2634817144247738 0.6344457595174834 -0.14717460649609446 0.07693177046520648 0.5571997258018733
-0.6405004538075614 0.9156821219911804 -0.9086082282526498 -0.25635102906113855 -0.44578190376225213 -0.04847857937837577 -0.7477993437731297 0.7839395323471502 0.35767288379833445 0.11238776466657104 -0.6062202868086803 0.3914488692133655 -1.0160014059568905 0.6082304929308411 0.14907827564928725 0.15928924513343581 0.7300553860357237 0.1201411017815646 -0.11598010464807544 -0.7495861089414094 -0.073951189169416 -0.9131105232700275 -0.5522016329394746 0.07756050203771622 -0.12552504404804177 -0.19711733057915917 0.9901531019271895 -0.38111185793177255
0.5930005199158118 0.5612062446652237 0.41564962688882734 -0.46930271356505493 0.2928185440829965 0.8786442702853251 -1.004542685092669 -0.2523048502629626 0.14290040575068383 -0.3891958519732322 0.44969365792514193 -0.3903472281301253 -0.5062661558414285 -0.1078285139804502 -0.08490152259630245 0.896357727884723 -0.48939423874768023 -0.012005172076271027 -0.4027819709535403 -0.734209618000615 -0.45406945529532267 -0.23803081886907115 0.6159296620511441 0.7503638431319365 -0.9571035684716932 0.6333743149327568 -0.654441323816428 0.8328020872320893
0.3201038142228518 -0.11100649873497606 0.9502637448567564 -0.17561168710182787 -0.5826034636249673 0.6617787362380848 -0.005587179569931245 -0.5227001053188901 -0.4073631797021673 -0.5919678293341405 -0.7205293345575355 -0.10140935528510764 0.0523635617125429 0.892304003267197 0.5626421670170377 0.2679476398972575 -0.012428302614497988 0.037699871772207204 -0.7252302336303481 -0.8261693767999833 -0.4855197466860623 -0.5534907861579421 0.5635630427965841 0.6268330640745057 0.9688711427588739 0.5979502863257435 -0.2031236658105203 0.626025832697844
-0.8162 0.10058437244412878 0.285151843242034 0.9454624955797927 0.8103060053207808 -1.0325320688852488 0.41880812649652394 0.4841433465365057 0.9315014856965218 0.7693711077140182 -0.6787822138147506 0.7221639012014778 0.8317865777913985 0.9165027188163907 0.8592846858979253 -0.5652810401085574 0.2809049846180595 -0.18760741672225717 -0.23503660363927475 0.1352450746636611 -0.389756737218491 -1.0076060568346672 0.3267777351005088 -0.48749555746542306 -0.28203260758475585 0.5876194566316635 -0.8952195751660892 0.3471250362786472
0.9062002952591038 0.23260290215790505 0.4690834177055232 0.3618682437070247 0.4724321102506243 0.43294130129832414 -0.6885709109968209 -0.9573165137239313 0.7351204034499677 1.0667166841681042 0.2821962352843345 0.6503357714818266 0.6645505888343478 -0.3652844228579662 -0.8872706915625492 0.23787696554942278 -0.48385892661741886 -0.29092333682170346 -0.2765389453950318 -0.6747049043640906 0.7906172157238753 0.7785397262909923 -0.8063924839461225 0.7637975041443228 0.2838653435295221 0.037958863033071465 -0.8802940661251113 -0.39717684249948365
0.6184 0.9485056943514635 0.325515448115178 0.42188279333039796 -0.023236095151154813 -0.06673420322610231 0.0853033986324707 0.5736094052275948 -0.5246822628512852 -0.07784596729197166 -0.1718418921618489 0.17355567160656438 0.694784359799956 -1.0733102316088174 0.6539108735830823 -0.5423593856059291 -1.042989822720257 0.6013355683192319 -0.8175073000031263 -0.8934163527883701 0.6999988300671703 0.6462545186901018 0.7881744929395643 -0.5412017854505364 -0.45763744016480634 0.7762980902322723 -0.5865757651607693 0.9658733098266468
0.8171 0.9798854051528841 0.1351211931612226 0.4047124147058932 -0.5642408714091688 0.30159014807087453 -0.029459287971976954 -0.7473084011310105 -0.725334957712782 0.6396430954464618 -0.6479038787179601 -1.073258018610338 -0.21401135219823653 -0.7642805945617926 0.3485739224676569 0.362636421563997 -0.22292252150985775 0.5129653640780507 -0.35817224309015805 -0.32168771342467184 0.36081463941216463 0.7856747658383286 -0.5402186436961367 0.0879748026056356 0.27375322842573757 -0.680632718107969 -0.681219802158473 0.8303997860532983
-0.17309995268290113 0.17239945523946196 -0.7513894043014834 0.6963913294816949 0.36405702319628963 -0.5133269166252985 0.7001255179416153 -0.5080088834923885 -0.2817693718063143 0.7033879858758114 0.3218676869668564 0.2798206677662778 -0.3800721881949246 0.012747538739502117 -0.7926713472503635 -1.0287892351683399 -0.7033209386126584 -0.5103287171520506 0.9444292508589045 0.6501642731411583 0.12739665259337243 -0.9282022558742024 -0.31470437567849135 0.0773235598301142 0.6734023460218637 0.07970745934199695 -0.3199716670618604 -0.6778999991262441
0.17950004584668705 0.5394997245312203 0.2048059641430345 -0.9438036840764327 0.7566632054646826 -0.33527206767181367 -0.8986216095667342 -0.44049150478163157 0.3827954611172287 -0.8422627476973652 0.24923927915862754 -0.4107726197372627 0.29446375120222545 -0.22159400737603294 0.2998082059294738 -0.6572208314978288 0.631396919601303 0.22294553286576585 -0.6872261514910333 0.4716041853584096 -0.1283630514132684 0.7260987561592656 0.6011057040166514 0.9438223746255251 0.9345651451605798 -0.48728048516068356 0.07293464891107299 0.998300001613791
0.2802 -0.5399 -0.15797457093159178 -0.7653609463210918 -0.09503764513281011 -0.7452879393793569 0.17777268054915019 0.9847143491015268 0.4680676785632742 0.4925254919798774 0.10585190050828402 0.260746392672592 0.2980121107250615 -0.27512312635762254 0.2113839963844966 0.31785177764038575 1.0165678580360489 -0.42649452481941863 0.08348149420242235 0.034862196762871625 -0.06249167960568984 -0.1512207632148266 0.29463229161743726 0.889253175280616 -0.7993250422993942 -0.7490472738524407 -0.8329019912324531 0.1891
-0.0535 -0.8061 -0.743495440021235 -0.5551719689976001 0.9196693335785059 -0.26012693869833037 0.07836198556383585 -0.33383188104035927 -0.2969036424065463 -0.22395137045506924 0.9390616439434373 -0.7880570761946408 0.831435580645888 0.8637449407481675 0.9138385649325022 0.9527765502063401 -0.5541898194008291 -0.24548036696604508 -0.47161621619611444 0.7026921227614488 0.014221913027461373 -0.17038577871897917 0.7175917010189609 0.4225671970811841 0.12871257743903422 -0.8530073253240995 -0.4774002304117421 0.9623
-0.5893 -0.573 0.014199642102814615 0.42201857560939887 -0.8560282257903983 -0.8196728855090016 -0.16664351196496857 1.0118799430711989 -0.5382780438894925 0.5622010859583795 0.6962151282749393 -0.9412834670580474 0.5525848599110534 0.9173155789651394 0.8864277829118252 -0.3195628620072908 -0.7402284781938553 0.4419198665905624 0.4379413070850222 0.5870920963597152 0.9425248487423706 -0.5881087558774504 -0.23764465752714206 -0.6443709719485065 -0.4756359331829411 -0.1323988655109673 -0.35460024450145317 0.9552
0.7593 0.779 0.9502 -0.65890018293265 -0.4365879159138769 -0.8690142870612729 0.32858526537582056 -0.346589553692277 0.25187332731803347 -0.4034904169393527 0.48925603150649544 -0.07704922886616816 -0.3515334948217503 -0.8873296834120121 0.18854138304445714 0.4988693416156181 0.5363905997920553 0.43576870931143924 -0.1200120970914834 0.21894890586481036 0.6547815817112758 -0.28010942513386783 -0.6462295508960598 -0.09288557088236976 -0.15670000818632823 -0.4502000650942728 0.1447 0.7367
-0.3601 0.917 0.9353 0.3428 0.10010005315772472 0.6667015112373662 -0.03731988173550985 -0.013976793175144928 -0.4315077710185919 -0.36950849542101655 -0.7425080062537198 0.5895512962080572 0.3579143853836419 0.5003235098500065 -0.16512843868933086 0.1457897650079382 -0.6153063346784331 0.6665834980845827 -0.741694801350089 0.6165865630254976 -0.056202552089790636 -0.743897244690041 -0.29654187514305463 0.12233322364109495 -0.6734 0.0406 -0.1897 -0.8892
-0.8663 -0.9658 -0.8061 -0.4178 0.3239 -0.1872 -0.4372 0.3143 -0.7196 -0.0623 0.5539 -0.1815 0.04228240810914333 0.3350614831881243 -0.20149999514497063 0.3678000002023168 -0.7031 0.4547 -0.8688 0.7844 0.2717 -0.7164 -0.0438 0.4502 0.9471 0.3892 0.483 -0.5198
-0.2405 -0.7111 0.4592 0.7138 -0.1934 0.33109982517542275 0.34845911264961055 -0.15615330333820762 -0.8798562197497866 0.34217715408051375 -0.9840381470393528 -0.9067795635328997 0.9353523265728306 0.9789511625651428 -0.36029732248395824 0.7921927681239043 0.9041718273449045 0.34481170668145344 0.11110348338197623 0.9174770229551266 -0.4342778358789291 -0.3734134675809441 0.8540308068658131 0.7914356940441764 0.6604 -0.7308 0.29 -0.422
-0.7581 -0.1262 0.521697835481944 0.6708000247343991 -0.37520246839234267 -0.948312262170643 -0.45931013690216643 0.5240969521754406 0.15448365280221865 -1.0014798455698901 0.6278198334016611 0.9758320708348401 -0.9351077097898273 -0.24509223161845056 0.6197332108221302 -0.06863805723948577 -0.324862204361361 -0.11546848065718833 0.6291857947621898 -0.900478814158076 -0.6947837789162749 0.8943443884583445 -0.7385420922270918 0.8777021187297536 -0.6141861729037116 0.9726680285782235 0.1093 0.8578
0.3494 -0.8185 0.5858952332889762 0.5691986087615815 -0.34458191843207 -0.5164769886190652 -0.9578406350459382 0.9450379755574618 0.8309950259443201 -0.6880557777628477 -0.8307230593574091 0.44636685507079293 -0.5370823893252867 0.48080270582535317 -0.22229908118786884 0.06652969865170508 0.48067601399398924 -0.6721089350184088 0.24692458534049197 -0.42457283288621317 -0.8110558160072815 0.7067311374772693 -0.07475869690379534 -0.27781048403901526 -0.40251917028505696 0.37216759970027263 -0.5716033937141639 0.4783
-0.8945 0.0354000337898031 -0.24719727559164054 0.14769178039085185 0.47485098194821584 0.14345497630477436 -0.9231681084242237 -0.10216756726097197 0.3953009282452174 0.9094722374043331 -0.7564239292324839 0.8620270550675609 -0.08444454397964064 -0.09033149762115018 -0.6331072792203044 -0.4245840780412535 0.2546721940737315 0.22129772371103013 -0.7072486476778551 0.6855333676843666 -0.5847443663686432 0.22181135860454307 0.42527341542696817 -0.7461106001926925 0.45192550921008057 0.707048671683931 0.5076513957760196 0.727542835976479
0.476 0.333 0.4317036038802244 -0.7731693440308225 -0.9820164183732819 -0.327827772176292 -0.8418574098637809 0.5408705174503209 0.6559016841259505 0.2655923676158485 0.3291684099743949 -0.9684064146122301 0.8188060475929462 0.8838088109908759 0.7508913331899262 0.6074103631348232 0.21766600062965907 -0.026931923921612876 -0.029296795674518945 0.2513213515648923 0.28254215393598037 -0.654554497729412 -0.6586392289260226 -0.8860196516011692 0.27817194028907505 0.3867392516590804 -0.871300733531107 -0.2771882107840603
0.3766 -0.4673994914412689 0.515975663409403 -0.4729562046082483 0.9339669279794331 0.28695177225000784 0.6051598167456635 -0.8583398426482556 0.057844472547278744 0.1306856031620849 -0.9953144517997587 -0.5742544175603413 1.003836171907727 0.6063684778810537 -0.8540464594591266 -0.6353690693563903 0.8400208086242591 0.9100347589486443 -0.7063095560109137 -0.5306536823159476 0.035869497241997776 -0.6843885521362582 -0.2153963081853505 0.28320852245778777 0.6892281622063868 0.5910212685084385 0.06722929928736299 -0.16738179135361722
0.9346999999683935 -0.2452378259860489 0.32731445546947735 -0.26457546979175706 -0.9737491945898418 0.3009774242020885 0.12598726705820742 0.7400550513362684 -0.40488982762045483 -0.9249665418841838 0.037292523761398515 0.7803070457437595 -0.6503501977371521 -0.14262391013881942 1.1551920449428212 -0.5857125125719244 1.0368097772449016 -0.5988812565514924 0.9619482149357305 0.22540058375593094 -0.6295037685644416 -0.8161610154324399 0.41788668485881186 -0.48593371609411196 -0.8468988529017764 -0.569200818842943 0.2741565377325916 0.3606900301449757
0.9391999998715501 0.0408117250954307 0.08547470524140441 -0.393122560260254 0.8665222600235879 0.8961678473895075 0.9089075323638641 0.43066684805770317 -0.6429761866678778 0.855488239464785 0.7254994784492718 0.29057863082193264 0.7509272972305223 -0.08676258754320104 0.4850284258042072 -0.10621883835511126 0.14886431920540025 0.8250856470491454 0.6791479672920033 -0.6899017472858168 -0.18285776341205973 0.7370663947824276 0.7684287418126806 -0.8810870480945803 0.6720015152674609 0.3900178079156089 0.657265219572419 0.2211806316535412
-0.7558000000208538 -0.1327822064404508 0.7980079950082423 -0.981126291349933 -0.12277754717129284 0.4253601242327588 -0.293444478210604 0.31389973866796106 0.47258356479142455 -0.9917656476766437 -0.26182019743720053 0.4820478030318967 0.06458217016784071 -0.45241956141223455 0.1380905660503644 0.4909924908990411 0.05304894850794075 0.10068927652358262 0.3669929272973093 0.5307893903888613 -0.2514736875276784 0.5511932481016301 -0.6496475614603394 0.3504222749561977 -0.5542096705587252 -0.9180919993125868 -0.011830441308575185 0.9552073051131758
-0.29020008428950145 -0.7577310483421809 -0.33380365601348044 -0.34329284493893497 -0.9479417132422484 0.09505251376467269 -0.6454223804743365 -0.6139662419953601 0.07795510279754243 0.2605770431149129 -0.5121573400678565 0.32261955895230127 0.8527815122554694 -0.3316639371955514 0.9973153134103796 0.41059208301169553 0.2888813422711791 -0.8887110223638013 0.23436405686395106 0.758062551931618 -0.6577045917765626 -0.3411421281958658 -0.15309393787604186 -0.3885796602698696 -0.18575049155683201 -0.5537561377470062 -0.2974042914417726 0.5316977600507293
0.6344891415795283 -0.9339749762285533 -0.9834336395364414 -0.762573159447863 0.4463878125003044 -0.010517628654187098 -0.403107402321432 -0.825967713718202 -0.5996524696352352 0.6119129873723561 0.3047450720838054 -0.185838677424441 -0.19390767655596153 0.7127418358385398 0.00015129541487264039 -0.8338381748185751 0.3549934645433644 -0.053113322218710686 0.49934700675312194 0.20264328214364982 -0.23051863813846762 0.7200150435911299 -0.5717962186079384 0.885878121760204 0.16957082240395538 -0.21299598396835512 -0.23805980444707267 -0.5214964955800457
0.9508996597259364 0.347569321055481 -0.6902200234123386 0.6874954720842358 0.31699765969231547 0.6685339642050189 0.600967003548016 0.5227486363251678 -0.5778599474743604 0.40095396548579243 0.2787627016263275 0.7229608006977288 0.4006843969218536 0.8116651483113808 -0.8795629982636292 -0.2794121486060285 -0.2970034229920434 0.09819068419311598 0.5080798495472832 -0.5405110417365683 0.35422366168486025 -0.5777547136477464 0.07607488172152661 -0.9798760260354926 -0.6892856318990184 -0.038650982490931 0.77190916537415 0.7252947386925661
-0.6368009924687275 -0.19640699191182387 0.2097472832710783 -0.04798973373812985 0.24874252722360618 0.24675177954998576 0.6356050022684911 -0.16269452959400815 -0.8851221775534497 -0.20461377211823348 -0.00028683275495942526 0.08452995632873388 -0.8814867104836871 0.902708381446194 -0.06520886175238072 0.690946434112339 -0.9743930217269499 0.3424632627901118 -0.8994542895858075 0.49895945588963037 -0.9906362440346582 0.08167454526897305 -0.12506368212989494 0.9069982900444469 0.8243509921516116 0.8478212007198224 0.6198625015335253 0.8345023999817432
-0.48480029017758014 -0.10277550782509745 0.12805407431522364 -0.6522307937488867 -0.34082804821544216 0.12584556535028274 -0.20047097294612196 0.38723771182001854 -0.7751892687311404 -0.8741965604359182 0.8865447575694244 0.49443701565882764 0.21372889175097837 0.01232765791601641 -0.6385516487254489 -0.7082851691878196 0.25656272994880924 0.4232815888871047 -0.2455657664785927 -0.014176233570413534 0.34099671872563403 -0.9840664057514242 -0.33157049868963706 0.7090610696782014 0.3932803033953006 0.023150191972899976 -0.4749964535533896 -0.3323020455373478
-0.6598000293664904 0.9727634399187173 -0.5529270292829473 0.9950836352087022 -0.0973634708056693 0.788977884536492 0.7359078007316927 -0.28994892408168554 -0.5050830449671355 -0.3903445605416096 -1.0221147962664785 0.3403012064592397 0.8244108951715033 -0.24847702074986258 -0.6760927674835101 0.542028959165154 0.06312429004672682 -0.26981753902938793 0.07631734749067545 0.34750858753349545 -0.9536428885560834 -0.42098019520313334 -0.22030140752796643 0.5582494226278106 -0.6401024001394597 -0.7506721328968905 -0.04790088866753515 -0.7040319508266453
0.1451003746012043 0.6043334728932306 -0.7307679906721279 -0.8542274241311779 0.32184749016721104 -0.4502121568836847 0.5411748781000426 0.7179232842630374 -0.9691637632794983 0.295007659710688 0.24315906640629087 -0.8055047991183114 0.4841802758194751 -0.5286937947442802 0.14455938843349095 0.9357593563560195 0.2671480446300854 0.4958648161833763 0.7003192207809391 -0.2997945370945836 0.003087512957211767 -0.9261892069115502 -0.8031151688420984 -0.9412461612731428 -0.09883049815775184 0.2461624697601408 0.7949438736557116 0.5515517251319911
-0.4811 -0.05608861774100692 0.10147760041189072 0.7295154295239177 0.3933132016058603 -0.5854492348484656 0.7976037431459656 0.5867706272606572 0.7095958998269799 0.7731501059188084 0.46621043777919746 -0.16513930631443519 0.8197969737359014 0.6955438559081114 0.2915251426472061 -0.5609316893112756 -0.6509128171086502 0.891904429363815 -0.04660984794347685 0.30866668632502053 1.0070286060592006 -0.43772229505654536 -0.03919233300673374 0.2794577511576874 0.025582205896168372 0.11192329867188285 -0.7867719884663771 -0.5968654357844929
0.4087000019449318 -0.008399333950586793 0.9268352786387355 -0.41371825890655667 -0.8954994251781724 0.29696414079736927 0.33188880373529284 -0.4897085418089977 0.7334454025450146 -0.026369203625214246 0.5559710405768096 -0.951759595060332 0.2931067939579783 -0.5152020535509628 0.41565615981585885 0.4329734535749942 0.9073269607401897 -0.5051828738231542 0.4599059824795973 0.6731162430149388 0.5714718339864875 -0.5828670587061857 -0.8523662358860542 -0.3093705377780301 -0.6637465546809547 0.4361957828686241 0.5648215868561893 0.949855395568106
0.1674 0.7879005113712881 0.11866520413427258 -0.5767788743427653 -0.582257741512883 -0.8323005956965126 0.9003710228984867 -0.1584550764410024 -0.5061660786388195 -0.47641828292643634 -0.892850584359142 0.8788232489236061 0.22978756136949255 0.5829527228609461 0.08192398643485485 -0.4627079149136235 -0.19646307052667766 -0.14936237552663004 0.8218791844311062 -0.936603271817775 -0.4688194642835582 0.5004429133394404 -0.2840665192109768 -0.4249181258046575 0.20059241808220377 -0.05228385391994586 0.4517337701405921 0.4869357155745404
0.6176 0.5471055709630719 -0.12950888912066896 0.8896168142767423 -0.3811138862571764 0.48801270916817535 0.8726036370752074 0.3398491593214222 0.1792506312911286 0.17160693580611694 0.11710989399025915 -0.7142926698216673 -0.8674296692398129 0.17332823232227335 0.9020547973677832 -0.5274316990270138 -0.9275725116349544 0.8190005444203526 0.03310808558141282 0.8169672263792209 -0.35471231649277435 0.8306764187094935 0.18789345488493367 -0.6030811134104274 -0.8831815635664103 0.20927725242536252 0.06736255899522398 0.06539993700103988
0.33049996259972536 0.2967094771392471 -0.6827644018012864 -0.7414211299827388 0.4373896700144768 -0.3372438073653328 0.7383371250839965 -0.8552974451316347 0.5733516897205636 -0.9113957800559402 -0.004399564587333292 -0.12164356432551318 -0.6275111153324558 -0.24241220400028876 -0.6999713989839674 0.6325191419853646 0.19654388252013916 0.019778136282760983 -0.4898384696115308 0.10411512323132587 -0.5526194130010467 -0.2202290915017027 0.7279131287665083 -0.5912153584704833 -0.2680383014337511 0.33045860676252575 0.25758018308554287 0.1567999997888801
-0.403700036238035 -0.32969996596121925 0.5267614115189945 -0.34936497566660885 0.061735977390091415 -0.7898750992526097 0.9755492526217755 -0.9503324373769282 -0.4017386796028728 0.9543175569528961 0.8987347476274935 -0.8018775424320593 1.0135827728024553 -0.1320397569539869 -0.07254569826664865 -0.4958428280428114 -0.09693974362426949 0.7875524645774725 0.6205871920702442 0.08734113178896102 -0.2735667639420361 -0.6263652139668806 0.517835256253063 0.9503339148829066 0.40026328661185206 -0.6493634692429703 0.07652145050259967 -0.19970000038992972
-0.4891 0.811 0.839609398510106 0.5625768614256152 0.9637947826967348 -0.09632279247795825 -0.7802162860670853 0.10877274253377002 0.43112344402746916 -0.29657801830196984 0.9187313773862638 0.9093245357433903 -0.0366963678357933 0.2633755013451147 -0.10377233966981733 -0.2082079905599042 0.9030638813456312 0.5990260453506919 0.1749440782948379 0.39379068205351 -0.8730979334705173 -0.048181151636080846 -0.05774843310286796 -0.9361216716471398 -0.48021335019190964 -0.5627285580205528 0.17705921223618676 0.9104
0.954 0.2005 0.8812111575828612 -0.32370045451462875 0.5633702246943144 -0.1355558585167158 0.6640865343925855 -0.3112577975690785 -0.20290242947187032 0.03630196330546419 -0.5478732362753144 -0.7146697267052203 0.9916536709791717 -0.8196832261872858 -0.1435296116858915 -0.11724474389809972 -0.6075837440576279 1.0139438419335094 0.8281908393531622 -0.2713553005001029 -0.6513609918795468 -0.611703768457968 0.6391333471789377 -0.5285554522179239 -0.45419696394592945 -0.6785148131696052 0.4419939360852046 0.5416
-0.9579 -0.0818 0.9695003913943027 -0.7748228691859623 0.08300500299433515 -0.03958198278886881 0.04419665417745538 0.5975562544500848 0.46605060981414237 0.024207660298268326 -0.5637311552342619 0.6628556418122517 0.10088171367038552 0.9081410636845005 0.7131834010659241 -0.3032486977651005 -0.30311109461698693 -0.08988231697348796 -0.30421096807531633 -0.19801050504846882 0.43044915585929316 -0.9246346290798699 -0.7750847653953595 -0.2754233965505946 -0.08085262986837843 0.4143026385013306 -0.38330643472405296 -0.6211
-0.3228 0.8324 -0.713 -0.5889973736027486 -0.33544254283850056 0.2625523022526806 0.5025492474993342 -0.9033948866162348 0.10729875464962618 0.9543639762134385 -0.34716991622811333 -0.9248104863139723 -0.13795804674215584 0.875835923207081 -0.2410305543578138 -0.6882692690943278 -0.6725726506912623 -0.7933443125719465 0.403587750828084 -0.11711340701153172 0.860603497546318 0.6761372428566494 -0.9085576295073899 0.472976922174672 -0.6044000536396442 -0.4114000002370809 -0.9138 0.2725
0.5592 -0.8061 0.9 0.8615 -0.42730004784131537 0.21039928053406554 0.19683506668387463 -0.3377877631367636 -0.6779117767599998 0.05631511064306575 0.3012781158830336 -0.8819519003641677 -0.5532994862341463 -0.9195266397621245 -0.9017565507405984 -0.09392132615897343 -0.12524582222736752 -0.6233939009089043 -0.11715802324869479 0.9927934047040721 0.5335253364565529 -0.15158758685203932 0.7987844490181573 -0.8887921898019084 0.9188 0.1334 0.1034 -0.402
-0.508 0.7843 0.697 0.4134 -0.5203 0.2659 0.3286 0.4318 0.2059 0.7737 -0.3741 0.1844 0.45350168356143716 0.15160368775289845 0.22750000137778664 -0.40039999994258546 -0.3257 0.4322 0.1855 -0.7457 -0.7412 -0.6929 0.8073 0.5182 0.6464 0.5308 -0.903 0.0045
-0.9487 -0.295 0.7985 0.1774 0.9932 0.11540000826982295 0.7641081940610129 -0.7890686151712599 0.405362637146084 -0.06135107650852094 -0.030067018560954173 0.9646655382676692 -0.6227956356654163 -0.8220101880633804 -0.5605873721902538 0.10923779327488872 -0.05285686269599588 -0.634223772340842 0.3186309206708635 0.08945105087958319 0.9962730631139445 -0.8505179092883585 0.16491865330186412 0.8496374499944555 0.8445 0.3122 -0.0562 0.8538
-0.7724 -0.1769 0.29880017978228607 0.0769961813471543 -0.894998110235601 0.8216246503112474 0.4505696078262803 0.33986000352967694 -0.254412805563997 0.18032437052047895 0.15081375216102716 -0.6762211739365063 0.7127753605439123 -0.2623784691089705 0.059289904038518845 0.31996393359819925 0.7334098933016729 0.6241375500419832 -0.6019827947619674 -0.8689221174666854 -0.5484569238115808 0.6959309891315987 -0.17220374725053542 -0.8084299760585605 -0.21583981991532072 0.9472529732105549 -0.0741 0.8891
0.5908 0.4239 0.06070041215516992 0.6309913937152966 0.07760487318276273 0.5389555933168176 -0.8922051401720513 -0.3136352836211525 0.4411768056313749 -0.24728183076635535 -0.27817729213438475 0.48784490732769237 -0.10273793239648932 -0.4300125354819805 0.833812722010754 0.4239172194059459 -0.08370575569320411 0.2219043369940974 0.8673946023928449 0.919250613344789 0.16891935675742858 0.7098048858419077 -0.844493399970181 -0.8372042892632123 0.05557107744618036 0.7179523239458584 0.9091010193197954 -0.1377
0.2822 -0.14410000210540821 0.31980005783869647 0.781996115679798 -0.7632268180507484 0.6874497966007616 0.13129174861581772 -0.3891130328452973 -0.7093801702922454 -0.14333731091570923 0.9613243604349716 -0.46789030186500824 -0.18160783758821622 -0.6837491575284625 -0.21581674961280925 -0.6421991653514575 -0.8274771053049719 0.3093775366689709 0.1157675496147079 0.05993526974515231 -0.8847069050414432 0.8505769630666927 -0.7998571432603171 -0.43399362454996426 -0.46662534936924405 0.20665619439352723 -0.5086697940584254 -0.5065257085655563
-0.8014 0.7366 0.3743910999478553 -0.10614448936187265 -0.17369185214086796 0.20214019380945736 0.048037207775233716 0.24339376465543763 0.9674734736470367 0.04477567528575311 0.7115157873386846 -0.10212059298566907 -0.06456833976324727 1.050515849696121 0.9224237620508275 0.3022273139493293 -0.022333500876237984 -0.3810394072512942 0.8343876712387744 -0.7372206543892335 -0.2635646011930052 0.427140369011672 0.5990620596018685 -0.770506140921479 0.7120092139344548 0.9412419823609192 0.5844597058117781 0.08932996856089859
-0.7117 0.6723995258608351 0.9268246774568906 0.4893333189798529 0.5891546136560807 0.11879207426223128 -0.9873385291416704 0.592226440980428 -0.07080970663364358 -0.7090244039974873 0.11752951594849827 0.6053294102382311 -0.5556288139016661 -0.7785545250189303 0.0019088008047720368 -0.4922297385319514 0.2325147101513057 -0.6751822665645971 -0.38634373205710226 -0.7947114052391907 0.4418148782824611 -0.766736860322436 -0.4527708677040191 0.3613074366003718 -0.5294571465243447 -0.9951732549412622 -0.6796863455876394 -0.15396662889039484
-0.6815999269635681 0.3829849905750297 0.7443566911586786 -0.5825977613370361 0.6375458433187452 0.5414642766163529 0.04710928396362708 0.4640278205489474 -0.8475206728570337 0.32034427461750026 0.7259002575038748 0.7491030213348701 0.7873210827285847 -0.09340574766062905 0.02467289666386289 -0.49155954103076255 -0.6117740918806438 0.20832287591772977 0.5580358680245739 -0.2226711219239683 0.10012793955802027 0.7374467681908135 0.7689691452853292 -0.5299190361823022 0.3997719755800713 0.6028250331235974 -0.8528346977473537 -0.8422699332195152
0.9428002968219613 -0.3702747973573625 0.7481412904237968 -0.9582418579837664 -0.6006140722257635 0.04726274981290387 0.5798667202634037 0.30600993060195425 -0.162464621777109 -0.7640203148383929 0.5881336321165745 -0.11171455819612784 0.6217208580724933 -0.6847362549587656 -0.4013219342306488 0.5885750759166712 -0.40561334332605586 0.7739994509783206 0.04416727013345136 -0.1433743146622471 -0.12204517178081234 -0.651901040266759 0.39534680605185313 -0.11966775546957936 0.7748718614071407 0.47042195669846254 -0.29907548114046406 -0.47064582137063743
0.06750004818898597 0.18522533998988075 0.640311883123436 -0.2067562491238256 -0.5311057119096463 -0.7116464711047095 -0.9340178387350045 0.021767758400988255 -0.5817099055422866 -0.20506062349627505 0.7353155296305647 -0.18601298279963235 0.4822924098858214 0.8836512775320554 0.7618489223436917 -0.5826638202698783 -0.6487098101680655 -0.4215089063147613 -0.7800302883820855 0.14959131596969302 0.21045727008685203 -0.8223545230451597 0.5234772816812674 -0.5085651572082113 -0.7990219895504374 -0.8017973423191845 -0.8943394544033033 0.20894296501244064
0.08610000370500082 0.8582261878323774 -0.7759348784881177 0.051644228880465576 -0.01340209283121412 -0.6314886883719565 -0.14847823812889077 -0.36897641124753905 -0.6179216249913458 0.13706797404016802 -0.43724353645675723 0.6954762675297702 0.1079228866926727 -0.962692048640111 0.7519344644608263 0.2654071778885281 -0.9347996365176271 0.22849489455623145 0.597087869245165 -0.11021218719936672 0.37106569385552624 -0.6779397175148252 -0.745898923518024 0.5057509104144813 -0.23342600353710802 -0.6043467396351114 0.25594483231898596 -0.988031395506945
-0.5474995193934254 -0.40871246493305036 -0.16725807732324163 0.4045029124625803 -0.4952972643555074 0.26190377619092536 -0.49956643751401764 -0.40626265994026906 -0.08773512678428057 -0.17662488560867093 0.6620994203614362 0.17764150644194288 -0.8945029893060021 -0.6638550083994589 0.6018529914681762 0.12648092180350753 -0.039802110882022824 -0.7894989282948156 -0.26514896442433905 0.24820608167467742 0.8692592661881461 0.6882261285595234 0.690575553930085 0.43491648451159054 0.9809184988130106 -0.8252760667037458 0.8011871527547012 0.6673303405869405
0.9146000418430028 0.9048179845269819 0.11832548372399748 -0.6023992094568469 -0.1332671000782219 -0.576932928002332 -0.3962972546608149 0.061781310337866366 -0.4804945345289657 0.1983618384974088 -0.6256016534362843 -0.45449513332654784 0.7616501378348581 -0.6377083070070582 -0.5058156921261359 -0.6860374740809438 0.35632072936175124 0.8045869299838642 -0.890276767347218 -0.766080290043007 0.6902672888083295 0.4971546220577458 0.43573062937008344 -0.9565165074236871 0.9167211733118621 -0.48600187052193783 0.039851241369718876 -0.14798601802800385
-0.28739990859436776 0.52741896813462 0.46898590324472256 0.2671386872410081 0.869704782433276 -0.6249478398251735 -0.20094580055795205 0.5013562513219656 0.6724088541295581 -0.8805955270139232 0.014530742677839333 0.4554536384019712 -1.0397117697185585 0.0071410798985707185 -0.8963506252650797 -0.783856089416781 0.08635366037373227 -0.8304681060605487 -0.05887872901502131 0.5390921118375969 -0.8056308793074975 0.22287562553354154 0.7184318219401336 0.8633347027627046 -0.013791398048052716 -0.15622034461800544 0.6710001788476075 -0.3979295712161352
0.3918020414033123 0.24002762632484514 0.4180051906610163 0.24162725863245135 -0.21979284651642614 0.3810858649495702 0.8889535807150772 -0.6478581870857653 -0.10768733275372237 -0.9774657628392616 0.09787556367440428 0.17828796495191565 -0.38801590696768057 0.11240201024001559 -0.7654312064408118 0.7921375976014536 0.47583206089008173 -0.24758940620604314 -0.9612454182911966 -0.06165541838882842 -0.2622729981301448 0.21558166209832266 -0.30271592684054466 -0.7579798183789411 -0.6335361850482235 -0.9755390376350322 0.0027300619655797683 0.3224535246599977
0.12100075748462545 0.5808585948691503 0.4265818733600929 -0.7101925099230232 -0.8068381238766754 0.13713380707621636 0.2796763091205804 0.6856707627845119 -0.9545440422833034 0.3756003720216866 -0.6693470236022792 0.544553798333927 -0.355919862799036 -0.3513866137751901 -0.6104625263944251 0.5804796624276599 0.7970442080398469 -0.029619904190056053 -0.7123092381664575 -0.2435148184382121 0.24297147313655906 0.028396148376499238 0.6965143946967534 0.6227550239593892 0.572970648637974 -0.9897726146130336 0.5462900390646398 0.2723182617980738
0.9028005077586322 -0.32949179372737575 -0.42812018863416007 0.23612315352170152 -0.00782072986079495 0.6634555907168096 -0.4659726378265438 0.6692884929337649 -0.8764304006771478 -1.066269127331833 0.6704082503640824 -0.7854440945148865 0.7551992138390631 -0.884727489289575 0.4720735242912886 0.1503984004740182 -0.7185763275726155 -0.2788743163338035 -0.8130716347724141 0.2595663394203413 0.33085551554126563 0.0721417720214308 -0.8641140306508641 0.17081893032310322 0.43411720576289586 0.768431144621368 -0.32108340479551467 -0.9781597764848591
-0.2097 -0.6831685470722855 0.02587880274393754 -0.26532802799596605 -0.455378015993969 -0.5453984377828096 -0.18772204757075492 -0.708575621255563 0.3498101625480344 -0.1300225442528727 -0.1333943692037318 0.10071254004372654 -0.41008767821875075 0.8060843153870305 -0.5038324930444723 -0.542283492849335 0.5945305629350383 0.7340107898040265 -0.3232445616122923 -0.867410283267137 -0.7310030997707249 -0.2533802427298808 0.8329491445500746 0.6077072294220097 -0.08403537147520566 -0.8085621924399486 0.23016681618496718 -0.8705028453692188
0.308399996652245 0.1986999704885297 -0.7830887637586041 0.3681405513371715 0.3205882516129858 -0.8290853163331956 -0.5136962434780341 0.34245095433040307 0.526299166195002 -0.24728768900186854 0.1956494453910277 1.026271774036961 0.5805399048227585 0.4708703215814681 -0.3158311948781717 -0.6322100110023949 0.26461714679663373 0.5991891171714214 -0.4978617464186411 -0.1154075646436968 0.625826719790987 0.641698955872677 -0.47489894256101983 -0.48778698624668404 0.6152479052665354 -0.3179215450189012 -0.813192077220907 0.44626450601260226
-0.13 -0.3856323323905778 -0.9646213358984784 0.5331354662605793 -0.24136168640620753 0.4002653945932045 -0.300716711309719 -0.45129645692647735 -0.9005482434968142 0.14328177646943913 -0.34599452391413105 -0.5301151405056285 0.6737758227283591 -0.11058705768931021 0.2819884592970673 0.773038969220967 -0.9413238588387639 -0.5715252559469652 -0.7527902551142676 -0.3424812615107835 -0.42193133902579505 0.1508939257128303 -0.8763751716615279 -0.1526880762756272 0.5887632528866221 -0.33553470726416446 -0.32397165424693325 0.09109764765010125
-0.136 0.9350151779092842 0.9321687694104531 -0.5451940552714896 0.35131992792005623 0.1729595923264139 0.036101444791556865 -0.489114456117204 0.10653994155560302 -0.05974309555191572 -0.530525324255077 0.8695324068839092 -0.1376633868777788 -0.23677666529086128 -0.12057708401417126 0.5591458695446103 0.6932575350330161 0.6344837610698425 0.4399900912001433 -0.501749006983017 0.7171962232170458 -0.07924804760038547 -0.1257833913535623 0.22407357739769504 0.014962914272009848 0.7463044229082381 -0.6430773955592898 0.9643993724245145
-0.24979993025696298 0.016214983979703432 -0.12568821771021468 -0.80047693362799 0.0022781767638570937 0.9156625416889533 0.06773122279423457 -0.7269229018772057 0.6891703482607802 0.4231062969788562 -0.14607238770683198 0.8688310685331777 -0.7787170981333326 -0.7047416761117268 -0.21758083780539114 0.7552446818383507 0.08477541956601184 -0.41457764612898274 -0.6043611005829547 0.4663648438425064 -0.9295523468406378 -0.06519017897082094 -0.6077641404595987 -0.5792697680370639 0.48976080968179914 0.5147319086698461 0.5837506555518382 0.4846999602536678
-0.6459999324242764 -0.0039002924004338615 0.7731220971663403 0.5632989554249118 -0.149565267992916 -0.14519760221682662 -0.7133571286084789 0.30797862100165413 -0.24631821795068082 0.32401349070785074 -0.1616210993342553 -0.9054662149723465 -0.03752066780601869 -0.185198711601643 0.6795564694725177 0.45380670059046935 -0.6517082104861118 0.3628354064296366 0.41251725588199556 -0.9779223473599314 -0.6340289025301389 0.07702244508427905 0.6510673892111165 -0.12305706419535906 -0.3766307914831084 -0.22635629413134278 -0.7963226684471202 -0.097000073409838
0.3303 -0.9737 -0.6966163984048882 0.7016545358504049 -0.44285014281498164 -0.25909122674709295 0.213154670195558 0.8136331321891709 0.0391401624193173 0.2669722151449968 0.22965860516967765 -0.47569139893050433 -0.6602365258358593 0.44838286028533425 -0.0874368717942286 -0.35209898297529973 -0.9134182584948165 0.24079031667314582 -0.470391711570182 -0.2853166638974723 0.2720907038888053 -0.974815980827151 -0.973098188661379 -0.6654002196551362 -0.4784801598620834 -0.06004365536727668 -0.7286164204281067 0.8381
0.4224 0.1705 0.28651592552301114 -0.7435029750446037 0.19966616584132316 0.8480949525276865 -0.8143337244840775 0.5361805904018834 -0.7564456030537273 0.8936921234941113 -0.7983977314794399 0.8382860324428872 -0.6084094691359472 -0.9873291752888397 -0.31729820184605134 -0.3021635647186437 -0.2652279921638592 -0.6937111168196 0.36328634715834357 0.6833514818724574 0.9051786938399987 0.8255633298319346 -0.9523643089734922 -0.8634259577287011 -0.29307244143527494 0.2774797523735791 0.3522998003535525 0.0719
-0.5171 -0.8641 0.917780195710771 -0.6225689452362829 0.2571044645901356 0.20182237320267385 -0.8882742610783719 0.42252586344589826 0.5057801347102961 0.6466385796309694 0.20058135147750808 0.45133237270493076 0.730655846887733 0.1421864151292343 -0.7907283018704747 -0.48656996282504306 -0.5987408488752936 -0.3334619246733112 -0.13405811327200215 -0.39486464062322557 0.5453565473560988 0.8002379577936188 0.19747377835200963 0.9263712745314763 0.9627934206537595 0.3414994149876157 -0.6103002118548563 0.0525
0.5446 0.6254 0.285 0.507563788092184 0.8171239135464963 0.7552825515781318 -0.35504557657549796 -0.3757602971874471 0.9239732834731638 0.9193481499070428 -0.21199818733125164 0.11642003843331288 0.431384106675698 -0.983305848782991 0.015052163660608556 0.3488545560128862 0.5674646682060088 0.4532713646564258 -0.6810699954617798 -0.7837358260337339 0.47081488100664937 0.31003621478235527 0.1895531871519043 -0.20043253682904086 -0.2431049847251501 0.7620001163193003 0.2244 0.182
0.1127 -0.1413 -0.2928 -0.3631 0.6926058053323415 0.5222593611180782 -0.8856368753046991 -0.646755582519851 0.364538751406477 -0.10602011184032407 0.6625401726849778 0.4726872304156284 -0.38602348753860266 -0.4114261758402354 0.1837907864160843 0.5867276730502625 -0.013795784803248484 0.7094882186201866 -0.17506171591042566 -0.8316172673487452 0.1605076158652613 -0.325649185153485 -0.4955421166434481 -0.02427930443075869 0.117 -0.5179 0.7411 0.6307
-0.205 -0.1716 0.6704 -0.3336 0.952 -0.9965 -0.8327 0.3134 -0.8245 0.964 -0.3533 0.9919 -0.9338310664914897 0.0586962176947442 -0.33299756665979435 0.23540010140114423 0.7227 0.7362 0.2212 -0.9753 -0.1406 0.8404 0.2682 0.3272 -0.8639 -0.1891 0.7983 0.8863
-0.6058 -0.6338 0.1831 -0.3837 0.0977 0.09029990549772758 -0.8473302294501506 0.17688917789748038 0.8765649872408801 0.331733339743794 0.05015050065149716 -0.49600459116064205 -0.9933491956274683 0.8047856957264112 -0.43417484341806595 0.4483982196174211 0.015618071777559537 0.2899499635320684 -0.8029951121589681 -0.9245134774519885 -0.8956401204145458 -0.9792196956592161 -0.2884226810553458 0.7961398181223648 0.914 0.1532 0.6262 -0.8254
0.9227 -0.4903 -0.442599819673689 0.014399641177541443 0.5468993847989714 0.7088251602247116 -0.5129529200106105 -0.1393062091392615 0.5294930131444978 0.035255617531945393 0.03143729863310698 0.6490775728150221 -0.7436190161375182 -0.8510864082014598 -0.9798525439641023 0.585584217511045 0.07985017644774596 0.10990138359739687 -0.37295392659958176 -0.6347615561805657 0.06869405202648998 -0.0918868693019694 -0.972306601442443 0.01420640079702906 0.24340247053875513 0.1270107825291634 0.6626 -0.9189
-0.4121 -0.599 -0.9007992494154957 0.18589896668161882 -0.20933326746115477 -0.8001574844217855 -0.5952551723636474 -0.5530315212639438 0.5515241649165463 -0.7961914846639458 0.9113481615370241 -0.7693807896222051 0.2858455384533215 -0.49019472966806876 0.39281083470292144 0.7482828515114895 0.7734731701901886 0.935612395534846 -0.7413115608588522 0.011104049688042137 0.40679808411797774 0.2941332161360901 -0.8168439479756093 0.13139678510323527 -0.7027905589826223 0.07779459501944702 -0.5701388696628172 0.2193
-0.6724 -0.9512001497762963 -0.9499194739012037 -0.8798961700435476 -0.19426530234601672 -0.11909217691996965 0.06075432122546461 -0.7700314211904044 -0.7430487752253422 -0.767579650830273 -0.019267717931901615 -0.32929226185306343 -0.8537231932644082 0.7654520469870618 0.801286119398111 0.5834529699845044 -0.5304992666260946 0.821384502367392 -0.5248864002279451 0.8956869342083964 0.5508302233191037 -0.8739159327554554 0.2011605709549475 -0.6059657021208521 0.7816753962734142 -0.9993682492603643 -0.4481098088928712 0.21067974289716437
-0.5105 0.0152 0.08263313024546114 -0.012021018997109426 0.4948898524266316 0.4014686404272951 -0.5953754403241078 0.016269024936584494 0.8515209374930639 0.29579388912334065 -0.34012089027932335 -0.3138158628582162 -0.37767967186109946 -0.22962100041416822 -0.205430840553055 -0.5639883112565719 0.8940290786290545 -0.5562503959051961 0.8238665915970474 0.6899610807987687 -0.4667794492545062 0.5414253387622745 0.9086313966586803 0.862307888367017 0.06512035474399273 0.9679170384479915 0.39346611466990855 -0.7540205898632728
-0.6065 -0.897899930316269 0.5539281473274915 -0.7154228956538382 -0.8570883017253244 0.30278575211310677 0.44579220181781515 0.5610860603513442 0.00953494839929785 -0.4346382701010556 0.5825400988125314 0.36643725456681325 -0.6291448250852532 -1.0083021240988546 -0.34517225349032765 0.0729344223861001 0.37457951192396555 -0.01170445513684 0.5747036264590477 -0.2934044544875975 -0.3212433370636498 0.27025037031082183 -0.550046163386789 0.7837438011406324 -0.2505949425781005 -0.7833979727481473 0.08914427230003819 0.5106138211337049
-0.013800029690572166 0.035920477764097625 0.2544781582984457 0.642074345446034 0.050580565092965886 0.8441272257249328 0.21254373440733038 0.7497394522016084 -0.18362921864520418 0.910094408217089 -0.34022572430709597 -0.752753475786159 0.40429345126523336 -0.6883110567259988 -0.4966886505754868 0.28994353317157384 -0.5666124017325416 0.6792671925313448 -0.6896329053188139 -0.7813209655186721 0.5117814696506862 -0.4495397141008374 0.7725281560211573 0.7502217562470646 0.4827263158598625 -0.21090496498563618 0.26392836580975965 0.3309613614831201
-0.38320012066325854 -0.7099006770257456 -0.06453993079787103 0.70855272428667 0.2906141200639062 0.4764412532998916 0.26060821411793644 -0.5959952081335209 0.48744434803702247 0.6728040574163193 -0.6988644531739693 0.8112410748685427 0.06192234698245347 -1.048072156979803 -0.8115140570939957 -0.5256033476506058 0.1795472757175978 0.3297570464961597 -0.10738824096212059 0.06127626058771915 0.8413488506356144 -0.19389185837187997 -0.8761898378651026 0.14132659485467863 -0.347135364513171 -0.44698967423581326 0.3141841129480938 0.5464590708813537
-0.4113000195896559 0.8500060092928643 0.8871405873799827 -0.2166255835256846 0.725168438964139 0.9871670789487257 0.06495995969491916 0.19144898690517587 -0.3146986680563144 -0.05168181266797798 -0.8021103234883361 -0.28765545061868825 0.2778216826329881 0.44386511353648317 0.3833927638987222 -0.24439978121532507 -0.22972305756663605 0.04923829051870547 0.8015339828607054 -0.18703690866173966 0.06687480756336421 0.137128739642416 -0.2788196723069239 0.7308064637274858 -0.6036066857638094 -0.15284875317769883 0.250348522925799 -0.9914949507946887
-0.20810524747889655 -0.5061832978980986 0.7941251377279709 0.10438021841048767 0.7593702148867887 -0.743002165668917 0.5826267535379145 -0.6106223288069126 -0.07857395566218672 -0.884368325684927 -0.3092713713028194 -0.6680565607840238 -1.035037687649555 -0.45427034602794153 -0.14190913313582046 0.2148698079176188 -0.45677579657317824 -0.6856401935999729 0.783023711360108 -0.034637361713448105 -0.30367955951011166 0.07178287470690375 -0.04884798701980173 -0.19102907317694157 -0.7724241476834666 -0.3409014425844288 0.02184387317471995 0.548512521291772
-0.02777544605291409 0.5728783667412045 -0.051552298055764556 -0.6675622819187534 0.7868142776679842 -0.11801223669381275 0.846805427392795 0.5263792240056627 -1.0819541267210149 0.49057017887335386 -0.09468233150524515 -0.6275038735466945 -0.36577540881039167 -1.1470479361973405 0.4457038455852407 0.35880620983788925 0.4545148207505245 0.8045399283539628 -0.5201135643919346 0.3429730588236597 0.8715868719886575 -0.8910480603659837 -0.08468527253673694 0.5425908393047996 -0.5112384067167614 0.8577000637731498 -0.6976577550909505 -0.9581954689896331
-0.8828019677458437 0.23045979093210206 -0.9896994151343846 -0.1407515453344788 0.14729280310779552 -0.6534329849013761 0.4920327543483107 -0.9534520552146586 0.6807324088674851 0.739348587734336 0.08165534590941889 -1.0173185337346033 0.6526492041886628 0.6726265376874564 -0.17990540970632593 0.11428491849779109 -0.4066973563347528 -0.6865665381375698 1.0019145179024485 -0.8189562306686463 -0.5681313052970755 0.003440618041753665 -0.5482012851448845 -0.2183315347575625 -0.8394194270877703 -0.6959380469229595 -0.21366507234029566 -0.8887923309897431
0.20700145871649017 0.14906185129535987 0.9346932392752333 -0.26539229131583464 -0.928294254219603 -0.10835125934058688 -0.9589693189902105 0.7511146174651568 0.44211144512718886 -0.6044675793493621 -0.2791085244346959 -0.30629166181180895 0.31621968293509 -0.1467568299424524 0.0097353000457793 -0.5771399003595604 0.0782297224213222 -0.05577015557572299 -0.8709708201360032 -0.8432473713276503 -0.8218461793107975 0.21664064477984352 -0.6520727357564033 0.5988747153406426 0.1781637740388551 0.027268850712149687 0.7832616787579764 -0.5693413868391559
0.9339999811862519 0.44397986757835534 -0.42308276451126564 0.008561593735381392 -0.8022602048617984 0.1822369697777391 0.951567773058198 0.10558045250844342 0.0164892175983902 -0.235850437278421 0.5847299703012546 -0.35029282829867203 -0.5945578210331002 0.027480206562421155 -0.6885874911004553 0.561298618858885 0.22019331848678095 0.07321715860342726 -0.5342911307436606 0.7694209457700417 -0.2963252586266699 0.7925429936083614 -0.625617444165261 -0.8003318278549653 0.484657488107825 -0.7452395313098882 0.6780147430549259 -0.6408501322751433
-0.056200011183999116 -0.6345004924527704 0.5013988406723706 0.9108533526948286 0.5789602540507055 -0.721200631135523 -0.662545754529324 0.6337551731356588 0.5172749561688952 -0.30016865276957205 0.2076273462456594 -0.48595033455433306 0.5528882576636117 -0.18340177746017394 -0.16526605748807557 -0.13617086806854803 0.02667531069242967 0.03612065879516708 -0.5152208877661248 0.6864947451944743 0.6589870081385654 -1.0533881522487138 -0.4234424108151175 -0.6890082547014892 -0.5430570691962159 0.033246132884490756 0.8449236820834697 0.8393369505512149
-0.5216000286593202 -0.5670322963843227 -0.716799734166118 0.6063382030009022 -0.7338640987191313 -0.9716030866419127 -0.7443900620695552 0.514102437030567 0.5366019536861096 -0.2424599781093848 0.43242326669756054 -0.1269101420747503 -0.16627651435113674 0.5508012442206266 -0.4200850031680293 -0.04791715364078293 -0.04570798811294805 -0.7696903872754678 0.13901894702946072 0.6371327425774299 -0.7535247096674332 0.06663504602330723 0.6515976613922924 -0.7608799291300221 0.8437747030013548 0.8432744501170771 -0.7641227167715708 -0.21429353575418017
-0.3286 0.7059107923068458 -0.052013044040480697 0.5207863539286302 -0.1735811203162569 -0.6383261426232685 0.4215361833869347 -0.753866792621256 -0.6924254641706986 0.36491259411469623 -0.5818382951087322 -0.13297197187559748 1.1560799953383951 -0.18173003233380516 -0.42341612330031236 0.01832464357985275 0.3135566998844625 -0.5931688207466139 0.3369742607002067 -1.1315514215657834 -0.6366557453062535 0.13324950556662402 -0.5294179521764657 -0.06714024819173378 0.7510413875739688 -0.4805778131970253 0.5197074941048624 0.1597197764105624
-0.3647005307394533 -0.9285011528333683 -0.7655948300118066 -0.5982388004332508 -0.2289431610362019 0.660633497394107 0.33416293698190835 0.2705352012659954 0.05015811041614722 -0.33453659679595316 1.0261295633971848 0.040549246744593356 1.1502386562192082 0.39195123274083804 0.922780044648359 -0.8472327895760339 0.9226937505085613 -0.07467577053465108 0.4734313891347115 0.06924666197403677 0.7074652338212096 0.5142463230931127 -0.3956772861702491 -0.562437857066552 -0.7247394011090589 0.16639497297623554 -0.0023257568416516425 0.7230563258036907
-0.7112 0.43682232389679815 0.7869702930218426 -0.5092168233925785 -0.4817005318613805 -0.3257965557930893 -0.4073157668183097 -0.36573814512061004 -0.7275586399000872 0.2775470085590628 -0.8191312496965572 -0.31460503491677433 -0.5456292750804721 1.205824419310351 -0.3896659291325163 0.5934792100273117 -0.557289121941833 0.4910499085912554 0.6199464480788597 -0.9013593307476708 0.3505067164738042 0.9686289439114325 0.9467004672266475 0.7915952609315747 -0.41539264579543106 -0.3986873407125296 0.19658216514661356 0.42116755738384953
-0.687 0.9551460902852279 -0.48428233698054646 -0.019037236436550184 -0.21130008409746945 -0.8750505765304734 -0.01820369772388535 -0.2544445523986377 0.033594995686866684 -0.4123920213265413 0.6951323708401658 -0.5730975785570451 1.0322418126347215 -0.6783619664202579 -0.11723694629943997 -0.0252390556548903 -0.38288786487945925 -0.5020730869522108 0.5730790824839156 0.46161400054420765 0.12795304938439062 0.8397269410426774 -0.9288765578362583 -0.7393006730618829 0.5496386120988678 0.16377965454476445 0.09745276321779552 0.6348000267223621
0.7276026122173783 0.08364860445462911 -0.30113651394766994 0.4119558148566207 -0.18746369501787838 0.1812160166862962 -0.27715292845011336 -0.6084745282875099 -0.17663791480244023 0.9860125992955846 0.6573637586162914 -0.8927989016074809 -0.6125187924451676 -0.7526682404607312 -0.8045873753501983 -0.7180730719860807 0.2443432072416451 0.24014440624464087 0.2984500788902804 0.9369566460777886 -1.0014583862279538 0.22787552263465044 -0.7182728078562981 0.7054773981977337 -0.055578860297708185 0.5337783741847691 0.13915967484417996 0.5800999995140135
-0.6025974689590979 0.43469452273470827 0.06287835535544914 -0.9178218844659143 0.6751827669841648 0.19562912621806364 -0.6355768455965228 -0.24229319228442248 0.04904067458607625 -0.7705220639129028 0.7314813544723892 0.8549938403543689 0.9156176204331171 0.1820911466292367 -0.9231751883396232 0.3827382774831686 -0.3737292428839279 -0.2975515605099965 -0.8850975817160812 -0.4068179124783876 0.18691495462495863 -0.5655449049739222 0.046177233234440264 -0.1837031188437085 -0.2994182931856185 0.42597072488823945 -0.31881135992889603 -0.735900000897597
0.4451 0.9947 -0.2867917716480042 -0.3606045698673448 0.5956941564703334 0.5633919429007442 0.48973532778228124 0.9494807453815999 0.1295854534135651 -0.6378847836496379 -0.6580784416404764 0.13823324018519825 -0.30531682450663566 -0.2547561693953684 0.12517456936281107 -0.25415622615728095 0.6632070029399102 0.5263826684910288 0.7824152295608849 -0.2710536348837518 -0.7013068711472746 0.13142927038338492 0.629473850480017 -0.9174496756439131 0.49719681721230014 0.17238070236653924 -0.5242478155296645 0.4539
-0.7364 0.766 0.8762680207773708 0.2294287722413637 -0.19404348331900304 -0.7790936732235082 0.7774763349559508 -0.7593830623696851 0.31628086680058637 -0.4061911398399619 -0.5165194935435912 -0.3999697847943497 0.5828617820528191 -0.45051505032949263 -0.004270678300365276 -1.0055759784066 -0.10424360387176766 0.053211915436459784 -0.20644928426737802 -0.032844235072775854 0.3040392258998371 -0.47844642623237055 -0.39798605652523555 0.9542510775260995 0.6467544037404379 -0.9509643756447798 -0.6206978346735351 0.8589
-0.9242 0.81 -0.2789945656189994 0.9920385080387062 0.9649602000680164 -0.9958048704439751 -0.6497905267020715 -0.7448817274840288 0.33506277847534194 -0.7762320692188125 -1.0144265834763557 -0.4743776623391261 -0.45868631226660905 -0.09943495160894389 0.8665044615715024 -0.18940918322738337 0.024463872310327626 -0.14093099348332544 0.08569219724329391 0.8746292840419346 -0.1803819147435888 0.8167948010125609 0.8347849152557486 -0.8287240987962617 -0.3100032462373754 0.4971019451508821 -0.8884977022635118 0.3123
-0.6898 0.8073 0.6882 -0.807701674075067 0.439317574105193 -0.10774089919807936 -0.20287206222421217 0.9218119716631268 0.7075442578373421 0.9643739919566612 0.18892610413000718 -0.9729127866845133 -0.5255151178678609 -0.0651140052649254 -0.5276275048960183 -0.34532886628473425 -0.7986534684994138 -0.0015589443171856112 -0.06918921214360038 0.9488625785282091 0.17124956394756116 -0.7663052333526009 0.11718543326438564 -0.35030383501202367 -0.37669635740927 0.850899997392256 -0.5734 0.5505
0.9001 -0.4806 0.1109 -0.807 -0.920700058088238 -0.8855010674313826 -0.8967128915748762 0.30441355805048365 -0.8297439218633629 0.7287020336171343 0.639398391977161 -0.9582836349571412 -0.5329411882918447 -0.9799678796302616 -0.511891574582645 -0.957819792958066 0.004917170250400738 -0.39760447460653836 0.6138201510444722 0.9905314169199474 0.549030672394443 -0.9782770045510237 -0.8271375491051016 -0.5579039024884114 -0.8218 0.8268 0.4505 0.8462
0.8691 0.8817 0.1919 -0.4746 -0.7976 -0.4323 -0.0685 -0.9243 0.9914 0.5519 -0.6249 -0.8357 -0.20671236444287783 0.1791294846011878 -0.9953003944017079 -0.6569000164353445 -0.7542 -0.7546 0.9199 0.8662 -0.0285 -0.6033 -0.9911 -0.726 0.9285 0.942 -0.6533 -0.9475
-0.8257 0.1083 -0.6652 0.4432 0.4075 0.11820078328478745 -0.09051145548177324 0.9467517876809506 -0.10634182316343202 0.37163550201039147 0.4592626776351664 0.8297826908641628 0.620259986555435 0.006287887442800371 0.014100938470184845 -0.8764341104798145 0.8744528763528361 -0.025911966578300014 -0.5506058645407055 0.7187906543626957 0.9132182544033917 0.057718410893372804 0.24770167207136373 0.20062979782718046 0.2572 0.7033 -0.6996 0.5393
-0.2652 0.4695 0.9152044762145697 -0.8300378904500613 -0.7432590575727962 0.6650168426279283 0.5232433973367072 0.5557550312855728 0.8296986926645181 0.9993004125623453 0.13445697488563976 0.7233591363373998 -0.7555031552367086 -0.647751271227716 0.35152098354373285 0.26416955638950335 -0.3518432638184054 -0.8620164611961908 -0.020248662106000438 -0.7106072025363296 0.5290432348301093 -0.15581310682924657 0.851512748422173 0.44868996343272577 -0.24932127198405188 0.3636184382032321 0.0898 0.5666
0.6824 -0.9745 -0.2495903278572758 -0.4139118055201468 0.5322407862708107 0.5959039356004572 -0.6009046845383827 -0.10136796224132906 -0.9782299351108067 0.34340992048859925 0.8365958823365436 -0.8415997026827213 0.5583584637625496 -0.4151343367601028 0.18960270793513043 -0.849701655318812 0.6964287714013556 -0.5598741794237413 -0.5094454432104855 0.8937415307000683 -0.6413970496215681 -0.4954425983938305 0.5856670923947223 0.0572320448570798 0.1909329413399335 -0.9635448440417865 0.3062983268859252 -0.0338
-0.2553 0.13780004375115615 -0.866715552370322 0.05102888200273193 -0.6728549194723565 -0.6133628859679375 -0.28177199994171903 0.3721526353085857 -0.9097284606092065 0.7737997358551097 -0.4810900217593626 -0.08016833732262951 -0.49157951310971665 0.9590446956273716 0.7901681453535233 0.21836815957488367 0.7913584511946208 -0.9130774713975908 -0.3069578447389945 0.7017304199779035 -0.7748879365124516 0.4394683882141312 0.7667476944256287 -0.7599127619264819 0.3780961628975876 0.9591807034653819 0.3032287613676474 0.6143419490221961
-0.6875 -0.041 0.8147725234282803 0.38097685016152144 -0.44443557904248315 0.04471152081136288 0.9559334481901441 0.3776453174391185 -0.18165324169768626 -0.25495022441692033 0.25782208989553235 -0.5276718795368122 0.07261514527103541 -0.8281832106812186 0.8475076388825183 -0.34450486509356637 -0.8514967383783355 -0.17652432045105068 0.17758334462496517 -0.27024909476308073 -0.9578131215716671 -0.3829092137769136 -0.22157122399748164 0.04369067152562193 0.14235388744460928 -0.7530793836335874 0.7000221663266109 0.9073852434906777
0.6503 -0.30219627297612267 0.7605317144952809 -0.12628557062734705 0.9536215393433654 -0.14218880729573916 -0.6819885251742841 0.02795374260997631 -0.9341716322773452 0.6387634595995236 1.0414997563527286 -0.12975184614104682 -0.8969180966490655 0.8709882272558673 -0.9196988101040403 -0.4079374440111267 0.6025275213689748 0.5038394494827806 0.5553779836366832 -0.5512065579815912 -0.5363937586547698 0.4312830861628258 0.4699948014737116 0.5519986519696667 -0.8197675928166328 0.031394201968875504 0.9880536447724039 -0.952032791558688
0.7131000184885188 -0.5669012328813972 -0.9072812772321938 0.09483032626487371 0.9609119915003115 0.2803292070879502 -0.0160272429006264 0.2158142968803867 -0.298826004666904 -0.5650486331193973 -0.27146671158007035 -0.46986994721504555 0.9154528023950418 -0.9567637651531623 0.06150982501565177 -0.6252253108854517 -0.049734366025947926 -0.15198603011696588 0.8603020042433157 0.3357980208702973 0.7309436188109071 0.49708130619389274 0.19830458720713237 0.4916003757661126 0.372453406180575 0.315506645516598 -0.2975066236975499 0.1181075031985453
-0.07219992486217797 0.1861460928333101 -0.4742684641810935 0.013232818152241178 -0.19013040266021147 -0.30400695409443756 -0.1340704183769205 0.8361701420372032 0.9971795620520055 0.2433492517747363 0.6454032498828322 0.970610535501648 -0.4224647169422144 -0.4022518265938822 0.41543852417660077 -0.4076631834675366 0.24307328905733364 0.9750162258993061 0.37110551877145675 -0.046850524227711986 -0.1852877869292887 0.588971215316281 -0.5670261671506729 0.7526796965664497 0.8092442014313286 0.814767443291263 -0.3326114644901695 0.05665235377067052
-0.21589998780138966 -0.42504837734036116 0.27485601054443565 -0.06946909491996389 0.4745284667578351 -0.4125457595015245 0.7509794608285989 -0.5205594715816415 -0.29249957407286575 0.22524705570411419 -0.07798640615856312 0.7208628847734164 0.09193728599459289 0.5759345263409814 0.7247887161381094 0.6884692613531288 0.4981932963321255 0.7956182711694486 0.6737258591781894 -0.0813652179077255 -0.5551138788663874 -0.10784955441214428 -0.244367487408087 -0.1932145099277321 -0.06368051075042637 0.2526663057149953 0.38952436727694784 -0.9666945794294627
-0.873299563595364 0.32550535311258755 -0.3616209915533839 0.2955091677255199 -0.508968010234036 -0.9368340202251423 0.2591410323519469 -0.7317537788512719 0.8320661549346087 -0.8433344101275146 0.5385913404076851 -0.07386276275879429 -0.8518346322986513 -0.03947542898232918 0.5737424728559176 0.17187598967433684 -0.6883858021468402 -0.8540262218983863 0.13355280717329646 0.5178782675414444 -0.00024171440755684558 0.08085274477217032 0.7572644347089634 0.6553518087498243 -0.4851619060255681 -0.7368455540392623 0.647421627062839 0.7968157318026402
0.7748566784228422 0.9478845926544487 -0.7118506881317223 -0.040878074760445186 0.3087041604124003 -0.8146861934572341 -0.5579472199247748 -0.7143699226342696 0.24007301731193897 -0.32025754831139575 -0.7063648503353731 0.44524318046989564 0.9233068870387415 0.9152805642922147 -0.34974702219955683 0.6957070239273356 -0.7554992721769496 0.36921358838639373 -0.8760699057080032 -0.8042430834511943 0.6614127754856998 -0.4259162773309166 -0.05168693012935368 0.8096188025472945 0.6963193705589434 0.05574521381109075 -0.21402920915624452 0.9242496955613249
0.10371986749903797 0.30494843005461325 -0.9758861791138335 -0.6457585315191313 0.359256892739971 -0.7724877564110925 -0.9049705318533006 0.6296379439223447 0.8217726068956273 0.5279751721183773 0.45666706507625093 0.2303428778301274 0.03997532492511806 0.9381095149142926 -0.06769358206843622 -0.22390895647593353 -0.16138619831570614 -0.32432503102018634 0.6518727201532072 0.6652059249385044 -0.9090931060006814 0.01893211714028651 -0.1145985483829797 -0.6339855668333585 -0.1146780416098234 0.5811237844492252 0.47878072365836905 0.8064899041399199
-0.5861993117526063 0.28255450146583855 -0.7129233410263347 0.05473262681053345 -0.2823840620997258 0.18189907918739232 0.24952295192466442 0.07550435995996438 -0.7695036615313728 0.09810473366135809 -0.638357554543107 -0.48688687690657195 -0.027716682123873827 -0.5966736835913329 0.7736766396380858 0.4973397070740447 -0.3030162504502634 0.7394006726593066 -0.8457182246559686 0.1622761071369573 0.054946321297351934 0.4513238550481495 -0.7869170470182829 -0.8044644887146218 -0.8610271205962565 0.778869359725035 0.15823877287481192 -0.10650373425538273
-0.7976900710825015 -0.9841318823642805 -0.8801177696090573 0.3911371544623276 0.8972734016686633 0.16295496073835455 0.803610117894217 -0.8024874195124018 -0.1699432945526377 -0.4451173361492891 0.11868950712042374 0.6321484859429135 -0.9632846828951404 0.47356153188277716 -1.1319941413492556 0.1577564426549549 0.18137825705256697 -0.96857629610015 -0.45193810776999566 0.4112476854032846 0.4961195051383231 -1.0065496631024444 -0.08948873895058396 0.1804722251800114 -0.6324140256802093 -0.45314174036776744 -0.9530495582882267 -0.8343264520412695
0.9674032922813569 0.8149639094236223 0.8722217503813084 -0.4567466020910773 -0.9357741064155999 -0.4551943398830614 0.19858600026446852 0.8161739498924305 -0.1365847117891835 0.36163410489547226 -0.7772182424709675 0.03919558470121686 -0.7723671760043329 -0.17984968529588463 -0.17000170420862917 0.6094505112762367 0.14038040087594203 -1.1554621008580723 0.20822865301584473 -0.8057588163361985 -0.9140039506465991 0.18072719270516907 0.7356828487266444 0.26504607425573123 -0.8677889726171951 0.746694590424498 -0.16136326470050405 0.8824536183832696
0.1850002333679006 -0.6993372980325103 -0.6770959359537675 -0.9324520399307774 -0.5480089708558037 -0.6175926257077056 -0.9852851392116471 -0.6085061412977744 0.24123852524391257 -0.6072398716302179 -0.8528439573495661 -0.45504863879419094 0.7158473666183536 -0.29509387100280404 0.5147871661041892 -0.8969962210041045 0.024534644112510714 -0.6889182660855474 0.6386722572807351 0.5050945370919158 0.5643804015473098 0.2210245835684623 0.8404816712743928 -0.20420104488107818 0.7636276629096009 0.8591686204621506 -0.37341921735202416 -0.6333176351496601
0.2367 0.7010722504615386 -0.8391055203387562 -0.6183398996314025 0.41459908758920994 0.11880534057113193 0.6913117771453609 0.3322216535149189 0.7601150734939355 0.6750968639772936 -1.0222600043814707 0.7320832612442696 0.3184149718878693 -1.175656878707795 -1.1681815231388146 -1.1971728251368863 0.6104435176503106 -0.6682314639336462 0.5717982248210158 0.9508076660649605 -0.40055437518339515 0.3542036591865293 0.4633248898442593 0.711940934856586 0.1593952121832216 0.8048905419643756 -0.2778256878661073 -0.9091521597972884
-0.9915010184160339 -0.583597249084538 0.7424302716087788 0.9571874160156709 -0.4666918386699278 -0.3991380781560865 0.28605783958531245 -0.4865925986977358 -0.5389688292859113 -0.41138086484652664 -0.5197495803416197 -0.521539051908922 -0.5321180410013377 0.5158797602898193 0.34182395376158653 0.04820048755236996 -0.17126031749652362 0.4985462372011114 0.5141862372189943 0.4601059377288392 -0.7506644293954197 0.5763389990702393 -0.011753152712968047 -0.33238320762061335 0.8745491486705649 0.060634834366652846 0.3438439777864585 0.15850399403186463
0.9986 -0.2735709097092739 0.40646579400778426 0.7382500690430561 0.956356741470039 -0.5028907622585114 -0.6829700847551701 0.5038714374399225 0.0054422165274402145 -0.9361217721346453 0.6121190467846271 0.6014385194082621 0.6857346214669336 0.29495444865791803 0.12470903747980872 -1.0385622357621436 0.3395412880473306 0.7574638008324637 -0.3878151052878723 0.1973888849856178 0.47140676902485323 0.8425908656286936 0.19910304673657062 1.002681822617402 0.7808272153788566 -0.25064003427538056 -0.48624100706595813 0.6286649278485648
-0.7236 -0.5417037535305783 0.4851761714426539 -0.5892180069113706 0.12478282135357024 0.3606717825608059 -0.34479543519419714 -0.06807458918484523 -0.8261455859275966 0.8260717486594782 0.10991610288779077 -0.19234128509898477 -0.3168912376392248 -0.38979702623047857 0.2691037153907566 0.5704854215193745 0.32898645075608257 -0.9912588986782782 -0.2377822501688873 -0.836101740948981 -0.7566829695363608 0.6898171810148194 -0.4783018441585257 0.8381739422075408 -0.22604688059105255 0.8867672129514506 -0.5611764988516321 0.5576000087709113
0.37660088132363917 0.5834182208495499 0.938898435939298 -0.7666123111464849 0.8979825339167767 0.3477242825285405 0.7178998553742706 -0.1392451268338929 0.49085615758882745 -0.285477108494228 0.2671332178757304 0.628965662986925 -0.17264616657322632 0.8229332942019897 -0.8301658187513173 -0.1859678055608889 0.6177848925533602 0.20479808406184932 -0.09389817892100365 0.17340063757076535 0.05026389638358306 -0.9651636808571349 0.46528313385790976 0.523652044449853 0.041749431985055506 0.9325280812768895 0.7555721961372688 0.486300370250125
0.4155008539358926 0.04300232677018132 0.361198200609761 -0.57290826291406 0.826411819958126 -0.41519279362319245 -0.5070710399583576 0.42311876638895496 0.14680099428518467 -0.035529163666225175 0.9295616804092738 -0.16510197168656693 0.6908173686094525 0.8859056736182747 -0.3800367229441351 -0.4618889016617604 0.5143052027014063 0.6906652195463515 0.29115086526309414 -0.7527709650373181 -0.04555619441970158 -0.5733770356693842 -0.560728970180829 0.4595235018919702 -0.9463987731117438 -0.020559944354273784 -0.40147430364495584 0.9492006838367253
0.2919 0.3845 -0.8115653792205239 -0.13536983428090665 -0.9332484064419867 -0.4579301585038667 0.013505538263620257 -0.19087693202631442 -0.6833117418161254 0.5596553034465553 0.32871104030391435 -0.4708396630259251 -0.42661547617356366 0.04843988029509618 -0.30269122277475213 -0.635549118115525 0.7947266394602926 -0.3831698776889954 -0.9726973262232271 -0.3791858985968845 -0.827899203523693 0.06409879780967366 0.046374154391565496 0.11914248752910724 0.5509524079155053 0.3459416014365539 0.8301202878153127 -0.3798
-0.7672 0.9025 -0.10918427659560355 0.6378065652687098 0.6307724702163202 0.401485371447915 0.8915337582240197 0.7513482375595861 -0.7980538778800887 -0.7567457965544883 -0.034767817652155975 1.0705219364079883 1.0029891194475868 0.81169606368125 0.1256028653217016 -0.9027469183849715 0.23772756589321153 0.7339885135283789 0.39877804015906426 0.6759426901791401 -0.5986275908419236 0.5322388251050691 -0.6721274203467688 -0.006534508842856912 0.8008111713023324 -0.08996442516903873 0.874596339414569 -0.5266
0.9982 0.0329 -0.1480408064328058 -0.9789019875505689 -0.2711861390803195 0.6450787410419724 0.22912650893455483 -0.4911310360948528 -0.78287539460633 -0.2685594384148036 -0.05790272496321484 -0.2828589588716019 -0.5632264090994917 0.15966983366933157 0.51459365946326 0.5355666931564672 0.7176386051197848 0.21319411622832043 -0.5374369239189357 -0.23458601961498518 -0.8873592193493856 0.4106458934346 -0.38155140907212703 -0.0608910401295976 0.06372157006880491 0.6534532748045233 -0.04460388443075394 0.8109
0.3453 0.0953 -0.427 -0.7122043653772138 -0.16014544813281217 0.29060032612803527 0.5091042973313791 0.4171403177981934 -0.4584101331070088 -0.808876786546619 -0.9050725983530833 -0.7066708493824431 0.8334950351098398 -0.28283311525940447 -0.18765991609420507 0.13969533071291987 -0.8006388177565406 0.907624878805237 0.3839413829910064 -0.22890030533303515 0.007512483048082798 -0.32884302133073473 -0.5936000283616234 -0.2846324350559813 -0.290501327786409 0.9550000183560516 -0.1721 -0.1337
0.1257 0.1547 -0.8344 0.8046 -0.5927971122140858 0.7094536956588501 -0.1657342816903675 -0.3304859902993665 -0.8911947017330928 -0.8731380091370754 -0.4469601904310536 -0.08317585271754882 -0.8144270818340305 0.8942415982412538 -0.7927176635023946 0.927004012718327 0.023956577104779192 -0.020186658513873166 0.64972952951035 0.4235063375381256 -0.08731914931915484 0.82109542408095 0.014990962804930149 0.08380055965468165 -0.3932 0.7214 0.9632 0.8916
0.4619 -0.375 -0.1236 -0.5451 -0.0561 -0.4634 -0.801 0.3892 -0.1651 0.2331 -0.5821 -0.7201 -0.6899495215692228 -0.75820895765538 0.2684994217234123 -0.043300024097702214 -0.4642 -0.9427 0.971 -0.6433 0.3921 -0.2533 -0.0807 0.4784 0.9267 -0.8865 0.3913 -0.3861
0.2439 0.7594 0.685 0.4515 0.7525 -0.6323007109068979 0.06740963406139276 -0.2639060460205549 0.337407367031433 0.07291855161495628 0.2698333082432303 -0.6232800150841291 0.1770764450471029 0.9343874780222066 -0.20261788902483685 -0.793823085813537 -0.6331165846539676 -0.30268526163916804 -0.3066886731769811 0.2887441181044131 -0.8620351450240147 0.14646279945859333 0.014060379095090643 0.6733820350856827 0.8121 -0.5687 0.6299 0.0424
0.2611 -0.4583 -0.11110001842525759 0.5701000081051713 -0.7798684433337728 0.9611659073695943 -0.2757604343602285 -0.07637370265063426 -0.011137016919409798 -0.4154210209230786 0.9054177747479407 -0.3599270843613642 0.16930931315079759 -0.6193079929324643 -0.3910941657523325 -0.6397170555306395 0.6068368290352493 0.8192538374359382 -0.8999818733568984 0.24439996453849117 -0.7057788200701911 -0.4651644000341691 -0.6900652293019021 0.5854673097850769 -0.06268261361937548 -0.5774198730102723 -0.9421 0.8809
-0.0959 0.3416 0.2414998219373764 0.15739890953091207 -0.5255478999861083 0.5051740257989934 0.02273827094729609 0.6595588946480506 -0.8428343910646334 0.49879753182785874 0.7453540160531009 -0.2696564731595774 -0.8903794535962114 0.04056207799432427 -0.8818368384667031 -0.7360977433059801 0.9834712550530711 -1.004184590323548 0.15180793639448165 -0.5171672701948983 0.1701783158227375 -0.524931568548564 0.22358833652324278 0.9035884195595125 0.44792914422715047 0.5473426301831011 -0.8301461703241463 -0.6527
-0.8649 0.36529996131814974 0.028500241664906913 -0.4035915975991581 -0.7783520314963877 -0.9492977873699922 -0.9047790206008813 -0.8297068420716495 0.27708731475454385 -0.9858130494287344 -0.9389825273873335 -0.9258990875702973 -0.1498165837827692 -0.314932585166334 0.08090339528320882 0.8568117373548092 -0.7782550775611008 0.8763592793533654 -0.26337241271043743 -0.8060291721592472 0.540492735556776 0.14479634450551723 0.2543916574502107 0.95691831489306 -0.015672057256931396 -0.7842539535682802 0.05166624088679429 -0.7435985750834168
-0.4736 0.3839 -0.645114765117372 0.25501107107087573 0.8920410473861153 0.8853431985998583 0.6322315321123693 0.8978590524752244 0.07292832684732542 0.35124485010390044 0.25848311412169095 -0.20661583161642003 -0.0720673914459064 0.909108081174385 -0.035025511389063894 0.36277837769673715 -0.3648565646574182 -0.6590963700170155 0.27019665528140807 0.42922537982293596 -0.16590312904060153 -0.4076459808540774 0.8424748591516195 0.39366469164041556 -0.8942275014797277 0.9671501943248635 -0.5797808851699354 0.8232285092463161
-0.3748 -0.9298006721159489 -0.0181902827229572 -0.1787214311133316 0.9509708426227327 -0.6960806294729655 -0.37261078482171456 -0.06713876845739473 -0.5511896117076134 0.369002776158531 -0.6783424339759229 -0.7266961244662193 0.09349307055412004 0.49473461760823156 0.11284553292118488 -0.9266344215359126 -0.3607667468366755 -0.6391674346866397 0.9099949113362197 1.050113148780102 -0.5143514822310535 -0.3806368134875219 -0.334845138910478 0.7413468753824819 0.3815011576954515 -0.16933342879496696 0.06485504421168868 -0.5058197515581352
-0.8347001539005897 -0.8704234495216898 -0.19884920931427794 0.8910892808626794 0.9582014974988613 -0.5703252888155109 -0.5856633882226596 -0.8926223374365153 -0.5005977555271365 -1.0095061710953714 0.5031359715521229 -0.47606770671695314 -0.7476698292938664 -0.5384362392446427 0.9203144873773849 -0.2043210156636334 0.5138156330746463 0.20489618028600554 -0.7366164397166082 0.6560088348766019 -0.4267200973604507 -0.8409853911226018 0.9520802207130389 -0.11630079542725007 0.6202245336741187 1.0140043538222951 -0.6398223545392127 -0.4135093788093094
0.0710993745439949 0.5484813126868392 0.716001243878402 -0.1586072151094172 -0.9406514657880108 -0.17724559119903344 -0.01823386694928433 0.8465790653688564 -0.24618139321564683 0.7598896612471895 0.7881392678680699 0.7526854444732578 0.5083517505567479 -0.32917975976648656 0.6301877236308897 0.36673939997573696 -0.8587588454234902 -0.4424564229751408 0.8375871274485076 -0.5144775053770969 0.4235111342090376 0.4723286992870078 0.9685536985110087 -0.15801909652216728 0.7230069467391619 -0.5290946840991653 0.8664118665890899 0.7082253873022009
0.3383998984573428 -0.96474576412278 -0.49207386967026684 -0.6492664157675244 0.7679886046995993 0.11671870619635666 0.08319641473092057 0.09203092992922564 -0.8960949935247344 -0.7007987560610558 1.0053994534866229 0.9206757783674578 0.9128434399110367 -0.19149281454635006 -0.7523177470677773 -0.3017608382763815 0.1233989365959845 -0.2722306249697759 0.7963553447869026 1.0230535743104774 -0.10307032632327434 -0.5416717858372788 -0.3130929470706814 0.9523322300850847 0.9128936909952384 0.015793091962609543 0.4132367367185752 -0.756425835404503
0.767099916805298 0.6609762310999391 0.8124075111775234 -0.6637403802841711 0.029034992656609436 -0.46336729024620577 -0.8810802462969948 0.49687522622250413 0.26895658311653037 1.0001329778133916 0.47564236066551385 -0.43410225827860244 -0.1966612948441264 -0.30806792315829845 -0.8453155082182947 -0.6092970115234393 -0.8657930761818138 0.4394123933085053 0.5431405766905045 -0.12961780206918305 -0.08375739186470102 -0.09034573067977468 0.07849342327620443 0.15868142637212376 -0.48091286934023014 -0.6573445265076607 -0.4314455071346834 0.35692156486559284
-0.6212107386974045 -0.8382289648412002 0.05455218754042423 0.05441542242637127 0.7087398057574901 0.9486555155664488 0.13736704361170377 0.7393033806346057 0.7984390861584485 0.9101000638515616 0.6835384364559316 0.040121588550855895 0.6947250345613581 -0.6907104873490979 0.6550785604109447 0.7414230236842639 0.6317720034146055 0.08322242081745358 -0.10872093653606407 0.8209611803115333 -0.37211160999681114 -0.3446687885167656 0.8824144086257324 -0.1321201530563047 -0.8817783572902376 -0.2341038210507707 0.38768879521863553 0.5017504802182983
0.25039988038986133 0.38613549649975837 0.023819998909610483 -0.8384961348545311 0.5395315825249593 0.002592274616101959 0.7730767668821077 0.8363882775335519 -0.8021163885911403 -0.81784390655389 -0.16843055797154996 0.6972275288349793 -0.8674294625206523 -0.219322926878129 0.011718569842822931 0.8009633296198736 -0.07009384293560833 -0.8195224226313411 -0.7057193260291501 0.5749013313736806 -0.007778169321857963 0.5070363084452921 0.4624851850360021 0.9422125414541871 0.7106340826152937 -0.5761054248263402 -0.1305378226204235 0.5341865101512214
0.8479978322523277 0.32887882204603225 -0.7809594531567768 -0.4732484330396697 -0.5130367799779012 0.36404135168448465 0.6902271407892995 -0.16550174851252578 -0.6219383341424239 -0.857977153665525 0.1990701726007129 1.061573662201533 0.6408762916514936 0.3995812802474448 -0.5521324199553282 0.5448199518941679 0.9367600892840497 -0.8985584944318754 0.4392507502207497 0.7303658291134392 -0.6787919023934905 0.8095077208293331 0.1901149329474392 0.6669909135295414 -0.5765116713578596 -0.6189800975675199 -0.5103914851429574 0.7568748547655629
0.5414000923022071 -0.8718055689533201 0.6547677211389019 0.2347094068767875 0.389065100817403 0.7330172854330159 -0.9223881232900404 -0.8720914186567157 -0.6983350095576968 0.3130339129120051 0.43472589901932396 -0.2591999416025632 -0.3944605447367206 -0.16936701675622143 -0.5492795353972214 0.04151304299275042 -0.6455480851940881 0.7894269828077388 -0.05174425568411655 0.10061474420503048 0.18381914397148325 0.255493401523916 -0.6377442918295885 0.649616223481091 0.5696591919819763 0.9331004307418493 -0.07980505217250947 -0.1905964716489464
0.7601000141777821 -0.6952000877936323 0.531932519741951 -0.8197912836194928 -0.939315265013805 -0.32072694428252857 0.07779422347313664 0.9368881688129601 0.09399314332999323 0.35291862280543307 0.6464221173084224 -0.22881198874584374 0.8478068544261826 -0.515947770373947 0.08390191560894736 0.21457674457545664 -0.46443460232895184 0.16231524036358522 -0.21066112546238697 0.6913580755746498 -0.7313754161784618 -0.0935190753614735 -0.09979162534202521 -0.151406960553309 -0.19505423084998105 -0.8074546161315391 -0.7466816310029463 -0.13206547872180124
-0.8089000915612143 -0.5271036696228351 -0.27422989681151394 -0.7232413136949207 -0.05633704810360417 -0.9216471637408624 0.4794316470389938 0.13584822319413356 -0.12865746458393873 -0.47223641384444504 0.34102889939202324 -0.9389496352588041 0.5352381302298079 0.661276075192377 -0.7346115229442249 0.10992170935117623 0.42705456897717925 0.8971951109277875 0.6351781351043753 0.433131483593824 -0.7628159701657639 0.37760378792801286 -0.6244970630494602 -0.9576156452930437 -1.0028702461258445 -0.6714316044208013 0.2979610738590104 0.13838043224253924
-0.9832 0.12299717992474159 -0.29398439549782734 0.7290906807947517 0.8310736407501814 0.49735761413405194 0.3071136852510795 0.8137564688345189 -0.5115635853796708 -0.9548241093365479 0.6933127336526896 -0.13050535707341626 -0.3428318555089503 0.6663826837092598 -0.013536927424001 0.039419885569582404 -0.7249094480557905 0.09806953517089807 0.6846043091807001 0.16652475713693454 0.34586601918562365 0.2640625513820844 -0.07283755247969327 -0.9927500422983936 0.8287893874561392 -0.11445581884750654 0.7407355327015812 -0.64821849970338
-0.8525979389437074 0.08019972741052488 -0.819995655191094 -0.7516940513245428 0.35971070471380606 0.352713012634182 -0.3019731011801442 -0.7974179059194092 0.614073199569286 -0.3764654880125237 0.920838172635163 0.7825824787972843 0.0771126166298428 0.8255151209321477 -0.6135105954547251 0.5705448336101039 -0.07824199345845659 -0.3564518729237232 0.23177606315755436 0.37322609765952464 -0.3869472201721559 -0.6006421795898151 -0.0668892263488456 0.26019266189639983 0.03098108954900103 -0.7263835164254604 0.8104953390230489 0.6861680477265182
-0.3338 -0.7985065423584663 0.09434075863473679 -0.802434322059408 0.43902804689992725 0.22014270849982914 -0.879682308112385 0.4249858897388101 0.4359544945386906 -0.3687715146100189 -0.6139155605073654 -0.1060938305730427 0.29460347146747123 -0.6054265793008957 0.7557138044900128 -0.6109771027123881 -0.8119058208733775 -0.180934743085903 -0.6713375395368926 0.7478501792022851 -0.005744596739203947 0.4562379129541899 -0.3108277936251895 0.2451133253984004 0.549252631269028 0.1780308088445365 0.45392739399921705 0.9319969228057332
0.1237 0.34856218868870326 -0.5366128245740084 -0.2923794268135483 -0.4949360616469783 0.4317966015506425 -0.3072319358668921 0.704171419846832 0.6788596798933235 -0.3583844811866741 0.18997329107689226 -0.5850301917774149 -0.6850278971975499 0.18267606589509866 0.9367818227427231 -0.3539252697287757 0.16355575089250662 -0.39966017779684865 0.6710315953343998 0.35184280639486537 -0.32182007795757533 0.8689450569323953 -0.24416727457376233 -0.9024564781833454 0.6754014344506848 0.8082724859190147 -0.8298558333397551 0.3251003827794851
-0.012200926799955207 -0.3075119171206694 -0.32973569235516226 0.1217352760300637 -0.6665327419264154 0.17867392372335458 1.0129239555503344 -0.3630138921823865 0.042045946016360004 0.6366842325647009 0.03658688510809607 0.015827156335333745 -0.3409926008376682 -0.21502324310907722 -0.8748917797026715 -0.5591017149957687 0.39678894259268327 0.10245114731501302 -0.1078737343368706 -0.5310643517783518 -0.1563513652274013 -0.359622737053662 0.41782076475921776 0.3631945406911573 -0.8365647708921284 -0.897438240592942 0.828625868988088 -0.9328999988669799
0.6328991020009996 0.6846998385751609 0.9811491973672127 -0.19519743484521013 0.4004280601898443 -0.16199596528716442 -0.6013096028193293 -0.15321927838325733 -0.5766500989434079 0.8766978904040991 0.4948067829862921 0.40983478361153913 -0.013028313168717717 0.3981879047838672 0.5063992383299377 -0.7422445371531032 -0.6889852639593581 0.4457876956617469 0.2362924713690739 -0.6193954955500979 -0.07030936537101265 0.2414632547332323 0.05179252713290739 -0.4973765915248844 -0.38351207388464736 0.8247159510726971 0.895643257042418 -0.031299997907358594
-0.5484 0.4462 -0.2874317975237319 -0.3526640488096544 -0.16714723362702835 -0.38261265933311134 0.033611420823416026 -0.8624160261094549 0.726948303026128 0.004818373890800295 0.2338714471512449 -0.5746416586329727 -0.6243776468374411 -0.5341914361873009 -0.49676417470405204 0.16585459584257056 0.9296364879611253 0.7839716596086665 0.6702781142585471 0.5183517450641982 0.7495609878858998 -0.8118189695059239 -0.7833774951324082 0.8555941585814952 -0.695467209721915 -0.5544857623170079 -0.22551835482139154 0.7006
-0.0867 -0.3332 -0.5074408903520036 -0.8455612692947306 -0.7236813160828895 0.2993183882667497 -0.5321318172825091 -0.16474420972311984 0.8882480909281573 0.930405422373929 -0.2154663163701587 0.915403327356297 -0.2997149755953534 -0.53402487045333 0.6727939539784592 0.44037309726437057 -0.6971230386629518 -0.42622410393135346 0.21808835554802675 0.1379349945395729 -0.26622708047705607 -0.8604644926951738 0.14745447073682788 -0.6652718282218409 -0.033022232170385434 0.15070897313256346 0.9350994933919963 -0.2052
-0.0263 -0.0617 -0.004509847408668761 0.9378134025322554 0.40712826281251824 -0.23761500888223883 0.08012741205219483 0.8684769361672748 -0.5084849931583282 0.3616741304272478 -0.7819258058399587 0.37063487319143223 0.9011270057277943 -0.01777584517137316 -0.2096707169082698 -0.3222483858166213 -0.4438554073751318 0.051590401612474725 0.9801094404839416 -0.5649316531516418 -0.32229497369252746 -0.8126819003472736 0.7037313128563295 0.7962333476488018 0.5012604667722091 -0.6991234037719207 0.6766994624128443 -0.8486
-0.1825 -0.4093 -0.6999 -0.745852770661654 0.5410301743448703 0.7099379742091585 -0.9656900961126743 0.6143743735151892 -0.6455827292880494 -0.6857668999681729 0.5436984655258018 -0.70510868089248 -0.9376726716078718 -0.11245736260563514 0.6601648750067153 -0.23870849743173983 0.4346182331012891 -0.8343593895913873 -0.25072905734775763 0.8920952050449951 -0.22188725552786823 0.7376449261834567 0.6721832583238623 0.10110208304914589 0.6752000002823848 0.168999998171204 -0.5796 -0.4115
0.1458 0.4482 0.5336 0.5668 -0.6991000143747202 0.25559996335918456 0.11954363819890457 0.2825823206269479 -0.7006210541358134 -0.4131615133188975 0.604077305409921 0.3028290761464102 0.9542311502982848 -0.6937317393476389 -0.3571325378788771 -0.9978246053651582 -0.3534937999712279 0.713893266987206 -0.3127971251447863 -0.8278381358845462 0.38806819824644734 0.04349259766142727 -0.7622919497300494 -0.8423007337521966 0.9674 0.2036 -0.9201 0.5505
0.8814 0.3598 0.5639 -0.2817 -0.8399 0.9955 0.4156 -0.8048 0.7005 0.119 0.3239 0.5299 -0.507585131188466 0.6375316738251852 0.6622990156672612 0.5321999589812944 -0.2469 0.1923 0.0671 -0.8662 -0.0348 -0.3709 -0.4191 -0.012 -0.9077 -0.2081 0.9455 0.5172
-0.9638 -0.6489 0.806 0.8077 -0.4732 -0.6863996890335661 -0.7677474014528427 0.5353387119893216 -0.493746729216484 -0.5212680026899809 0.8469714262189724 0.32510759738853356 0.515114503879204 0.6496998411878008 0.7618098055373286 0.9697175218250248 0.904335794688367 0.8622476420162168 -0.8039224794933315 -0.06851963070109056 -0.26717985697391955 0.11640296015376007 -0.7967708402352949 0.5848406644507542 0.8339 -0.8203 -0.8154 0.5268
-0.1957 0.2969 0.1916009187792065 0.6787999997797055 0.1660255868618674 -0.07429168718502005 0.5279500988713518 0.21027196120030228 -0.15153807515532067 0.7827151557053046 -0.14549201826151983 -0.039970160025442576 0.9280497607915084 -0.3760783109162831 -0.54010487954522 0.07342791327673193 0.9540511467824385 -0.42974143538133996 -0.9838779313357396 -0.09821548799430133 -0.7140108200322655 -0.6671166771619657 -0.8492770144456768 -0.2878833458918003 0.7035080633981013 0.6139997441391036 0.5439 0.6923
-0.9507 0.6459 -0.57729797637046 0.5025001038890564 0.7150003765626343 0.812894220925538 0.5264739738170012 -0.7468121588305665 -0.6820910924877739 -0.3417249631303726 -0.9538148857918203 0.8225842807793569 -0.26441509071381186 -0.0008253510730126266 0.9533184765804842 0.7521244632724258 0.17181925741272924 -0.24280758284239495 0.1832137857721419 0.808604242654778 0.33747790737764566 -0.495784174922487 -0.15258010372184574 0.8257700471182025 -0.08618694588606984 0.16610529371552704 0.6609017448054048 -0.4431
-0.7148 0.6663999933595692 -0.08007635965922806 -0.5203962776422455 -0.767510766031234 0.5841041692257398 -0.9262853407555307 -0.06740124460152938 0.7771041327122457 0.6966105379676377 -0.0557157340679481 0.6674091796872244 -0.25532409605042833 -8.085994273079429e-05 0.7513181966909568 0.9712993395608985 0.22461821789660621 0.5205370297354335 -0.34944991853694174 0.03513971001573666 0.5377548015710993 -0.18897473514813462 1.0149432534565692 -0.9830468773225856 -0.07275688096346997 -0.1114389700248882 0.005297188854158565 -0.18958156347410862
0.3581 -0.5379 -0.8430783672386438 -0.2770572593541588 0.6779644830413414 0.33035881641430775 -0.7594737063143364 -0.5739397986564443 0.705081582897072 0.16171566995831388 -0.24474923292884146 -0.616249080870383 -0.3178437126999968 -0.9301603640503281 0.6420999733680633 -0.4694762259813442 -0.5785968552887809 0.9007042344394867 0.22229741255267316 -0.7403930386364873 0.23986256612790866 0.7051826402789164 0.5556900125704486 0.4915749163872503 -0.34732220793402585 -0.8588214984186259 0.7444755569695521 0.5479280049360685
-0.0134 0.30079999691240294 0.911915565539703 0.6595623632822826 0.38823194164888947 0.7134516921432611 0.7411970808223103 0.2428098104539969 0.7251359517110678 -0.2433778361648216 0.5477315475043039 0.8200586466694361 -0.22893870975249297 -0.30137079279787643 -0.030815584462610023 0.025974810177544258 -0.10068080987648391 -0.2804423873113397 0.8197799242634622 -0.851663417709502 -0.36723980111143134 0.9475518941895043 0.31080769827261095 -0.18925195383468713 0.6721688455624938 -0.7245443420679232 0.14997421766540722 -0.9276780779476251
-0.0018004888114498579 -0.5795066515207397 -0.9762813881260884 0.6409833153748591 -0.4624137291746542 -0.7076206286673682 0.27652892976377524 -1.0012941068159655 0.5262320739022426 -0.1854799521926722 0.38581153350509895 0.7728273833379268 -0.12565261199664202 0.39578855620876774 -0.41243414734781647 0.6403532525738003 -0.6620076074008134 -0.38566352402855925 -1.032170924992957 -0.046018225892931856 -0.16683300646364077 -0.8050068300184348 0.07272281843600371 0.8547256923442966 0.8436597732971605 0.2452890097419438 -0.2510850641782876 0.21144588300341421
-0.3648019865424631 0.6454810349902913 0.6593097543685722 0.6634455159617024 -0.5659540557560008 -0.46271431173199223 0.33519992459965237 0.40766897984978195 0.708891548939875 -0.9923592489326756 0.22992703434869632 0.20874376376446746 -0.1617100404349954 0.031405171177966096 -0.32527078936604836 0.6252513532589834 -0.8582823462416506 0.28250912165719044 -0.10048655177378718 -1.129777275528986 -0.9872405603614576 -0.20848165048201314 -0.5806624141410092 -0.1302285061502468 -0.9819361809344569 -0.14929478225007659 -0.6768084389515067 0.5292399072806659
-0.9391003225147712 -0.1370034691858506 0.8131205976451853 0.4204562362653041 -0.3450394094797022 -0.9746956120823232 0.6153616309510006 -0.6393000032353738 -0.22974169905563427 -0.7180454902680062 0.21132772419797272 0.14041941930144744 -0.14924654371396176 -0.8014994671391272 0.20724080513478677 -0.6413412960084806 -0.27338381873800416 0.22488175980541025 0.5337442109271108 -0.9744765395005416 -0.8301611309393696 0.6481665359341063 0.47210469165009095 0.2499048479451816 0.057110740137793256 0.7153098988767824 -0.00960770713464248 0.6615788120129932
-0.05779848056971925 -0.9857761259306617 -0.09782770035527737 -0.6878606518163706 -0.1386419346512722 0.37594648665933345 0.3603466888299756 0.4983703904616969 -0.22217397739885594 0.9554793789170077 0.040374731684290156 0.2951299519031029 -0.7238028832976207 -0.810149559509077 -0.7115501076733254 0.7652038758736506 0.6972450227369051 -0.3041667866032224 -1.0152803611940198 -0.7999128186777353 -0.04873106124117443 0.10641392957803408 0.8954647852892221 0.3715746241079621 -0.5389213514066228 0.5414890712268725 -0.7065372325913555 0.9777645436412409
-0.24500443934808128 0.8001992303250685 -0.3842044848333156 -0.7732428143770821 -0.06772856768250853 -0.9611581834644827 -0.6482037816643279 0.37543990342206535 -0.4392862145300193 0.4270467879563638 -0.12424590217257406 0.49159699672103196 -0.3798883771384393 0.2866631346331077 -0.9568132945195225 -0.19017272575816863 0.2844713908437222 -0.06748280698439255 0.12586770600919786 0.8323890915338917 -0.46695910827447085 -0.5170115424771353 -0.224203932157483 -0.34936411374581 -0.17453343567849094 -0.7179317124943136 0.754254823554617 -0.0009675757790305289
0.2343994589501271 0.12005371474446512 -0.05271045201595037 -0.9734126490178908 -0.048042525457794936 -0.17681509162290798 -0.04401425415387442 0.6599055637326571 -0.37089991927799226 0.13616355383233064 -0.3373344109359134 0.7605976677882024 0.8593897969042736 0.37069711269518163 -0.3697405176703628 -0.31639823281827045 -0.141064110844381 0.179985523932046 -0.8305427016037024 0.617318452580077 0.011210734618187761 0.9116136416305323 -0.18077154874444254 -0.6414946743543791 0.7196910765028096 0.22313129933539544 0.10417123524120858 -0.6987115156436976
-0.9147000107016326 -0.5801628362017903 0.6698529604361889 -0.6266269697590959 0.31831387749311957 -0.927393437360745 0.03807109073471463 0.35301243793383913 -0.26688047608364923 0.8093754942383959 -0.882679203497365 0.3058937690921001 0.2169747433975389 -0.9214454087491657 -0.33237638513204393 -0.4461573782369221 1.0153329361207948 0.18040120184722838 -0.6547086447528438 0.19997880251986874 0.17035667531519574 -0.26122999583794915 0.9388313388245157 0.2266308494481751 -0.36645735511991534 -0.11639275404994483 0.32013370199690583 0.5377167200814008
-0.07277490783562798 0.08608916970894405 0.8168101984106655 0.7463211714657493 -0.23003352513977277 -0.9203505848725699 -0.18129708042504847 -0.6603029270402365 0.6350998236899001 0.5623875583805164 0.5616913864805795 0.17500888645713944 0.882849852297088 0.22613089378423312 0.7868718942850216 -0.6219843811089376 -0.08230661710998512 0.891259912390042 -0.27348802544172324 0.02370583554308046 0.39770006188675866 -0.868052094188885 -0.5014530440904149 -0.616530740234423 -0.6498380164808886 0.25813222893904747 -0.4119259438070843 -0.8370604218868841
-0.18292627763896105 -0.8075283817280793 0.9168057816270591 -0.21855118738917703 -0.509525115661648 0.1007767133143478 -0.3332309193494559 0.6501451051619873 -0.8860961131240205 -0.8569655409404432 -0.8200938399527193 0.24488500824358445 0.19777585107425813 -1.0094194911263126 -1.001971655047602 0.8397386959335951 -0.3989817019685014 0.6662562582444936 -0.3759845538100911 -0.3505994613163372 -0.902818485825087 -0.351284147056595 -0.9779731178375319 0.40297259417400505 -0.13993409851280403 -0.9199738748548807 -0.911481389283058 0.8555974370966245
-0.4809999291147686 0.3446865354545413 -0.09581280605375146 -0.4264094265191603 0.9559659986549218 -0.40496073873923766 -0.19560293069619633 0.16218119576272566 -0.6111558479141415 0.6816688185566836 -0.17341262142564165 -0.6290808610734228 0.4688605962796742 -0.1606389022603871 -0.6442161880493995 -0.500834824069977 -0.06969246568074408 -0.8507413756043578 -0.9964866706092353 -0.13489845341838938 -0.5968881450212487 -0.9534975462994641 0.2948870721462433 0.16614534282798654 0.8864994981873526 -0.5452052577083569 0.43302275236468846 0.30712910379068104
0.1586 0.5877936429989523 0.7696526582606148 -0.8964007802738331 0.27411889846065995 -0.9732714168341026 0.1896769166359881 -0.5264883515541249 -0.6652546441608044 0.9690016632658461 0.6450348944718185 0.2573752155896676 0.1085448541747665 -0.3102860698137347 -0.5844373257865674 -0.36550156095475045 0.6053886466178043 0.3793541082894952 0.19222456564865406 0.3016393891324555 0.8855190457408812 0.08375319808507664 0.17453353564439883 0.49588736987787807 0.8642392321850171 0.16572618228582678 0.4091390643704741 -0.32326530416417526
-0.44669997657551086 0.010086412867449396 0.8589038756988338 -0.2977930985613252 0.3811644935454404 -0.09599493851904256 -0.5007171893465185 -0.8807230081361471 -0.9590875337162543 -0.511720642058554 0.6707641428626094 0.6179627254305099 -0.3317175816178781 0.2742063008372616 -0.720715707165964 -0.10221867376763943 -0.684731221270583 -0.9384836905175711 0.6770387965044219 -0.6847688748880586 0.8558514845354147 0.13879208396837 0.5891860630159079 0.9135743843629051 0.19090063911826763 0.4280350958205502 0.8694883941695811 -0.9665288783225391
0.933 -0.09046470512508138 0.7626862031890518 0.14692513914310523 0.9032934683384044 -0.11485945047746075 0.04871769744703687 -0.1258774588082761 -0.5794374126059685 -1.006997906002222 0.41007284095894103 0.04955519992588406 -0.3499432329424974 0.6836143033029479 -0.34340474580074215 -0.10169303829973173 0.34153204747525956 -0.3701604133220558 -0.6118470874190363 0.8180139396115159 0.6243971894837193 -0.24417501595340585 0.033655426830916935 0.5972606456520849 -0.8744828765686423 -0.20418803521166323 -0.006486755676664908 0.6366674487223423
0.1745 0.29072227172931986 0.8363123431822328 0.18305116803218624 -0.320824890566628 0.6019054553103295 0.8393281154682455 0.15444089268198932 0.814294597002527 0.3703420064507535 -0.5777998358601797 -0.9485027017501301 -0.5326034468165934 -0.8522371819182263 -0.15246253074360708 -0.6143850588143227 -0.31056303249809275 0.4878466062856965 0.1486779121649328 -0.5241651550626196 0.8652779226950147 0.059385211053014336 -0.03562099623718286 -0.5128482312826047 -0.2953995239677329 -0.6423321647171696 0.664501529853911 0.8499000016567806
-0.4751000035890093 0.13614984271401603 -0.9812538835845682 0.8619057674026431 -0.8307426950130504 0.43728731839980706 0.6641002325734779 -0.8288257856552038 -0.8432478840383946 -0.05588121271800485 0.025070817478053894 0.3987513105592089 0.9271386058986391 -0.18441015454607934 -0.28422791516424184 -0.24574089585375186 1.0440380692467108 -0.3551627591390005 0.4589002685198162 -0.060131406444947154 0.015324190570262597 -0.6081877040220184 0.7058388553116822 0.3952725507704958 -0.4316899178631977 0.9330047326100914 0.45703428116242517 -0.573300082758902
0.6611999965225217 0.6250944765509272 -0.9575366739079783 0.3794150078457461 0.5687546695267136 -0.389359011137603 -0.6195988748324613 -0.6052466541792015 0.7836696678989632 -0.933586853113112 0.9174972979061424 -0.22957521652085672 -0.787893446206064 0.5478908397993419 -0.7344957945306597 0.7432140406471531 0.5300172581601255 -0.08426943473780636 0.15188100692292314 0.23751042604559733 -0.30072955229494536 -0.6866312595677101 -0.49410338497293177 -0.16688050722990894 0.4693700383742349 -0.9044666007196122 0.9559400058392369 -0.8610001528522819
0.8523 -0.4586 0.15278948508196746 0.8487595805337037 0.6182157443477766 0.9191440964287187 0.6545183481167616 0.41717666897566047 0.48312377121271033 0.7961136272581509 -0.2929639509509319 -1.0284645947561393 -0.893890351733627 -0.37238533196934476 -0.4866328262537921 0.11105519879845976 -0.45032637238283946 0.11023597312953479 0.8177941036532798 0.8528524719469202 0.8758425965112426 -0.4617233194855578 -0.10883766188089924 0.7244514228126347 0.3681508789614433 -0.5524430660986422 0.12392451309801499 0.8618
0.9451 0.0321 -0.16612810813613116 0.0061958737984971375 0.3420244215594396 -0.7638605921161077 0.9719190371884183 0.13940143636690064 -0.8053226674402056 -0.42307480576263684 0.9211323153574563 -0.8323830200470947 0.06954074221794738 -0.3973854452724724 0.12567425338581492 0.6030024818477947 0.4528406438140135 0.7997431007924517 0.7892448916456049 0.766294380174086 0.8325912233154655 -0.2743320801560962 -0.5762879789962301 -0.31247714272360855 -0.9120747723640714 0.8268053093368217 -0.26560078335656184 -0.244
-0.751 0.0289 -0.859700971526747 0.40385654975817314 -0.7807437037357661 -0.38351160646996957 -0.37283515846816007 0.6732563103374238 -0.7467812320745463 0.3994739220297061 0.9269173759346215 -0.5722124291037585 0.9830924383785675 0.8222365516565352 -0.34572201269158304 -0.35362970778810415 0.43764676272723574 0.6319681403217023 0.03996922665987486 -0.2002246103002691 -0.8514978938041355 0.6700521539231087 -0.5619579107164214 -0.10796562834277021 -0.874084973511276 -0.5937811258075995 0.7276991687410723 -0.7185
0.7712 -0.0004 -0.7131 0.9160024118699317 -0.6813856294947318 0.9611075201439029 0.7870951844621177 -0.3191360268853025 -0.03434430919038575 0.357556227445663 0.6253888560256153 -0.5312525018600888 0.8987719544804237 0.22422182905678287 0.541880219221265 0.5612611062972296 -0.7526802725159241 0.8582730926390025 0.11653124323061076 -0.8253148031403764 0.9180166653638122 0.40659286004093215 0.313671221734535 0.5984155482597014 0.36629998664289787 -0.9865999771436349 0.1463 -0.868
0.5606 -0.3704 -0.3722 -0.1936 -0.24639528221789922 -0.4979585435180739 0.9681923128928447 -0.008076107656670623 0.5301115218479683 -0.9763675613607458 0.8975061994560072 -0.23476910291285114 -0.14233606708938154 -0.9373518390237786 -0.34617224506005845 -0.26124816698686615 -0.4898293756070725 0.18990594457829646 0.6565532316958826 0.28698069305067014 0.8931369310099254 -0.8776543763627273 -0.29880964874108124 0.01730001203715225 0.0705 0.0611 0.7508 -0.5186
0.5275 -0.8508 0.7037 0.3778 -0.5766 0.1048 0.7365 0.9508 -0.5909 -0.2291 -0.5522 -0.2516 0.5965452853856394 0.2133801907907749 0.9535000000442462 0.8920000000018439 -0.5483 -0.3257 -0.9452 0.6289 -0.6084 -0.6055 -0.0207 0.6849 0.246 -0.86 0.0744 -0.5181
0.6361 0.0171 -0.7709 0.605 -0.3602 -0.5744000001132963 0.2840929549876765 -0.5374302302326417 0.8216743220671067 0.15849326009242537 -0.3706279216071484 0.29693789145136495 -0.09229953942018854 0.9192449401910157 0.2530573649452778 0.07961091422634346 0.16763281610582925 -0.9963410114886545 -0.606481547441881 -0.06752145779783247 -0.6980860071492806 0.16994072927327505 -0.9810611869706704 -0.2854857546396072 0.2448 0.3149 0.4736 -0.6532
-0.8085 0.9771 -0.2488148849037747 -0.9434756300749526 -0.5703679115201155 -0.06130150980581863 0.6036399282445395 0.5420936743186678 0.6894454578894499 0.03483387687705953 -0.8502814175287405 0.10901569564697855 -0.5024902247557986 0.33992064757515117 -0.1888169125166659 0.38069513723020054 0.8966404039433165 -0.7604394368570356 0.8036423419713785 -0.6989080882419838 0.8155727172277204 0.3788348713901847 -0.8380802100473563 -0.6271464029585725 -0.22178987280810789 0.24187470431630875 0.8052 -0.4942
-0.146 -0.1334 0.3427672122364328 0.17091736550980083 0.7042706275896772 0.3352083181319431 -0.585261669392013 0.6690630721711602 0.5779971045498856 -0.7062286966766796 0.8722089431651713 0.21160376042751874 -0.9584882317799807 -0.2808529320682393 0.33899711343468825 0.07093502192489486 0.1254961845516001 0.1130735298014369 -0.2620078636857464 0.024220045767503966 0.32382872325526135 0.2851457561195518 -0.7829903676201568 -0.7838780217430175 -0.09111818789161051 -0.35779750762239604 -0.6846290150132415 0.5117
-0.1385 -0.7989007372348005 -0.6928671515582993 0.48267405347833137 -0.7097936758249064 0.5975646737604277 0.7347887725870533 -0.41835922580840584 0.09898776720006316 0.7215384017661339 0.7121434822639666 0.5185446937382376 0.8723150257651016 -0.1300207191327453 0.41357390230108915 0.49680687804247325 0.4749118949319363 -0.9540891979445407 -0.34982869203731914 0.6853190144156226 -0.7376624831941729 0.11239252099578743 -0.9831991329259834 0.3009293203017115 -0.5693458141006438 0.27845435595346774 -0.8084744572116814 0.6219842148281379
-0.626 -0.9173 -0.3124180653277659 -0.5398006104124844 0.33389447054954857 0.8240766912192391 -0.904610698345188 0.1272785045202791 -0.42802513529201086 -0.41137265965052333 -0.6855934983559379 0.32847112817039453 -0.5913550877507702 0.39389858931250854 0.22615494224677904 -0.2451882610104673 -0.2389135302312331 -0.6977630650876403 0.4013924735015441 -0.7754130326563561 -0.7017445356762353 -0.3990865378435905 0.4318708803848074 -0.6870415140884094 0.5394976843381165 0.898921396658835 0.5128481564543471 -0.8386666022402283
0.4408 0.12699539490209885 -0.0758356873684254 0.9752130365228631 -0.2353895295065724 -0.9301216519294031 -0.5425182927896437 0.6229783027133792 -0.45845218437143714 -0.8132859521155624 0.8244561075350659 -0.3730891247756117 -0.27008750625638145 0.32269396610287443 0.7281541696427751 0.322587306150758 -0.1346335425160992 0.17227275358804792 0.23759064559679274 0.08394285522932761 0.769203562259461 -1.047137019003998 -0.463522236586026 0.226042987546268 0.36975605551034285 -0.7918492134232371 0.4603831581656644 -0.7399502445222234
0.10439993189854638 -0.23650612649681169 0.4296840024143193 -0.0827429930256449 -0.5127984211553843 0.14473823455228285 0.6792144339876384 0.9983710429094744 0.593590655923178 0.927484830650658 -0.06004356950359013 1.0052049706553412 -0.04515566104362103 -0.19158065416711428 -0.8060973195735066 0.31563286295459436 0.0905051948647918 0.9194714995607736 -0.3934728106723502 0.09226652328271032 0.3828976267831994 -0.5721617305935716 0.30209509757045183 0.2249266171684062 0.6077406794484144 -0.7626002632658486 0.4498355399305213 -0.38928691759474665
0.1518997232339188 -0.08763959684123818 0.07010482743603597 -0.38155186428600973 -0.26059114448057424 -0.5338408008994516 0.02890114084480447 0.18601729784343637 -0.8954843880541247 1.0691428561459295 0.08714982678479377 -0.14628365517535966 -0.11600575328095963 -0.6332200159385094 0.45190186592246495 -0.42221990160329365 -0.4056228271546904 -0.290931747215702 -0.7843309804981746 0.7732235679687662 0.5138948292613401 -0.14890175786997675 0.6256060174909348 -0.3825869313784564 0.6743621198639043 0.2872989245861527 -0.4425867015627876 0.2988603824690882
-0.8355000449329179 0.022062949648831973 0.2544997395893852 0.708004381676812 0.8388664904493276 -0.6325236509556775 0.2585003609730646 -0.2404525723620343 0.9866585807747567 -0.5963971690305546 -0.662755547902808 -0.5393044834402828 -0.3912896541679941 -0.8514144870075147 0.4751950040704537 -0.04256479624666517 0.4130575377927326 0.13168172379142454 0.5192545826681372 -1.0911344822126463 0.8189553896431414 -1.0144843490299655 -0.275581714280783 0.5849702988951094 0.7856868132808401 0.1203017363449702 -0.014001798027524225 0.8783383450016692
-0.06259989963789847 -0.9762835196867682 -0.0025597744957651138 0.6529356010339802 -0.5436257051430433 -0.6350858422576428 -0.0013869116106117985 0.5883283028709619 0.2811273708522153 -0.7672873126864856 1.082566098442403 -0.2532450986947591 -0.25745453022213904 -0.5284484319003832 0.10918473467105451 0.05556031176047831 0.09953701324255763 0.6679696627231725 -0.19560518908737792 0.777960199229645 -0.7690151455038051 1.0012034692739449 -0.37242215205877827 -1.1282222200033591 -0.0905600557823984 -0.7927469611586737 0.6329205622216687 0.7761718772910183
-0.3858870270606378 -0.40866373112424204 0.10354371103677955 -0.20394955860494157 0.118951672936446 0.6530847034092537 0.15287653786628508 -0.7186715929105342 -0.5103999336776752 -0.3414317002193266 -0.043264010918040954 0.29484905189070537 0.15544391672928332 -1.390467135484761 -0.529285688324644 0.17556480402823027 -0.21878305927599015 -0.6942787999013013 0.333904337919284 0.9815255537034109 0.3569704392137518 0.8776589188358974 0.028282452902178644 0.7712739617796419 -0.6911024046618018 0.35408921850449515 0.9407238474272539 0.2930620414176195
0.26530018421207857 -0.7503958694185282 0.6243115290098815 -0.9586640501163751 -0.7388738230233024 -0.688630751574786 -0.4962725359052117 -0.547290452342154 0.7736998034705346 0.25494269322022295 -0.23905261732370742 0.10201550041160959 -0.13719237316583519 0.48635432868845596 -0.21348003141779845 -0.024328341666421314 0.3654424842691272 0.18793829341548635 0.53898660250707 -0.31932763438200945 0.12608839079515533 -0.028104604325693075 -0.991508118741036 0.037617625408307744 -0.3529700366185957 0.35767455977374235 -0.28420240582529244 -0.22621093485735091
0.14649825973192016 0.05585689736363917 -0.16294331455567357 -0.7262970731527547 -0.7517719014766827 -0.5172259964339743 -0.11883478224820018 0.45419520873942426 -0.3256590688945214 -0.005731839750406965 -0.8995604656892705 0.027502797570909704 -0.8861960716587148 -0.8785550195480728 0.46471505525931134 -0.8108936154229905 0.8340925689433502 0.052311605544943796 0.5055114401792867 -0.445824104057351 0.03681340484079819 0.19761101305786014 -0.8293675386898897 -0.7399458538612781 0.6181782900635071 0.8358567554367805 0.18043756407771824 0.2610537003561754
-0.9966102708541122 -0.5219101398396774 0.6139263738862558 0.3890353411040667 0.9350518449710179 0.43587432463132575 -0.4535538685645219 0.9284195957392058 -0.8470106577578422 0.9480665937592863 0.19267803732822422 0.6203118726854397 0.4685610166369483 0.7130197737279551 0.06524578088968412 1.0341177611000356 -0.4154841502738293 0.5029881021932175 -0.09936390988537404 0.27778692829073387 0.40209018285873094 -0.5362332911302932 0.40073686862490177 0.20401647837370368 0.5370992432247704 -0.23260563169672505 -0.7407224522680498 -0.9968644291304694
0.8015966599309207 -0.8493262032047723 -0.07141602496468434 0.7858483059340889 -0.6488977896195853 0.5031330373076978 0.9587844613548594 0.32252392397118007 -0.3112484341661999 -0.8586965353045611 0.108494660345919 -0.27774709655081603 -0.8683202437553988 0.14618772787459705 -0.30114264236441524 -0.48662966195718105 0.5108091254014713 0.4268509542648129 0.1587432213868666 -0.29298627905009167 0.260314908878226 0.21444539908183935 0.3021086681710919 0.05464944574961975 -0.9257952277526165 0.48211189907771823 -0.5462674126464744 0.36416009685736994
-0.3147998671647263 0.05114665119986238 -0.29885032206453527 -0.4809787024895819 0.51726039879474 -0.7318025010876561 0.10338439500033847 0.9727625476826828 0.8153889469935244 0.6104286281239167 0.7473413426506731 0.22664750522589708 0.8006181293325615 -0.7080444884320498 -0.20540465704838035 0.5778061739710698 0.7579463857159404 -0.059976606924413804 0.2433254488594012 0.19404839122941317 -0.8302509820859396 -0.8323583291621476 0.9412079081355644 0.4903642817842195 0.8978390548941447 -0.5496948740555391 1.0303067000896968 -0.5781480140227706
-0.2506 0.9465762442348582 -0.9813467323594353 0.17773562553524605 -0.5432473767906032 0.6417867481394888 -0.7975656924488563 0.25540383980458176 0.20461279947083294 -0.791886615449452 0.18533281234811408 -0.04995163737865553 0.3905960649093137 0.04560196958555009 0.9430964482196071 0.6834147955984686 0.5658135328666964 0.21035760099083264 0.42817387870953355 0.48523488336520104 0.14612304465525422 -0.3942381277913137 -0.3141167422460545 0.5295907446879773 0.24351033266465497 -0.7355459566632435 0.9129231708846937 0.9165012695735915
-0.22472228231199906 -0.7040236704248236 0.05464888752204747 -0.8613134613341279 -0.27630065854647795 0.3117307915760558 0.7729001435558073 -0.8857293897043763 -0.6527794875181016 0.7657473966994082 0.6028756484003688 0.04525308610707191 -0.1520534660202388 1.2984011387685956 -0.45471115897411807 -0.6774756232455227 -0.5734635323615029 -0.03281820291100551 -0.850418641278415 0.346296851281245 0.6912148539618768 0.5317328363946708 0.44281532794544776 -0.15677380211018535 0.10969863887407881 0.5360722533323374 0.8851695759092574 0.8712799244056608
-0.9528 0.4253960167999 0.03108481457919799 -0.3265099130427915 -0.22272213186832954 0.5095372936592368 0.3582740825518244 -0.5864465902339961 0.27117877594991563 0.14313249458355942 -1.1056873953257629 -0.09571358771240526 -0.7988016696312196 0.9019229449415356 0.004996087757482386 0.8421800199544419 0.41854467634337045 0.6822421806304317 -0.6605443344178882 -0.445707387947739 -0.06672660243013584 -0.0011403215217810417 0.8061026328529991 -0.65089418934259 0.7945956039831719 -0.22548624555924512 -0.28935713566540083 -0.7610095844561598
0.9545 0.17494319408296646 -0.7347281395949297 -0.30696853709485405 0.1460329454284258 0.4998348946731203 -0.9106723809148204 -1.0367831724167937 -0.6051930017178532 0.617658662615979 -0.6712939775954482 -0.5339919156132671 -0.15921659782290806 -0.828289341642411 0.7079592979396633 0.26596313808015737 -0.9746817030175563 0.21189511213762025 -0.8019768548069517 -0.9058817297739837 -0.30474334357633603 0.5445892701218499 0.8646146742440182 0.9675226227007934 -0.5208680939308733 -0.7901651711831068 0.39189221909033617 0.6788998634880486
0.156595119427656 0.5318572265637364 0.8666272758255463 -0.22200272512347538 0.13158577886323602 0.8536681291570128 0.1992319403977358 0.6702804884247421 -0.31307413376940313 -0.11886009516982073 -0.8209575231236217 -0.17942282469899526 -1.0176751371189898 -1.3668570073785669 0.19654593485815625 -0.7307626459956957 0.7367540866806074 -0.3058925931634297 -0.32677371265275706 0.9661515523053361 -0.3331594260059522 -0.32246993495971726 0.13956157788825058 0.2698589670962123 -0.5975657767982323 0.6095244965631818 0.7549542545279987 0.34599999706924467
-0.015004728905155619 -0.11190779177269372 -0.9930212985862418 0.05793450971189046 0.1793646561789332 -0.37781212086106924 -0.7089746199951789 0.6303046065076343 -0.6062392428542057 -0.10112601120995723 0.12446321837145165 0.4030275320747967 0.22113048128661747 0.6003078261392507 -0.3633121353811849 -0.8904374613689887 -0.5133171619411279 -0.10211801322609189 0.863994427174424 0.5169187081050819 0.8223329729504067 0.3238934033310475 0.7511954910394457 0.2145052286999488 -0.09718927446238655 -0.4602641024607319 -0.15378956651103998 -0.6214000054129841
-0.4663 0.9399 -0.1614278406858003 -0.2884506330043908 0.3096636639102954 -0.6835299905818504 0.04015902495022786 -0.9339412930365869 -0.6678408135744403 0.16684075889314262 -0.946983847156591 -0.8097056316274673 0.800019865816623 -0.38883734305797063 -0.958653925987992 -0.554009005647044 0.025403300435605312 -0.0234098564331287 -0.19559409412697412 0.3449061661047184 -0.3358694794196468 0.3142640213788545 -0.14203539140966168 0.6292066200992273 -0.20956583049219332 -0.15640682047532495 0.5262537057036558 0.222
0.5528 0.5309 -0.747693492164755 -0.899415244002559 0.7979329385309092 -0.9469736900182383 0.566208157035969 -0.5471514995780096 0.16834342805059413 -0.07938522427017324 -0.35990911030403605 0.8780001995527165 -0.3182214921994134 -0.3022399712828367 0.06700591086871144 -0.3035791231447589 0.7757694075203931 -0.940599421326801 -0.23552240897584945 0.9046850790592167 0.40986597800966457 0.28925734259498553 -0.937469125744535 -0.8409556451152352 -0.6982086251289413 0.6850742885639761 0.3703552809040381 0.8187
-0.9016 -0.5628 0.30857445988534826 0.40687600167875904 0.9512292603653262 -0.21298613540226988 0.37860837441276796 -0.22658005364189304 1.0095929982258245 0.09868629045245982 0.19923826271733142 0.7559603995055572 0.2424683177790672 0.3517380966552735 -0.5837587163207686 0.13908876723318214 0.29035351682916866 -0.6786210465419654 -0.6867039865629083 0.39126182765690704 -0.5690258578393103 0.07638005057814239 0.757532561198067 0.04643096148493182 -0.43962401785598365 -0.6607842574986376 0.6885770063821669 -0.6806
0.0787 0.6071 0.6272 0.752545821702451 -0.2493503859187713 -0.11953509338070419 -0.36927710043384554 0.22079751888007343 0.7348558784402409 -0.21489560594067122 -0.29576502669479354 0.9979440375100751 0.3155550307244706 -0.28278952035081106 -0.7394369623549296 -0.10341184222101367 0.5069786729800804 0.1606344147123792 -0.539570997465445 -0.7654690664476658 0.39531825842788043 -0.08319366665658635 -0.45717263677652237 -0.9069876955241155 -0.9898999416333151 0.0982021984699019 -0.4714 -0.639
-0.153 -0.6281 0.1423 0.6412 -0.9621972795915794 -0.4590860136643959 0.2962213695876448 -0.637720170482632 0.46486935221462494 -0.6003550707101345 0.452973783952061 -0.4490707979395151 -0.9851982057675078 0.33779742302727334 -0.8045013516432208 0.9111357666880558 0.4779538523935727 -0.5684226509609682 0.5653077370482975 -0.09088776722114518 -0.9160337201869169 0.8602678771589661 0.5083360483291622 -0.4229608974175884 0.7396 -0.3501 0.1411 0.6612
